store_nbr,family,p10,p50,p90,critical_fractile,assumed_inventory_position,reorder_point_proxy,safety_stock_proxy,suggested_replenishment,risk
1,AUTOMOTIVE,25.818110704421997,108.61910057067871,232.96061062812805,0.75,86.89528045654298,232.96061062812805,124.34151005744934,146.06533017158506,HIGH
1,BABY CARE,1.525503307580948,12.033308525569737,84.54731819201261,0.75,9.62664682045579,84.54731819201261,72.51400966644287,74.92067137155682,HIGH
1,BEAUTY,65.51521701216697,153.06293907761574,280.05326748490336,0.75,122.4503512620926,280.05326748490336,126.99032840728762,157.60291622281076,HIGH
1,BEVERAGES,29039.973928515625,35129.774658203125,46056.268340820316,0.75,28103.819726562502,46056.268340820316,10926.49368261719,17952.448614257813,MEDIUM
1,BOOKS,4.464031779766083,16.66362674534321,89.17763641178608,0.75,13.330901396274568,89.17763641178608,72.51400966644287,75.84673501551151,HIGH
1,BREAD/BAKERY,4611.634926147461,5736.5449609375,7158.345358520508,0.75,4589.23596875,7158.345358520508,1421.800397583008,2569.1093897705077,MEDIUM
1,CELEBRATION,50.377549171447754,234.6995668411255,493.593373298645,0.75,187.7596534729004,493.593373298645,258.89380645751953,305.83371982574465,HIGH
1,CLEANING,8904.161912597656,10731.450123779297,13029.867948730469,0.75,8585.160099023438,13029.867948730469,2298.4178249511715,4444.707849707031,MEDIUM
1,DAIRY,9548.772782958984,11376.060994140626,13674.478819091797,0.75,9100.8487953125,13674.478819091797,2298.4178249511715,4573.630023779297,MEDIUM
1,DELI,1657.2203178405762,2235.301612854004,2916.4947145080564,0.75,1788.2412902832032,2916.4947145080564,681.1931016540525,1128.2534242248532,MEDIUM
1,EGGS,1679.0085220336914,2275.332618713379,2973.4682935180663,0.75,1820.2660949707033,2973.4682935180663,698.1356748046874,1153.202198547363,MEDIUM
1,FROZEN FOODS,1434.3916244506836,1994.2301177978516,2658.480646301269,0.75,1595.3840942382812,2658.480646301269,664.2505285034176,1063.096552062988,MEDIUM
1,GROCERY I,35913.1953640625,42002.99609375,52929.48977636719,0.75,33602.396875,52929.48977636719,10926.49368261719,19327.092901367192,MEDIUM
1,GROCERY II,126.00617790222168,329.4437417984009,606.5105628967285,0.75,263.5549934387207,606.5105628967285,277.06682109832764,342.9555694580078,HIGH
1,HARDWARE,4.685286644101144,22.932611778378487,101.83387849628924,0.75,18.34608942270279,101.83387849628924,78.90126671791076,83.48778907358646,HIGH
1,HOME AND KITCHEN I,223.77063751220703,440.6750955581665,737.7402744293213,0.75,352.54007644653325,737.7402744293213,297.0651788711548,385.20019798278804,HIGH
1,HOME AND KITCHEN II,225.87154960632324,469.70979595184326,806.7716903686523,0.75,375.76783676147465,806.7716903686523,337.0618944168091,431.0038536071777,HIGH
1,HOME APPLIANCES,2.5971414208412176,16.87353305518627,91.51662840545177,0.75,13.498826444149017,91.51662840545177,74.6430953502655,78.01780196130275,HIGH
1,HOME CARE,2235.05884185791,2925.1839489746094,3764.6142267456053,0.75,2340.1471591796876,3764.6142267456053,839.4302777709959,1424.4670675659177,MEDIUM
1,LADIESWEAR,50.02408409118652,150.8438320159912,287.1301021575928,0.75,120.67506561279298,287.1301021575928,136.28627014160156,166.45503654479978,HIGH
1,LAWN AND GARDEN,60.81247854232788,238.59375047683716,491.1390643119812,0.75,190.87500038146973,491.1390643119812,252.54531383514404,300.2640639305115,HIGH
1,LINGERIE,24.147435426712036,106.05792760848999,230.39943766593933,0.75,84.84634208679199,230.39943766593933,124.34151005744934,145.55309557914734,HIGH
1,"LIQUOR,WINE,BEER",984.1619720458984,1471.0292587280273,2067.5094946289064,0.75,1176.8234069824218,2067.5094946289064,596.480235900879,890.6860876464846,MEDIUM
1,MAGAZINES,14.364654064178467,86.22083616256714,203.39549016952515,0.75,68.97666893005372,203.39549016952515,117.17465400695801,134.4188212394714,HIGH
1,MEATS,3731.7784824218747,4723.716962768554,5981.497443115234,0.75,3778.9735702148437,5981.497443115234,1257.7804803466797,2202.5238729003904,MEDIUM
1,PERSONAL CARE,1837.4737556762695,2452.558054443359,3178.9526498413084,0.75,1962.0464435546874,3178.9526498413084,726.3945953979492,1216.906206286621,MEDIUM
1,PET SUPPLIES,10.432686364650726,67.42172718048096,175.300439453125,0.75,53.937381744384766,175.300439453125,107.87871227264404,121.36305770874023,HIGH
1,PLAYERS AND ELECTRONICS,27.062755584716797,128.60477924346924,270.6759331226349,0.75,102.88382339477539,270.6759331226349,142.07115387916565,167.7921097278595,HIGH
1,POULTRY,4391.74923815918,5450.1734957275385,6789.963934692383,0.75,4360.138796582031,6789.963934692383,1339.7904389648447,2429.825138110352,MEDIUM
1,PREPARED FOODS,496.63142013549805,801.0706901550293,1228.1251945495605,0.75,640.8565521240234,1228.1251945495605,427.05450439453125,587.2686424255371,HIGH
1,PRODUCE,32808.74040800781,38898.54113769531,49825.0348203125,0.75,31118.832910156252,49825.0348203125,10926.49368261719,18706.20191015625,MEDIUM
1,SCHOOL AND OFFICE SUPPLIES,0.0,0.0,63.997666931152345,0.75,0.0,63.997666931152345,63.997666931152345,63.997666931152345,HIGH
1,SEAFOOD,52.380417823791504,249.01511573791504,526.0819368362427,0.75,199.21209259033205,526.0819368362427,277.06682109832764,326.8698442459106,HIGH
2,AUTOMOTIVE,19.736955642700195,95.28355741500854,214.847163438797,0.75,76.22684593200684,214.847163438797,119.56360602378845,138.62031750679017,HIGH
2,BABY CARE,3.1228384584188467,22.128741793800145,101.0300085117109,0.75,17.702993435040117,101.0300085117109,78.90126671791076,83.32701507667079,HIGH
2,BEAUTY,49.72549772262573,199.04689931869507,408.8976912498474,0.75,159.23751945495607,408.8976912498474,209.85079193115234,249.66017179489134,HIGH
2,BEVERAGES,45168.17182929687,51847.906982421875,63983.551513671875,0.75,41478.325585937506,63983.551513671875,12135.64453125,22505.22592773437,MEDIUM
2,BOOKS,3.1228384584188467,22.128741793800145,101.0300085117109,0.75,17.702993435040117,101.0300085117109,78.90126671791076,83.32701507667079,HIGH
2,BREAD/BAKERY,8913.357971191406,10873.617736816406,13336.055479003906,0.75,8698.894189453125,13336.055479003906,2462.4377421874997,4637.161289550781,MEDIUM
2,CELEBRATION,88.36843156814575,194.22839784622192,338.688503742218,0.75,155.38271827697756,338.688503742218,144.4601058959961,183.30578546524046,HIGH
2,CLEANING,13809.221203808595,16064.448181152344,19131.461347656248,0.75,12851.558544921876,19131.461347656248,3067.0131665039044,6279.902802734372,LOW
2,DAIRY,12565.03297138672,14820.259948730469,17887.273115234373,0.75,11856.207958984376,17887.273115234373,3067.0131665039044,6031.065156249997,MEDIUM
2,DELI,2976.1955364379883,3816.402260253906,4881.903902770996,0.75,3053.121808203125,4881.903902770996,1065.5016425170897,1828.782094567871,MEDIUM
2,EGGS,2325.0613282470704,2996.4262332763674,3807.5975904541015,0.75,2397.140986621094,3807.5975904541015,811.1713571777341,1410.4566038330076,MEDIUM
2,FROZEN FOODS,1394.510383605957,1990.8344802856445,2688.970155090332,0.75,1592.6675842285158,2688.970155090332,698.1356748046874,1096.302570861816,MEDIUM
2,GROCERY I,63370.66572578125,70050.40087890625,82186.04541015625,0.75,56040.320703125006,82186.04541015625,12135.64453125,26145.724707031244,LOW
2,GROCERY II,418.4541931152344,722.8934631347656,1149.9479675292969,0.75,578.3147705078126,1149.9479675292969,427.05450439453125,571.6331970214843,HIGH
2,HARDWARE,4.309912830591202,30.73920187354088,116.02772564291953,0.75,24.591361498832704,116.02772564291953,85.28852376937866,91.43636414408684,HIGH
2,HOME AND KITCHEN I,153.98931694030762,354.82258224487305,626.1358123626709,0.75,283.8580657958984,626.1358123626709,271.31323011779784,342.27774656677246,HIGH
2,HOME AND KITCHEN II,323.2300491333008,632.4452266693115,1056.4439464416505,0.75,505.95618133544923,1056.4439464416505,423.998719772339,550.4877651062013,HIGH
2,HOME APPLIANCES,3.608228981494904,27.38620187714696,110.54563996270299,0.75,21.90896150171757,110.54563996270299,83.15943808555603,88.63667846098542,HIGH
2,HOME CARE,3684.1845830078123,4580.671913085937,5730.9503173828125,0.75,3664.53753046875,5730.9503173828125,1150.2784042968751,2066.4127869140625,MEDIUM
2,LADIESWEAR,158.96048736572266,369.131498336792,656.1974983215332,0.75,295.3051986694336,656.1974983215332,287.0659999847412,360.8922996520996,HIGH
2,LAWN AND GARDEN,101.66836261749268,280.3172998428345,526.514121055603,0.75,224.25383987426758,526.514121055603,246.19682121276855,302.2602811813355,HIGH
2,LINGERIE,39.81577396392822,184.10623931884766,391.56807923316956,0.75,147.28499145507814,391.56807923316956,207.4618399143219,244.2830877780914,HIGH
2,"LIQUOR,WINE,BEER",1115.9969635009766,1566.378646850586,2128.9737364501952,0.75,1253.102917480469,2128.9737364501952,562.5950895996093,875.8708189697263,MEDIUM
2,MAGAZINES,29.03315758705139,115.47063851356506,242.20110058784485,0.75,92.37651081085205,242.20110058784485,126.73046207427979,149.8245897769928,HIGH
2,MEATS,6253.040766552735,8042.867303344727,10535.810759521484,0.75,6434.293842675782,10535.810759521484,2492.9434561767575,4101.516916845702,MEDIUM
2,PERSONAL CARE,3568.753048400879,4446.480176391601,5568.4996600952145,0.75,3557.184141113281,5568.4996600952145,1122.0194837036133,2011.3155189819336,MEDIUM
2,PET SUPPLIES,34.468711614608765,128.09732604026794,259.6056921482086,0.75,102.47786083221436,259.6056921482086,131.50836610794067,157.12783131599426,HIGH
2,PLAYERS AND ELECTRONICS,32.68590044975281,122.71894812583923,251.83836221694946,0.75,98.17515850067139,251.83836221694946,129.11941409111023,153.66320371627808,HIGH
2,POULTRY,6255.7223305664065,8016.524764526367,10232.932630859375,0.75,6413.219811621094,10232.932630859375,2216.4078663330083,3819.7128192382816,MEDIUM
2,PREPARED FOODS,1134.186191558838,1712.2674865722656,2393.460588226318,0.75,1369.8139892578126,2393.460588226318,681.1931016540525,1023.6465989685055,MEDIUM
2,PRODUCE,33258.763259960935,39938.49841308594,52074.14294433594,0.75,31950.798730468752,52074.14294433594,12135.64453125,20123.344213867185,MEDIUM
2,SCHOOL AND OFFICE SUPPLIES,0.0,0.0,63.997666931152345,0.75,0.0,63.997666931152345,63.997666931152345,63.997666931152345,HIGH
2,SEAFOOD,152.47770881652832,381.0925045013428,698.1560411453247,0.75,304.8740036010742,698.1560411453247,317.06353664398193,393.2820375442505,HIGH
3,AUTOMOTIVE,55.0677056312561,165.15046453475952,317.78440618515015,0.75,132.12037162780763,317.78440618515015,152.63394165039062,185.66403455734252,HIGH
3,BABY CARE,7.573070359230042,57.2518355846405,160.61251015663146,0.75,45.801468467712404,160.61251015663146,103.36067457199096,114.81104168891906,HIGH
3,BEAUTY,101.67112255096436,286.18012142181396,536.900092124939,0.75,228.9440971374512,536.900092124939,250.719970703125,307.95599498748777,HIGH
3,BEVERAGES,134289.14912421876,140968.88427734375,153104.52880859375,0.75,112775.107421875,153104.52880859375,12135.64453125,40329.42138671875,LOW
3,BOOKS,7.967340409755707,44.704654812812805,136.900168299675,0.75,35.763723850250244,136.900168299675,92.19551348686218,101.13644444942474,HIGH
3,BREAD/BAKERY,15938.790919335937,19963.821166992188,26658.28687939453,0.75,15971.05693359375,26658.28687939453,6694.465712402343,10687.22994580078,MEDIUM
3,CELEBRATION,372.8075370788574,650.3130187988281,1037.370807647705,0.75,520.2504150390625,1037.370807647705,387.05778884887695,517.1203926086425,HIGH
3,CLEANING,27643.050735546876,34322.785888671875,46458.430419921875,0.75,27458.228710937503,46458.430419921875,12135.64453125,19000.201708984372,MEDIUM
3,DAIRY,28749.36445625,35429.099609375,47564.744140625,0.75,28343.279687500002,47564.744140625,12135.64453125,19221.464453124998,MEDIUM
3,DELI,5180.978698242187,6542.86646887207,8267.214583496094,0.75,5234.293175097657,8267.214583496094,1724.3481146240238,3032.921408398437,MEDIUM
3,EGGS,6344.318132080078,8171.606343261718,10470.02416821289,0.75,6537.285074609375,10470.02416821289,2298.4178249511724,3932.7390936035154,MEDIUM
3,FROZEN FOODS,4770.821732666016,5999.737948852539,7560.066146240234,0.75,4799.7903590820315,7560.066146240234,1560.3281973876947,2760.2757871582025,MEDIUM
3,GROCERY I,126128.460159375,132808.1953125,144943.83984375,0.75,106246.55625000001,144943.83984375,12135.64453125,38697.28359374999,LOW
3,GROCERY II,961.9721488952637,1467.0822372436523,2080.505046295166,0.75,1173.665789794922,2080.505046295166,613.4228090515135,906.8392565002439,HIGH
3,HARDWARE,11.780015707015991,75.47507929801941,187.87182927131653,0.75,60.38006343841553,187.87182927131653,112.39674997329712,127.491765832901,HIGH
3,HOME AND KITCHEN I,526.5913772583008,824.2972002029419,1241.3525257110596,0.75,659.4377601623536,1241.3525257110596,417.0553255081177,581.914765548706,HIGH
3,HOME AND KITCHEN II,580.7584381103516,885.1977081298828,1312.252212524414,0.75,708.1581665039063,1312.252212524414,427.05450439453125,604.0940460205078,HIGH
3,HOME APPLIANCES,6.461097240447998,61.01687800884247,168.6357239484787,0.75,48.813502407073976,168.6357239484787,107.61884593963623,119.82222154140473,HIGH
3,HOME CARE,6891.22365649414,8784.997644897461,11165.425428466797,0.75,7027.99811591797,11165.425428466797,2380.4277835693356,4137.427312548827,MEDIUM
3,LADIESWEAR,344.26268768310547,628.5016164779663,1025.5585842132568,0.75,502.80129318237306,1025.5585842132568,397.0569677352905,522.7572910308838,HIGH
3,LAWN AND GARDEN,576.5624923706055,899.2445640563965,1343.2416416015626,0.75,719.3956512451173,1343.2416416015626,443.9970775451661,623.8459903564453,HIGH
3,LINGERIE,138.41929244995117,367.04733180999756,684.1108684539795,0.75,293.6378654479981,684.1108684539795,317.06353664398193,390.4730030059814,HIGH
3,"LIQUOR,WINE,BEER",2926.464275512695,3701.8353619384766,4651.534518920898,0.75,2961.4682895507813,4651.534518920898,949.6991569824218,1690.066229370117,MEDIUM
3,MAGAZINES,81.8495864868164,273.2486991882324,540.3163414001465,0.75,218.59895935058594,540.3163414001465,267.06764221191406,321.71738204956057,HIGH
3,MEATS,10453.519372949218,13003.713562011719,16675.30215283203,0.75,10402.970849609375,16675.30215283203,3671.5885908203127,6272.331303222656,MEDIUM
3,PERSONAL CARE,6826.758904296875,8720.532892700196,11100.960676269531,0.75,6976.426314160157,11100.960676269531,2380.4277835693356,4124.534362109374,MEDIUM
3,PET SUPPLIES,36.71910858154297,221.69717121124268,480.5909776687622,0.75,177.35773696899415,480.5909776687622,258.89380645751953,303.2332406997681,HIGH
3,PLAYERS AND ELECTRONICS,72.70029354095459,268.4496068954468,535.5172491073608,0.75,214.75968551635742,535.5172491073608,267.06764221191406,320.7575635910034,HIGH
3,POULTRY,15359.820094140625,19384.850341796875,26079.31605419922,0.75,15507.8802734375,26079.31605419922,6694.465712402343,10571.435780761718,MEDIUM
3,PREPARED FOODS,3249.4165013427732,4145.903831420898,5296.182235717773,0.75,3316.723065136719,5296.182235717773,1150.2784042968751,1979.4591705810544,MEDIUM
3,PRODUCE,121858.08320625,128537.818359375,140673.462890625,0.75,102830.25468750001,140673.462890625,12135.64453125,37843.20820312499,LOW
3,SCHOOL AND OFFICE SUPPLIES,5.999607121944427,17.013884663581848,89.78776066303253,0.75,13.611107730865479,89.78776066303253,72.77387599945068,76.17665293216704,HIGH
3,SEAFOOD,821.1222114562988,1235.0182914733887,1763.7282347717285,0.75,988.0146331787109,1763.7282347717285,528.7099432983398,775.7136015930175,HIGH
4,AUTOMOTIVE,8.551934957504272,55.728379011154175,158.56932091712952,0.75,44.58270320892334,158.56932091712952,102.84094190597534,113.98661770820618,HIGH
4,BABY CARE,3.3316395640373235,26.152298100292683,109.31173618584872,0.75,20.921838480234147,109.31173618584872,83.15943808555603,88.38989770561457,HIGH
4,BEAUTY,55.953261375427246,204.51842308044434,417.7651467323303,0.75,163.61473846435547,417.7651467323303,213.246723651886,254.15040826797485,HIGH
4,BEVERAGES,37081.61128242187,43761.346435546875,55896.990966796875,0.75,35009.0771484375,55896.990966796875,12135.64453125,20887.913818359375,MEDIUM
4,BOOKS,3.371866291761399,29.81850639730692,115.3668964996934,0.75,23.854805117845537,115.3668964996934,85.54839010238648,91.51209138184785,HIGH
4,BREAD/BAKERY,5144.506018310547,6572.87956616211,8379.237639404297,0.75,5258.303652929688,8379.237639404297,1806.358073242187,3120.933986474609,MEDIUM
4,CELEBRATION,46.88997507095337,144.1141562461853,278.0114743709564,0.75,115.29132499694825,278.0114743709564,133.89731812477112,162.72014937400817,HIGH
4,CLEANING,11840.023877148438,14095.250854492188,17162.264020996095,0.75,11276.20068359375,17162.264020996095,3067.013166503908,5886.0633374023455,MEDIUM
4,DAIRY,11102.999096875,13358.22607421875,16425.239240722654,0.75,10686.580859375,16425.239240722654,3067.0131665039044,5738.658381347654,MEDIUM
4,DELI,2771.616264648437,3555.5423822021485,4536.267262939453,0.75,2844.433905761719,4536.267262939453,980.7248807373044,1691.833357177734,MEDIUM
4,EGGS,1804.5823303833008,2438.426831237793,3193.0803472290036,0.75,1950.7414649902346,3193.0803472290036,754.6535159912105,1242.338882238769,MEDIUM
4,FROZEN FOODS,1077.3124656677246,1618.9081573486328,2266.216112701416,0.75,1295.1265258789062,2266.216112701416,647.3079553527832,971.0895868225098,MEDIUM
4,GROCERY I,50110.8615265625,56790.5966796875,68926.2412109375,0.75,45432.477343750004,68926.2412109375,12135.64453125,23493.763867187496,LOW
4,GROCERY II,151.16140365600586,359.18928623199463,646.2552862167358,0.75,287.3514289855957,646.2552862167358,287.0659999847412,358.90385723114014,HIGH
4,HARDWARE,6.311391520500184,38.68964296579361,130.36542378664018,0.75,30.95171437263489,130.36542378664018,91.67578082084657,99.4137094140053,HIGH
4,HOME AND KITCHEN I,82.68180179595947,250.9034013748169,480.7525510787964,0.75,200.72272109985352,480.7525510787964,229.8491497039795,280.02982997894287,HIGH
4,HOME AND KITCHEN II,78.29243850708008,213.0470094680786,398.37629413604736,0.75,170.4376075744629,398.37629413604736,185.32928466796875,227.93868656158446,HIGH
4,HOME APPLIANCES,3.625405389070511,29.40191638469696,114.69044015407562,0.75,23.52153310775757,114.69044015407562,85.28852376937866,91.16890704631805,HIGH
4,HOME CARE,3301.0574925537107,4197.544822631836,5347.823226928711,0.75,3358.035858105469,5347.823226928711,1150.2784042968751,1989.787368823242,MEDIUM
4,LADIESWEAR,84.46287441253662,284.78471088409424,561.8515319824219,0.75,227.8277687072754,561.8515319824219,277.06682109832764,334.0237632751465,HIGH
4,LAWN AND GARDEN,60.974228858947754,248.30204010009766,517.1950254440308,0.75,198.64163208007812,517.1950254440308,268.8929853439331,318.55339336395264,HIGH
4,LINGERIE,2.763593825697899,36.25629471614957,128.19194187000394,0.75,29.005035772919655,128.19194187000394,91.93564715385438,99.18690609708429,HIGH
4,"LIQUOR,WINE,BEER",1101.3586883544922,1515.254768371582,2043.9647116699218,0.75,1212.2038146972657,2043.9647116699218,528.7099432983398,831.7608969726562,MEDIUM
4,MAGAZINES,21.65663981437683,100.88174033164978,222.83429837226868,0.75,80.70539226531983,222.83429837226868,121.9525580406189,142.12890610694885,HIGH
4,MEATS,4945.95064050293,6041.895302246094,7438.203582397461,0.75,4833.516241796875,7438.203582397461,1396.3082801513674,2604.687340600586,MEDIUM
4,PERSONAL CARE,2978.8322415161133,3856.559369506836,4978.578853210449,0.75,3085.247495605469,4978.578853210449,1122.0194837036129,1893.33135760498,MEDIUM
4,PET SUPPLIES,28.95891237258911,118.99196004867554,248.11137413978577,0.75,95.19356803894044,248.11137413978577,129.11941409111023,152.91780610084533,HIGH
4,PLAYERS AND ELECTRONICS,40.18422222137451,141.0039701461792,277.29024028778076,0.75,112.80317611694336,277.29024028778076,136.28627014160156,164.4870641708374,HIGH
4,POULTRY,5296.283355224609,6658.171125854492,8382.519240478516,0.75,5326.536900683594,8382.519240478516,1724.3481146240238,3055.982339794922,MEDIUM
4,PREPARED FOODS,284.1117858886719,588.5510559082031,1015.6055603027344,0.75,470.8408447265625,1015.6055603027344,427.05450439453125,544.7647155761719,HIGH
4,PRODUCE,30773.8732453125,37453.6083984375,49589.2529296875,0.75,29962.88671875,49589.2529296875,12135.64453125,19626.3662109375,MEDIUM
4,SCHOOL AND OFFICE SUPPLIES,0.0,0.0,63.997666931152345,0.75,0.0,63.997666931152345,63.997666931152345,63.997666931152345,HIGH
4,SEAFOOD,68.13142013549805,266.1230068206787,545.0151710510254,0.75,212.89840545654297,545.0151710510254,278.8921642303467,332.11676559448244,HIGH
5,AUTOMOTIVE,11.213620936870575,65.0633533000946,170.5531135559082,0.75,52.050682640075685,170.5531135559082,105.4897602558136,118.50243091583252,HIGH
5,BABY CARE,49.92260687351227,80.87844847142696,178.21259616315365,0.75,64.70275877714157,178.21259616315365,97.33414769172668,113.50983738601208,HIGH
5,BEAUTY,43.61388850212097,206.4155728816986,432.61403632164,0.75,165.1324583053589,432.61403632164,226.1984634399414,267.4815780162811,HIGH
5,BEVERAGES,24368.898880078126,31048.634033203125,43184.278564453125,0.75,24838.9072265625,43184.278564453125,12135.64453125,18345.371337890625,MEDIUM
5,BOOKS,1.4687310934066775,11.754621408879757,84.26863107532263,0.75,9.403697127103806,84.26863107532263,72.51400966644287,74.86493394821882,HIGH
5,BREAD/BAKERY,4836.856142822266,5932.80080456543,7329.109084716797,0.75,4746.240643652344,7329.109084716797,1396.3082801513674,2582.868441064453,MEDIUM
5,CELEBRATION,38.471943855285645,203.961332321167,446.50746726989746,0.75,163.1690658569336,446.50746726989746,242.54613494873047,283.3384014129639,HIGH
5,CLEANING,13613.703369140625,15573.963134765625,18036.400876953125,0.75,12459.170507812501,18036.400876953125,2462.4377421874997,5577.230369140623,LOW
5,DAIRY,7283.3966064453125,9243.656372070312,11706.094114257812,0.75,7394.925097656251,11706.094114257812,2462.4377421874997,4311.169016601561,MEDIUM
5,DELI,2869.2380650634764,3765.7253951416014,4916.003799438477,0.75,3012.5803161132812,4916.003799438477,1150.2784042968751,1903.4234833251953,MEDIUM
5,EGGS,924.5958671569824,1429.705955505371,2043.1287645568846,0.75,1143.764764404297,2043.1287645568846,613.4228090515135,899.3640001525876,HIGH
5,FROZEN FOODS,1066.881061553955,1571.9911499023438,2185.413958953857,0.75,1257.5929199218751,2185.413958953857,613.4228090515135,927.8210390319821,MEDIUM
5,GROCERY I,43658.01020820312,50337.745361328125,62473.389892578125,0.75,40270.1962890625,62473.389892578125,12135.64453125,22203.193603515625,MEDIUM
5,GROCERY II,604.2339286804199,963.4016036987305,1441.2838275451659,0.75,770.7212829589844,1441.2838275451659,477.8822238464354,670.5625445861815,HIGH
5,HARDWARE,2.417977470159531,15.559926927089691,90.20302227735519,0.75,12.447941541671753,90.20302227735519,74.6430953502655,77.75508073568344,HIGH
5,HOME AND KITCHEN I,187.4469518661499,404.3514099121094,701.4165887832642,0.75,323.48112792968755,701.4165887832642,297.0651788711548,377.9354608535766,HIGH
5,HOME AND KITCHEN II,81.50014400482178,264.574670791626,523.4684772491455,0.75,211.65973663330078,523.4684772491455,258.89380645751953,311.8087406158447,HIGH
5,HOME APPLIANCES,2.449152141809464,14.155455816537142,86.66946548298002,0.75,11.324364653229715,86.66946548298002,72.51400966644287,75.3451008297503,HIGH
5,HOME CARE,3029.2043889160154,3925.6917189941405,5075.970123291016,0.75,3140.5533751953126,5075.970123291016,1150.2784042968751,1935.416748095703,MEDIUM
5,LADIESWEAR,61.86766195297241,180.63003778457642,349.6116509437561,0.75,144.50403022766113,349.6116509437561,168.9816131591797,205.10762071609497,HIGH
5,LAWN AND GARDEN,39.05036234855652,140.8653531074524,286.3324387073517,0.75,112.69228248596193,286.3324387073517,145.4670855998993,173.64015622138976,HIGH
5,LINGERIE,36.64286422729492,130.2714786529541,261.7798447608948,0.75,104.21718292236329,261.7798447608948,131.50836610794067,157.56266183853148,HIGH
5,"LIQUOR,WINE,BEER",575.7127265930176,934.8804016113281,1412.7626254577635,0.75,747.9043212890625,1412.7626254577635,477.8822238464354,664.858304168701,HIGH
5,MAGAZINES,12.635073161125183,76.23831993341446,188.89493623971939,0.75,60.99065594673157,188.89493623971939,112.65661630630493,127.9042802929878,HIGH
5,MEATS,3174.6936619873045,4071.1809920654296,5221.459396362305,0.75,3256.944793652344,5221.459396362305,1150.2784042968751,1964.5146027099609,MEDIUM
5,PERSONAL CARE,3166.4161046142576,4062.9034346923827,5213.181838989258,0.75,3250.3227477539062,5213.181838989258,1150.2784042968751,1962.8590912353516,MEDIUM
5,PET SUPPLIES,5.678527998924256,49.442600786685944,148.28523765802385,0.75,39.55408062934876,148.28523765802385,98.8426368713379,108.73115702867509,HIGH
5,PLAYERS AND ELECTRONICS,16.432142734527588,87.26172304153442,204.43637704849243,0.75,69.80937843322754,204.43637704849243,117.17465400695801,134.62699861526488,HIGH
5,POULTRY,2970.0713009643555,3847.798428955078,4969.817912658691,0.75,3078.2387431640627,4969.817912658691,1122.0194837036129,1891.5791694946283,MEDIUM
5,PREPARED FOODS,303.72690200805664,601.4327249526978,1018.4880504608154,0.75,481.1461799621582,1018.4880504608154,417.0553255081177,537.3418704986573,HIGH
5,PRODUCE,19426.18182666016,25810.949768066406,37342.018875,0.75,20648.759814453126,37342.018875,11531.069106933595,16693.259060546876,MEDIUM
5,SCHOOL AND OFFICE SUPPLIES,0.0,0.0,63.997666931152345,0.75,0.0,63.997666931152345,63.997666931152345,63.997666931152345,HIGH
5,SEAFOOD,19.53538645505905,71.33913516253233,180.661919157207,0.75,57.07130813002587,180.661919157207,109.32278399467467,123.59061102718113,HIGH
6,AUTOMOTIVE,13.868333578109741,95.93450474739075,220.2760148048401,0.75,76.7476037979126,220.2760148048401,124.34151005744934,143.52841100692748,HIGH
6,BABY CARE,3.35906133055687,19.37919317325577,96.1513742073439,0.75,15.503354538604619,96.1513742073439,76.77218103408813,80.6480196687393,HIGH
6,BEAUTY,62.7490713596344,195.83830857276917,381.1675932407379,0.75,156.67064685821535,381.1675932407379,185.32928466796875,224.49694638252257,HIGH
6,BEVERAGES,52174.37690742187,58854.112060546875,70989.75659179688,0.75,47083.2896484375,70989.75659179688,12135.64453125,23906.466943359374,LOW
6,BOOKS,2.8368480503559117,18.738244109321386,95.51042514340952,0.75,14.99059528745711,95.51042514340952,76.77218103408813,80.51982985595241,HIGH
6,BREAD/BAKERY,7344.390625,9304.650390625,11767.0881328125,0.75,7443.720312500001,11767.0881328125,2462.4377421874997,4323.367820312499,MEDIUM
6,CELEBRATION,64.20378875732422,183.61291027069092,352.5945234298706,0.75,146.89032821655275,352.5945234298706,168.9816131591797,205.70419521331786,HIGH
6,CLEANING,15926.793361718752,21426.65966796875,31144.002501953124,0.75,17141.327734375,31144.002501953124,9717.342833984374,14002.674767578123,MEDIUM
6,DAIRY,14523.437061328124,17663.565673828125,22544.30511328125,0.75,14130.8525390625,22544.30511328125,4880.739439453126,8413.45257421875,MEDIUM
6,DELI,4764.192155029297,5993.108371215821,7553.436568603515,0.75,4794.486696972656,7553.436568603515,1560.3281973876947,2758.949871630859,MEDIUM
6,EGGS,2411.281788024902,3101.4068951416016,3940.8371729125975,0.75,2481.1255161132813,3940.8371729125975,839.4302777709959,1459.7116567993162,MEDIUM
6,FROZEN FOODS,1893.4142403564454,2546.0189432983398,3328.9313798828125,0.75,2036.8151546386719,3328.9313798828125,782.9124365844727,1292.1162252441407,MEDIUM
6,GROCERY I,73142.57417304687,79822.30932617188,91957.95385742188,0.75,63857.847460937504,91957.95385742188,12135.64453125,28100.10639648437,LOW
6,GROCERY II,267.37112617492676,511.2093725204468,848.2712669372559,0.75,408.96749801635747,848.2712669372559,337.0618944168091,439.3037689208984,HIGH
6,HARDWARE,3.8903909593820574,26.795962691307068,107.82631509304046,0.75,21.436770153045657,107.82631509304046,81.0303524017334,86.3895449399948,HIGH
6,HOME AND KITCHEN I,304.2896957397461,561.5948362350464,918.6550884246826,0.75,449.27586898803713,918.6550884246826,357.06025218963623,469.3792194366455,HIGH
6,HOME AND KITCHEN II,437.64836502075195,742.0876350402832,1169.1421394348145,0.75,593.6701080322266,1169.1421394348145,427.05450439453125,575.4720314025878,HIGH
6,HOME APPLIANCES,2.7808174490928654,18.601876411587,95.37405744567513,0.75,14.881501129269601,95.37405744567513,76.77218103408813,80.49255631640554,HIGH
6,HOME CARE,4814.509768310547,5910.454430053711,7306.762710205078,0.75,4728.363544042969,7306.762710205078,1396.3082801513674,2578.3991661621094,MEDIUM
6,LADIESWEAR,181.16163063049316,404.7995357513428,711.8638935089111,0.75,323.83962860107425,711.8638935089111,307.06435775756836,388.0242649078369,HIGH
6,LAWN AND GARDEN,73.8227310180664,241.2331829071045,477.4308252334595,0.75,192.9865463256836,477.4308252334595,236.19764232635498,284.44427890777587,HIGH
6,LINGERIE,138.2102336883545,346.9431438446045,635.8344869613647,0.75,277.5545150756836,635.8344869613647,288.89134311676025,358.27997188568116,HIGH
6,"LIQUOR,WINE,BEER",1139.095718383789,1589.4774017333984,2152.0724913330077,0.75,1271.581921386719,2152.0724913330077,562.5950895996093,880.4905699462888,MEDIUM
6,MAGAZINES,27.518943786621094,103.1697244644165,222.73333048820496,0.75,82.53577957153321,222.73333048820496,119.56360602378845,140.19755091667173,HIGH
6,MEATS,6263.507388427734,7957.824045166016,10092.22195288086,0.75,6366.259236132813,10092.22195288086,2134.397907714844,3725.9627167480467,MEDIUM
6,PERSONAL CARE,4350.682467285156,5446.62712902832,6842.935409179688,0.75,4357.301703222656,6842.935409179688,1396.3082801513674,2485.6337059570315,MEDIUM
6,PET SUPPLIES,37.322235107421875,138.14198303222656,274.4282531738281,0.75,110.51358642578126,274.4282531738281,136.28627014160156,163.91466674804687,HIGH
6,PLAYERS AND ELECTRONICS,76.52539205551147,192.831928730011,353.63970613479614,0.75,154.2655429840088,353.63970613479614,160.80777740478516,199.37416315078735,HIGH
6,POULTRY,7656.691368896484,9550.465357299805,11930.89314086914,0.75,7640.372285839844,11930.89314086914,2380.4277835693356,4290.520855029296,MEDIUM
6,PREPARED FOODS,971.3864936828613,1403.525375366211,1949.1778918151854,0.75,1122.8203002929688,1949.1778918151854,545.6525164489744,826.3575915222166,MEDIUM
6,PRODUCE,35841.6056671875,42521.3408203125,54656.9853515625,0.75,34017.07265625,54656.9853515625,12135.64453125,20639.9126953125,MEDIUM
6,SCHOOL AND OFFICE SUPPLIES,0.0,0.0,63.997666931152345,0.75,0.0,63.997666931152345,63.997666931152345,63.997666931152345,HIGH
6,SEAFOOD,266.5743770599365,550.8133058547974,947.8702735900879,0.75,440.6506446838379,947.8702735900879,397.0569677352905,507.21962890624997,HIGH
7,AUTOMOTIVE,14.840594053268433,89.97600793838501,209.53961396217346,0.75,71.98080635070801,209.53961396217346,119.56360602378845,137.55880761146545,HIGH
7,BABY CARE,5.586213672161103,35.32452458143234,124.87121971845627,0.75,28.259619665145877,124.87121971845627,89.54669513702393,96.6116000533104,HIGH
7,BEAUTY,61.458357095718384,226.62317776679993,452.82164120674133,0.75,181.29854221343996,452.82164120674133,226.1984634399414,271.52309899330135,HIGH
7,BEVERAGES,58643.10932929687,65322.844482421875,77458.48901367188,0.75,52258.2755859375,77458.48901367188,12135.64453125,25200.213427734372,LOW
7,BOOKS,6.189090216159821,35.7786665558815,125.32536169290543,0.75,28.6229332447052,125.32536169290543,89.54669513702393,96.70242844820024,HIGH
7,BREAD/BAKERY,9598.781921386719,11559.041687011719,14021.479429199218,0.75,9247.233349609376,14021.479429199218,2462.4377421874997,4774.246079589842,MEDIUM
7,CELEBRATION,32.21942710876465,214.08709526062012,472.98090171813965,0.75,171.2696762084961,472.98090171813965,258.89380645751953,301.71122550964355,HIGH
7,CLEANING,15033.067335156251,18763.13037109375,24853.02065917969,0.75,15010.504296875,24853.02065917969,6089.890288085939,9842.516362304688,MEDIUM
7,DAIRY,16441.442409570314,21941.308715820312,31658.651549804687,0.75,17553.04697265625,31658.651549804687,9717.342833984374,14105.604577148435,MEDIUM
7,DELI,2497.978872924805,3244.384586303711,4168.591625854492,0.75,2595.5076690429687,4168.591625854492,924.2070395507812,1573.0839568115234,MEDIUM
7,EGGS,3873.053555786133,4769.540885864258,5919.819290161133,0.75,3815.632708691406,5919.819290161133,1150.2784042968751,2104.1865814697267,MEDIUM
7,FROZEN FOODS,2969.7850010986326,3866.2723311767577,5016.550735473633,0.75,3093.0178649414065,5016.550735473633,1150.2784042968751,1923.5328705322263,MEDIUM
7,GROCERY I,59153.49580390625,65833.23095703125,77968.87548828125,0.75,52666.584765625004,77968.87548828125,12135.64453125,25302.290722656246,LOW
7,GROCERY II,239.47509384155273,543.914363861084,970.9688682556152,0.75,435.1314910888672,970.9688682556152,427.05450439453125,535.837377166748,HIGH
7,HARDWARE,11.279892921447754,72.03434252738953,182.0421404838562,0.75,57.627474021911624,182.0421404838562,110.00779795646667,124.41466646194458,HIGH
7,HOME AND KITCHEN I,387.2604503631592,689.7421808242798,1103.7417217102052,0.75,551.7937446594239,1103.7417217102052,413.9995408859254,551.9479770507813,HIGH
7,HOME AND KITCHEN II,204.74935913085938,455.32105255126953,802.3821258544922,0.75,364.25684204101566,802.3821258544922,347.06107330322266,438.1252838134765,HIGH
7,HOME APPLIANCES,5.569998931884766,44.36063742637634,140.55445594787597,0.75,35.48850994110108,140.55445594787597,96.19381852149962,105.06594600677488,HIGH
7,HOME CARE,3403.3137791748045,4299.80110925293,5450.079513549805,0.75,3439.840887402344,5450.079513549805,1150.2784042968751,2010.2386261474608,MEDIUM
7,LADIESWEAR,31.985626220703125,196.9848690032959,439.53100395202637,0.75,157.58789520263673,439.53100395202637,242.54613494873047,281.94310874938964,HIGH
7,LAWN AND GARDEN,233.96580696105957,484.5375003814697,831.5985736846924,0.75,387.6300003051758,831.5985736846924,347.06107330322266,443.96857337951656,HIGH
7,LINGERIE,78.41779470443726,240.8471875190735,464.65669894218445,0.75,192.6777500152588,464.65669894218445,223.80951142311096,271.9789489269257,HIGH
7,"LIQUOR,WINE,BEER",2140.4913301391603,2849.3766393432616,3717.0658377075197,0.75,2279.5013114746093,3717.0658377075197,867.6891983642581,1437.5645262329103,MEDIUM
7,MAGAZINES,70.000009059906,170.8197569847107,307.10602712631226,0.75,136.65580558776855,307.10602712631226,136.28627014160156,170.4502215385437,HIGH
7,MEATS,6319.94471899414,8147.232930175781,10445.650755126953,0.75,6517.786344140625,10445.650755126953,2298.4178249511724,3927.864410986328,MEDIUM
7,PERSONAL CARE,3312.3305943603514,4208.817924438476,5359.096328735352,0.75,3367.054339550781,5359.096328735352,1150.2784042968751,1992.0419891845704,MEDIUM
7,PET SUPPLIES,24.380399703979492,110.81788063049316,237.54834270477295,0.75,88.65430450439453,237.54834270477295,126.73046207427979,148.89403820037842,HIGH
7,PLAYERS AND ELECTRONICS,73.97394037246704,180.786461353302,325.2465672492981,0.75,144.6291690826416,325.2465672492981,144.4601058959961,180.6173981666565,HIGH
7,POULTRY,9012.526733398438,10972.786499023438,13435.224241210937,0.75,8778.229199218751,13435.224241210937,2462.4377421874997,4656.995041992186,MEDIUM
7,PREPARED FOODS,1614.676284790039,2211.0003814697266,2909.136056274414,0.75,1768.8003051757814,2909.136056274414,698.1356748046874,1140.3357510986325,MEDIUM
7,PRODUCE,75905.171096875,82584.90625,94720.55078125,0.75,66067.925,94720.55078125,12135.64453125,28652.625781249997,LOW
7,SCHOOL AND OFFICE SUPPLIES,0.0,0.0,63.997666931152345,0.75,0.0,63.997666931152345,63.997666931152345,63.997666931152345,HIGH
7,SEAFOOD,270.9059829711914,528.2111234664917,885.2713756561279,0.75,422.5688987731934,885.2713756561279,357.06025218963623,462.70247688293455,HIGH
8,AUTOMOTIVE,29.10822558403015,126.33240675926208,260.2297248840332,0.75,101.06592540740968,260.2297248840332,133.89731812477112,159.16379947662352,HIGH
8,BABY CARE,9.19943995475769,47.46442484855652,143.65824337005614,0.75,37.97153987884521,143.65824337005614,96.19381852149962,105.68670349121092,HIGH
8,BEAUTY,52.98309659957886,219.11571836471558,453.4880175590515,0.75,175.29257469177247,453.4880175590515,234.37229919433594,278.19544286727904,HIGH
8,BEVERAGES,68732.98188789062,75412.71704101562,87548.36157226562,0.75,60330.173632812504,87548.36157226562,12135.64453125,27218.18793945312,LOW
8,BOOKS,9.468629825115205,42.15296185016632,133.8287426710129,0.75,33.72236948013306,133.8287426710129,91.67578082084657,100.10637319087982,HIGH
8,BREAD/BAKERY,12098.461364746094,14058.721130371094,16521.158872558593,0.75,11246.976904296876,16521.158872558593,2462.4377421874997,5274.181968261717,LOW
8,CELEBRATION,56.36074256896973,245.89807319641113,512.9657154083252,0.75,196.7184585571289,512.9657154083252,267.06764221191406,316.2472568511963,HIGH
8,CLEANING,16399.026564648437,21603.925659179688,30716.693068847657,0.75,17283.140527343752,30716.693068847657,9112.76740966797,13433.552541503905,MEDIUM
8,DAIRY,18474.569143359375,24564.369873046875,35490.863555664066,0.75,19651.4958984375,35490.863555664066,10926.49368261719,15839.367657226565,MEDIUM
8,DELI,3998.2161907958985,4961.189298095703,6193.477661010742,0.75,3968.9514384765625,6193.477661010742,1232.2883629150392,2224.5262225341794,MEDIUM
8,EGGS,4358.248208984375,5520.678647949218,6998.99688671875,0.75,4416.542918359375,6998.99688671875,1478.3182387695315,2582.453968359375,MEDIUM
8,FROZEN FOODS,2150.0217637939454,2858.9070729980467,3726.596271362305,0.75,2287.1256583984373,3726.596271362305,867.6891983642581,1439.4706129638676,MEDIUM
8,GROCERY I,76492.20674140625,83171.94189453125,95307.58642578125,0.75,66537.553515625,95307.58642578125,12135.64453125,28770.032910156253,LOW
8,GROCERY II,256.4628086090088,507.03450202941895,854.0955753326416,0.75,405.62760162353516,854.0955753326416,347.06107330322266,448.46797370910645,HIGH
8,HARDWARE,18.108319997787476,93.30615973472595,212.8697657585144,0.75,74.64492778778076,212.8697657585144,119.56360602378845,138.22483797073363,HIGH
8,HOME AND KITCHEN I,398.64265632629395,714.5912809371948,1148.5891795959474,0.75,571.6730247497559,1148.5891795959474,433.99789865875255,576.9161548461915,HIGH
8,HOME AND KITCHEN II,397.1623134613037,694.8681364059448,1111.9234619140625,0.75,555.8945091247559,1111.9234619140625,417.0553255081177,556.0289527893066,HIGH
8,HOME APPLIANCES,7.259504294395446,57.516495168209076,160.61730340719222,0.75,46.013196134567266,160.61730340719222,103.10080823898315,114.60410727262496,HIGH
8,HOME CARE,5090.276864990235,6252.707303955078,7731.025542724609,0.75,5002.165843164063,7731.025542724609,1478.3182387695315,2728.8596995605467,MEDIUM
8,LADIESWEAR,241.68139839172363,472.0527505874634,789.1162872314453,0.75,377.6422004699707,789.1162872314453,317.06353664398193,411.4740867614746,HIGH
8,LAWN AND GARDEN,253.09712982177734,510.40227031707764,867.4625225067139,0.75,408.3218162536621,867.4625225067139,357.06025218963623,459.14070625305175,HIGH
8,LINGERIE,162.59517288208008,364.0002040863037,641.0670251846313,0.75,291.200163269043,641.0670251846313,277.06682109832764,349.86686191558834,HIGH
8,"LIQUOR,WINE,BEER",1779.3157685546876,2450.6806735839846,3261.8520307617187,0.75,1960.5445388671878,3261.8520307617187,811.1713571777341,1301.3074918945308,MEDIUM
8,MAGAZINES,27.939753532409668,205.04115200042725,463.9349584579468,0.75,164.0329216003418,463.9349584579468,258.89380645751953,299.90203685760497,HIGH
8,MEATS,6153.037044677734,7780.8679241943355,9833.255873291015,0.75,6224.694339355468,9833.255873291015,2052.387949096679,3608.5615339355463,MEDIUM
8,PERSONAL CARE,4605.340768798828,5767.771207763672,7246.089446533203,0.75,4614.216966210937,7246.089446533203,1478.3182387695315,2631.872480322266,MEDIUM
8,PET SUPPLIES,80.55687713623047,276.0024366378784,543.0700788497925,0.75,220.80194931030275,543.0700788497925,267.06764221191406,322.26812953948973,HIGH
8,PLAYERS AND ELECTRONICS,39.42588710784912,233.20692920684814,500.2745714187622,0.75,186.56554336547853,500.2745714187622,267.06764221191406,313.70902805328365,HIGH
8,POULTRY,8613.49447631836,10573.75424194336,13036.191984130859,0.75,8459.003393554687,13036.191984130859,2462.4377421874997,4577.188590576172,MEDIUM
8,PREPARED FOODS,1811.2849221191407,2463.889625061035,3246.802061645508,0.75,1971.1117000488282,3246.802061645508,782.9124365844727,1275.6903615966796,MEDIUM
8,PRODUCE,70925.60932929687,77605.34448242188,89740.98901367188,0.75,62084.2755859375,89740.98901367188,12135.64453125,27656.713427734372,LOW
8,SCHOOL AND OFFICE SUPPLIES,0.11121010780334473,5.028520584106445,73.28435888290406,0.75,4.022816467285156,73.28435888290406,68.25583829879761,69.2615424156189,HIGH
8,SEAFOOD,341.9597587585449,639.665581703186,1056.7209072113037,0.75,511.73246536254885,1056.7209072113037,417.0553255081177,544.9884418487549,HIGH
9,AUTOMOTIVE,92.13576173782349,192.95550966262817,329.24177980422974,0.75,154.36440773010256,329.24177980422974,136.28627014160156,174.87737207412718,HIGH
9,BABY CARE,5.3236853122711185,39.62040948867798,131.55605664253235,0.75,31.696327590942385,131.55605664253235,91.93564715385438,99.85972905158997,HIGH
9,BEAUTY,36.84544277191162,197.68489837646484,423.88336181640625,0.75,158.14791870117188,423.88336181640625,226.1984634399414,265.7354431152344,HIGH
9,BEVERAGES,52668.40571601562,59348.140869140625,71483.78540039062,0.75,47478.5126953125,71483.78540039062,12135.64453125,24005.272705078125,LOW
9,BOOKS,6.185407811403275,34.59303267300129,122.01064212620258,0.75,27.67442613840103,122.01064212620258,87.4176094532013,94.33621598780155,HIGH
9,BREAD/BAKERY,7434.433654785156,9394.693420410156,11857.131162597656,0.75,7515.754736328126,11857.131162597656,2462.4377421874997,4341.37642626953,MEDIUM
9,CELEBRATION,94.00709819793701,287.42279720306396,558.1411256790161,0.75,229.9382377624512,558.1411256790161,270.71832847595215,328.2028879165649,HIGH
9,CLEANING,21159.889102050784,27544.65704345703,39075.72615039063,0.75,22035.725634765626,39075.72615039063,11531.069106933595,17040.000515625,MEDIUM
9,DAIRY,12451.964795117188,14707.191772460938,17774.204938964842,0.75,11765.75341796875,17774.204938964842,3067.0131665039044,6008.451520996092,MEDIUM
9,DELI,7575.262603759766,9535.522369384766,11997.960111572265,0.75,7628.417895507813,11997.960111572265,2462.4377421874997,4369.542216064452,MEDIUM
9,EGGS,2961.423025756836,3707.828739135742,4632.035778686523,0.75,2966.262991308594,4632.035778686523,924.2070395507812,1665.7727873779295,MEDIUM
9,FROZEN FOODS,1194.1388778686523,1753.9773712158203,2418.227899719238,0.75,1403.1818969726564,2418.227899719238,664.2505285034176,1015.0460027465815,MEDIUM
9,GROCERY I,106239.300003125,112919.03515625,125054.6796875,0.75,90335.22812500001,125054.6796875,12135.64453125,34719.45156249999,LOW
9,GROCERY II,104.38290882110596,234.4489917755127,419.77827644348145,0.75,187.55919342041017,419.77827644348145,185.32928466796875,232.21908302307128,HIGH
9,HARDWARE,7.089517831802368,47.05612526834011,145.37902947366237,0.75,37.64490021467209,145.37902947366237,98.32290420532226,107.73412925899028,HIGH
9,HOME AND KITCHEN I,407.9990463256836,705.7048692703247,1122.7601947784424,0.75,564.5638954162598,1122.7601947784424,417.0553255081177,558.1962993621826,HIGH
9,HOME AND KITCHEN II,261.0822696685791,538.5877513885498,925.6455402374268,0.75,430.87020111083984,925.6455402374268,387.05778884887695,494.7753391265869,HIGH
9,HOME APPLIANCES,5.730194801092148,38.256951697170734,128.06351316720247,0.75,30.60556135773659,128.06351316720247,89.80656147003174,97.45795180946588,HIGH
9,HOME CARE,5914.3891328125,7608.705789550781,9743.103697265626,0.75,6086.964631640625,9743.103697265626,2134.397907714844,3656.1390656250005,MEDIUM
9,LADIESWEAR,77.49811935424805,215.87253284454346,409.37565326690674,0.75,172.6980262756348,409.37565326690674,193.50312042236328,236.67762699127195,HIGH
9,LAWN AND GARDEN,49.39595651626587,169.9955449104309,338.4135491847992,0.75,135.99643592834474,338.4135491847992,168.4180042743683,202.41711325645446,HIGH
9,LINGERIE,89.6741259098053,260.95952916145325,501.11671209335327,0.75,208.7676233291626,501.11671209335327,240.15718293190002,292.3490887641907,HIGH
9,"LIQUOR,WINE,BEER",585.7002029418945,944.8678779602051,1422.7501018066405,0.75,755.8943023681641,1422.7501018066405,477.8822238464354,666.8557994384764,HIGH
9,MAGAZINES,9.451107740402222,69.17526817321777,179.18306612968445,0.75,55.34021453857422,179.18306612968445,110.00779795646667,123.84285159111022,HIGH
9,MEATS,4884.7596362304685,6180.161629638672,7822.499785644532,0.75,4944.129303710938,7822.499785644532,1642.3381560058597,2878.3704819335935,MEDIUM
9,PERSONAL CARE,5903.109272949219,7464.4543752441405,9434.832365722656,0.75,5971.563500195312,9434.832365722656,1970.3779904785151,3463.268865527343,MEDIUM
9,PET SUPPLIES,34.319480419158936,127.94809484481812,259.4564609527588,0.75,102.3584758758545,259.4564609527588,131.50836610794067,157.0979850769043,HIGH
9,PLAYERS AND ELECTRONICS,42.0462691783905,141.66765666007996,281.34985852241516,0.75,113.33412532806398,281.34985852241516,139.6822018623352,168.01573319435118,HIGH
9,POULTRY,5490.255452148438,7051.600554443359,9021.978544921874,0.75,5641.280443554688,9021.978544921874,1970.3779904785151,3380.6981013671866,MEDIUM
9,PREPARED FOODS,1223.2609100341797,1819.5850067138672,2517.7206815185546,0.75,1455.6680053710938,2517.7206815185546,698.1356748046874,1062.0526761474607,MEDIUM
9,PRODUCE,21962.505056445312,28052.305786132812,38978.79946875,0.75,22441.844628906252,38978.79946875,10926.49368261719,16536.95483984375,MEDIUM
9,SCHOOL AND OFFICE SUPPLIES,646.5369777679443,980.728404045105,1431.6688758544922,0.75,784.582723236084,1431.6688758544922,450.9404718093872,647.0861526184082,HIGH
9,SEAFOOD,74.52856159210205,250.60240173339844,494.97387981414795,0.75,200.48192138671877,494.97387981414795,244.3714780807495,294.49195842742915,HIGH
10,AUTOMOTIVE,3.238555616140366,14.184809014201164,86.69881868064404,0.75,11.347847211360932,86.69881868064404,72.51400966644287,75.35097146928311,HIGH
10,BABY CARE,0.8234040319919587,6.11140801012516,74.36724630892277,0.75,4.889126408100129,74.36724630892277,68.25583829879761,69.47811990082265,HIGH
10,BEAUTY,57.459310305118564,117.3268076563254,224.11589957717806,0.75,93.86144612506033,224.11589957717806,106.78909192085266,130.25445345211773,HIGH
10,BEVERAGES,16082.913991992189,22172.714721679688,33099.20840429688,0.75,17738.171777343752,33099.20840429688,10926.49368261719,15361.036626953126,HIGH
10,BOOKS,0.8234040319919587,6.11140801012516,74.36724630892277,0.75,4.889126408100129,74.36724630892277,68.25583829879761,69.47811990082265,HIGH
10,BREAD/BAKERY,1193.562843322754,1789.8869400024414,2488.022614807129,0.75,1431.9095520019532,2488.022614807129,698.1356748046874,1056.1130628051756,MEDIUM
10,CELEBRATION,4.666911265254021,30.933179780840874,116.22170355021953,0.75,24.7465438246727,116.22170355021953,85.28852376937866,91.47515972554683,HIGH
10,CLEANING,9220.958984375,11181.21875,13643.6564921875,0.75,8944.975,13643.6564921875,2462.4377421874997,4698.681492187499,MEDIUM
10,DAIRY,4127.749241333007,5090.722348632812,6323.010711547851,0.75,4072.5778789062497,6323.010711547851,1232.2883629150392,2250.4328326416016,MEDIUM
10,DELI,3341.3914616699217,4237.878791748047,5388.157196044922,0.75,3390.3030333984375,5388.157196044922,1150.2784042968751,1997.8541626464844,MEDIUM
10,EGGS,375.28628730773926,666.2586631774902,1073.3148097991943,0.75,533.0069305419922,1073.3148097991943,407.0561466217041,540.3078792572021,HIGH
10,FROZEN FOODS,197.68949699401855,428.0608491897583,745.1243858337402,0.75,342.4486793518067,745.1243858337402,317.06353664398193,402.67570648193356,HIGH
10,GROCERY I,34986.03266914062,41665.767822265625,53801.412353515625,0.75,33332.6142578125,53801.412353515625,12135.64453125,20468.798095703125,MEDIUM
10,GROCERY II,37.18338680267334,135.18519377708435,278.2633273601532,0.75,108.14815502166749,278.2633273601532,143.07813358306885,170.1151723384857,HIGH
10,HARDWARE,0.7807756543159485,5.741122730076313,73.99696102887393,0.75,4.592898184061051,73.99696102887393,68.25583829879761,69.40406284481287,HIGH
10,HOME AND KITCHEN I,53.644636154174805,189.45440864562988,374.78369331359863,0.75,151.56352691650392,374.78369331359863,185.32928466796875,223.22016639709472,HIGH
10,HOME AND KITCHEN II,17.64242089390755,98.25293669104576,229.6461765229702,0.75,78.60234935283661,229.6461765229702,131.39323983192443,151.04382717013357,HIGH
10,HOME APPLIANCES,0.2923925638198853,7.601829841732979,77.98675382435322,0.75,6.081463873386383,77.98675382435322,70.38492398262024,71.90528995096683,HIGH
10,HOME CARE,2299.433567993164,3008.3188771972655,3876.0080755615236,0.75,2406.6551017578126,3876.0080755615236,867.6891983642581,1469.352973803711,MEDIUM
10,LADIESWEAR,3.9999189972877507,19.776316829025745,96.54849786311388,0.75,15.821053463220597,96.54849786311388,76.77218103408813,80.72744439989329,HIGH
10,LAWN AND GARDEN,0.33370583057403574,5.263638086616993,73.5194763854146,0.75,4.210910469293594,73.5194763854146,68.25583829879761,69.30856591612101,HIGH
10,LINGERIE,2.1470581114292147,10.880132168531418,81.26505615115165,0.75,8.704105734825134,81.26505615115165,70.38492398262024,72.56095041632652,HIGH
10,"LIQUOR,WINE,BEER",72.40586566925049,243.71017837524414,478.0824775695801,0.75,194.96814270019533,478.0824775695801,234.37229919433594,283.1143348693847,HIGH
10,MAGAZINES,1.7698855400085451,11.611587770283222,84.1255974367261,0.75,9.289270216226578,84.1255974367261,72.51400966644287,74.83632722049951,HIGH
10,MEATS,1948.2567001953125,2582.101201049805,3336.7547170410153,0.75,2065.680960839844,3336.7547170410153,754.6535159912105,1271.0737562011714,MEDIUM
10,PERSONAL CARE,2217.0266915893553,2907.1517987060547,3746.5820764770506,0.75,2325.721438964844,3746.5820764770506,839.4302777709959,1420.8606375122067,MEDIUM
10,PET SUPPLIES,3.3596942722797394,16.452000707387924,91.09509605765342,0.75,13.16160056591034,91.09509605765342,74.6430953502655,77.93349549174309,HIGH
10,PLAYERS AND ELECTRONICS,7.640050196647644,50.99851143360138,147.71206262111664,0.75,40.798809146881105,147.71206262111664,96.71355118751526,106.91325347423555,HIGH
10,POULTRY,1670.9222427978516,2304.766743652344,3059.4202596435543,0.75,1843.8133949218752,3059.4202596435543,754.6535159912105,1215.6068647216791,MEDIUM
10,PREPARED FOODS,158.79291152954102,368.96392250061035,656.0299224853516,0.75,295.17113800048827,656.0299224853516,287.0659999847412,360.8587844848633,HIGH
10,PRODUCE,3456.646451293945,4353.13378137207,5503.412185668945,0.75,3482.5070250976564,5503.412185668945,1150.2784042968751,2020.905160571289,MEDIUM
10,SCHOOL AND OFFICE SUPPLIES,360.0933418273926,528.2018203735352,773.4250416145325,0.75,422.56145629882815,773.4250416145325,245.2232212409973,350.8635853157043,HIGH
10,SEAFOOD,4.497601509094238,10.798835754394531,79.31454038619995,0.75,8.639068603515625,79.31454038619995,68.51570463180542,70.67547178268433,HIGH
11,AUTOMOTIVE,34.242879152297974,131.4670603275299,265.364378452301,0.75,105.17364826202393,265.364378452301,133.89731812477112,160.1907301902771,HIGH
11,BABY CARE,5.832899165153504,45.01109743118286,141.20491595268248,0.75,36.00887794494629,141.20491595268248,96.19381852149962,105.19603800773619,HIGH
11,BEAUTY,34.73512101173401,150.69364094734192,320.6822338104248,0.75,120.55491275787354,320.6822338104248,169.98859286308289,200.12732105255128,HIGH
11,BEVERAGES,71216.42085273437,77896.15600585938,90031.80053710938,0.75,62316.9248046875,90031.80053710938,12135.64453125,27714.875732421875,LOW
11,BOOKS,6.185407811403275,34.59303267300129,122.01064212620258,0.75,27.67442613840103,122.01064212620258,87.4176094532013,94.33621598780155,HIGH
11,BREAD/BAKERY,9579.507385253906,11539.767150878906,14002.204893066406,0.75,9231.813720703125,14002.204893066406,2462.4377421874997,4770.391172363281,MEDIUM
11,CELEBRATION,161.92004871368408,372.0910596847534,659.1570596694946,0.75,297.67284774780273,659.1570596694946,287.0659999847412,361.4842119216919,HIGH
11,CLEANING,25782.814285351564,32462.549438476562,44598.19396972656,0.75,25970.03955078125,44598.19396972656,12135.64453125,18628.154418945312,MEDIUM
11,DAIRY,9378.429992675781,11338.689758300781,13801.127500488281,0.75,9070.951806640625,13801.127500488281,2462.4377421874997,4730.175693847656,MEDIUM
11,DELI,6692.701751708984,8652.961517333984,11115.399259521484,0.75,6922.369213867188,11115.399259521484,2462.4377421874997,4193.030045654296,MEDIUM
11,EGGS,2732.8872752075195,3498.053190673828,4450.519150817871,0.75,2798.4425525390625,4450.519150817871,952.4659601440435,1652.076598278809,MEDIUM
11,FROZEN FOODS,1044.8969039916992,1531.7641906738281,2128.244426574707,0.75,1225.4113525390626,2128.244426574707,596.480235900879,902.8330740356446,MEDIUM
11,GROCERY I,117295.16865546875,123974.90380859375,136110.54833984375,0.75,99179.923046875,136110.54833984375,12135.64453125,36930.62529296875,LOW
11,GROCERY II,250.45332717895508,494.2915735244751,831.3534679412842,0.75,395.4332588195801,831.3534679412842,337.0618944168091,435.9202091217041,HIGH
11,HARDWARE,7.149593698978425,42.86376392841339,136.9284967660904,0.75,34.29101114273072,136.9284967660904,94.06473283767701,102.63748562335968,HIGH
11,HOME AND KITCHEN I,202.1417236328125,445.9799699783325,783.0418643951416,0.75,356.78397598266605,783.0418643951416,337.0618944168091,426.25788841247555,HIGH
11,HOME AND KITCHEN II,99.04644107818604,286.23008823394775,545.1238946914673,0.75,228.98407058715821,545.1238946914673,258.89380645751953,316.13982410430907,HIGH
11,HOME APPLIANCES,6.345830553770066,40.97191569209099,132.90756284594536,0.75,32.77753255367279,132.90756284594536,91.93564715385438,100.13003029227258,HIGH
11,HOME CARE,6238.203820068359,8131.97780847168,10512.405592041016,0.75,6505.582246777344,10512.405592041016,2380.4277835693356,4006.8233452636714,MEDIUM
11,LADIESWEAR,93.94026374816895,241.31789779663086,442.9948539733887,0.75,193.0543182373047,442.9948539733887,201.6769561767578,249.94053573608397,HIGH
11,LAWN AND GARDEN,8.18110573887825,62.033861130476,167.5236213862896,0.75,49.6270889043808,167.5236213862896,105.4897602558136,117.89653248190879,HIGH
11,LINGERIE,35.16624426841736,135.98599219322205,272.2722623348236,0.75,108.78879375457764,272.2722623348236,136.28627014160156,163.48346858024598,HIGH
11,"LIQUOR,WINE,BEER",460.8069553375244,776.7555799484253,1210.7534786071778,0.75,621.4044639587403,1210.7534786071778,433.99789865875255,589.3490146484376,HIGH
11,MAGAZINES,8.844659566879272,68.33481407165527,178.34261202812195,0.75,54.66785125732422,178.34261202812195,110.00779795646667,123.67476077079772,HIGH
11,MEATS,8517.120056152344,10477.379821777344,12939.817563964843,0.75,8381.903857421876,12939.817563964843,2462.4377421874997,4557.913706542968,MEDIUM
11,PERSONAL CARE,5393.5988459472655,6755.486616577148,8479.834731201172,0.75,5404.389293261719,8479.834731201172,1724.3481146240238,3075.445437939453,MEDIUM
11,PET SUPPLIES,8.942423820495605,68.89089560508728,178.89869356155396,0.75,55.11271648406983,178.89869356155396,110.00779795646667,123.78597707748412,HIGH
11,PLAYERS AND ELECTRONICS,62.211440086364746,199.15168952941895,392.6548099517822,0.75,159.32135162353518,392.6548099517822,193.50312042236328,233.33345832824705,HIGH
11,POULTRY,5044.022802978516,6472.3963508300785,8278.754424072265,0.75,5177.917080664063,8278.754424072265,1806.358073242187,3100.8373434082023,MEDIUM
11,PREPARED FOODS,1017.6310043334961,1613.9551010131836,2312.090775817871,0.75,1291.164080810547,2312.090775817871,698.1356748046874,1020.926695007324,HIGH
11,PRODUCE,19798.789980957034,26183.55792236328,37714.62702929688,0.75,20946.846337890627,37714.62702929688,11531.069106933595,16767.78069140625,MEDIUM
11,SCHOOL AND OFFICE SUPPLIES,293.43115997314453,530.5359592437744,857.5986747741699,0.75,424.4287673950196,857.5986747741699,327.0627155303955,433.16990737915035,HIGH
11,SEAFOOD,61.237963914871216,172.84489750862122,328.8747708797455,0.75,138.27591800689697,328.8747708797455,156.02987337112427,190.5988528728485,HIGH
12,AUTOMOTIVE,10.522811722755431,53.648650765419006,152.23142130374907,0.75,42.91892061233521,152.23142130374907,98.58277053833007,109.31250069141387,HIGH
12,BABY CARE,1.7587494492530824,7.553471099585295,75.80930939838291,0.75,6.042776879668236,75.80930939838291,68.25583829879761,69.76653251871467,HIGH
12,BEAUTY,33.4749027043581,78.61822812631726,176.11137831285595,0.75,62.89458250105381,176.11137831285595,97.49315018653868,113.21679581180214,HIGH
12,BEVERAGES,22269.284988476564,28949.020141601562,41084.66467285156,0.75,23159.21611328125,41084.66467285156,12135.64453125,17925.44855957031,MEDIUM
12,BOOKS,1.7587494492530824,7.553471099585295,75.80930939838291,0.75,6.042776879668236,75.80930939838291,68.25583829879761,69.76653251871467,HIGH
12,BREAD/BAKERY,2329.9514376220704,3076.3571510009765,4000.5641905517577,0.75,2461.0857208007815,4000.5641905517577,924.2070395507812,1539.4784697509763,MEDIUM
12,CELEBRATION,29.97135305404663,122.40160703659058,257.3059048652649,0.75,97.92128562927246,257.3059048652649,134.90429782867432,159.38461923599243,HIGH
12,CLEANING,10756.750854492188,12717.010620117188,15179.448362304687,0.75,10173.608496093751,15179.448362304687,2462.4377421874997,5005.839866210936,LOW
12,DAIRY,5809.842783447266,7570.6452174072265,9787.053083740235,0.75,6056.516173925782,9787.053083740235,2216.4078663330083,3730.536909814453,MEDIUM
12,DELI,3149.9619114990232,4046.4492415771483,5196.727645874023,0.75,3237.159393261719,5196.727645874023,1150.2784042968751,1959.5682526123046,MEDIUM
12,EGGS,692.9244575500488,1052.0921325683594,1529.9743564147948,0.75,841.6737060546875,1529.9743564147948,477.8822238464354,688.3006503601073,HIGH
12,FROZEN FOODS,287.0439033508301,557.8159379959106,934.874547958374,0.75,446.2527503967285,934.874547958374,377.0586099624634,488.6217975616455,HIGH
12,GROCERY I,41501.3087921875,48181.0439453125,60316.6884765625,0.75,38544.83515625,60316.6884765625,12135.64453125,21771.853320312497,MEDIUM
12,GROCERY II,74.60898208618164,189.8114824295044,348.2303078174591,0.75,151.84918594360352,348.2303078174591,158.4188253879547,196.3811218738556,HIGH
12,HARDWARE,1.983625501394272,15.615997463464737,90.25909281373023,0.75,12.49279797077179,90.25909281373023,74.6430953502655,77.76629484295844,HIGH
12,HOME AND KITCHEN I,74.32466411590576,244.26925945281982,486.8153944015503,0.75,195.41540756225587,486.8153944015503,242.54613494873047,291.39998683929446,HIGH
12,HOME AND KITCHEN II,77.12080669403076,211.214186668396,396.54347133636475,0.75,168.97134933471682,396.54347133636475,185.32928466796875,227.57212200164793,HIGH
12,HOME APPLIANCES,1.5547353923320772,7.203959256410599,75.45979755520821,0.75,5.763167405128479,75.45979755520821,68.25583829879761,69.69663015007973,HIGH
12,HOME CARE,2329.5214907226564,3075.9272041015624,4000.1342436523437,0.75,2460.7417632812503,4000.1342436523437,924.2070395507812,1539.3924803710934,MEDIUM
12,LADIESWEAR,17.450215578079224,96.50729489326477,218.45985293388367,0.75,77.20583591461182,218.45985293388367,121.9525580406189,141.25401701927183,HIGH
12,LAWN AND GARDEN,1.1464866638183595,6.575368642807007,74.83120694160462,0.75,5.2602949142456055,74.83120694160462,68.25583829879761,69.57091202735901,HIGH
12,LINGERIE,80.19598603248596,249.56572937965393,487.3339602947235,0.75,199.65258350372315,487.3339602947235,237.76823091506958,287.6813767910004,HIGH
12,"LIQUOR,WINE,BEER",405.5168914794922,689.755820274353,1086.8127880096436,0.75,551.8046562194825,1086.8127880096436,397.0569677352905,535.0081317901611,HIGH
12,MAGAZINES,5.195187401771546,14.854583084583282,85.23950706720352,0.75,11.883666467666627,85.23950706720352,70.38492398262024,73.35584059953689,HIGH
12,MEATS,1900.1589981689453,2534.0034990234376,3288.657015014648,0.75,2027.2027992187502,3288.657015014648,754.6535159912105,1261.4542157958979,MEDIUM
12,PERSONAL CARE,2246.68396472168,2955.569273925781,3823.258472290039,0.75,2364.455419140625,3823.258472290039,867.6891983642581,1458.8030531494142,MEDIUM
12,PET SUPPLIES,3.7941415131092078,17.50479170680046,92.14788705706596,0.75,14.00383336544037,92.14788705706596,74.6430953502655,78.14405369162559,HIGH
12,PLAYERS AND ELECTRONICS,13.134075558185577,63.84099543094635,166.9418036699295,0.75,51.07279634475708,166.9418036699295,103.10080823898315,115.86900732517242,HIGH
12,POULTRY,2049.4725960083006,2664.5568947753904,3390.9514901733396,0.75,2131.6455158203125,3390.9514901733396,726.3945953979492,1259.305974353027,MEDIUM
12,PREPARED FOODS,200.83292770385742,424.47083282470703,731.5351905822754,0.75,339.57666625976566,731.5351905822754,307.06435775756836,391.95852432250973,HIGH
12,PRODUCE,5027.797532226563,6256.713748413086,7817.041945800781,0.75,5005.370998730469,7817.041945800781,1560.3281973876947,2811.6709470703117,MEDIUM
12,SCHOOL AND OFFICE SUPPLIES,245.32739448547363,409.8410367965698,668.0589959144593,0.75,327.87282943725586,668.0589959144593,258.21795911788945,340.1861664772034,HIGH
12,SEAFOOD,6.8889031410217285,19.491371631622314,92.52511396408082,0.75,15.593097305297853,92.52511396408082,73.0337423324585,76.93201665878297,HIGH
13,AUTOMOTIVE,11.857460397481917,47.65588577464223,140.11126559451222,0.75,38.124708619713786,140.11126559451222,92.45537981986999,101.98655697479843,HIGH
13,BABY CARE,1.2882019370794298,6.633712515234947,74.88955081403256,0.75,5.306970012187958,74.88955081403256,68.25583829879761,69.5825808018446,HIGH
13,BEAUTY,15.933473783731461,49.585448272526264,141.78096175938845,0.75,39.66835861802102,141.78096175938845,92.19551348686218,102.11260314136743,HIGH
13,BEVERAGES,19675.76533515625,26355.50048828125,38491.14501953125,0.75,21084.400390625,38491.14501953125,12135.64453125,17406.74462890625,MEDIUM
13,BOOKS,1.2882019370794298,6.633712515234947,74.88955081403256,0.75,5.306970012187958,74.88955081403256,68.25583829879761,69.5825808018446,HIGH
13,BREAD/BAKERY,1693.2783203125,2289.6024169921875,2987.738091796875,0.75,1831.68193359375,2987.738091796875,698.1356748046874,1156.0561582031248,MEDIUM
13,CELEBRATION,13.716691732406616,76.07156300544739,188.4683129787445,0.75,60.85725040435791,188.4683129787445,112.39674997329712,127.6110625743866,HIGH
13,CLEANING,9695.662231445312,11655.921997070312,14118.359739257812,0.75,9324.73759765625,14118.359739257812,2462.4377421874997,4793.622141601561,MEDIUM
13,DAIRY,3870.1949963378906,4833.168103637695,6065.456466552734,0.75,3866.534482910156,6065.456466552734,1232.2883629150392,2198.921983642578,MEDIUM
13,DELI,2114.7403283081053,2767.34503125,3550.2574678344727,0.75,2213.876025,3550.2574678344727,782.9124365844727,1336.3814428344726,MEDIUM
13,EGGS,531.5267639160156,835.9660339355469,1263.0205383300781,0.75,668.7728271484375,1263.0205383300781,427.05450439453125,594.2477111816406,HIGH
13,FROZEN FOODS,239.74593925476074,476.8507385253906,803.9134540557861,0.75,381.4805908203125,803.9134540557861,327.0627155303955,422.43286323547363,HIGH
13,GROCERY I,39238.8068390625,45918.5419921875,58054.1865234375,0.75,36734.83359375,58054.1865234375,12135.64453125,21319.3529296875,MEDIUM
13,GROCERY II,85.57555389404297,213.924822807312,391.08027172088623,0.75,171.1398582458496,391.08027172088623,177.15544891357422,219.94041347503662,HIGH
13,HARDWARE,0.892303216457367,6.660019069910049,74.91585736870766,0.75,5.32801525592804,74.91585736870766,68.25583829879761,69.58784211277963,HIGH
13,HOME AND KITCHEN I,73.1667890548706,234.6549415588379,454.5049123764038,0.75,187.7239532470703,454.5049123764038,219.84997081756592,266.7809591293335,HIGH
13,HOME AND KITCHEN II,29.88959789276123,199.2975616455078,433.66986083984375,0.75,159.43804931640625,433.66986083984375,234.37229919433594,274.2318115234375,HIGH
13,HOME APPLIANCES,0.608554494380951,7.322935596108437,77.70785957872867,0.75,5.85834847688675,77.70785957872867,70.38492398262024,71.84951110184193,HIGH
13,HOME CARE,1975.185189086914,2590.2694878540037,3316.664083251953,0.75,2072.2155902832033,3316.664083251953,726.3945953979492,1244.4484929687496,MEDIUM
13,LADIESWEAR,2.1410939633846287,14.036592692136765,88.67968804240226,0.75,11.229274153709412,88.67968804240226,74.6430953502655,77.45041388869285,HIGH
13,LAWN AND GARDEN,0.7710854887962342,5.785942822694778,74.04178112149239,0.75,4.628754258155823,74.04178112149239,68.25583829879761,69.41302686333657,HIGH
13,LINGERIE,2.1619733512401584,19.271320797502995,98.17258751541377,0.75,15.417056638002396,98.17258751541377,78.90126671791077,82.75553087741137,HIGH
13,"LIQUOR,WINE,BEER",310.4792060852051,574.5177936553955,941.5772247314453,0.75,459.6142349243164,941.5772247314453,367.0594310760498,481.9629898071289,HIGH
13,MAGAZINES,1.9740030229091647,13.779785030521452,88.42288038078695,0.75,11.023828024417163,88.42288038078695,74.6430953502655,77.3990523563698,HIGH
13,MEATS,2051.9856956787107,2667.0699944458006,3393.4645898437498,0.75,2133.6559955566404,3393.4645898437498,726.3945953979492,1259.8085942871094,MEDIUM
13,PERSONAL CARE,2308.204791381836,2979.569696411133,3790.741053588867,0.75,2383.6557571289063,3790.741053588867,811.1713571777341,1407.0852964599608,MEDIUM
13,PET SUPPLIES,2.8984827339649204,11.958121560979635,82.34304554359987,0.75,9.566497248783708,82.34304554359987,70.38492398262024,72.77654829481617,HIGH
13,PLAYERS AND ELECTRONICS,20.185073471069337,93.35052853822708,210.7850488781929,0.75,74.68042283058166,210.7850488781929,117.43452033996581,136.10462604761125,HIGH
13,POULTRY,1131.1211166381836,1654.474006652832,2284.8393888549804,0.75,1323.5792053222658,2284.8393888549804,630.3653822021483,961.2601835327146,MEDIUM
13,PREPARED FOODS,120.36335754394531,311.0747013092041,569.9685077667236,0.75,248.8597610473633,569.9685077667236,258.89380645751953,321.10874671936034,HIGH
13,PRODUCE,2608.602042663574,3373.7679581298826,4326.233918273926,0.75,2699.0143665039063,4326.233918273926,952.4659601440435,1627.2195517700197,MEDIUM
13,SCHOOL AND OFFICE SUPPLIES,643.2798309326172,904.1716232299805,1245.6046686058044,0.75,723.3372985839844,1245.6046686058044,341.4330453758239,522.2673700218199,MEDIUM
13,SEAFOOD,3.937842607498169,16.540311098098755,89.57405343055726,0.75,13.232248878479005,89.57405343055726,73.0337423324585,76.34180455207826,HIGH
14,AUTOMOTIVE,15.015254652500152,64.28481365740299,165.51640254557134,0.75,51.4278509259224,165.51640254557134,101.23158888816835,114.08855161964894,HIGH
14,BABY CARE,2.479953515529633,17.55008140206337,94.3222624361515,0.75,14.040065121650697,94.3222624361515,76.77218103408813,80.2821973145008,HIGH
14,BEAUTY,20.671125888824463,85.55041827261448,203.9919183164835,0.75,68.44033461809158,203.9919183164835,118.44150004386901,135.5515836983919,HIGH
14,BEVERAGES,18470.926712109376,25150.661865234375,37286.306396484375,0.75,20120.529492187503,37286.306396484375,12135.64453125,17165.776904296872,MEDIUM
14,BOOKS,2.479953515529633,17.55008140206337,94.3222624361515,0.75,14.040065121650697,94.3222624361515,76.77218103408813,80.2821973145008,HIGH
14,BREAD/BAKERY,2144.8524330444334,2759.9367318115233,3486.3313272094724,0.75,2207.949385449219,3486.3313272094724,726.3945953979492,1278.3819417602535,MEDIUM
14,CELEBRATION,54.340872287750244,155.16062021255493,291.4468903541565,0.75,124.12849617004395,291.4468903541565,136.28627014160156,167.31839418411255,HIGH
14,CLEANING,14326.927308105469,17762.02313232422,23247.33799609375,0.75,14209.618505859376,23247.33799609375,5485.31486376953,9037.719490234373,MEDIUM
14,DAIRY,5268.795674316407,6830.140776611328,8800.518767089843,0.75,5464.112621289063,8800.518767089843,1970.3779904785151,3336.40614580078,MEDIUM
14,DELI,3634.6957982177732,4531.183128295898,5681.461532592773,0.75,3624.946502636719,5681.461532592773,1150.2784042968751,2056.5150299560546,MEDIUM
14,EGGS,334.8736171722412,632.5794401168823,1049.634765625,0.75,506.0635520935059,1049.634765625,417.0553255081177,543.5712135314941,HIGH
14,FROZEN FOODS,397.9667282104492,695.6725511550903,1112.727876663208,0.75,556.5380409240723,1112.727876663208,417.0553255081177,556.1898357391357,HIGH
14,GROCERY I,41494.1808625,48173.916015625,60309.560546875,0.75,38539.1328125,60309.560546875,12135.64453125,21770.427734375,MEDIUM
14,GROCERY II,81.07440710067749,225.7593493461609,427.4363055229187,0.75,180.60747947692872,427.4363055229187,201.6769561767578,246.82882604598998,HIGH
14,HARDWARE,3.100565004348755,20.317742832005024,99.2190095499158,0.75,16.25419426560402,99.2190095499158,78.90126671791077,82.96481528431178,HIGH
14,HOME AND KITCHEN I,88.26737833023071,266.0596327781677,518.6049466133118,0.75,212.84770622253419,518.6049466133118,252.54531383514404,305.7572403907776,HIGH
14,HOME AND KITCHEN II,62.15966987609863,225.63696479797363,460.00926399230957,0.75,180.50957183837892,460.00926399230957,234.37229919433594,279.49969215393065,HIGH
14,HOME APPLIANCES,2.844853270053864,17.723394885659218,94.49557591974735,0.75,14.178715908527375,94.49557591974735,76.77218103408813,80.31686001121997,HIGH
14,HOME CARE,2836.219291992187,3620.1454095458985,4600.870290283203,0.75,2896.116327636719,4600.870290283203,980.7248807373044,1704.753962646484,MEDIUM
14,LADIESWEAR,2.917305934429169,25.90736910700798,109.06680719256401,0.75,20.725895285606384,109.06680719256401,83.15943808555603,88.34091190695763,HIGH
14,LAWN AND GARDEN,2.724004411697388,15.390407219529152,90.03350256979465,0.75,12.312325775623322,90.03350256979465,74.6430953502655,77.72117679417133,HIGH
14,LINGERIE,8.728789561986924,40.189792111516,127.8672678977251,0.75,32.1518336892128,127.8672678977251,87.6774757862091,95.7154342085123,HIGH
14,"LIQUOR,WINE,BEER",157.03953742980957,380.0655097961426,687.1298675537109,0.75,304.0524078369141,687.1298675537109,307.06435775756836,383.07745971679685,HIGH
14,MAGAZINES,3.0798570930957796,29.176582273095846,116.59419172629714,0.75,23.34126581847668,116.59419172629714,87.4176094532013,93.25292590782047,HIGH
14,MEATS,3471.8753154907226,4482.573997924805,5768.613398864746,0.75,3586.059198339844,5768.613398864746,1286.0394009399415,2182.554200524902,MEDIUM
14,PERSONAL CARE,3450.9809544677732,4347.468284545898,5497.746688842773,0.75,3477.9746276367187,5497.746688842773,1150.2784042968751,2019.7720612060548,MEDIUM
14,PET SUPPLIES,3.286126410961151,33.38290710747242,123.18946857750416,0.75,26.706325685977937,123.18946857750416,89.80656147003174,96.48314289152623,HIGH
14,PLAYERS AND ELECTRONICS,12.250704300403594,65.81400603055954,171.56363261938094,0.75,52.65120482444763,171.56363261938094,105.7496265888214,118.91242779493331,HIGH
14,POULTRY,1035.876205444336,1486.2578887939453,2048.8529783935546,0.75,1189.0063110351564,2048.8529783935546,562.5950895996093,859.8466673583982,MEDIUM
14,PREPARED FOODS,845.4599113464355,1350.5699996948242,1963.9928087463377,0.75,1080.4559997558595,1963.9928087463377,613.4228090515135,883.5368089904782,HIGH
14,PRODUCE,5648.137294921875,7275.968174438476,9328.356123535155,0.75,5820.774539550781,9328.356123535155,2052.387949096679,3507.5815839843744,MEDIUM
14,SCHOOL AND OFFICE SUPPLIES,28.289376258850098,113.1371431350708,267.8032673835754,0.75,90.50971450805665,267.8032673835754,154.66612424850462,177.29355287551877,HIGH
14,SEAFOOD,0.1930549800395966,23.087955504655838,112.4693693459034,0.75,18.47036440372467,112.4693693459034,89.38141384124756,93.99900494217873,HIGH
15,AUTOMOTIVE,9.1375923037529,50.10082828998566,146.55451314449311,0.75,40.08066263198853,146.55451314449311,96.45368485450746,106.47385051250458,HIGH
15,BABY CARE,7.298275494575501,39.293039724230766,127.23038184344769,0.75,31.434431779384614,127.23038184344769,87.93734211921692,95.79595006406308,HIGH
15,BEAUTY,19.563267427682877,83.09674939513206,199.66903008818628,0.75,66.47739951610565,199.66903008818628,116.57228069305421,133.1916305720806,HIGH
15,BEVERAGES,22562.654739453126,29242.389892578125,41378.034423828125,0.75,23393.9119140625,41378.034423828125,12135.64453125,17984.122509765624,MEDIUM
15,BOOKS,2.0108565598726273,14.696487382054329,89.33958273231983,0.75,11.757189905643465,89.33958273231983,74.6430953502655,77.58239282667637,HIGH
15,BREAD/BAKERY,2094.119615234375,2727.9641160888673,3482.617632080078,0.75,2182.371292871094,3482.617632080078,754.6535159912105,1300.246339208984,MEDIUM
15,CELEBRATION,4.6026546359062195,33.035006403923035,120.71248219013214,0.75,26.42800512313843,120.71248219013214,87.6774757862091,94.2844770669937,HIGH
15,CLEANING,12208.960815429688,14169.220581054688,16631.658323242187,0.75,11335.37646484375,16631.658323242187,2462.4377421874997,5296.281858398437,LOW
15,DAIRY,4968.130302734375,6263.532296142578,7905.870452148438,0.75,5010.825836914063,7905.870452148438,1642.3381560058597,2895.0446152343748,MEDIUM
15,DELI,3807.6242344970706,4704.111564575195,5854.38996887207,0.75,3763.2892516601564,5854.38996887207,1150.2784042968751,2091.100717211914,MEDIUM
15,EGGS,967.2845230102539,1454.1518096923828,2050.632045593262,0.75,1163.3214477539063,2050.632045593262,596.480235900879,887.3105978393555,MEDIUM
15,FROZEN FOODS,564.8159599304199,905.7408332824707,1366.6804839782715,0.75,724.5926666259766,1366.6804839782715,460.93965069580076,642.0878173522949,HIGH
15,GROCERY I,39303.80537421875,45983.54052734375,58119.18505859375,0.75,36786.832421875,58119.18505859375,12135.64453125,21332.35263671875,MEDIUM
15,GROCERY II,47.35838484764099,148.98292469978333,294.4500102996826,0.75,119.18633975982667,294.4500102996826,145.4670855998993,175.26367053985595,HIGH
15,HARDWARE,3.8552153706550603,20.177065014839172,96.94924604892731,0.75,16.14165201187134,96.94924604892731,76.77218103408813,80.80759403705596,HIGH
15,HOME AND KITCHEN I,101.10702991485596,302.06079292297363,589.1267929077148,0.75,241.6486343383789,589.1267929077148,287.0659999847412,347.47815856933596,HIGH
15,HOME AND KITCHEN II,51.37572193145752,213.4604434967041,447.83274269104004,0.75,170.7683547973633,447.83274269104004,234.37229919433594,277.0643878936768,HIGH
15,HOME APPLIANCES,1.234519022703171,14.896823137998581,91.66900417208672,0.75,11.917458510398866,91.66900417208672,76.77218103408813,79.75154566168786,HIGH
15,HOME CARE,2831.451092224121,3709.178220214844,4831.197703918457,0.75,2967.3425761718754,4831.197703918457,1122.0194837036129,1863.8551277465813,MEDIUM
15,LADIESWEAR,28.810158014297485,117.64484524726868,250.16019105911255,0.75,94.11587619781494,250.16019105911255,132.51534581184387,156.0443148612976,HIGH
15,LAWN AND GARDEN,1.2280879199504855,13.264575496315956,87.90767084658145,0.75,10.611660397052766,87.90767084658145,74.6430953502655,77.2960104495287,HIGH
15,LINGERIE,10.357917523384094,50.76803029328585,146.96184881478547,0.75,40.61442423462868,146.96184881478547,96.19381852149962,106.3474245801568,HIGH
15,"LIQUOR,WINE,BEER",233.79207038879395,450.6965284347534,747.7617073059082,0.75,360.55722274780277,747.7617073059082,297.0651788711548,387.20448455810543,HIGH
15,MAGAZINES,4.719755411148071,24.905828297138214,105.93618069887161,0.75,19.924662637710572,105.93618069887161,81.0303524017334,86.01151806116104,HIGH
15,MEATS,1610.061424255371,2206.3855209350586,2904.521195739746,0.75,1765.108416748047,2904.521195739746,698.1356748046874,1139.412778991699,MEDIUM
15,PERSONAL CARE,2394.7769678344725,3122.4224791259767,4018.370598083496,0.75,2497.9379833007815,4018.370598083496,895.9481189575195,1520.4326147827146,MEDIUM
15,PET SUPPLIES,4.128281146287918,22.522398322820663,101.42366504073144,0.75,18.01791865825653,101.42366504073144,78.90126671791077,83.4057463824749,HIGH
15,PLAYERS AND ELECTRONICS,5.258613586425781,67.51513028144836,179.91188025474548,0.75,54.012104225158694,179.91188025474548,112.39674997329712,125.89977602958679,HIGH
15,POULTRY,1201.918098449707,1798.2421951293945,2496.377869934082,0.75,1438.5937561035157,2496.377869934082,698.1356748046874,1057.7841138305662,MEDIUM
15,PREPARED FOODS,268.07765769958496,559.0500335693359,966.10618019104,0.75,447.2400268554688,966.10618019104,407.0561466217041,518.8661533355712,HIGH
15,PRODUCE,9375.042798046876,11630.269775390625,14697.282941894531,0.75,9304.2158203125,14697.282941894531,3067.013166503906,5393.067121582031,MEDIUM
15,SCHOOL AND OFFICE SUPPLIES,686.0866546630859,946.9784469604492,1288.411492336273,0.75,757.5827575683594,1288.411492336273,341.4330453758239,530.8287347679137,MEDIUM
15,SEAFOOD,11.589613473415374,30.754513133317232,108.3062931664288,0.75,24.603610506653787,108.3062931664288,77.55178003311157,83.70268265977501,HIGH
16,AUTOMOTIVE,4.070120316743851,50.633849296718836,149.73635250106454,0.75,40.50707943737507,149.73635250106454,99.10250320434571,109.22927306368948,HIGH
16,BABY CARE,1.8402524530887607,10.321660899557173,80.70658488217741,0.75,8.25732871964574,80.70658488217741,70.38492398262024,72.44925616253167,HIGH
16,BEAUTY,10.858809447288515,31.120461359620094,110.28159441053867,0.75,24.896369087696076,110.28159441053867,79.16113305091858,85.3852253228426,HIGH
16,BEVERAGES,16846.9355984375,22936.736328125,33863.23001074219,0.75,18349.389062500002,33863.23001074219,10926.49368261719,15513.840948242188,MEDIUM
16,BOOKS,1.8402524530887607,10.307565376162529,80.69248935878277,0.75,8.246052300930023,80.69248935878277,70.38492398262024,72.44643705785275,HIGH
16,BREAD/BAKERY,1906.7217270507813,2540.5662279052735,3295.219743896484,0.75,2032.452982324219,3295.219743896484,754.6535159912105,1262.766761572265,MEDIUM
16,CELEBRATION,16.70996859371662,77.56482047587633,185.963265414536,0.75,62.05185638070107,185.963265414536,108.39844493865968,123.91140903383494,HIGH
16,CLEANING,12704.416882519532,14959.643859863281,18026.657026367186,0.75,11967.715087890625,18026.657026367186,3067.0131665039044,6058.941938476561,MEDIUM
16,DAIRY,3497.3303807373045,4393.81771081543,5544.096115112305,0.75,3515.054168652344,5544.096115112305,1150.2784042968751,2029.0419464599609,MEDIUM
16,DELI,2168.3884919433594,2839.7533969726564,3650.9247541503905,0.75,2271.8027175781253,3650.9247541503905,811.1713571777341,1379.1220365722652,MEDIUM
16,EGGS,1839.4572709350587,2510.8221759643557,3321.9935331420897,0.75,2008.6577407714847,3321.9935331420897,811.1713571777341,1313.335792370605,MEDIUM
16,FROZEN FOODS,307.6618194580078,596.6766557693481,990.6778388824463,0.75,477.3413246154785,990.6778388824463,394.00118311309814,513.3365142669677,HIGH
16,GROCERY I,29304.76631171875,35984.50146484375,48120.14599609375,0.75,28787.601171875,48120.14599609375,12135.64453125,19332.54482421875,MEDIUM
16,GROCERY II,30.217395758628847,120.20206850767136,258.76216439008715,0.75,96.1616548061371,258.76216439008715,138.5600958824158,162.60050958395004,HIGH
16,HARDWARE,2.544463509321213,15.191494166851044,89.83458951711654,0.75,12.153195333480836,89.83458951711654,74.6430953502655,77.6813941836357,HIGH
16,HOME AND KITCHEN I,55.70648908615112,180.4973292350769,349.4789423942566,0.75,144.39786338806152,349.4789423942566,168.9816131591797,205.08107900619507,HIGH
16,HOME AND KITCHEN II,73.69891738891602,180.51143836975098,324.97154426574707,0.75,144.40915069580078,324.97154426574707,144.4601058959961,180.5623935699463,HIGH
16,HOME APPLIANCES,1.1354623556137087,10.611135356128216,83.12514502257109,0.75,8.488908284902573,83.12514502257109,72.51400966644287,74.63623673766851,HIGH
16,HOME CARE,2302.634998474121,2992.7601055908203,3832.190383361816,0.75,2394.2080844726565,3832.190383361816,839.4302777709959,1437.9822988891597,MEDIUM
16,LADIESWEAR,1.4030540168285373,9.214663527905941,79.59958751052618,0.75,7.3717308223247535,79.59958751052618,70.38492398262024,72.22785668820143,HIGH
16,LAWN AND GARDEN,1.4030540168285373,9.214663527905941,79.59958751052618,0.75,7.3717308223247535,79.59958751052618,70.38492398262024,72.22785668820143,HIGH
16,LINGERIE,4.136358994245529,21.969798669219017,100.87106538712978,0.75,17.575838935375213,100.87106538712978,78.90126671791076,83.29522645175456,HIGH
16,"LIQUOR,WINE,BEER",642.3175773620605,1001.4852523803711,1479.3674762268065,0.75,801.1882019042969,1479.3674762268065,477.8822238464354,678.1792743225096,HIGH
16,MAGAZINES,3.4604404807090763,16.712909817695618,91.35600516796111,0.75,13.370327854156494,91.35600516796111,74.6430953502655,77.98567731380462,HIGH
16,MEATS,415.850528717041,720.2897987365723,1147.3443031311035,0.75,576.2318389892579,1147.3443031311035,427.05450439453125,571.1124641418456,HIGH
16,PERSONAL CARE,1734.756791748047,2368.601292602539,3123.2548085937497,0.75,1894.8810340820314,3123.2548085937497,754.6535159912105,1228.3737745117182,MEDIUM
16,PET SUPPLIES,2.059615629911423,23.283669024705887,106.44310711026192,0.75,18.62693521976471,106.44310711026192,83.15943808555603,87.8161718904972,HIGH
16,PLAYERS AND ELECTRONICS,7.685989508032799,44.92233882844448,137.11785231530666,0.75,35.93787106275558,137.11785231530666,92.19551348686218,101.17998125255107,HIGH
16,POULTRY,694.6124496459961,1072.0229263305664,1566.8477233276367,0.75,857.6183410644531,1566.8477233276367,494.8247969970703,709.2293822631835,HIGH
16,PREPARED FOODS,181.68472290039062,405.32262802124023,712.3869857788086,0.75,324.2581024169922,712.3869857788086,307.06435775756836,388.1288833618164,HIGH
16,PRODUCE,7578.193359375,9538.453125,12000.8908671875,0.75,7630.762500000001,12000.8908671875,2462.4377421874997,4370.128367187499,MEDIUM
16,SCHOOL AND OFFICE SUPPLIES,0.0,0.0,63.997666931152345,0.75,0.0,63.997666931152345,63.997666931152345,63.997666931152345,HIGH
16,SEAFOOD,0.0,0.0,63.997666931152345,0.75,0.0,63.997666931152345,63.997666931152345,63.997666931152345,HIGH
17,AUTOMOTIVE,48.373167991638184,138.4062156677246,267.52562975883484,0.75,110.7249725341797,267.52562975883484,129.11941409111023,156.80065722465514,HIGH
17,BABY CARE,2.848201197385788,33.09574645757675,122.64244159460068,0.75,26.476597166061403,122.64244159460068,89.54669513702393,96.16584442853929,HIGH
17,BEAUTY,44.12761378288269,145.67793536186218,296.92990469932556,0.75,116.54234828948975,296.92990469932556,151.25196933746338,180.3875564098358,HIGH
17,BEVERAGES,48681.41548164062,55361.150634765625,67496.79516601562,0.75,44288.9205078125,67496.79516601562,12135.64453125,23207.874658203124,LOW
17,BOOKS,3.561989271640778,26.061142832040787,109.22058091759682,0.75,20.84891426563263,109.22058091759682,83.15943808555603,88.37166665196419,HIGH
17,BREAD/BAKERY,4788.962472900391,5951.392911865234,7429.7111506347655,0.75,4761.114329492188,7429.7111506347655,1478.3182387695315,2668.596821142578,MEDIUM
17,CELEBRATION,23.294551610946655,113.32759928703308,242.4470133781433,0.75,90.66207942962647,242.4470133781433,129.11941409111023,151.78493394851682,HIGH
17,CLEANING,15032.703968066406,18172.832580566406,23053.572020019532,0.75,14538.266064453126,23053.572020019532,4880.739439453126,8515.305955566406,MEDIUM
17,DAIRY,10850.943542480469,12811.203308105469,15273.641050292968,0.75,10248.962646484375,15273.641050292968,2462.4377421874997,5024.678403808593,LOW
17,DELI,7086.282708007812,8980.056696411133,11360.484479980469,0.75,7184.045357128907,11360.484479980469,2380.4277835693356,4176.4391228515615,MEDIUM
17,EGGS,2645.2520875854493,3354.1373967895506,4221.826595153809,0.75,2683.3099174316408,4221.826595153809,867.6891983642581,1538.516677722168,MEDIUM
17,FROZEN FOODS,1241.9659957885742,1838.2900924682617,2536.425767272949,0.75,1470.6320739746095,2536.425767272949,698.1356748046874,1065.7936932983396,MEDIUM
17,GROCERY I,68001.10346992187,74680.83862304688,86816.48315429688,0.75,59744.6708984375,86816.48315429688,12135.64453125,27071.812255859375,LOW
17,GROCERY II,79.68821430206299,230.46176719665527,442.13790225982666,0.75,184.36941375732422,442.13790225982666,211.6761350631714,257.76848850250246,HIGH
17,HARDWARE,2.6585689365863803,35.89359459653497,127.82924175038934,0.75,28.714875677227976,127.82924175038934,91.93564715385438,99.11436607316136,HIGH
17,HOME AND KITCHEN I,124.52495193481445,317.7491273880005,584.8167695999146,0.75,254.1993019104004,584.8167695999146,267.06764221191406,330.6174676895141,HIGH
17,HOME AND KITCHEN II,52.93773937225342,242.22971057891846,509.2973527908325,0.75,193.78376846313478,509.2973527908325,267.06764221191406,315.51358432769774,HIGH
17,HOME APPLIANCES,3.7096733629703524,31.14265765249729,118.56026710569859,0.75,24.914126121997835,118.56026710569859,87.4176094532013,93.64614098370075,HIGH
17,HOME CARE,4326.718181274414,5356.177065795899,6670.475387329101,0.75,4284.9416526367195,6670.475387329101,1314.2983215332024,2385.5337346923816,MEDIUM
17,LADIESWEAR,5.069199258089066,26.604712180793285,107.63506458252668,0.75,21.28376974463463,107.63506458252668,81.0303524017334,86.35129483789206,HIGH
17,LAWN AND GARDEN,3.5703808605670933,23.20434994995594,104.23470235168934,0.75,18.563479959964752,104.23470235168934,81.0303524017334,85.67122239172458,HIGH
17,LINGERIE,69.39730072021484,207.15891695022583,408.71563506126404,0.75,165.72713356018068,408.71563506126404,201.5567181110382,242.98850150108336,HIGH
17,"LIQUOR,WINE,BEER",392.0787353515625,701.2939128875732,1125.2926326599122,0.75,561.0351303100587,1125.2926326599122,423.998719772339,564.2575023498536,HIGH
17,MAGAZINES,6.186843156814575,63.80538487434387,173.81318283081055,0.75,51.0443078994751,173.81318283081055,110.00779795646667,122.76887493133545,HIGH
17,MEATS,3579.763638793945,4476.25096887207,5626.529373168945,0.75,3581.0007750976565,5626.529373168945,1150.2784042968751,2045.5285980712888,MEDIUM
17,PERSONAL CARE,3680.3426556396485,4643.315762939453,5875.604125854492,0.75,3714.6526103515625,5875.604125854492,1232.2883629150392,2160.9515155029294,MEDIUM
17,PET SUPPLIES,6.384381484985352,48.43281698226929,147.01558752059935,0.75,38.74625358581543,147.01558752059935,98.58277053833007,108.26933393478393,HIGH
17,PLAYERS AND ELECTRONICS,38.03822660446167,131.66684103012085,263.1752071380615,0.75,105.33347282409669,263.1752071380615,131.50836610794067,157.84173431396482,HIGH
17,POULTRY,4681.027482177735,5909.943698364258,7470.271895751953,0.75,4727.954958691406,7470.271895751953,1560.3281973876947,2742.3169370605465,MEDIUM
17,PREPARED FOODS,402.46491622924805,706.9041862487793,1133.9586906433105,0.75,565.5233489990235,1133.9586906433105,427.05450439453125,568.4353416442871,HIGH
17,PRODUCE,19744.450491015625,25834.251220703125,36760.744903320316,0.75,20667.4009765625,36760.744903320316,10926.49368261719,16093.343926757814,MEDIUM
17,SCHOOL AND OFFICE SUPPLIES,88.83446788787842,183.5395269393921,355.51131439208984,0.75,146.83162155151368,355.51131439208984,171.97178745269775,208.67969284057617,HIGH
17,SEAFOOD,59.76405477523804,225.4855351448059,459.85783433914185,0.75,180.38842811584473,459.85783433914185,234.37229919433594,279.46940622329714,HIGH
18,AUTOMOTIVE,9.643173778057099,53.07034510374069,149.78389629125596,0.75,42.45627608299256,149.78389629125596,96.71355118751526,107.3276202082634,HIGH
18,BABY CARE,2.365281277894974,18.288527503609657,95.06070853769779,0.75,14.630822002887726,95.06070853769779,76.77218103408813,80.42988653481007,HIGH
18,BEAUTY,38.38344597816467,154.06166410446167,327.4461886882782,0.75,123.24933128356935,327.4461886882782,173.38452458381653,204.19685740470885,HIGH
18,BEVERAGES,35466.7902375,42146.525390625,54282.169921875,0.75,33717.2203125,54282.169921875,12135.64453125,20564.949609375,MEDIUM
18,BOOKS,1.9226640641689303,16.182904973626137,92.95508600771427,0.75,12.94632397890091,92.95508600771427,76.77218103408813,80.00876202881336,HIGH
18,BREAD/BAKERY,8333.424621582031,10293.684387207031,12756.122129394531,0.75,8234.947509765625,12756.122129394531,2462.4377421874997,4521.174619628906,MEDIUM
18,CELEBRATION,25.52763867378235,101.17841935157776,220.7420253753662,0.75,80.94273548126222,220.7420253753662,119.56360602378845,139.799289894104,HIGH
18,CLEANING,8267.846221923828,10228.105987548828,12690.543729736328,0.75,8182.484790039063,12690.543729736328,2462.4377421874997,4508.058939697265,MEDIUM
18,DAIRY,9444.780395507812,11405.040161132812,13867.477903320312,0.75,9124.03212890625,13867.477903320312,2462.4377421874997,4743.445774414062,MEDIUM
18,DELI,3268.5979420166013,4127.564867919922,5221.325431030274,0.75,3302.051894335938,5221.325431030274,1093.7605631103515,1919.2735366943357,MEDIUM
18,EGGS,2563.650549560547,3310.056262939453,4234.263302490234,0.75,2648.0450103515627,4234.263302490234,924.2070395507812,1586.2182921386716,MEDIUM
18,FROZEN FOODS,700.832405090332,1060.0000801086426,1537.882303955078,0.75,848.0000640869141,1537.882303955078,477.8822238464354,689.8822398681639,HIGH
18,GROCERY I,42572.440628125,49252.17578125,61387.8203125,0.75,39401.740625000006,61387.8203125,12135.64453125,21986.079687499994,MEDIUM
18,GROCERY II,88.9647045135498,214.2605104446411,385.06746673583984,0.75,171.4084083557129,385.06746673583984,170.80695629119873,213.65905838012694,HIGH
18,HARDWARE,1.2548157930374146,20.361707892268896,101.39206029400229,0.75,16.28936631381512,101.39206029400229,81.0303524017334,85.10269398018717,HIGH
18,HOME AND KITCHEN I,260.8075008392334,504.6457471847534,841.7076416015625,0.75,403.7165977478028,841.7076416015625,337.0618944168091,437.9910438537597,HIGH
18,HOME AND KITCHEN II,91.57923221588135,256.75053215026855,482.94899559020996,0.75,205.40042572021486,482.94899559020996,226.1984634399414,277.5485698699951,HIGH
18,HOME APPLIANCES,3.7747681498527528,18.24750190973282,92.89059725999832,0.75,14.598001527786256,92.89059725999832,74.6430953502655,78.29259573221206,HIGH
18,HOME CARE,2771.587305847168,3611.794029663086,4677.295672180176,0.75,2889.435223730469,4677.295672180176,1065.5016425170897,1787.8604484497068,MEDIUM
18,LADIESWEAR,59.32667016983032,156.55085134506226,290.4481694698334,0.75,125.24068107604981,290.4481694698334,133.89731812477112,165.20748839378356,HIGH
18,LAWN AND GARDEN,18.70488933324814,93.12292349338531,216.34232757091522,0.75,74.49833879470826,216.34232757091522,123.2194040775299,141.84398877620697,HIGH
18,LINGERIE,65.83901381492615,214.08026123046875,424.9380328655243,0.75,171.26420898437502,424.9380328655243,210.85777163505554,253.67382388114927,HIGH
18,"LIQUOR,WINE,BEER",617.0266876220703,957.9515609741211,1418.8912116699219,0.75,766.361248779297,1418.8912116699219,460.93965069580076,652.5299628906249,HIGH
18,MAGAZINES,2.558300679922104,26.333184394985437,111.6217081643641,0.75,21.06654751598835,111.6217081643641,85.28852376937866,90.55516064837575,HIGH
18,MEATS,1469.619886077881,2085.2215852661134,2822.9325281066895,0.75,1668.1772682128908,2822.9325281066895,737.7109428405761,1154.7552598937987,MEDIUM
18,PERSONAL CARE,2447.9505518188475,3175.5960631103517,4071.544182067871,0.75,2540.4768504882813,4071.544182067871,895.9481189575195,1531.0673315795898,MEDIUM
18,PET SUPPLIES,7.098845875263214,53.04411315917969,153.7559693813324,0.75,42.43529052734375,153.7559693813324,100.7118562221527,111.32067885398864,HIGH
18,PLAYERS AND ELECTRONICS,16.75526189804077,95.9449520111084,217.8975100517273,0.75,76.75596160888672,217.8975100517273,121.9525580406189,141.1415484428406,HIGH
18,POULTRY,2699.711418457031,3483.637536010742,4464.362416748047,0.75,2786.910028808594,4464.362416748047,980.7248807373044,1677.4523879394528,MEDIUM
18,PREPARED FOODS,497.8045120239258,820.4865837097168,1264.483661254883,0.75,656.3892669677734,1264.483661254883,443.9970775451661,608.0943942871095,HIGH
18,PRODUCE,26787.243838378905,33172.011779785156,44703.08088671875,0.75,26537.609423828126,44703.08088671875,11531.069106933595,18165.471462890626,MEDIUM
18,SCHOOL AND OFFICE SUPPLIES,448.5924415588379,739.5648174285889,1146.620964050293,0.75,591.6518539428711,1146.620964050293,407.0561466217041,554.9691101074219,HIGH
18,SEAFOOD,58.542797327041626,184.0860674381256,358.8525643348694,0.75,147.2688539505005,358.8525643348694,174.76649689674377,211.58371038436889,HIGH
19,AUTOMOTIVE,15.232278060913085,77.81612193584442,188.3436525583267,0.75,62.25289754867554,188.3436525583267,110.52753062248229,126.09075500965116,HIGH
19,BABY CARE,1.248299050331116,9.129758756607771,79.51468273922801,0.75,7.303807005286217,79.51468273922801,70.38492398262024,72.21087573394179,HIGH
19,BEAUTY,33.2525378882885,91.39970953762531,203.71381886303425,0.75,73.11976763010026,203.71381886303425,112.31410932540894,130.594051232934,HIGH
19,BEVERAGES,35966.11885078125,42645.85400390625,54781.49853515625,0.75,34116.683203125,54781.49853515625,12135.64453125,20664.81533203125,MEDIUM
19,BOOKS,1.0432589530944825,8.474535659421235,78.85945964204147,0.75,6.779628527536989,78.85945964204147,70.38492398262024,72.07983111450449,HIGH
19,BREAD/BAKERY,2150.7803681640626,2822.1452731933596,3633.3166303710937,0.75,2257.7162185546877,3633.3166303710937,811.1713571777341,1375.600411816406,MEDIUM
19,CELEBRATION,9.187523519992828,70.5078045129776,180.77546880245208,0.75,56.406243610382084,180.77546880245208,110.26766428947448,124.36922519206999,HIGH
19,CLEANING,12613.133630761718,15163.327819824219,18834.91641064453,0.75,12130.662255859375,18834.91641064453,3671.5885908203127,6704.254154785156,MEDIUM
19,DAIRY,4910.539231445313,6139.455447631835,7699.783645019531,0.75,4911.564358105468,7699.783645019531,1560.3281973876956,2788.2192869140626,MEDIUM
19,DELI,4147.009624145508,5176.468508666992,6490.766830200195,0.75,4141.1748069335945,6490.766830200195,1314.2983215332024,2349.5920232666003,MEDIUM
19,EGGS,690.9372100830078,1086.590488433838,1598.357858581543,0.75,869.2723907470704,1598.357858581543,511.76737014770515,729.0854678344726,HIGH
19,FROZEN FOODS,344.59351348876953,649.0327835083008,1076.087287902832,0.75,519.2262268066406,1076.087287902832,427.05450439453125,556.8610610961914,HIGH
19,GROCERY I,49480.68403632812,56160.419189453125,68296.06372070312,0.75,44928.335351562506,68296.06372070312,12135.64453125,23367.72836914062,LOW
19,GROCERY II,283.843563079834,527.681809425354,864.7437038421631,0.75,422.1454475402832,864.7437038421631,337.0618944168091,442.59825630187987,HIGH
19,HARDWARE,2.9102681338787084,13.648574084043503,86.16258375048638,0.75,10.918859267234803,86.16258375048638,72.51400966644287,75.24372448325157,HIGH
19,HOME AND KITCHEN I,108.07004356384277,285.46952724456787,531.6663484573364,0.75,228.3756217956543,531.6663484573364,246.19682121276855,303.29072666168213,HIGH
19,HOME AND KITCHEN II,68.75718784332275,187.55525493621826,348.3630323410034,0.75,150.04420394897463,348.3630323410034,160.80777740478516,198.3188283920288,HIGH
19,HOME APPLIANCES,1.724465870857239,9.332119107246399,79.71704308986664,0.75,7.4656952857971195,79.71704308986664,70.38492398262024,72.25134780406951,HIGH
19,HOME CARE,2486.88377935791,3214.529290649414,4110.477409606933,0.75,2571.6234325195314,4110.477409606933,895.948118957519,1538.8539770874017,MEDIUM
19,LADIESWEAR,30.81611132621765,113.2044198513031,237.54592990875244,0.75,90.56353588104248,237.54592990875244,124.34151005744934,146.98239402770997,HIGH
19,LAWN AND GARDEN,1.3791976213455202,6.8080796003341675,75.06391789913178,0.75,5.4464636802673345,75.06391789913178,68.25583829879761,69.61745421886445,HIGH
19,LINGERIE,9.957639503479005,59.84673408418894,161.3381893053651,0.75,47.87738726735115,161.3381893053651,101.49145522117615,113.46080203801394,HIGH
19,"LIQUOR,WINE,BEER",390.1555976867676,660.9276323318481,1037.9862422943115,0.75,528.7421058654785,1037.9862422943115,377.0586099624634,509.24413642883303,HIGH
19,MAGAZINES,2.380934321880341,22.531197302043438,103.56154970377683,0.75,18.024957841634752,103.56154970377683,81.0303524017334,85.53659186214207,HIGH
19,MEATS,1608.4526688232422,2242.2971696777345,2996.950685668945,0.75,1793.8377357421878,2996.950685668945,754.6535159912105,1203.1129499267572,MEDIUM
19,PERSONAL CARE,2454.7687128295897,3182.414224121094,4078.3623430786133,0.75,2545.931379296875,4078.3623430786133,895.9481189575195,1532.4309637817382,MEDIUM
19,PET SUPPLIES,3.2599320054054264,19.12630933523178,98.02757605314255,0.75,15.301047468185425,98.02757605314255,78.90126671791077,82.72652858495712,HIGH
19,PLAYERS AND ELECTRONICS,10.725459849834442,68.08963918685913,175.96835145950317,0.75,54.47171134948731,175.96835145950317,107.87871227264404,121.49664011001586,HIGH
19,POULTRY,1737.1399284973145,2352.741627685547,3090.452570526123,0.75,1882.1933021484376,3090.452570526123,737.7109428405761,1208.2592683776854,MEDIUM
19,PREPARED FOODS,128.37686920166016,325.0809860229492,592.1486282348633,0.75,260.0647888183594,592.1486282348633,267.06764221191406,332.0838394165039,HIGH
19,PRODUCE,6130.491678710938,7891.294112670898,10107.701979003907,0.75,6313.035290136719,10107.701979003907,2216.4078663330083,3794.666688867188,MEDIUM
19,SCHOOL AND OFFICE SUPPLIES,819.3817367553711,1154.8140411376953,1575.514337497711,0.75,923.8512329101563,1575.514337497711,420.7002963600157,651.6631045875547,MEDIUM
19,SEAFOOD,2.8297553062438965,19.573523998260498,100.78110208511353,0.75,15.658819198608398,100.78110208511353,81.20757808685303,85.12228288650513,HIGH
20,AUTOMOTIVE,41.594268560409546,131.62731623649597,260.7467303276062,0.75,105.30185298919679,260.7467303276062,129.11941409111023,155.4448773384094,HIGH
20,BABY CARE,4.600169330835342,35.94890686869621,125.75546833872795,0.75,28.759125494956972,125.75546833872795,89.80656147003174,96.99634284377098,HIGH
20,BEAUTY,46.751649618148804,171.99699473381042,346.7634916305542,0.75,137.59759578704833,346.7634916305542,174.76649689674377,209.16589584350587,HIGH
20,BEVERAGES,51720.60200507812,58400.337158203125,70535.98168945312,0.75,46720.2697265625,70535.98168945312,12135.64453125,23815.711962890622,LOW
20,BOOKS,3.634591454267502,30.60357441008091,118.0211838632822,0.75,24.48285952806473,118.0211838632822,87.4176094532013,93.53832433521748,HIGH
20,BREAD/BAKERY,6860.5245766601565,8621.327010620118,10837.734876953125,0.75,6897.061608496095,10837.734876953125,2216.4078663330074,3940.6732684570306,MEDIUM
20,CELEBRATION,49.04626226425171,142.6748766899109,274.18324279785156,0.75,114.13990135192871,274.18324279785156,131.50836610794067,160.04334144592286,HIGH
20,CLEANING,16431.04486279297,21340.97674560547,29849.168730957033,0.75,17072.781396484377,29849.168730957033,8508.191985351565,12776.387334472656,MEDIUM
20,DAIRY,11427.174756054688,13682.401733398438,16749.414899902342,0.75,10945.92138671875,16749.414899902342,3067.0131665039044,5803.493513183592,MEDIUM
20,DELI,9808.104687695313,12063.331665039062,15130.344831542969,0.75,9650.66533203125,15130.344831542969,3067.013166503906,5479.679499511718,MEDIUM
20,EGGS,1549.392263885498,2183.7541651611327,2949.7240285949706,0.75,1747.0033321289063,2949.7240285949706,765.9698634338379,1202.7206964660643,MEDIUM
20,FROZEN FOODS,915.9239616394043,1348.062843322754,1893.7153597717283,0.75,1078.4502746582032,1893.7153597717283,545.6525164489744,815.2650851135252,MEDIUM
20,GROCERY I,84889.99971015625,91569.73486328125,103705.37939453125,0.75,73255.787890625,103705.37939453125,12135.64453125,30449.591503906253,LOW
20,GROCERY II,64.40230894088745,227.42498445510864,463.6226267814636,0.75,181.93998756408692,463.6226267814636,236.19764232635498,281.68263921737673,HIGH
20,HARDWARE,6.0220882833004,34.921026445925236,122.33863589912653,0.75,27.93682115674019,122.33863589912653,87.4176094532013,94.40181474238634,HIGH
20,HOME AND KITCHEN I,194.7846555709839,431.88945484161377,758.9521703720093,0.75,345.51156387329104,758.9521703720093,327.0627155303955,413.44060649871824,HIGH
20,HOME AND KITCHEN II,98.73657894134521,294.67584896087646,563.5688343048096,0.75,235.74067916870118,563.5688343048096,268.8929853439331,327.8281551361084,HIGH
20,HOME APPLIANCES,4.254243308305741,31.9900371581316,119.4076466113329,0.75,25.59202972650528,119.4076466113329,87.4176094532013,93.81561688482762,HIGH
20,HOME CARE,4688.448655273438,5917.364871459961,7477.693068847656,0.75,4733.89189716797,7477.693068847656,1560.3281973876947,2743.8011716796864,MEDIUM
20,LADIESWEAR,42.93670129776001,128.8845475912094,255.6150096654892,0.75,103.10763807296753,255.6150096654892,126.73046207427979,152.50737159252168,HIGH
20,LAWN AND GARDEN,66.95625591278076,188.89220333099365,357.31020760536194,0.75,151.11376266479493,357.31020760536194,168.4180042743683,206.196444940567,HIGH
20,LINGERIE,13.818180322647095,99.20223116874695,235.11350870132446,0.75,79.36178493499756,235.11350870132446,135.91127753257751,155.7517237663269,HIGH
20,"LIQUOR,WINE,BEER",504.88752365112305,845.8123970031738,1306.7520476989746,0.75,676.6499176025391,1306.7520476989746,460.93965069580076,630.1021300964355,HIGH
20,MAGAZINES,5.750773388147354,49.804497450590134,148.64713432192804,0.75,39.84359796047211,148.64713432192804,98.8426368713379,108.80353636145593,HIGH
20,MEATS,4532.843408569336,5695.273847534179,7173.592086303711,0.75,4556.219078027344,7173.592086303711,1478.3182387695315,2617.373008276367,MEDIUM
20,PERSONAL CARE,4603.204606201172,5832.120822387696,7392.44901977539,0.75,4665.696657910156,7392.44901977539,1560.3281973876947,2726.752361865234,MEDIUM
20,PET SUPPLIES,18.43086266517639,100.6146514415741,224.95616149902344,0.75,80.49172115325928,224.95616149902344,124.34151005744934,144.46444034576416,HIGH
20,PLAYERS AND ELECTRONICS,33.95884585380554,123.99189352989197,253.1113076210022,0.75,99.19351482391357,253.1113076210022,129.11941409111023,153.91779279708862,HIGH
20,POULTRY,4359.7185832519535,5588.634799438477,7148.962996826172,0.75,4470.907839550781,7148.962996826172,1560.3281973876947,2678.0551572753902,MEDIUM
20,PREPARED FOODS,572.0517234802246,949.4622001647949,1444.2869971618652,0.75,759.569760131836,1444.2869971618652,494.8247969970703,684.7172370300292,HIGH
20,PRODUCE,14272.491663964844,18297.521911621094,24991.987624023437,0.75,14638.017529296876,24991.987624023437,6694.465712402343,10353.970094726561,MEDIUM
20,SCHOOL AND OFFICE SUPPLIES,321.2684817314148,572.5808491706848,921.4672656059265,0.75,458.0646793365479,921.4672656059265,348.8864164352417,463.4025862693786,HIGH
20,SEAFOOD,80.46129751205444,240.94680070877075,462.6221146583557,0.75,192.7574405670166,462.6221146583557,221.67531394958496,269.8646740913391,HIGH
21,AUTOMOTIVE,35.80831861495972,125.84136629104614,254.96078038215637,0.75,100.67309303283692,254.96078038215637,129.11941409111023,154.28768734931947,HIGH
21,BABY CARE,2.4945615202188494,18.436512783169746,95.20869381725788,0.75,14.749210226535798,95.20869381725788,76.77218103408813,80.45948359072209,HIGH
21,BEAUTY,32.63048768043518,123.81181573867798,264.5009973049164,0.75,99.0494525909424,264.5009973049164,140.6891815662384,165.451544713974,HIGH
21,BEVERAGES,41961.24604804687,48640.981201171875,60776.625732421875,0.75,38912.784960937504,60776.625732421875,12135.64453125,21863.84077148437,MEDIUM
21,BOOKS,1.5824463456869127,13.766982063651085,88.41007741391658,0.75,11.013585650920868,88.41007741391658,74.6430953502655,77.39649176299571,HIGH
21,BREAD/BAKERY,6406.6434731445315,8167.445907104492,10383.8537734375,0.75,6533.956725683594,10383.8537734375,2216.4078663330083,3849.897047753906,MEDIUM
21,CELEBRATION,25.113496780395508,104.35984420776367,226.31240224838257,0.75,83.48787536621094,226.31240224838257,121.9525580406189,142.82452688217163,HIGH
21,CLEANING,16864.32746796875,22069.2265625,31181.99397216797,0.75,17655.381250000002,31181.99397216797,9112.76740966797,13526.612722167967,MEDIUM
21,DAIRY,8901.86148071289,10862.12124633789,13324.55898852539,0.75,8689.696997070312,13324.55898852539,2462.4377421874997,4634.861991455078,MEDIUM
21,DELI,4585.233728393555,5747.664167358398,7225.98240612793,0.75,4598.1313338867185,7225.98240612793,1478.3182387695315,2627.851072241211,MEDIUM
21,EGGS,3865.2665179443356,4990.176552734375,6411.976950317383,0.75,3992.1412421875,6411.976950317383,1421.800397583008,2419.8357081298827,MEDIUM
21,FROZEN FOODS,1041.771569885254,1511.4308557434083,2113.6012133789063,0.75,1209.1446845947266,2113.6012133789063,602.170357635498,904.4565287841797,MEDIUM
21,GROCERY I,63018.604690625,69698.33984375,81833.984375,0.75,55758.671875,81833.984375,12135.64453125,26075.3125,LOW
21,GROCERY II,54.37930679321289,237.26677417755127,507.9851026535034,0.75,189.81341934204102,507.9851026535034,270.71832847595215,318.1716833114624,HIGH
21,HARDWARE,3.3276307523250583,19.170389026403427,98.0716557443142,0.75,15.336311221122742,98.0716557443142,78.90126671791077,82.73534452319146,HIGH
21,HOME AND KITCHEN I,334.5692443847656,618.8081731796265,1015.865140914917,0.75,495.0465385437012,1015.865140914917,397.0569677352905,520.8186023712158,HIGH
21,HOME AND KITCHEN II,267.82250213623047,558.7948780059814,965.8510246276855,0.75,447.0359024047852,965.8510246276855,407.0561466217041,518.8151222229003,HIGH
21,HOME APPLIANCES,1.5675503849983217,13.263026878237724,87.90612222850322,0.75,10.61042150259018,87.90612222850322,74.6430953502655,77.29570072591304,HIGH
21,HOME CARE,4273.120326660156,5302.579211181641,6616.877532714843,0.75,4242.0633689453125,6616.877532714843,1314.2983215332024,2374.8141637695308,MEDIUM
21,LADIESWEAR,9.806211447715759,70.06372708082199,180.33139137029647,0.75,56.0509816646576,180.33139137029647,110.26766428947448,124.28040970563887,HIGH
21,LAWN AND GARDEN,19.315988612174987,82.95575702190399,206.5797674894333,0.75,66.3646056175232,206.5797674894333,123.6240104675293,140.21516187191008,HIGH
21,LINGERIE,55.88839793205261,153.11257910728455,287.00989723205566,0.75,122.49006328582765,287.00989723205566,133.89731812477112,164.519833946228,HIGH
21,"LIQUOR,WINE,BEER",1025.4409294128418,1439.3370094299316,1968.0469527282714,0.75,1151.4696075439454,1968.0469527282714,528.7099432983398,816.5773451843261,MEDIUM
21,MAGAZINES,4.114515945315361,33.572044510394335,121.24952029660344,0.75,26.85763560831547,121.24952029660344,87.6774757862091,94.39188468828797,HIGH
21,MEATS,1365.10546875,1961.4295654296875,2659.565240234375,0.75,1569.14365234375,2659.565240234375,698.1356748046874,1090.4215878906248,MEDIUM
21,PERSONAL CARE,3849.95299798584,4860.651680419922,6146.691081359863,0.75,3888.5213443359376,6146.691081359863,1286.0394009399415,2258.169737023926,MEDIUM
21,PET SUPPLIES,6.512096625566483,44.465652383863926,138.79025155454875,0.75,35.572521907091144,138.79025155454875,94.32459917068482,103.2177296474576,HIGH
21,PLAYERS AND ELECTRONICS,11.727230167388916,72.7095199227333,182.9771842122078,0.75,58.16761593818665,182.9771842122078,110.26766428947448,124.80956827402113,HIGH
21,POULTRY,2164.4426911621094,2835.8075961914064,3646.9789533691405,0.75,2268.6460769531254,3646.9789533691405,811.1713571777341,1378.332876416015,MEDIUM
21,PREPARED FOODS,1724.2742317504883,2339.358530517578,3065.753125915527,0.75,1871.4868244140625,3065.753125915527,726.3945953979492,1194.2663015014646,MEDIUM
21,PRODUCE,18936.372878125,24141.27197265625,33254.03938232422,0.75,19313.017578125,33254.03938232422,9112.76740966797,13941.02180419922,MEDIUM
21,SCHOOL AND OFFICE SUPPLIES,0.3164966225624085,0.757180392742157,64.7548473238945,0.75,0.6057443141937257,64.7548473238945,63.99766693115234,64.14910300970077,HIGH
21,SEAFOOD,24.10370635986328,111.3598940372467,247.53103790283203,0.75,89.08791522979737,247.53103790283203,136.17114386558532,158.44312267303465,HIGH
22,AUTOMOTIVE,5.510514941811562,49.533753767609596,148.3763906389475,0.75,39.62700301408768,148.3763906389475,98.8426368713379,108.74938762485982,HIGH
22,BABY CARE,2.200036972761154,13.131722137331963,85.64573180377484,0.75,10.50537770986557,85.64573180377484,72.51400966644287,75.14035409390927,HIGH
22,BEAUTY,13.199806120991706,63.25696250796318,170.53330146670342,0.75,50.60557000637055,170.53330146670342,107.27633895874024,119.92773146033286,HIGH
22,BEVERAGES,20942.09431464844,27621.829467773438,39757.47399902344,0.75,22097.463574218753,39757.47399902344,12135.64453125,17660.010424804685,MEDIUM
22,BOOKS,1.8402524530887607,10.307565376162529,80.69248935878277,0.75,8.246052300930023,80.69248935878277,70.38492398262024,72.44643705785275,HIGH
22,BREAD/BAKERY,1976.2742478027344,2610.1187486572267,3364.772264648437,0.75,2088.0949989257815,3364.772264648437,754.6535159912105,1276.6772657226556,MEDIUM
22,CELEBRATION,34.846612787246706,118.79876810312271,243.40014449357986,0.75,95.03901448249817,243.40014449357986,124.60137639045715,148.36113001108168,HIGH
22,CLEANING,7878.1895751953125,9838.449340820312,12300.887083007812,0.75,7870.75947265625,12300.887083007812,2462.4377421874997,4430.127610351562,MEDIUM
22,DAIRY,4735.464815917969,5831.409477661133,7227.7177578125,0.75,4665.127582128906,7227.7177578125,1396.3082801513674,2562.5901756835938,MEDIUM
22,DELI,2166.766664978027,2819.371367919922,3602.2838045043945,0.75,2255.4970943359376,3602.2838045043945,782.9124365844727,1346.786710168457,MEDIUM
22,EGGS,556.5793266296387,915.7470016479492,1393.6292254943846,0.75,732.5976013183595,1393.6292254943846,477.8822238464354,661.0316241760252,HIGH
22,FROZEN FOODS,545.2251129150391,886.1499862670898,1347.0896369628906,0.75,708.919989013672,1347.0896369628906,460.93965069580076,638.1696479492186,HIGH
22,GROCERY I,35042.0060578125,41721.7412109375,53857.3857421875,0.75,33377.39296875,53857.3857421875,12135.64453125,20479.9927734375,MEDIUM
22,GROCERY II,85.48065233230591,225.02375268936157,418.52687311172485,0.75,180.01900215148927,418.52687311172485,193.50312042236328,238.50787096023558,HIGH
22,HARDWARE,2.7511481881141666,17.235879704356194,94.00806073844433,0.75,13.788703763484955,94.00806073844433,76.77218103408813,80.21935697495937,HIGH
22,HOME AND KITCHEN I,114.88279628753662,297.511025428772,550.056339263916,0.75,238.0088203430176,550.056339263916,252.54531383514404,312.0475189208984,HIGH
22,HOME AND KITCHEN II,93.01051139831543,291.4632215499878,568.5300426483154,0.75,233.17057723999025,568.5300426483154,277.06682109832764,335.35946540832515,HIGH
22,HOME APPLIANCES,1.9222345888614658,12.357411697506905,84.87142136394978,0.75,9.885929358005525,84.87142136394978,72.51400966644287,74.98549200594425,HIGH
22,HOME CARE,2246.6941118164063,2955.5794210205077,3823.2686193847658,0.75,2364.4635368164063,3823.2686193847658,867.6891983642581,1458.8050825683595,MEDIUM
22,LADIESWEAR,5.559713929891586,24.45120643079281,103.35247314870357,0.75,19.56096514463425,103.35247314870357,78.90126671791076,83.79150800406931,HIGH
22,LAWN AND GARDEN,1.4030540168285373,9.214663527905941,79.59958751052618,0.75,7.3717308223247535,79.59958751052618,70.38492398262024,72.22785668820143,HIGH
22,LINGERIE,9.312928295135498,73.33413106203079,185.99074736833572,0.75,58.667304849624635,185.99074736833572,112.65661630630493,127.32344251871109,HIGH
22,"LIQUOR,WINE,BEER",786.8126106262207,1182.4658889770508,1694.233259124756,0.75,945.9727111816406,1694.233259124756,511.76737014770515,748.2605479431153,HIGH
22,MAGAZINES,3.6870517373085026,25.31949967890978,106.609718413651,0.75,20.255599743127824,106.609718413651,81.29021873474122,86.35411867052318,HIGH
22,MEATS,1092.9573554992676,1671.0386505126953,2352.231752166748,0.75,1336.8309204101563,2352.231752166748,681.1931016540525,1015.4008317565915,HIGH
22,PERSONAL CARE,2029.496523376465,2682.1012263183593,3465.013662902832,0.75,2145.6809810546874,3465.013662902832,782.9124365844727,1319.3326818481446,MEDIUM
22,PET SUPPLIES,3.879644870758057,22.277289912104607,101.17855663001538,0.75,17.821831929683686,101.17855663001538,78.90126671791077,83.3567247003317,HIGH
22,PLAYERS AND ELECTRONICS,16.29560112953186,79.78660428524017,192.1833542585373,0.75,63.82928342819214,192.1833542585373,112.39674997329712,128.35407083034517,HIGH
22,POULTRY,1952.923829711914,2586.7683305664063,3341.421846557617,0.75,2069.414664453125,3341.421846557617,754.6535159912105,1272.0071821044917,MEDIUM
22,PREPARED FOODS,251.82359504699707,522.5956296920776,899.654239654541,0.75,418.0765037536621,899.654239654541,377.0586099624634,481.5777359008789,HIGH
22,PRODUCE,6383.731133300781,8277.505121704102,10657.932905273437,0.75,6622.004097363282,10657.932905273437,2380.4277835693356,4035.9288079101552,MEDIUM
22,SCHOOL AND OFFICE SUPPLIES,76.03630256652832,156.53379344940186,306.6818799972534,0.75,125.22703475952149,306.6818799972534,150.14808654785156,181.45484523773194,HIGH
22,SEAFOOD,4.692809081077575,13.488531112670898,84.13332142829896,0.75,10.790824890136719,84.13332142829896,70.64479031562806,73.34249653816224,HIGH
23,AUTOMOTIVE,4.122571724653244,31.87634190917015,119.29395136237144,0.75,25.50107352733612,119.29395136237144,87.4176094532013,93.79287783503533,HIGH
23,BABY CARE,2.697113937139511,16.017091043293476,90.66018639355897,0.75,12.813672834634781,90.66018639355897,74.6430953502655,77.84651355892419,HIGH
23,BEAUTY,64.17653632164001,181.54036116600037,353.9179060459137,0.75,145.2322889328003,353.9179060459137,172.37754487991333,208.6856171131134,HIGH
23,BEVERAGES,19703.11824042969,26382.853393554688,38518.49792480469,0.75,21106.28271484375,38518.49792480469,12135.64453125,17412.215209960938,MEDIUM
23,BOOKS,2.697113937139511,16.017091043293476,90.66018639355897,0.75,12.813672834634781,90.66018639355897,74.6430953502655,77.84651355892419,HIGH
23,BREAD/BAKERY,3631.970135986328,4528.457466064453,5678.735870361328,0.75,3622.7659728515628,5678.735870361328,1150.2784042968751,2055.9698975097654,MEDIUM
23,CELEBRATION,105.36536264419556,272.10561418533325,498.30407762527466,0.75,217.68449134826662,498.30407762527466,226.1984634399414,280.619586277008,HIGH
23,CLEANING,7389.029113769531,9349.288879394531,11811.726621582031,0.75,7479.431103515625,11811.726621582031,2462.4377421874997,4332.295518066406,MEDIUM
23,DAIRY,6378.379425048828,8338.639190673828,10801.076932861328,0.75,6670.911352539063,10801.076932861328,2462.4377421874997,4130.165580322265,MEDIUM
23,DELI,1738.7052688598633,2335.029365539551,3033.165040344238,0.75,1868.0234924316408,3033.165040344238,698.1356748046874,1165.1415479125974,MEDIUM
23,EGGS,210.2521514892578,427.1566095352173,724.2217884063721,0.75,341.7252876281739,724.2217884063721,297.0651788711548,382.4965007781982,HIGH
23,FROZEN FOODS,757.0750389099121,1189.2139205932617,1734.8664370422362,0.75,951.3711364746094,1734.8664370422362,545.6525164489744,783.4953005676267,HIGH
23,GROCERY I,30345.788406445314,37025.52355957031,49161.16809082031,0.75,29620.418847656252,49161.16809082031,12135.64453125,19540.74924316406,MEDIUM
23,GROCERY II,182.7052993774414,392.87631034851074,679.942310333252,0.75,314.3010482788086,679.942310333252,287.0659999847412,365.64126205444336,HIGH
23,HARDWARE,3.8898493170738226,18.605798937380314,93.24889428764581,0.75,14.884639149904253,93.24889428764581,74.6430953502655,78.36425513774157,HIGH
23,HOME AND KITCHEN I,93.51819515228271,255.77563762664795,483.7994441986084,0.75,204.62051010131836,483.7994441986084,228.02380657196045,279.17893409729004,HIGH
23,HOME AND KITCHEN II,62.76104927062988,244.03074645996094,494.75071716308594,0.75,195.22459716796877,494.75071716308594,250.719970703125,299.52611999511714,HIGH
23,HOME APPLIANCES,2.8150172889232636,16.47721728682518,91.12031263709068,0.75,13.181773829460145,91.12031263709068,74.6430953502655,77.93853880763054,HIGH
23,HOME CARE,1669.8465728759766,2266.170669555664,2964.3063443603514,0.75,1812.9365356445314,2964.3063443603514,698.1356748046874,1151.36980871582,MEDIUM
23,LADIESWEAR,76.82351684570312,177.6432647705078,313.9295349121094,0.75,142.11461181640627,313.9295349121094,136.28627014160156,171.8149230957031,HIGH
23,LAWN AND GARDEN,5.1345752656459815,34.172733433544636,121.59034288674593,0.75,27.33818674683571,121.59034288674593,87.4176094532013,94.25215613991023,HIGH
23,LINGERIE,13.493890523910522,64.32227449864149,173.46783280819653,0.75,51.4578195989132,173.46783280819653,109.14555830955504,122.01001320928333,HIGH
23,"LIQUOR,WINE,BEER",631.7418251037598,990.9095001220703,1468.7917239685057,0.75,792.7276000976562,1468.7917239685057,477.8822238464354,676.0641238708495,HIGH
23,MAGAZINES,10.730127131938934,59.27573585510254,162.3765440940857,0.75,47.420588684082034,162.3765440940857,103.10080823898315,114.95595541000365,HIGH
23,MEATS,8129.149532470703,9756.980411987304,11809.368361083983,0.75,7805.584329589844,11809.368361083983,2052.387949096679,4003.7840314941395,MEDIUM
23,PERSONAL CARE,2029.7708145751953,2663.6153154296876,3418.268831420898,0.75,2130.89225234375,3418.268831420898,754.6535159912105,1287.376579077148,MEDIUM
23,PET SUPPLIES,7.959166276454926,57.63552463054657,158.86711351871492,0.75,46.10841970443726,158.86711351871492,101.23158888816835,112.75869381427765,HIGH
23,PLAYERS AND ELECTRONICS,15.501293420791626,87.55650734901428,204.7311613559723,0.75,70.04520587921142,204.7311613559723,117.17465400695801,134.68595547676085,HIGH
23,POULTRY,4060.406551025391,5089.865435546875,6404.163757080078,0.75,4071.8923484375005,6404.163757080078,1314.2983215332024,2332.271408642577,MEDIUM
23,PREPARED FOODS,186.45128631591797,383.15540313720703,650.2230453491211,0.75,306.5243225097656,650.2230453491211,267.06764221191406,343.69872283935547,HIGH
23,PRODUCE,15965.688893359376,20580.653564453125,28484.27012548828,0.75,16464.522851562502,28484.27012548828,7903.616561035156,12019.74727392578,MEDIUM
23,SCHOOL AND OFFICE SUPPLIES,0.0,0.0,63.997666931152345,0.75,0.0,63.997666931152345,63.997666931152345,63.997666931152345,HIGH
23,SEAFOOD,12.850114595890044,47.82721034809947,145.72496692463756,0.75,38.26176827847958,145.72496692463756,97.89775657653809,107.46319864615798,HIGH
24,AUTOMOTIVE,10.91583776473999,64.28048801422119,169.51038193702698,0.75,51.424390411376955,169.51038193702698,105.22989392280579,118.08599152565003,HIGH
24,BABY CARE,6.212302434444428,39.461814880371094,131.13759570121766,0.75,31.569451904296876,131.13759570121766,91.67578082084657,99.5681437969208,HIGH
24,BEAUTY,46.4625301361084,173.81696224212646,362.54217863082886,0.75,139.05356979370117,362.54217863082886,188.7252163887024,223.48860883712769,HIGH
24,BEVERAGES,50838.0021515625,57517.7373046875,69653.3818359375,0.75,46014.189843750006,69653.3818359375,12135.64453125,23639.191992187494,LOW
24,BOOKS,6.159841442108155,44.31612813472748,138.6407273054123,0.75,35.452902507781985,138.6407273054123,94.32459917068482,103.18782479763031,HIGH
24,BREAD/BAKERY,10336.054443359375,12296.314208984375,14758.751951171875,0.75,9837.051367187501,14758.751951171875,2462.4377421874997,4921.700583984373,MEDIUM
24,CELEBRATION,45.41590404510498,200.57180500030518,426.7702684402466,0.75,160.45744400024415,426.7702684402466,226.1984634399414,266.31282444000243,HIGH
24,CLEANING,15065.498268164063,19385.495727539062,26684.53686425781,0.75,15508.396582031251,26684.53686425781,7299.041136718748,11176.140282226559,MEDIUM
24,DAIRY,16114.94449716797,21909.77801513672,32231.6962734375,0.75,17527.822412109377,32231.6962734375,10321.918258300782,14703.873861328124,MEDIUM
24,DELI,3775.382962524414,4671.870292602539,5822.148696899414,0.75,3737.496234082031,5822.148696899414,1150.2784042968751,2084.652462817383,MEDIUM
24,EGGS,2967.1226612548826,3826.089587158203,4919.850150268555,0.75,3060.8716697265627,4919.850150268555,1093.760563110352,1858.9784805419922,MEDIUM
24,FROZEN FOODS,2080.34204498291,2770.4671520996094,3609.8974298706053,0.75,2216.3737216796876,3609.8974298706053,839.4302777709959,1393.5237081909177,MEDIUM
24,GROCERY I,61082.67329414062,67762.40844726562,79898.05297851562,0.75,54209.9267578125,79898.05297851562,12135.64453125,25688.126220703125,LOW
24,GROCERY II,243.39870643615723,514.1707410812378,891.2293510437012,0.75,411.3365928649903,891.2293510437012,377.0586099624634,479.8927581787109,HIGH
24,HARDWARE,5.197069144248962,47.83243328332901,146.15533748865127,0.75,38.26594662666321,146.15533748865127,98.32290420532226,107.88939086198806,HIGH
24,HOME AND KITCHEN I,201.6954860687256,425.3333911895752,732.3977489471436,0.75,340.26671295166017,732.3977489471436,307.06435775756836,392.1310359954834,HIGH
24,HOME AND KITCHEN II,256.1593074798584,520.1978950500488,887.2573261260986,0.75,416.1583160400391,887.2573261260986,367.0594310760498,471.09901008605954,HIGH
24,HOME APPLIANCES,6.6786321878433235,43.20878082513809,137.2735136628151,0.75,34.56702466011048,137.2735136628151,94.06473283767701,102.70648900270463,HIGH
24,HOME CARE,3703.158826171875,4599.64615625,5749.924560546875,0.75,3679.716925,5749.924560546875,1150.2784042968751,2070.207635546875,MEDIUM
24,LADIESWEAR,97.75879240036011,198.5785403251648,334.86481046676636,0.75,158.86283226013185,334.86481046676636,136.28627014160156,176.0019782066345,HIGH
24,LAWN AND GARDEN,296.8585834503174,560.8971710205078,927.9566020965576,0.75,448.7177368164063,927.9566020965576,367.0594310760498,479.23886528015134,HIGH
24,LINGERIE,56.62419605255127,157.44394397735596,293.7302141189575,0.75,125.95515518188478,293.7302141189575,136.28627014160156,167.77505893707274,HIGH
24,"LIQUOR,WINE,BEER",1175.8898735046387,1717.4855651855469,2364.79352053833,0.75,1373.9884521484375,2364.79352053833,647.3079553527832,990.8050683898925,MEDIUM
24,MAGAZINES,74.28509998321533,184.57863903045654,337.21258068084717,0.75,147.66291122436525,337.21258068084717,152.63394165039062,189.54966945648192,HIGH
24,MEATS,5562.0650561523435,6857.467049560547,8499.805205566407,0.75,5485.973639648438,8499.805205566407,1642.3381560058597,3013.831565917969,MEDIUM
24,PERSONAL CARE,3737.924969970703,4634.412300048828,5784.690704345703,0.75,3707.5298400390625,5784.690704345703,1150.2784042968751,2077.1608643066406,MEDIUM
24,PET SUPPLIES,28.82557773590088,185.5786838531494,419.95098304748535,0.75,148.46294708251955,419.95098304748535,234.37229919433594,271.4880359649658,HIGH
24,PLAYERS AND ELECTRONICS,60.062368869781494,160.88211679458618,297.16838693618774,0.75,128.70569343566896,297.16838693618774,136.28627014160156,168.46269350051878,HIGH
24,POULTRY,6986.515563964844,8946.775329589844,11409.213071777343,0.75,7157.420263671876,11409.213071777343,2462.4377421874997,4251.792808105468,MEDIUM
24,PREPARED FOODS,1193.8179016113281,1790.1419982910156,2488.277673095703,0.75,1432.1135986328127,2488.277673095703,698.1356748046874,1056.1640744628903,MEDIUM
24,PRODUCE,54362.03096015625,61041.76611328125,73177.41064453125,0.75,48833.412890625004,73177.41064453125,12135.64453125,24343.997753906246,LOW
24,SCHOOL AND OFFICE SUPPLIES,0.0,0.0,63.997666931152345,0.75,0.0,63.997666931152345,63.997666931152345,63.997666931152345,HIGH
24,SEAFOOD,149.18508052825928,359.3560914993286,646.4220914840698,0.75,287.4848731994629,646.4220914840698,287.0659999847412,358.9372182846069,HIGH
25,AUTOMOTIVE,5.326569056510925,44.5104895234108,142.83339372873306,0.75,35.60839161872864,142.83339372873306,98.32290420532226,107.22500211000443,HIGH
25,BABY CARE,3.6513033807277684,13.013890724629164,83.3988147072494,0.75,10.411112579703332,83.3988147072494,70.38492398262024,72.98770212754607,HIGH
25,BEAUTY,98.73937511444092,230.40301716327667,416.7392815351486,0.75,184.32241373062135,416.7392815351486,186.33626437187195,232.41686780452727,HIGH
25,BEVERAGES,23975.2619171875,30654.9970703125,42790.6416015625,0.75,24523.99765625,42790.6416015625,12135.64453125,18266.6439453125,MEDIUM
25,BOOKS,2.8592627942562108,12.191435430198908,82.57635941281914,0.75,9.753148344159127,82.57635941281914,70.38492398262024,72.82321106866002,HIGH
25,BREAD/BAKERY,4230.556119262696,5127.04344934082,6277.321853637695,0.75,4101.634759472657,6277.321853637695,1150.2784042968751,2175.6870941650386,MEDIUM
25,CELEBRATION,14.959697008132935,82.76288628578186,197.54858827590942,0.75,66.21030902862549,197.54858827590942,114.78570199012756,131.33827924728394,HIGH
25,CLEANING,5312.633147705078,6674.520918334961,8398.869032958984,0.75,5339.616734667969,8398.869032958984,1724.3481146240238,3059.252298291016,MEDIUM
25,DAIRY,6301.850426513672,8195.624414916992,10576.052198486328,0.75,6556.499531933594,10576.052198486328,2380.4277835693356,4019.552666552734,MEDIUM
25,DELI,1654.0241775512695,2250.348274230957,2948.4839490356444,0.75,1800.2786193847658,2948.4839490356444,698.1356748046874,1148.2053296508786,MEDIUM
25,EGGS,1092.3791885375977,1652.2176818847656,2316.4682103881833,0.75,1321.7741455078126,2316.4682103881833,664.2505285034176,994.6940648803707,MEDIUM
25,FROZEN FOODS,1052.6393372192383,1485.8130197448731,2054.0982310791014,0.75,1188.6504157958987,2054.0982310791014,568.2852113342283,865.4478152832028,MEDIUM
25,GROCERY I,21576.0041046875,28255.7392578125,40391.3837890625,0.75,22604.59140625,40391.3837890625,12135.64453125,17786.7923828125,MEDIUM
25,GROCERY II,33.9035062789917,201.3737268447876,443.91986179351807,0.75,161.0989814758301,443.91986179351807,242.54613494873047,282.82088031768797,HIGH
25,HARDWARE,3.771461501717568,17.277950935065746,91.92104628533124,0.75,13.822360748052597,91.92104628533124,74.6430953502655,78.09868553727864,HIGH
25,HOME AND KITCHEN I,103.39247131347656,288.1110420227051,538.8310127258301,0.75,230.48883361816408,538.8310127258301,250.719970703125,308.34217910766597,HIGH
25,HOME AND KITCHEN II,115.5090126991272,293.90147066116333,538.2729487419128,0.75,235.12117652893068,538.2729487419128,244.3714780807495,303.15177221298217,HIGH
25,HOME APPLIANCES,1.0074084818363191,15.79215706884861,92.56433810293674,0.75,12.633725655078889,92.56433810293674,76.77218103408813,79.93061244785785,HIGH
25,HOME CARE,1040.3081245422363,1618.389419555664,2299.5825212097166,0.75,1294.7115356445313,2299.5825212097166,681.1931016540525,1004.8709855651853,HIGH
25,LADIESWEAR,1.9275144785642626,10.983099065721035,81.36802304834127,0.75,8.786479252576829,81.36802304834127,70.38492398262024,72.58154379576445,HIGH
25,LAWN AND GARDEN,200.46113395690918,437.56593322753906,764.6286487579346,0.75,350.05274658203126,764.6286487579346,327.0627155303955,414.5759021759033,HIGH
25,LINGERIE,8.14011058807373,61.25266367197037,166.74242392778396,0.75,49.0021309375763,166.74242392778396,105.4897602558136,117.74029299020766,HIGH
25,"LIQUOR,WINE,BEER",1911.2000145874024,2563.804717529297,3346.7171541137695,0.75,2051.0437740234374,3346.7171541137695,782.9124365844727,1295.673380090332,MEDIUM
25,MAGAZINES,29.279020309448242,122.90763473510742,254.4160008430481,0.75,98.32610778808595,254.4160008430481,131.50836610794067,156.08989305496215,HIGH
25,MEATS,2528.580524597168,3218.705631713867,4058.135909484863,0.75,2574.9645053710938,4058.135909484863,839.4302777709959,1483.1714041137693,MEDIUM
25,PERSONAL CARE,1142.4226303100586,1738.746726989746,2436.8824017944335,0.75,1390.997381591797,2436.8824017944335,698.1356748046874,1045.8850202026365,MEDIUM
25,PET SUPPLIES,8.700837379693985,65.28161963820457,173.1603319108486,0.75,52.225295710563664,173.1603319108486,107.87871227264404,120.93503620028494,HIGH
25,PLAYERS AND ELECTRONICS,21.107435941696167,100.11862850189209,222.071186542511,0.75,80.09490280151368,222.071186542511,121.9525580406189,141.9762837409973,HIGH
25,POULTRY,1985.3699967041016,2619.214497558594,3373.8680135498043,0.75,2095.371598046875,3373.8680135498043,754.6535159912105,1278.4964155029293,MEDIUM
25,PREPARED FOODS,170.8579921722412,381.02900314331055,668.0950031280518,0.75,304.8232025146485,668.0950031280518,287.0659999847412,363.2718006134033,HIGH
25,PRODUCE,18286.427736328125,23196.359619140625,31704.551604492186,0.75,18557.0876953125,31704.551604492186,8508.191985351561,13147.463909179685,MEDIUM
25,SCHOOL AND OFFICE SUPPLIES,0.0,0.0,63.997666931152345,0.75,0.0,63.997666931152345,63.997666931152345,63.997666931152345,HIGH
25,SEAFOOD,14.626947402954102,39.214962005615234,128.5963758468628,0.75,31.37196960449219,128.5963758468628,89.38141384124756,97.2244062423706,HIGH
26,AUTOMOTIVE,15.390624976158142,69.00568789243698,174.49544814825057,0.75,55.20455031394959,174.49544814825057,105.4897602558136,119.29089783430098,HIGH
26,BABY CARE,1.4467570722103122,10.402418807148933,80.78734278976917,0.75,8.321935045719147,80.78734278976917,70.38492398262024,72.46540774405003,HIGH
26,BEAUTY,14.37855283021927,35.60413771867752,115.0251371026039,0.75,28.48331017494202,115.0251371026039,79.42099938392639,86.54182692766189,HIGH
26,BEVERAGES,14413.551843652343,16963.746032714844,20635.334623535156,0.75,13570.996826171875,20635.334623535156,3671.5885908203127,7064.337797363281,MEDIUM
26,BOOKS,1.4467570722103122,10.402418807148933,80.78734278976917,0.75,8.321935045719147,80.78734278976917,70.38492398262024,72.46540774405003,HIGH
26,BREAD/BAKERY,2744.108606323242,3565.5551280517575,4602.797849975586,0.75,2852.4441024414064,4602.797849975586,1037.2427219238289,1750.35374753418,MEDIUM
26,CELEBRATION,17.979795217514038,88.55998086929321,205.73463487625122,0.75,70.84798469543458,205.73463487625122,117.17465400695801,134.88665018081664,HIGH
26,CLEANING,5684.915187988281,7312.746067504882,9365.134016601562,0.75,5850.196854003906,9365.134016601562,2052.387949096679,3514.9371625976555,MEDIUM
26,DAIRY,3440.914844970703,4403.887952270507,5636.176315185547,0.75,3523.110361816406,5636.176315185547,1232.2883629150392,2113.0659533691405,MEDIUM
26,DELI,1103.7965927124023,1627.1494827270508,2257.514864929199,0.75,1301.7195861816408,2257.514864929199,630.3653822021483,955.7952787475583,MEDIUM
26,EGGS,275.50619316101074,519.3444395065308,856.4063339233398,0.75,415.4755516052246,856.4063339233398,337.0618944168091,440.93078231811523,HIGH
26,FROZEN FOODS,306.19432640075684,570.2329139709473,937.2923450469971,0.75,456.18633117675785,937.2923450469971,367.0594310760498,481.1060138702392,HIGH
26,GROCERY I,21134.358340332034,27519.12628173828,39050.19538867188,0.75,22015.301025390625,39050.19538867188,11531.069106933595,17034.89436328125,MEDIUM
26,GROCERY II,122.69111347198486,319.3952302932739,586.462872505188,0.75,255.51618423461915,586.462872505188,267.06764221191406,330.94668827056887,HIGH
26,HARDWARE,1.1357215225696564,13.76901302114129,88.41210837140679,0.75,11.015210416913034,88.41210837140679,74.6430953502655,77.39689795449375,HIGH
26,HOME AND KITCHEN I,81.9013180732727,228.80538988113403,432.3076891899109,0.75,183.04431190490723,432.3076891899109,203.50229930877686,249.26337728500366,HIGH
26,HOME AND KITCHEN II,24.772919416427612,136.669043302536,295.0878686904907,0.75,109.33523464202881,295.0878686904907,158.4188253879547,185.7526340484619,HIGH
26,HOME APPLIANCES,1.6617540419101717,12.466303680092096,84.98031334653497,0.75,9.973042944073677,84.98031334653497,72.51400966644287,75.00727040246129,HIGH
26,HOME CARE,975.5019607543945,1425.883644104004,1988.4787337036132,0.75,1140.7069152832032,1988.4787337036132,562.5950895996093,847.77181842041,MEDIUM
26,LADIESWEAR,1.7742800593376162,14.355081919580698,88.9981772698462,0.75,11.48406553566456,88.9981772698462,74.6430953502655,77.51411173418164,HIGH
26,LAWN AND GARDEN,35.33742713928223,127.76768112182617,262.6719789505005,0.75,102.21414489746094,262.6719789505005,134.90429782867432,160.45783405303956,HIGH
26,LINGERIE,3.233198207616806,18.41712549701333,93.32008718028665,0.75,14.733700397610665,93.32008718028665,74.90296168327332,78.58638678267599,HIGH
26,"LIQUOR,WINE,BEER",291.9183235168457,576.1572523117065,973.2142200469971,0.75,460.92580184936526,973.2142200469971,397.0569677352905,512.2884181976318,HIGH
26,MAGAZINES,1.523844075202942,14.103443302214146,88.74653865247964,0.75,11.282754641771318,88.74653865247964,74.6430953502655,77.46378401070832,HIGH
26,MEATS,3408.136972412109,4400.075452758789,5657.8559331054685,0.75,3520.060362207031,5657.8559331054685,1257.7804803466797,2137.7955708984373,MEDIUM
26,PERSONAL CARE,1664.0392684936523,2260.36336517334,2958.499039978027,0.75,1808.290692138672,2958.499039978027,698.1356748046874,1150.2083478393552,MEDIUM
26,PET SUPPLIES,3.934734708070755,37.8307087123394,131.63557521700858,0.75,30.264566969871524,131.63557521700858,93.80486650466918,101.37100824713706,HIGH
26,PLAYERS AND ELECTRONICS,2.265009450912476,22.374557502567768,103.40490990430116,0.75,17.899646002054215,103.40490990430116,81.0303524017334,85.50526390224695,HIGH
26,POULTRY,1830.8202401733397,2520.945347290039,3360.375625061035,0.75,2016.7562778320314,3360.375625061035,839.4302777709959,1343.6193472290036,MEDIUM
26,PREPARED FOODS,168.7882785797119,378.95928955078125,666.0252895355225,0.75,303.167431640625,666.0252895355225,287.0659999847412,362.85785789489745,HIGH
26,PRODUCE,7250.7928872070315,9011.595321166993,11228.0031875,0.75,7209.276256933595,11228.0031875,2216.4078663330074,4018.726930566406,MEDIUM
26,SCHOOL AND OFFICE SUPPLIES,0.0,0.0,63.997666931152345,0.75,0.0,63.997666931152345,63.997666931152345,63.997666931152345,HIGH
26,SEAFOOD,4.252192497253418,16.854660987854004,89.8884033203125,0.75,13.483728790283203,89.8884033203125,73.0337423324585,76.4046745300293,HIGH
27,AUTOMOTIVE,27.849460124969482,117.88250780105591,247.00192189216614,0.75,94.30600624084474,247.00192189216614,129.11941409111023,152.6959156513214,HIGH
27,BABY CARE,4.135261255502701,35.977640479803085,127.65342130064964,0.75,28.78211238384247,127.65342130064964,91.67578082084655,98.87130891680717,HIGH
27,BEAUTY,46.764426743984224,165.7614963054657,347.5797229766846,0.75,132.60919704437256,347.5797229766846,181.8182266712189,214.97052593231203,HIGH
27,BEVERAGES,47340.43232734375,54020.16748046875,66155.81201171875,0.75,43216.133984375,66155.81201171875,12135.64453125,22939.678027343747,LOW
27,BOOKS,6.060919666290284,36.64491581916809,126.19161095619202,0.75,29.315932655334475,126.19161095619202,89.54669513702393,96.87567830085754,HIGH
27,BREAD/BAKERY,8519.97866821289,10480.23843383789,12942.67617602539,0.75,8384.190747070314,12942.67617602539,2462.4377421874997,4558.485428955077,MEDIUM
27,CELEBRATION,52.221184730529785,247.63856983184814,514.7062120437622,0.75,198.11085586547853,514.7062120437622,267.06764221191406,316.5953561782837,HIGH
27,CLEANING,13056.6836671875,15311.91064453125,18378.923811035154,0.75,12249.528515625001,18378.923811035154,3067.0131665039044,6129.395295410153,LOW
27,DAIRY,14413.566614160156,16963.760803222656,20635.34939404297,0.75,13571.008642578126,20635.34939404297,3671.5885908203127,7064.3407514648425,MEDIUM
27,DELI,3941.418278198242,4904.3913854980465,6136.679748413086,0.75,3923.5131083984375,6136.679748413086,1232.2883629150392,2213.1666400146482,MEDIUM
27,EGGS,3229.5591686401367,4069.7658924560546,5135.267534973144,0.75,3255.812713964844,5135.267534973144,1065.5016425170897,1879.4548210083003,MEDIUM
27,FROZEN FOODS,1588.426241394043,2241.0309443359374,3023.94338092041,0.75,1792.82475546875,3023.94338092041,782.9124365844727,1231.1186254516601,MEDIUM
27,GROCERY I,58242.12544257812,64921.860595703125,77057.50512695312,0.75,51937.4884765625,77057.50512695312,12135.64453125,25120.016650390622,LOW
27,GROCERY II,206.10102081298828,423.00547885894775,720.0706577301025,0.75,338.40438308715824,720.0706577301025,297.0651788711548,381.6662746429443,HIGH
27,HARDWARE,7.983228921890259,56.67672085762024,159.51766276359558,0.75,45.3413766860962,159.51766276359558,102.84094190597534,114.17628607749938,HIGH
27,HOME AND KITCHEN I,288.7962284088135,546.1013689041138,903.16162109375,0.75,436.88109512329106,903.16162109375,357.06025218963623,466.28052597045894,HIGH
27,HOME AND KITCHEN II,234.7369327545166,525.7093086242676,932.7654552459717,0.75,420.5674468994141,932.7654552459717,407.0561466217041,512.1980083465576,HIGH
27,HOME APPLIANCES,4.608060884475709,35.83283819258213,125.37953332960606,0.75,28.666270554065704,125.37953332960606,89.54669513702393,96.71326277554036,HIGH
27,HOME CARE,3376.4066815185547,4339.379788818359,5571.668151733398,0.75,3471.5038310546875,5571.668151733398,1232.2883629150392,2100.1643206787107,MEDIUM
27,LADIESWEAR,65.61675453186035,162.84093570709229,296.7382538318634,0.75,130.27274856567382,296.7382538318634,133.89731812477112,166.46550526618958,HIGH
27,LAWN AND GARDEN,276.4402656555176,527.0119590759277,874.0730323791504,0.75,421.6095672607422,874.0730323791504,347.06107330322266,452.4634651184082,HIGH
27,LINGERIE,45.45728874206543,139.0859031677246,270.5942692756653,0.75,111.26872253417969,270.5942692756653,131.50836610794067,159.3255467414856,HIGH
27,"LIQUOR,WINE,BEER",1795.4905320739747,2467.372837524414,3289.8605421447755,0.75,1973.8982700195313,3289.8605421447755,822.4877046203615,1315.9622721252442,MEDIUM
27,MAGAZINES,11.6233389377594,78.52984595298767,193.31554794311523,0.75,62.82387676239014,193.31554794311523,114.78570199012756,130.4916711807251,HIGH
27,MEATS,3900.8298908691404,4930.288775390625,6244.587096923828,0.75,3944.2310203125003,6244.587096923828,1314.2983215332024,2300.3560766113274,MEDIUM
27,PERSONAL CARE,3165.4675869750977,4043.1947149658204,5165.214198669433,0.75,3234.5557719726567,5165.214198669433,1122.0194837036129,1930.6584266967766,MEDIUM
27,PET SUPPLIES,52.90644598007202,153.7261939048767,290.01246404647827,0.75,122.98095512390137,290.01246404647827,136.28627014160156,167.0315089225769,HIGH
27,PLAYERS AND ELECTRONICS,44.30078983306885,137.92940425872803,269.4377703666687,0.75,110.34352340698243,269.4377703666687,131.50836610794067,159.09424695968627,HIGH
27,POULTRY,5150.7771364746095,6579.150684326172,8385.50875756836,0.75,5263.3205474609385,8385.50875756836,1806.358073242187,3122.1882101074207,MEDIUM
27,PREPARED FOODS,777.6111106872559,1191.5071907043457,1720.2171340026855,0.75,953.2057525634766,1720.2171340026855,528.7099432983398,767.0113814392089,HIGH
27,PRODUCE,38964.589920117185,45644.32507324219,57779.96960449219,0.75,36515.46005859375,57779.96960449219,12135.64453125,21264.509545898436,MEDIUM
27,SCHOOL AND OFFICE SUPPLIES,0.42632247209548957,2.8997110724449158,69.02646368741989,0.75,2.319768857955933,69.02646368741989,66.12675261497498,66.70669482946396,HIGH
27,SEAFOOD,62.92561721801758,239.2895212173462,491.83483505249023,0.75,191.43161697387697,491.83483505249023,252.54531383514404,300.40321807861324,HIGH
28,AUTOMOTIVE,30.780844688415527,124.4094591140747,255.91782522201538,0.75,99.52756729125977,255.91782522201538,131.50836610794067,156.3902579307556,HIGH
28,BABY CARE,3.6806076109409336,30.068654999136925,117.48626445233822,0.75,24.05492399930954,117.48626445233822,87.4176094532013,93.43134045302868,HIGH
28,BEAUTY,17.67289924621582,104.05586314201355,251.53690814971924,0.75,83.24469051361085,251.53690814971924,147.4810450077057,168.29221763610838,HIGH
28,BEVERAGES,51675.93232734375,58355.66748046875,70491.31201171875,0.75,46684.533984375004,70491.31201171875,12135.64453125,23806.778027343746,LOW
28,BOOKS,3.6806076109409336,30.068654999136925,117.48626445233822,0.75,24.05492399930954,117.48626445233822,87.4176094532013,93.43134045302868,HIGH
28,BREAD/BAKERY,9045.718884472657,11300.945861816406,14367.959028320312,0.75,9040.756689453125,14367.959028320312,3067.013166503906,5327.202338867188,MEDIUM
28,CELEBRATION,29.184553146362305,200.87656688690186,443.4227018356323,0.75,160.7012535095215,443.4227018356323,242.54613494873047,282.7214483261108,HIGH
28,CLEANING,17484.196926171877,22984.063232421875,32701.40606640625,0.75,18387.2505859375,32701.40606640625,9717.342833984374,14314.155480468748,MEDIUM
28,DAIRY,13706.187707910156,16256.381896972656,19927.97048779297,0.75,13005.105517578126,19927.97048779297,3671.5885908203127,6922.864970214843,MEDIUM
28,DELI,5434.013183105469,6795.900953735351,8520.249068359375,0.75,5436.720762988281,8520.249068359375,1724.3481146240238,3083.5283053710937,MEDIUM
28,EGGS,3791.0685162353516,4754.041623535156,5986.329986450195,0.75,3803.233298828125,5986.329986450195,1232.2883629150392,2183.09668762207,MEDIUM
28,FROZEN FOODS,804.5755310058594,1181.9860076904297,1676.8108046875,0.75,945.5888061523438,1676.8108046875,494.8247969970703,731.2219985351562,MEDIUM
28,GROCERY I,72484.28388984375,79164.01904296875,91299.66357421875,0.75,63331.215234375006,91299.66357421875,12135.64453125,27968.448339843744,LOW
28,GROCERY II,122.38214015960693,326.1316795349121,605.0238437652588,0.75,260.9053436279297,605.0238437652588,278.8921642303467,344.1185001373291,HIGH
28,HARDWARE,4.618564257025719,40.31459687650204,132.2502440303564,0.75,32.251677501201634,132.2502440303564,91.93564715385438,99.99856652915477,HIGH
28,HOME AND KITCHEN I,334.4316635131836,618.6705923080444,1015.727560043335,0.75,494.93647384643555,1015.727560043335,397.0569677352905,520.7910861968994,HIGH
28,HOME AND KITCHEN II,157.6755781173706,367.84658908843994,654.9125890731812,0.75,294.27727127075195,654.9125890731812,287.0659999847412,360.6353178024292,HIGH
28,HOME APPLIANCES,5.525416696071625,42.14014394953847,134.33565743640065,0.75,33.71211515963078,134.33565743640065,92.19551348686218,100.62354227676988,HIGH
28,HOME CARE,4038.240901611328,5067.699786132813,6381.998107666015,0.75,4054.1598289062504,6381.998107666015,1314.2983215332024,2327.8382787597648,MEDIUM
28,LADIESWEAR,4.87054255604744,25.833626601845026,106.86397900357842,0.75,20.666901281476022,106.86397900357842,81.0303524017334,86.19707772210239,HIGH
28,LAWN AND GARDEN,50.48682975769043,163.29212379455566,315.9260654449463,0.75,130.63369903564453,315.9260654449463,152.63394165039062,185.29236640930176,HIGH
28,LINGERIE,19.904407024383545,105.95459246635437,232.68505454063416,0.75,84.7636739730835,232.68505454063416,126.73046207427979,147.92138056755067,HIGH
28,"LIQUOR,WINE,BEER",588.8330345153809,984.4863128662109,1496.253683013916,0.75,787.5890502929688,1496.253683013916,511.76737014770515,708.6646327209473,HIGH
28,MAGAZINES,3.336456510424614,44.86013017594814,141.3138150304556,0.75,35.888104140758514,141.3138150304556,96.45368485450746,105.42571088969709,HIGH
28,MEATS,2751.3033374023435,3535.2294549560547,4515.954335693359,0.75,2828.183563964844,4515.954335693359,980.7248807373044,1687.7707717285152,MEDIUM
28,PERSONAL CARE,4421.926189086914,5451.385073608399,6765.683395141601,0.75,4361.108058886719,6765.683395141601,1314.2983215332024,2404.575336254882,MEDIUM
28,PET SUPPLIES,13.473767757415771,89.12454843521118,208.68815445899963,0.75,71.29963874816895,208.68815445899963,119.56360602378845,137.3885157108307,HIGH
28,PLAYERS AND ELECTRONICS,16.848703622817993,102.39596056938171,229.1264226436615,0.75,81.91676845550538,229.1264226436615,126.73046207427979,147.20965418815612,HIGH
28,POULTRY,3054.9250744018555,3895.1317982177734,4960.633440734863,0.75,3116.105438574219,4960.633440734863,1065.5016425170897,1844.528002160644,MEDIUM
28,PREPARED FOODS,825.6277122497559,1257.7665939331055,1803.41911038208,0.75,1006.2132751464844,1803.41911038208,545.6525164489744,797.2058352355955,HIGH
28,PRODUCE,23763.863430078127,29263.729736328125,38981.0725703125,0.75,23410.983789062502,38981.0725703125,9717.342833984374,15570.088781249997,MEDIUM
28,SCHOOL AND OFFICE SUPPLIES,0.0,3.5400748252868652,71.79591312408448,0.75,2.832059860229492,71.79591312408448,68.25583829879761,68.96385326385499,HIGH
28,SEAFOOD,10.907904303073883,45.627482771873474,139.8694412946701,0.75,36.50198621749878,139.8694412946701,94.24195852279664,103.36745507717133,HIGH
29,AUTOMOTIVE,17.4940083026886,95.82645523548126,217.77901327610016,0.75,76.66116418838502,217.77901327610016,121.9525580406189,141.11784908771514,HIGH
29,BABY CARE,3.3595626354217534,23.32513327896595,104.35548568069935,0.75,18.660106623172762,104.35548568069935,81.0303524017334,85.69537905752658,HIGH
29,BEAUTY,26.253721278905868,103.08876273036003,240.52675263285636,0.75,82.47101018428803,240.52675263285636,137.43798990249633,158.0557424485683,HIGH
29,BEVERAGES,44699.620315625,51379.35546875,63515.0,0.75,41103.484375,63515.0,12135.64453125,22411.515625,MEDIUM
29,BOOKS,3.3205747365951543,18.7772079706192,95.54938900470734,0.75,15.021766376495362,95.54938900470734,76.77218103408813,80.52762262821197,HIGH
29,BREAD/BAKERY,7822.812042236328,9783.071807861328,12245.509550048828,0.75,7826.457446289063,12245.509550048828,2462.4377421874997,4419.052103759765,MEDIUM
29,CELEBRATION,67.08993864059448,175.17898893356323,327.81293058395386,0.75,140.1431911468506,327.81293058395386,152.63394165039062,187.66973943710326,HIGH
29,CLEANING,13541.451465625,16681.580078125,21562.319517578126,0.75,13345.2640625,21562.319517578126,4880.739439453126,8217.055455078125,MEDIUM
29,DAIRY,10901.028820996095,13156.255798339844,16223.26896484375,0.75,10525.004638671875,16223.26896484375,3067.013166503906,5698.264326171875,MEDIUM
29,DELI,3741.2340046386716,4770.6928891601565,6084.991210693359,0.75,3816.5543113281256,6084.991210693359,1314.2983215332024,2268.4368993652333,MEDIUM
29,EGGS,3169.0872408447267,4085.984912841797,5230.72971081543,0.75,3268.7879302734377,5230.72971081543,1144.744797973633,1961.941780541992,MEDIUM
29,FROZEN FOODS,822.0176429748535,1217.6709213256836,1729.4382914733887,0.75,974.1367370605469,1729.4382914733887,511.76737014770515,755.3015544128418,MEDIUM
29,GROCERY I,58328.0334015625,65007.7685546875,77143.4130859375,0.75,52006.21484375,77143.4130859375,12135.64453125,25137.1982421875,LOW
29,GROCERY II,156.47796058654785,366.6489715576172,653.7149715423584,0.75,293.3191772460938,653.7149715423584,287.0659999847412,360.3957942962646,HIGH
29,HARDWARE,3.0107732594013212,30.727310985326767,118.40478677153587,0.75,24.581848788261414,118.40478677153587,87.6774757862091,93.82293798327446,HIGH
29,HOME AND KITCHEN I,265.31698989868164,529.3555774688721,896.4150085449219,0.75,423.4844619750977,896.4150085449219,367.0594310760498,472.9305465698242,HIGH
29,HOME AND KITCHEN II,73.11752796173096,250.35906505584717,501.07903575897217,0.75,200.28725204467776,501.07903575897217,250.719970703125,300.7917837142944,HIGH
29,HOME APPLIANCES,3.4392537057399752,25.594605065882206,108.75404315143824,0.75,20.475684052705766,108.75404315143824,83.15943808555603,88.27835909873247,HIGH
29,HOME CARE,3379.864337585449,4324.077242797852,5528.106685119629,0.75,3459.2617942382817,5528.106685119629,1204.0294423217774,2068.8448908813475,MEDIUM
29,LADIESWEAR,2.9825261294841767,16.476580388844013,91.11967573910951,0.75,13.18126431107521,91.11967573910951,74.6430953502655,77.9384114280343,HIGH
29,LAWN AND GARDEN,38.65943077802658,129.80320501327515,271.7592326164246,0.75,103.84256401062012,271.7592326164246,141.95602760314944,167.91666860580446,HIGH
29,LINGERIE,19.002811431884766,96.77633595466614,218.72889399528503,0.75,77.42106876373292,218.72889399528503,121.9525580406189,141.3078252315521,HIGH
29,"LIQUOR,WINE,BEER",1268.8390633239746,1811.469555847168,2481.410206085205,0.75,1449.1756446777345,2481.410206085205,669.940650238037,1032.2345614074707,MEDIUM
29,MAGAZINES,3.809478658437729,31.16065189987421,118.5782613530755,0.75,24.92852151989937,118.5782613530755,87.4176094532013,93.64973983317614,HIGH
29,MEATS,1417.7521591186523,2014.0762557983398,2712.211930603027,0.75,1611.261004638672,2712.211930603027,698.1356748046874,1100.9509259643553,MEDIUM
29,PERSONAL CARE,3304.2314166870115,4210.923917724609,5358.435518859863,0.75,3368.7391341796874,5358.435518859863,1147.5116011352538,1989.6963846801755,MEDIUM
29,PET SUPPLIES,14.713754177093506,75.35863947868347,185.36643743515015,0.75,60.28691158294678,185.36643743515015,110.00779795646667,125.07952585220337,HIGH
29,PLAYERS AND ELECTRONICS,15.890884399414062,83.3472671508789,198.13296914100647,0.75,66.67781372070313,198.13296914100647,114.78570199012756,131.45515542030336,HIGH
29,POULTRY,2597.933799255371,3363.0997147216794,4315.565674865723,0.75,2690.4797717773436,4315.565674865723,952.4659601440435,1625.0859030883794,MEDIUM
29,PREPARED FOODS,562.8418579101562,885.5239295959473,1329.5210071411134,0.75,708.4191436767578,1329.5210071411134,443.9970775451661,621.1018634643556,HIGH
29,PRODUCE,19048.15548232422,23073.18572998047,29767.651442382812,0.75,18458.548583984375,29767.651442382812,6694.465712402343,11309.102858398437,MEDIUM
29,SCHOOL AND OFFICE SUPPLIES,0.0,1.8657180294394493,67.99247064441442,0.75,1.4925744235515594,67.99247064441442,66.12675261497498,66.49989622086287,HIGH
29,SEAFOOD,36.81847381591797,99.84708786010742,214.290282869339,0.75,79.87767028808594,214.290282869339,114.44319500923157,134.41261258125306,HIGH
30,AUTOMOTIVE,2.6211299359798432,40.75201967358589,137.20570452809335,0.75,32.601615738868716,137.20570452809335,96.45368485450746,104.60408878922463,HIGH
30,BABY CARE,0.965281316637993,13.867359184660017,88.51045453492551,0.75,11.093887347728014,88.51045453492551,74.6430953502655,77.4165671871975,HIGH
30,BEAUTY,2.634329289197922,20.800673753023148,99.70194047093392,0.75,16.640539002418517,99.70194047093392,78.90126671791077,83.0614014685154,HIGH
30,BEVERAGES,19295.1496125,25974.884765625,38110.529296875,0.75,20779.9078125,38110.529296875,12135.64453125,17330.621484375,MEDIUM
30,BOOKS,1.8402524530887607,10.498528882861137,80.88345286548137,0.75,8.39882310628891,80.88345286548137,70.38492398262024,72.48462975919246,HIGH
30,BREAD/BAKERY,2104.414614196777,2757.019317138672,3539.9317537231445,0.75,2205.6154537109373,3539.9317537231445,782.9124365844727,1334.3163000122072,MEDIUM
30,CELEBRATION,10.9164293050766,50.617603182792664,144.94220235347748,0.75,40.49408254623413,144.94220235347748,94.32459917068482,104.44811980724336,HIGH
30,CLEANING,16277.00907138672,20597.00653076172,27896.047667480467,0.75,16477.605224609375,27896.047667480467,7299.041136718748,11418.442442871092,MEDIUM
30,DAIRY,4090.2893956298826,4986.776725708008,6137.055130004883,0.75,3989.4213805664062,6137.055130004883,1150.2784042968751,2147.6337494384766,MEDIUM
30,DELI,1554.946159362793,2151.2702560424805,2849.405930847168,0.75,1721.0162048339844,2849.405930847168,698.1356748046874,1128.3897260131835,MEDIUM
30,EGGS,1800.5553841552735,2453.160087097168,3236.0725236816406,0.75,1962.5280696777345,3236.0725236816406,782.9124365844727,1273.5444540039061,MEDIUM
30,FROZEN FOODS,395.9719543457031,700.4112243652344,1127.4657287597656,0.75,560.3289794921875,1127.4657287597656,427.05450439453125,567.1367492675781,HIGH
30,GROCERY I,26005.34773261719,32685.082885742188,44820.72741699219,0.75,26148.066308593752,44820.72741699219,12135.64453125,18672.661108398435,MEDIUM
30,GROCERY II,26.021517139673232,99.82472744584084,226.6999295771122,0.75,79.85978195667268,226.6999295771122,126.87520213127135,146.8401476204395,HIGH
30,HARDWARE,1.1075810551643372,13.306896705180407,87.9499920554459,0.75,10.645517364144325,87.9499920554459,74.6430953502655,77.30447469130158,HIGH
30,HOME AND KITCHEN I,52.036993980407715,205.32375812530518,415.1745500564575,0.75,164.25900650024414,415.1745500564575,209.85079193115234,250.91554355621338,HIGH
30,HOME AND KITCHEN II,18.968651056289673,111.20971035957336,246.11400818824768,0.75,88.9677682876587,246.11400818824768,134.90429782867432,157.14623990058897,HIGH
30,HOME APPLIANCES,2.8107221424579625,13.435760281980038,85.94976994842291,0.75,10.74860822558403,85.94976994842291,72.51400966644287,75.20116172283888,HIGH
30,HOME CARE,2056.033783752441,2671.118082519531,3397.5126779174802,0.75,2136.894466015625,3397.5126779174802,726.3945953979492,1260.6182119018554,MEDIUM
30,LADIESWEAR,2.0759763658046726,12.452865850180387,84.96687551662326,0.75,9.96229268014431,84.96687551662326,72.51400966644287,75.00458283647895,HIGH
30,LAWN AND GARDEN,1.4030540168285373,9.40562703460455,79.79055101722479,0.75,7.52450162768364,79.79055101722479,70.38492398262024,72.26604938954115,HIGH
30,LINGERIE,7.073382925987244,46.941558480262756,141.52602398395538,0.75,37.55324678421021,141.52602398395538,94.58446550369263,103.97277719974517,HIGH
30,"LIQUOR,WINE,BEER",568.3970146179199,895.8549938201904,1336.796286743164,0.75,716.6839950561524,1336.796286743164,440.9412929229736,620.1122916870116,HIGH
30,MAGAZINES,1.6040980339050295,16.25110749900341,93.02328853309155,0.75,13.00088599920273,93.02328853309155,76.77218103408813,80.02240253388882,HIGH
30,MEATS,719.7064399719238,1060.6313133239746,1521.5709640197754,0.75,848.5050506591797,1521.5709640197754,460.93965069580076,673.0659133605957,HIGH
30,PERSONAL CARE,1255.2386016845703,1815.0770950317383,2479.327623535156,0.75,1452.0616760253906,2479.327623535156,664.2505285034176,1027.2659475097653,MEDIUM
30,PET SUPPLIES,4.3179643034935,27.216915741562843,110.37635382711888,0.75,21.773532593250277,110.37635382711888,83.15943808555603,88.6028212338686,HIGH
30,PLAYERS AND ELECTRONICS,9.468294328451156,66.68539670109749,174.56410897374153,0.75,53.34831736087799,174.56410897374153,107.87871227264404,121.21579161286354,HIGH
30,POULTRY,1256.0297470092773,1852.3538436889648,2550.489518493652,0.75,1481.883074951172,2550.489518493652,698.1356748046874,1068.6064435424803,MEDIUM
30,PREPARED FOODS,136.85454750061035,333.5586643218994,600.6263065338135,0.75,266.84693145751953,600.6263065338135,267.06764221191406,333.77937507629395,HIGH
30,PRODUCE,8377.368291699218,10566.10949182129,13551.112699707031,0.75,8452.887593457031,13551.112699707031,2985.003207885742,5098.22510625,MEDIUM
30,SCHOOL AND OFFICE SUPPLIES,0.0,0.0,63.997666931152345,0.75,0.0,63.997666931152345,63.997666931152345,63.997666931152345,HIGH
30,SEAFOOD,7.345807075500488,25.04965478926897,106.257232876122,0.75,20.039723831415177,106.257232876122,81.20757808685303,86.21750904470683,HIGH
31,AUTOMOTIVE,30.32181191444397,123.95042634010315,255.45879244804382,0.75,99.16034107208253,255.45879244804382,131.50836610794067,156.2984513759613,HIGH
31,BABY CARE,3.301949301362038,32.81074661388993,120.48822240009903,0.75,26.24859729111195,120.48822240009903,87.6774757862091,94.23962510898708,HIGH
31,BEAUTY,8.501719331741333,69.2959411740303,185.34848920106887,0.75,55.43675293922425,185.34848920106887,116.05254802703857,129.91173626184462,HIGH
31,BEVERAGES,45716.82588203125,52396.56103515625,64532.20556640625,0.75,41917.248828125004,64532.20556640625,12135.64453125,22614.956738281246,MEDIUM
31,BOOKS,3.856201851367951,27.512286815792322,110.67172490134836,0.75,22.00982945263386,110.67172490134836,83.15943808555603,88.66189544871449,HIGH
31,BREAD/BAKERY,6947.913757324219,8908.173522949219,11370.611265136718,0.75,7126.538818359375,11370.611265136718,2462.4377421874997,4244.072446777343,MEDIUM
31,CELEBRATION,75.48549032211304,179.85530614852905,324.31541204452515,0.75,143.88424491882324,324.31541204452515,144.4601058959961,180.4311671257019,HIGH
31,CLEANING,17195.952529003906,22400.851623535156,31513.619033203126,0.75,17920.681298828127,31513.619033203126,9112.76740966797,13592.937734374998,MEDIUM
31,DAIRY,10081.254529003907,12336.481506347656,15403.494672851562,0.75,9869.185205078125,15403.494672851562,3067.013166503906,5534.309467773437,MEDIUM
31,DELI,3512.5215428466795,4409.008872924805,5559.28727722168,0.75,3527.207098339844,5559.28727722168,1150.2784042968751,2032.0801788818358,MEDIUM
31,EGGS,3972.4810749511716,5001.9399594726565,6316.238281005859,0.75,4001.551967578125,6316.238281005859,1314.2983215332024,2314.6863134277337,MEDIUM
31,FROZEN FOODS,1069.7905502319336,1556.6578369140625,2153.1380728149416,0.75,1245.32626953125,2153.1380728149416,596.480235900879,907.8118032836915,MEDIUM
31,GROCERY I,67833.0861359375,74512.8212890625,86648.4658203125,0.75,59610.25703125,86648.4658203125,12135.64453125,27038.208789062497,LOW
31,GROCERY II,60.96258544921875,241.80332851409912,496.1739854812622,0.75,193.44266281127932,496.1739854812622,254.3706569671631,302.7313226699829,HIGH
31,HARDWARE,5.206172096729279,36.35220294445753,126.15876441448927,0.75,29.081762355566028,126.15876441448927,89.80656147003174,97.07700205892324,HIGH
31,HOME AND KITCHEN I,171.8994541168213,395.5373592376709,702.6017169952393,0.75,316.42988739013674,702.6017169952393,307.06435775756836,386.1718296051025,HIGH
31,HOME AND KITCHEN II,179.07500076293945,375.7791175842285,642.8467597961426,0.75,300.6232940673828,642.8467597961426,267.06764221191406,342.2234657287598,HIGH
31,HOME APPLIANCES,3.9753290593624118,29.656525015830994,114.94504878520965,0.75,23.725220012664796,114.94504878520965,85.28852376937866,91.21982877254486,HIGH
31,HOME CARE,4112.309147338867,5075.2822546386715,6307.570617553711,0.75,4060.2258037109373,6307.570617553711,1232.2883629150392,2247.3448138427734,MEDIUM
31,LADIESWEAR,5.661336302757263,55.79728299379349,160.9445362687111,0.75,44.63782639503479,160.9445362687111,105.1472532749176,116.3067098736763,HIGH
31,LAWN AND GARDEN,18.518362712860107,103.11960077285767,240.557590675354,0.75,82.49568061828614,240.557590675354,137.43798990249633,158.06191005706785,HIGH
31,LINGERIE,42.18192982673645,147.48918175697327,291.94928765296936,0.75,117.99134540557861,291.94928765296936,144.4601058959961,173.95794224739075,HIGH
31,"LIQUOR,WINE,BEER",251.60336303710938,495.4416093826294,832.5035037994385,0.75,396.3532875061035,832.5035037994385,337.0618944168091,436.15021629333495,HIGH
31,MAGAZINES,5.643945384025574,45.09257864207029,139.4171778127551,0.75,36.074062913656235,139.4171778127551,94.32459917068482,103.34311489909888,HIGH
31,MEATS,4975.8002109375,6138.230649902343,7616.548888671875,0.75,4910.584519921875,7616.548888671875,1478.3182387695315,2705.96436875,MEDIUM
31,PERSONAL CARE,3782.1736798095703,4745.146787109375,5977.435150024414,0.75,3796.1174296874997,5977.435150024414,1232.2883629150392,2181.317720336914,MEDIUM
31,PET SUPPLIES,12.21611213684082,67.81466495990753,175.43351089954376,0.75,54.25173196792603,175.43351089954376,107.61884593963623,121.18177893161774,HIGH
31,PLAYERS AND ELECTRONICS,33.098570585250854,123.13161826133728,252.2510323524475,0.75,98.50529460906984,252.2510323524475,129.11941409111023,153.74573774337767,HIGH
31,POULTRY,1587.9603805541992,2184.2844772338867,2882.420152038574,0.75,1747.4275817871094,2882.420152038574,698.1356748046874,1134.9925702514647,MEDIUM
31,PREPARED FOODS,584.9454689025879,925.8703422546387,1386.8099929504394,0.75,740.6962738037109,1386.8099929504394,460.93965069580076,646.1137191467285,HIGH
31,PRODUCE,20971.012208984375,25880.944091796875,34389.13607714844,0.75,20704.755273437502,34389.13607714844,8508.191985351565,13684.380803710937,MEDIUM
31,SCHOOL AND OFFICE SUPPLIES,7.750006771087646,19.682917892932892,92.45679389238357,0.75,15.746334314346313,92.45679389238357,72.77387599945068,76.71045957803726,HIGH
31,SEAFOOD,3.666356486082077,31.400722354650497,122.91122187972069,0.75,25.1205778837204,122.91122187972069,91.51049952507019,97.79064399600028,HIGH
32,AUTOMOTIVE,4.829737854003907,22.28753635287285,99.31958371996879,0.75,17.830029082298278,99.31958371996879,77.03204736709594,81.48955463767051,HIGH
32,BABY CARE,1.386360424757004,9.560606680810452,79.94553066343069,0.75,7.648485344648361,79.94553066343069,70.38492398262024,72.29704531878232,HIGH
32,BEAUTY,13.955069416761399,36.995139092206955,118.54522415995598,0.75,29.596111273765565,118.54522415995598,81.55008506774902,88.94911288619042,HIGH
32,BEVERAGES,14127.448328027343,16677.642517089844,20349.231107910156,0.75,13342.114013671875,20349.231107910156,3671.5885908203127,7007.117094238281,MEDIUM
32,BOOKS,1.386360424757004,9.560606680810452,79.94553066343069,0.75,7.648485344648361,79.94553066343069,70.38492398262024,72.29704531878232,HIGH
32,BREAD/BAKERY,1433.4628685302735,2048.547167297363,2774.9417626953123,0.75,1638.8377338378905,2774.9417626953123,726.3945953979492,1136.1040288574218,MEDIUM
32,CELEBRATION,4.307339632511139,24.745552241802216,107.90499032735825,0.75,19.796441793441772,107.90499032735825,83.15943808555603,88.10854853391648,HIGH
32,CLEANING,12336.19450078125,15409.83733605957,20208.56681689453,0.75,12327.869868847658,20208.56681689453,4798.72948083496,7880.696948046872,MEDIUM
32,DAIRY,2389.2758218383788,3079.400928955078,3918.831206726074,0.75,2463.520743164063,3918.831206726074,839.4302777709959,1455.3104635620111,MEDIUM
32,DELI,1251.5808448791504,1829.6621398925781,2510.8552415466306,0.75,1463.7297119140626,2510.8552415466306,681.1931016540525,1047.125529632568,MEDIUM
32,EGGS,2520.5794685668943,3306.1557259521483,4253.088079772949,0.75,2644.924580761719,4253.088079772949,946.9323538208005,1608.1634990112298,MEDIUM
32,FROZEN FOODS,69.50173377990723,243.72556400299072,488.09704208374023,0.75,194.9804512023926,488.09704208374023,244.3714780807495,293.11659088134763,HIGH
32,GROCERY I,18476.894826953125,24566.695556640625,35493.189239257816,0.75,19653.3564453125,35493.189239257816,10926.49368261719,15839.832793945316,MEDIUM
32,GROCERY II,6.782478928565979,38.33170113712549,129.92484131008385,0.75,30.665360909700397,129.92484131008385,91.59314017295836,99.25948040038345,HIGH
32,HARDWARE,1.6994022369384767,11.105423782020807,83.61943344846368,0.75,8.884339025616645,83.61943344846368,72.51400966644287,74.73509442284704,HIGH
32,HOME AND KITCHEN I,62.329322814941406,191.54874897003174,368.70419788360596,0.75,153.2389991760254,368.70419788360596,177.15544891357422,215.46519870758056,HIGH
32,HOME AND KITCHEN II,5.1043213367462155,43.3161763548851,137.64077552556992,0.75,34.65294108390808,137.64077552556992,94.32459917068482,102.98783444166185,HIGH
32,HOME APPLIANCES,1.0513338923454285,8.500263068825006,78.88518705144524,0.75,6.8002104550600055,78.88518705144524,70.38492398262024,72.08497659638523,HIGH
32,HOME CARE,1073.552345275879,1633.3908386230469,2297.6413671264645,0.75,1306.7126708984376,2297.6413671264645,664.2505285034176,990.9286962280269,MEDIUM
32,LADIESWEAR,1.0513338923454285,8.500263068825006,78.88518705144524,0.75,6.8002104550600055,78.88518705144524,70.38492398262024,72.08497659638523,HIGH
32,LAWN AND GARDEN,1.0513338923454285,8.500263068825006,78.88518705144524,0.75,6.8002104550600055,78.88518705144524,70.38492398262024,72.08497659638523,HIGH
32,LINGERIE,2.5418798327445984,10.597126476466656,80.98205045908689,0.75,8.477701181173325,80.98205045908689,70.38492398262024,72.50434927791356,HIGH
32,"LIQUOR,WINE,BEER",373.72737312316895,631.0325136184692,988.0927658081055,0.75,504.82601089477544,988.0927658081055,357.06025218963623,483.26675491333003,HIGH
32,MAGAZINES,1.4657515525817872,9.165437433868647,79.55036141648888,0.75,7.332349947094918,79.55036141648888,70.38492398262024,72.21801146939397,HIGH
32,MEATS,747.8814315795898,1125.2919082641602,1620.1167052612304,0.75,900.2335266113282,1620.1167052612304,494.8247969970703,719.8831786499022,HIGH
32,PERSONAL CARE,871.0791397094727,1321.460823059082,1884.0559126586913,0.75,1057.1686584472657,1884.0559126586913,562.5950895996093,826.8872542114257,HIGH
32,PET SUPPLIES,3.122478866577149,19.271538607776165,98.17280532568694,0.75,15.417230886220933,98.17280532568694,78.90126671791077,82.755574439466,HIGH
32,PLAYERS AND ELECTRONICS,3.0026850521564485,30.89388671517372,120.35794120430947,0.75,24.71510937213898,120.35794120430947,89.46405448913575,95.64283183217049,HIGH
32,POULTRY,508.89199447631836,849.8168678283691,1310.75651852417,0.75,679.8534942626953,1310.75651852417,460.93965069580076,630.9030242614746,HIGH
32,PREPARED FOODS,42.75750494003296,153.7443653345108,317.9480744600296,0.75,122.99549226760865,317.9480744600296,164.2037091255188,194.95258219242095,HIGH
32,PRODUCE,3194.7041958007812,4120.156898925781,5295.927420654297,0.75,3296.1255191406253,5295.927420654297,1175.7705217285156,1999.8019015136715,MEDIUM
32,SCHOOL AND OFFICE SUPPLIES,0.0,0.0,63.997666931152345,0.75,0.0,63.997666931152345,63.997666931152345,63.997666931152345,HIGH
32,SEAFOOD,7.627864837646484,24.277366638183594,105.48494472503663,0.75,19.421893310546878,105.48494472503663,81.20757808685303,86.06305141448975,HIGH
33,AUTOMOTIVE,26.125398635864258,104.60610604286194,226.55866408348083,0.75,83.68488483428956,226.55866408348083,121.9525580406189,142.87377924919127,HIGH
33,BABY CARE,1.8525879323482515,12.514007076621056,85.02801674306393,0.75,10.011205661296845,85.02801674306393,72.51400966644287,75.01681108176709,HIGH
33,BEAUTY,19.987228083610535,64.52094305306673,163.62344625741244,0.75,51.616754442453384,163.62344625741244,99.10250320434571,112.00669181495905,HIGH
33,BEVERAGES,29261.411453320314,35941.14660644531,48076.79113769531,0.75,28752.91728515625,48076.79113769531,12135.64453125,19323.87385253906,MEDIUM
33,BOOKS,1.8525879323482515,12.514007076621056,85.02801674306393,0.75,10.011205661296845,85.02801674306393,72.51400966644287,75.01681108176709,HIGH
33,BREAD/BAKERY,3311.0351834106445,4188.762311401367,5310.78179510498,0.75,3351.009849121094,5310.78179510498,1122.0194837036133,1959.7719459838863,MEDIUM
33,CELEBRATION,58.47304916381836,224.5665397644043,450.7650032043457,0.75,179.65323181152345,450.7650032043457,226.1984634399414,271.1117713928222,HIGH
33,CLEANING,14116.211524023438,16961.372924804688,21237.536939941405,0.75,13569.098339843751,21237.536939941405,4276.164015136717,7668.438600097654,MEDIUM
33,DAIRY,5989.521107666016,7550.866209960937,9521.244200439452,0.75,6040.69296796875,9521.244200439452,1970.3779904785151,3480.5512324707024,MEDIUM
33,DELI,2418.676931213379,3146.322442504883,4042.2705614624024,0.75,2517.0579540039066,4042.2705614624024,895.9481189575195,1525.2126074584958,MEDIUM
33,EGGS,2022.798742767334,2657.1606440429687,3423.1305074768065,0.75,2125.728515234375,3423.1305074768065,765.9698634338379,1297.4019922424313,MEDIUM
33,FROZEN FOODS,696.4130477905273,1037.3379211425781,1498.277571838379,0.75,829.8703369140626,1498.277571838379,460.93965069580076,668.4072349243163,HIGH
33,GROCERY I,44555.38008125,51235.115234375,63370.759765625,0.75,40988.092187500006,63370.759765625,12135.64453125,22382.667578124994,MEDIUM
33,GROCERY II,16.510593509674074,79.04226587712765,198.75061195790767,0.75,63.23381270170212,198.75061195790767,119.70834608078002,135.51679925620556,HIGH
33,HARDWARE,2.429124093055725,15.658609226346016,90.30170457661151,0.75,12.526887381076813,90.30170457661151,74.6430953502655,77.7748171955347,HIGH
33,HOME AND KITCHEN I,121.86683082580566,324.5375680923462,601.6043891906738,0.75,259.63005447387695,601.6043891906738,277.06682109832764,341.9743347167969,HIGH
33,HOME AND KITCHEN II,70.67106628417969,248.14305305480957,498.86302375793457,0.75,198.51444244384766,498.86302375793457,250.719970703125,300.3485813140869,HIGH
33,HOME APPLIANCES,3.363456726074219,14.321676515042782,86.83568618148566,0.75,11.457341212034226,86.83568618148566,72.51400966644287,75.37834496945143,HIGH
33,HOME CARE,2904.476496520996,3744.683220336914,4810.184862854004,0.75,2995.7465762695315,4810.184862854004,1065.5016425170897,1814.4382865844723,MEDIUM
33,LADIESWEAR,2.1048504352569584,10.59401086717844,80.97893484979868,0.75,8.475208693742752,80.97893484979868,70.38492398262024,72.50372615605592,HIGH
33,LAWN AND GARDEN,2.1048504352569584,10.59401086717844,80.97893484979868,0.75,8.475208693742752,80.97893484979868,70.38492398262024,72.50372615605592,HIGH
33,LINGERIE,83.36477279663086,189.89293956756592,334.353045463562,0.75,151.91435165405275,334.353045463562,144.4601058959961,182.43869380950926,HIGH
33,"LIQUOR,WINE,BEER",337.29522132873535,646.5103988647461,1070.509118637085,0.75,517.2083190917969,1070.509118637085,423.998719772339,553.3007995452882,HIGH
33,MAGAZINES,4.67398945093155,23.11262434720993,102.0138910651207,0.75,18.490099477767945,102.0138910651207,78.90126671791077,83.52379158735276,HIGH
33,MEATS,3662.80861328125,4625.781720581054,5858.0700834960935,0.75,3700.6253764648436,5858.0700834960935,1232.2883629150392,2157.44470703125,MEDIUM
33,PERSONAL CARE,2831.948660522461,3578.354373901367,4502.561413452148,0.75,2862.683499121094,4502.561413452148,924.2070395507812,1639.8779143310544,MEDIUM
33,PET SUPPLIES,6.1039103358984,30.049858435988426,113.20929652154446,0.75,24.039886748790742,113.20929652154446,83.15943808555603,89.16940977275371,HIGH
33,PLAYERS AND ELECTRONICS,19.132521390914917,78.87010908126831,188.87790703773499,0.75,63.09608726501465,188.87790703773499,110.00779795646667,125.78181977272033,HIGH
33,POULTRY,2843.198005187988,3608.3639206542966,4560.82988079834,0.75,2886.6911365234373,4560.82988079834,952.4659601440435,1674.1387442749028,MEDIUM
33,PREPARED FOODS,241.16402053833008,471.5353727340698,788.5989093780518,0.75,377.22829818725586,788.5989093780518,317.06353664398193,411.3706111907959,HIGH
33,PRODUCE,18757.42993359375,23667.36181640625,32175.553801757815,0.75,18933.889453125,32175.553801757815,8508.191985351565,13241.664348632814,MEDIUM
33,SCHOOL AND OFFICE SUPPLIES,0.0,0.0,63.997666931152345,0.75,0.0,63.997666931152345,63.997666931152345,63.997666931152345,HIGH
33,SEAFOOD,8.305412292480469,20.907880783081055,93.94162311553956,0.75,16.726304626464845,93.94162311553956,73.0337423324585,77.21531848907472,HIGH
34,AUTOMOTIVE,11.619976997375488,76.1676504611969,188.56440043449402,0.75,60.93412036895752,188.56440043449402,112.39674997329712,127.6302800655365,HIGH
34,BABY CARE,6.605636352300644,37.39423593878746,126.94093107581139,0.75,29.91538875102997,126.94093107581139,89.54669513702393,97.02554232478143,HIGH
34,BEAUTY,30.973249912261963,125.54221248626709,275.4122095108032,0.75,100.43376998901368,275.4122095108032,149.86999702453613,174.97843952178954,HIGH
34,BEVERAGES,33415.31733710937,40095.052490234375,52230.697021484375,0.75,32076.0419921875,52230.697021484375,12135.64453125,20154.655029296875,MEDIUM
34,BOOKS,5.9369226634502414,36.664692014455795,126.21138715147973,0.75,29.331753611564636,126.21138715147973,89.54669513702393,96.87963353991509,HIGH
34,BREAD/BAKERY,8360.386657714844,10320.646423339844,12783.084165527343,0.75,8256.517138671876,12783.084165527343,2462.4377421874997,4526.567026855468,MEDIUM
34,CELEBRATION,37.010194540023804,140.227148771286,282.29830265045166,0.75,112.18171901702881,282.29830265045166,142.07115387916565,170.11658363342286,HIGH
34,CLEANING,11852.268432617188,13812.528198242188,16274.965940429687,0.75,11050.022558593751,16274.965940429687,2462.4377421874997,5224.943381835936,LOW
34,DAIRY,9586.344543457031,11546.604309082031,14009.042051269531,0.75,9237.283447265625,14009.042051269531,2462.4377421874997,4771.758604003906,MEDIUM
34,DELI,3135.8958240966795,3994.86275,5088.623313110352,0.75,3195.8902,5088.623313110352,1093.760563110352,1892.733113110352,MEDIUM
34,EGGS,1640.031782623291,2274.3936838989257,3040.3635473327636,0.75,1819.5149471191407,3040.3635473327636,765.9698634338379,1220.8486002136228,MEDIUM
34,FROZEN FOODS,705.4780426025391,1064.6457176208496,1542.527941467285,0.75,851.7165740966798,1542.527941467285,477.8822238464354,690.8113673706052,HIGH
34,GROCERY I,57687.84272773437,64367.577880859375,76503.22241210938,0.75,51494.062304687504,76503.22241210938,12135.64453125,25009.16010742187,LOW
34,GROCERY II,43.3996376991272,138.05690360069275,278.74608516693115,0.75,110.44552288055421,278.74608516693115,140.6891815662384,168.30056228637693,HIGH
34,HARDWARE,14.688158750534058,79.4426519870758,191.83940196037292,0.75,63.554121589660646,191.83940196037292,112.39674997329712,128.2852803707123,HIGH
34,HOME AND KITCHEN I,247.12862396240234,517.9006586074829,894.9592685699463,0.75,414.32052688598634,894.9592685699463,377.0586099624634,480.63874168395995,HIGH
34,HOME AND KITCHEN II,231.75172233581543,489.0568628311157,846.117115020752,0.75,391.2454902648926,846.117115020752,357.06025218963623,454.87162475585933,HIGH
34,HOME APPLIANCES,6.752411437034607,46.802010893821716,142.99582941532134,0.75,37.44160871505738,142.99582941532134,96.19381852149962,105.55422070026395,HIGH
34,HOME CARE,2868.1902263793945,3708.3969501953125,4773.898592712402,0.75,2966.7175601562503,4773.898592712402,1065.5016425170897,1807.1810325561519,MEDIUM
34,LADIESWEAR,12.546431541442871,82.14253330230713,202.71311902999878,0.75,65.7140266418457,202.71311902999878,120.57058572769165,136.9990923881531,HIGH
34,LAWN AND GARDEN,36.09028935432434,136.22047352790833,287.4724428653717,0.75,108.97637882232667,287.4724428653717,151.25196933746338,178.49606404304504,HIGH
34,LINGERIE,8.706859588623047,68.84397482872009,178.85177278518677,0.75,55.07517986297608,178.85177278518677,110.00779795646667,123.77659292221068,HIGH
34,"LIQUOR,WINE,BEER",431.39538192749023,735.8346519470215,1162.8891563415527,0.75,588.6677215576173,1162.8891563415527,427.05450439453125,574.2214347839355,HIGH
34,MAGAZINES,9.943194150924683,61.5324592590332,166.762353181839,0.75,49.22596740722656,166.762353181839,105.22989392280579,117.53638577461243,HIGH
34,MEATS,2237.808337524414,2909.173242553711,3720.344599731445,0.75,2327.338594042969,3720.344599731445,811.1713571777341,1393.0060056884763,MEDIUM
34,PERSONAL CARE,3493.3565648193357,4389.843894897461,5540.122299194336,0.75,3511.8751159179687,5540.122299194336,1150.2784042968751,2028.2471832763672,MEDIUM
34,PET SUPPLIES,25.379151821136475,111.81663274765015,238.54709482192993,0.75,89.45330619812012,238.54709482192993,126.73046207427979,149.09378862380981,HIGH
34,PLAYERS AND ELECTRONICS,26.324925899505615,116.35797357559204,245.47738766670227,0.75,93.08637886047364,245.47738766670227,129.11941409111023,152.39100880622863,HIGH
34,POULTRY,1795.6582276000977,2429.50272845459,3184.1562444458004,0.75,1943.602182763672,3184.1562444458004,754.6535159912105,1240.5540616821283,MEDIUM
34,PREPARED FOODS,245.53409385681152,509.57268142700195,876.6321125030518,0.75,407.6581451416016,876.6321125030518,367.0594310760498,468.97396736145015,HIGH
34,PRODUCE,10268.475427636718,12818.669616699219,16490.25820751953,0.75,10254.935693359375,16490.25820751953,3671.5885908203127,6235.322514160156,MEDIUM
34,SCHOOL AND OFFICE SUPPLIES,1.6509404599666597,8.97723862528801,79.36216260790825,0.75,7.181790900230408,79.36216260790825,70.38492398262024,72.18037170767784,HIGH
34,SEAFOOD,9.072790622711182,20.56836712360382,93.3422431230545,0.75,16.45469369888306,93.3422431230545,72.77387599945068,76.88754942417144,HIGH
35,AUTOMOTIVE,15.792495799064636,71.99486351013184,177.74449009895324,0.75,57.59589080810547,177.74449009895324,105.7496265888214,120.14859929084776,HIGH
35,BABY CARE,1.6208409249782565,9.912327371537685,80.29725135415792,0.75,7.929861897230149,80.29725135415792,70.38492398262024,72.36738945692777,HIGH
35,BEAUTY,32.4231417953968,72.36465068161488,165.3397631675005,0.75,57.8917205452919,165.3397631675005,92.97511248588563,107.4480426222086,HIGH
35,BEVERAGES,17841.9160671875,23931.716796875,34858.21047949219,0.75,19145.373437500002,34858.21047949219,10926.49368261719,15712.837041992188,MEDIUM
35,BOOKS,1.6208409249782565,9.912327371537685,80.29725135415792,0.75,7.929861897230149,80.29725135415792,70.38492398262024,72.36738945692777,HIGH
35,BREAD/BAKERY,1094.7374076843262,1636.3330993652344,2283.6410547180176,0.75,1309.0664794921877,2283.6410547180176,647.3079553527832,974.5745752258299,MEDIUM
35,CELEBRATION,5.402311342954636,52.54209652543068,157.42948346734048,0.75,42.03367722034454,157.42948346734048,104.8873869419098,115.39580624699593,HIGH
35,CLEANING,6406.706790283203,8101.023447021485,10235.421354736329,0.75,6480.818757617188,10235.421354736329,2134.397907714844,3754.602597119141,MEDIUM
35,DAIRY,2495.6171328125,3242.022846191406,4166.229885742187,0.75,2593.618276953125,4166.229885742187,924.2070395507812,1572.6116087890623,MEDIUM
35,DELI,1048.7468719482422,1608.5853652954102,2272.835893798828,0.75,1286.8682922363282,2272.835893798828,664.2505285034176,985.9676015624996,HIGH
35,EGGS,1793.0816911010743,2464.4465961303713,3275.6179533081054,0.75,1971.5572769042972,3275.6179533081054,811.1713571777341,1304.0606764038082,MEDIUM
35,FROZEN FOODS,410.5587043762207,744.7501306533813,1195.6906024627685,0.75,595.800104522705,1195.6906024627685,450.9404718093872,599.8904979400635,HIGH
35,GROCERY I,24225.44636542969,30905.181518554688,43040.82604980469,0.75,24724.145214843753,43040.82604980469,12135.64453125,18316.680834960935,MEDIUM
35,GROCERY II,28.286697387695312,116.11496913433075,257.81113040447235,0.75,92.8919753074646,257.81113040447235,141.6961612701416,164.91915509700775,HIGH
35,HARDWARE,1.2858140349388125,9.036140892654657,79.4210648752749,0.75,7.228912714123727,79.4210648752749,70.38492398262024,72.19215216115117,HIGH
35,HOME AND KITCHEN I,74.40674352645874,214.74048471450806,408.24360513687134,0.75,171.79238777160646,408.24360513687134,193.50312042236328,236.45121736526488,HIGH
35,HOME AND KITCHEN II,38.79800639152527,132.8633287549019,277.20830837488177,0.75,106.29066300392151,277.20830837488177,144.34497961997988,170.91764537096026,HIGH
35,HOME APPLIANCES,2.7893920540809636,12.866191361099482,85.38020102754236,0.75,10.292953088879585,85.38020102754236,72.51400966644287,75.08724793866277,HIGH
35,HOME CARE,1249.0424194335938,1845.3665161132812,2543.5021909179686,0.75,1476.293212890625,2543.5021909179686,698.1356748046874,1067.2089780273436,MEDIUM
35,LADIESWEAR,1.2858140349388125,8.851983401924372,79.23690738454461,0.75,7.081586721539498,79.23690738454461,70.38492398262024,72.15532066300511,HIGH
35,LAWN AND GARDEN,1.2858140349388125,8.851983401924372,79.23690738454461,0.75,7.081586721539498,79.23690738454461,70.38492398262024,72.15532066300511,HIGH
35,LINGERIE,0.6515942335128786,12.503807589411736,87.14690293967723,0.75,10.00304607152939,87.14690293967723,74.6430953502655,77.14385686814785,HIGH
35,"LIQUOR,WINE,BEER",430.7362747192383,739.951452255249,1163.950172027588,0.75,591.9611618041993,1163.950172027588,423.998719772339,571.9890102233887,HIGH
35,MAGAZINES,1.9978357434272769,14.707213804125786,89.35030915439128,0.75,11.76577104330063,89.35030915439128,74.6430953502655,77.58453811109065,HIGH
35,MEATS,2666.0264642944335,3393.6719755859376,4289.620094543457,0.75,2714.93758046875,4289.620094543457,895.948118957519,1574.6825140747064,MEDIUM
35,PERSONAL CARE,978.5592498779297,1501.9121398925781,2132.2775220947265,0.75,1201.5297119140625,2132.2775220947265,630.3653822021483,930.7478101806639,HIGH
35,PET SUPPLIES,2.3662207603454593,20.736281782388687,101.76663418412208,0.75,16.58902542591095,101.76663418412208,81.0303524017334,85.17760875821114,HIGH
35,PLAYERS AND ELECTRONICS,2.9856903642416004,21.593996480107307,102.6243488818407,0.75,17.275197184085847,102.6243488818407,81.0303524017334,85.34915169775485,HIGH
35,POULTRY,503.3485641479492,826.0306358337402,1270.0277133789064,0.75,660.8245086669922,1270.0277133789064,443.9970775451661,609.2032047119142,HIGH
35,PREPARED FOODS,106.49182319641113,297.2031669616699,556.0969734191895,0.75,237.76253356933594,556.0969734191895,258.89380645751953,318.33443984985354,HIGH
35,PRODUCE,6057.809325683594,7419.697096313476,9144.0452109375,0.75,5935.757677050781,9144.0452109375,1724.3481146240238,3208.287533886719,MEDIUM
35,SCHOOL AND OFFICE SUPPLIES,0.0,0.0,63.997666931152345,0.75,0.0,63.997666931152345,63.997666931152345,63.997666931152345,HIGH
35,SEAFOOD,0.0,0.0,63.997666931152345,0.75,0.0,63.997666931152345,63.997666931152345,63.997666931152345,HIGH
36,AUTOMOTIVE,7.020812749862671,55.335763931274414,158.17670583724976,0.75,44.268611145019534,158.17670583724976,102.84094190597534,113.90809469223022,HIGH
36,BABY CARE,3.39911100268364,21.166195303201675,100.06746202111245,0.75,16.932956242561342,100.06746202111245,78.90126671791077,83.1345057785511,HIGH
36,BEAUTY,24.125738206505776,78.509092643857,187.91451728641988,0.75,62.807274115085605,187.91451728641988,109.40542464256288,125.10724317133428,HIGH
36,BEVERAGES,41574.38838203125,48254.12353515625,60389.76806640625,0.75,38603.298828125,60389.76806640625,12135.64453125,21786.46923828125,MEDIUM
36,BOOKS,3.3205747365951543,18.7772079706192,95.54938900470734,0.75,15.021766376495362,95.54938900470734,76.77218103408813,80.52762262821197,HIGH
36,BREAD/BAKERY,5744.363810058594,7505.166244018555,9721.574110351563,0.75,6004.132995214844,9721.574110351563,2216.4078663330083,3717.4411151367185,MEDIUM
36,CELEBRATION,68.8945484161377,169.71429634094238,306.00056648254395,0.75,135.7714370727539,306.00056648254395,136.28627014160156,170.22912940979003,HIGH
36,CLEANING,12446.800720214844,14407.060485839844,16869.498228027343,0.75,11525.648388671876,16869.498228027343,2462.4377421874997,5343.849839355467,LOW
36,DAIRY,8622.985443115234,10583.245208740234,13045.682950927734,0.75,8466.596166992187,13045.682950927734,2462.4377421874997,4579.086783935547,MEDIUM
36,DELI,2849.3438831787107,3708.310809082031,4802.071372192383,0.75,2966.648647265625,4802.071372192383,1093.760563110352,1835.4227249267578,MEDIUM
36,EGGS,1849.0521950683594,2501.656898010254,3284.5693345947266,0.75,2001.3255184082032,3284.5693345947266,782.9124365844727,1283.2438161865234,MEDIUM
36,FROZEN FOODS,1057.4433563537598,1490.099638458252,2047.0685023498536,0.75,1192.0797107666017,2047.0685023498536,556.9688638916016,854.9887915832519,MEDIUM
36,GROCERY I,54400.09907539062,61079.834228515625,73215.47875976562,0.75,48863.8673828125,73215.47875976562,12135.64453125,24351.611376953122,LOW
36,GROCERY II,43.26628518104553,142.88767266273499,282.5698745250702,0.75,114.310138130188,282.5698745250702,139.6822018623352,168.2597363948822,HIGH
36,HARDWARE,5.84957058429718,24.32391184568405,103.22517856359481,0.75,19.459129476547243,103.22517856359481,78.90126671791076,83.76604908704756,HIGH
36,HOME AND KITCHEN I,110.41421413421631,301.1972551345825,570.0902404785156,0.75,240.95780410766602,570.0902404785156,268.8929853439331,329.13243637084963,HIGH
36,HOME AND KITCHEN II,30.748533725738525,186.5150284767151,404.53965616226196,0.75,149.21202278137207,404.53965616226196,218.02462768554688,255.3276333808899,HIGH
36,HOME APPLIANCES,3.772130173444748,17.516940899193287,92.16003624945878,0.75,14.01355271935463,92.16003624945878,74.6430953502655,78.14648353010415,HIGH
36,HOME CARE,2636.841989501953,3458.2885112304684,4495.531233154297,0.75,2766.630808984375,4495.531233154297,1037.2427219238289,1728.9004241699222,MEDIUM
36,LADIESWEAR,2.9825261294841767,16.476580388844013,91.11967573910951,0.75,13.18126431107521,91.11967573910951,74.6430953502655,77.9384114280343,HIGH
36,LAWN AND GARDEN,202.79355812072754,439.8983573913574,766.9610729217529,0.75,351.91868591308594,766.9610729217529,327.0627155303955,415.042387008667,HIGH
36,LINGERIE,10.908050155639648,66.96786659955978,174.84657887220382,0.75,53.57429327964783,174.84657887220382,107.87871227264404,121.27228559255599,HIGH
36,"LIQUOR,WINE,BEER",567.1662139892578,908.0910873413086,1369.0307380371094,0.75,726.4728698730469,1369.0307380371094,460.93965069580076,642.5578681640625,HIGH
36,MAGAZINES,3.9918540596961978,30.971436567604542,118.38904602080584,0.75,24.777149254083636,118.38904602080584,87.4176094532013,93.6118967667222,HIGH
36,MEATS,2823.359780456543,3626.046100097656,4635.029901428223,0.75,2900.836880078125,4635.029901428223,1008.9838013305666,1734.1930213500978,MEDIUM
36,PERSONAL CARE,2729.497093505859,3513.4232110595703,4494.148091796875,0.75,2810.7385688476566,4494.148091796875,980.7248807373044,1683.4095229492182,MEDIUM
36,PET SUPPLIES,7.0844967603683475,42.349045276641846,134.28469243049622,0.75,33.87923622131348,134.28469243049622,91.93564715385438,100.40545620918274,HIGH
36,PLAYERS AND ELECTRONICS,13.374426639080047,77.08034110069275,189.73695740699767,0.75,61.6642728805542,189.73695740699767,112.65661630630493,128.07268452644348,HIGH
36,POULTRY,1434.4776000976562,2030.8016967773438,2728.937371582031,0.75,1624.641357421875,2728.937371582031,698.1356748046874,1104.2960141601561,MEDIUM
36,PREPARED FOODS,278.99023628234863,576.6960592269897,993.7513847351074,0.75,461.3568473815918,993.7513847351074,417.0553255081177,532.3945373535156,HIGH
36,PRODUCE,18461.097633398436,22781.095092773438,30080.136229492186,0.75,18224.87607421875,30080.136229492186,7299.041136718748,11855.260155273434,MEDIUM
36,SCHOOL AND OFFICE SUPPLIES,0.0,0.0,63.997666931152345,0.75,0.0,63.997666931152345,63.997666931152345,63.997666931152345,HIGH
36,SEAFOOD,1.5539779663085938,25.192280769348145,114.57369461059571,0.75,20.153824615478516,114.57369461059571,89.38141384124756,94.4198699951172,HIGH
37,AUTOMOTIVE,10.645000457763672,75.26148867607117,187.6582386493683,0.75,60.209190940856935,187.6582386493683,112.39674997329712,127.44904770851136,HIGH
37,BABY CARE,3.799007320404053,30.234281226992607,117.6518906801939,0.75,24.187424981594088,117.6518906801939,87.4176094532013,93.46446569859981,HIGH
37,BEAUTY,46.991350173950195,229.79224586486816,480.51221656799316,0.75,183.83379669189455,480.51221656799316,250.719970703125,296.6784198760986,HIGH
37,BEVERAGES,42154.80244453125,48834.53759765625,60970.18212890625,0.75,39067.630078125,60970.18212890625,12135.64453125,21902.552050781247,MEDIUM
37,BOOKS,3.799007320404053,30.234281226992607,117.6518906801939,0.75,24.187424981594088,117.6518906801939,87.4176094532013,93.46446569859981,HIGH
37,BREAD/BAKERY,7105.859558105469,9066.119323730469,11528.557065917968,0.75,7252.895458984375,11528.557065917968,2462.4377421874997,4275.661606933593,MEDIUM
37,CELEBRATION,47.889294147491455,137.92234182357788,267.0417559146881,0.75,110.3378734588623,267.0417559146881,129.11941409111023,156.7038824558258,HIGH
37,CLEANING,14259.616382617187,17399.744995117188,22280.484434570313,0.75,13919.795996093751,22280.484434570313,4880.739439453126,8360.688438476562,MEDIUM
37,DAIRY,13003.343200683594,14963.602966308594,17426.040708496093,0.75,11970.882373046876,17426.040708496093,2462.4377421874997,5455.158335449218,LOW
37,DELI,2111.737564880371,2726.8218636474608,3453.21645904541,0.75,2181.4574909179687,3453.21645904541,726.3945953979492,1271.7589681274412,MEDIUM
37,EGGS,1663.9445571899414,2260.268653869629,2958.4043286743163,0.75,1808.2149230957032,2958.4043286743163,698.1356748046874,1150.189405578613,MEDIUM
37,FROZEN FOODS,1530.4166870117188,2126.7407836914062,2824.8764584960936,0.75,1701.392626953125,2824.8764584960936,698.1356748046874,1123.4838315429686,MEDIUM
37,GROCERY I,55358.89131171875,62038.62646484375,74174.27099609375,0.75,49630.901171875004,74174.27099609375,12135.64453125,24543.369824218746,LOW
37,GROCERY II,477.08502197265625,781.5242919921875,1208.5787963867188,0.75,625.2194335937501,1208.5787963867188,427.05450439453125,583.3593627929687,HIGH
37,HARDWARE,5.682098829746247,40.967956721782684,132.90360387563706,0.75,32.77436537742615,132.90360387563706,91.93564715385438,100.12923849821091,HIGH
37,HOME AND KITCHEN I,216.38260078430176,487.1546354293823,864.2132453918457,0.75,389.7237083435059,864.2132453918457,377.0586099624634,474.4895370483398,HIGH
37,HOME AND KITCHEN II,254.4694766998291,523.283971786499,887.2876182403564,0.75,418.62717742919926,887.2876182403564,364.0036464538574,468.6604408111572,HIGH
37,HOME APPLIANCES,4.7280063241720205,31.993557758629322,117.5419478610158,0.75,25.59484620690346,117.5419478610158,85.54839010238648,91.94710165411234,HIGH
37,HOME CARE,3423.0608342285154,4319.5481643066405,5469.826568603516,0.75,3455.6385314453128,5469.826568603516,1150.2784042968751,2014.1880371582029,MEDIUM
37,LADIESWEAR,156.71757698059082,373.4020023345947,670.4671812057495,0.75,298.7216018676758,670.4671812057495,297.0651788711548,371.7455793380737,HIGH
37,LAWN AND GARDEN,80.61295413970947,282.76551628112793,559.8323373794556,0.75,226.21241302490236,559.8323373794556,277.06682109832764,333.6199243545532,HIGH
37,LINGERIE,5.418863368034363,51.75421905517578,152.7259416103363,0.75,41.403375244140626,152.7259416103363,100.97172255516051,111.32256636619567,HIGH
37,"LIQUOR,WINE,BEER",1286.4624862670898,1882.7865829467773,2580.9222577514647,0.75,1506.229266357422,2580.9222577514647,698.1356748046874,1074.6929913940428,MEDIUM
37,MAGAZINES,44.13095283508301,144.9507007598877,281.23697090148926,0.75,115.96056060791017,281.23697090148926,136.28627014160156,165.2764102935791,HIGH
37,MEATS,2973.3118076171872,3794.758329345703,4832.001051269532,0.75,3035.8066634765623,4832.001051269532,1037.2427219238289,1796.1943877929693,MEDIUM
37,PERSONAL CARE,3363.9351170654295,4260.422447143555,5410.70085144043,0.75,3408.337957714844,5410.70085144043,1150.2784042968751,2002.3628937255858,MEDIUM
37,PET SUPPLIES,36.988335371017456,134.2125165462494,268.1098346710205,0.75,107.37001323699951,268.1098346710205,133.89731812477112,160.739821434021,HIGH
37,PLAYERS AND ELECTRONICS,78.30644655227661,179.1261944770813,315.41246461868286,0.75,143.30095558166505,315.41246461868286,136.28627014160156,172.1115090370178,HIGH
37,POULTRY,3570.584882080078,4467.072212158203,5617.350616455078,0.75,3573.6577697265625,5617.350616455078,1150.2784042968751,2043.6928467285156,MEDIUM
37,PREPARED FOODS,609.7008361816406,914.1401062011719,1341.1946105957031,0.75,731.3120849609376,1341.1946105957031,427.05450439453125,609.8825256347656,HIGH
37,PRODUCE,37344.1408234375,44023.8759765625,56159.5205078125,0.75,35219.10078125,56159.5205078125,12135.64453125,20940.419726562497,MEDIUM
37,SCHOOL AND OFFICE SUPPLIES,0.0,0.0,63.997666931152345,0.75,0.0,63.997666931152345,63.997666931152345,63.997666931152345,HIGH
37,SEAFOOD,13.955291724205017,66.69018298387527,177.62231999635696,0.75,53.35214638710022,177.62231999635696,110.93213701248169,124.27017360925674,HIGH
38,AUTOMOTIVE,23.251407623291016,101.94509696960449,223.8976550102234,0.75,81.5560775756836,223.8976550102234,121.9525580406189,142.34157743453977,HIGH
38,BABY CARE,4.762360715866089,32.38286252319813,119.80047197639942,0.75,25.906290018558504,119.80047197639942,87.4176094532013,93.89418195784091,HIGH
38,BEAUTY,61.42298412322998,221.80267333984375,445.6121847629547,0.75,177.442138671875,445.6121847629547,223.80951142311096,268.1700460910797,HIGH
38,BEVERAGES,40664.40766914062,47344.142822265625,59479.787353515625,0.75,37875.314257812504,59479.787353515625,12135.64453125,21604.47309570312,MEDIUM
38,BOOKS,4.762360715866089,32.38286252319813,119.80047197639942,0.75,25.906290018558504,119.80047197639942,87.4176094532013,93.89418195784091,HIGH
38,BREAD/BAKERY,5972.054422851563,7732.856856811523,9949.264723144532,0.75,6186.285485449219,9949.264723144532,2216.4078663330083,3762.979237695313,MEDIUM
38,CELEBRATION,57.32647705078125,206.3219518661499,416.17274379730225,0.75,165.05756149291994,416.17274379730225,209.85079193115234,251.1151823043823,HIGH
38,CLEANING,14840.293885253906,18275.389709472656,23760.704573242187,0.75,14620.311767578125,23760.704573242187,5485.31486376953,9140.392805664062,MEDIUM
38,DAIRY,11700.766662597656,13661.026428222656,16123.464170410156,0.75,10928.821142578126,16123.464170410156,2462.4377421874997,5194.6430278320295,LOW
38,DELI,2162.667499694824,2852.7926068115235,3692.2228845825193,0.75,2282.234085449219,3692.2228845825193,839.4302777709959,1409.9887991333003,MEDIUM
38,EGGS,1096.664779663086,1656.503273010254,2320.7538015136715,0.75,1325.2026184082033,2320.7538015136715,664.2505285034176,995.5511831054682,MEDIUM
38,FROZEN FOODS,1266.535659790039,1862.8597564697266,2560.995431274414,0.75,1490.2878051757814,2560.995431274414,698.1356748046874,1070.7076260986325,MEDIUM
38,GROCERY I,57518.64643867187,64198.381591796875,76334.02612304688,0.75,51358.7052734375,76334.02612304688,12135.64453125,24975.320849609372,LOW
38,GROCERY II,174.99760341644287,391.90206146240234,688.9672403335571,0.75,313.5216491699219,688.9672403335571,297.0651788711548,375.44559116363524,HIGH
38,HARDWARE,5.865293788909913,46.58657652139664,143.0402613759041,0.75,37.26926121711731,143.0402613759041,96.45368485450746,105.77100015878679,HIGH
38,HOME AND KITCHEN I,309.7766647338867,571.8577127456665,925.8621803131103,0.75,457.48617019653324,925.8621803131103,354.00446756744384,468.3760101165771,HIGH
38,HOME AND KITCHEN II,664.4914894104004,1005.4163627624512,1466.356013458252,0.75,804.333090209961,1466.356013458252,460.93965069580076,662.0229232482909,HIGH
38,HOME APPLIANCES,5.0428232699632645,30.395389933139086,115.68391370251774,0.75,24.31631194651127,115.68391370251774,85.28852376937866,91.36760175600648,HIGH
38,HOME CARE,4127.491846069336,5289.922285034179,6768.240523803711,0.75,4231.937828027344,6768.240523803711,1478.3182387695315,2536.302695776367,MEDIUM
38,LADIESWEAR,198.42649841308594,422.06440353393555,729.1287612915039,0.75,337.6515228271485,729.1287612915039,307.06435775756836,391.4772384643554,HIGH
38,LAWN AND GARDEN,88.12791538238525,264.90752029418945,511.104341506958,0.75,211.92601623535157,511.104341506958,246.19682121276855,299.17832527160647,HIGH
38,LINGERIE,37.38741850852966,134.6115996837616,268.5089178085327,0.75,107.68927974700928,268.5089178085327,133.89731812477112,160.81963806152345,HIGH
38,"LIQUOR,WINE,BEER",2023.1929367370606,2595.823603149414,3313.8890657043457,0.75,2076.6588825195313,3313.8890657043457,718.0654625549319,1237.2301831848145,MEDIUM
38,MAGAZINES,48.17671585083008,148.99646377563477,285.2827339172363,0.75,119.19717102050782,285.2827339172363,136.28627014160156,166.0855628967285,HIGH
38,MEATS,2006.4515701904297,2640.296071044922,3394.9495870361325,0.75,2112.2368568359375,3394.9495870361325,754.6535159912105,1282.712730200195,MEDIUM
38,PERSONAL CARE,4937.3623515625,6166.278567749024,7726.606765136718,0.75,4933.022854199219,7726.606765136718,1560.3281973876947,2793.5839109374992,MEDIUM
38,PET SUPPLIES,29.10679030418396,126.3309714794159,260.228289604187,0.75,101.06477718353273,260.228289604187,133.89731812477112,159.16351242065429,HIGH
38,PLAYERS AND ELECTRONICS,67.6232042312622,168.4429521560669,304.72922229766846,0.75,134.7543617248535,304.72922229766846,136.28627014160156,169.97486057281495,HIGH
38,POULTRY,1615.7837243041993,2268.3884272460937,3051.3008638305664,0.75,1814.710741796875,3051.3008638305664,782.9124365844727,1236.5901220336914,MEDIUM
38,PREPARED FOODS,706.4880981445312,1102.1413764953613,1613.9087466430665,0.75,881.7131011962891,1613.9087466430665,511.76737014770515,732.1956454467773,HIGH
38,PRODUCE,27621.994583203126,34301.729736328125,46437.374267578125,0.75,27441.3837890625,46437.374267578125,12135.64453125,18995.990478515625,MEDIUM
38,SCHOOL AND OFFICE SUPPLIES,0.0,0.0,63.997666931152345,0.75,0.0,63.997666931152345,63.997666931152345,63.997666931152345,HIGH
38,SEAFOOD,55.894328117370605,222.22828578948975,458.4259281158447,0.75,177.78262863159182,458.4259281158447,236.19764232635498,280.6432994842529,HIGH
39,AUTOMOTIVE,43.73360466957092,140.95778584480286,274.855103969574,0.75,112.76622867584229,274.855103969574,133.89731812477112,162.0888752937317,HIGH
39,BABY CARE,5.747349733114243,34.50752259045839,121.92513204365969,0.75,27.606018072366716,121.92513204365969,87.4176094532013,94.31911397129298,HIGH
39,BEAUTY,35.866430974006654,127.15729373693466,271.50227335691454,0.75,101.72583498954774,271.50227335691454,144.34497961997988,169.7764383673668,HIGH
39,BEVERAGES,59651.25679023437,66330.99194335938,78466.63647460938,0.75,53064.7935546875,78466.63647460938,12135.64453125,25401.842919921874,LOW
39,BOOKS,3.8558677673339847,31.506164230406284,118.92377368360758,0.75,25.20493138432503,118.92377368360758,87.4176094532013,93.71884229928256,HIGH
39,BREAD/BAKERY,11042.365417480469,13002.625183105469,15465.062925292968,0.75,10402.100146484376,15465.062925292968,2462.4377421874997,5062.962778808593,LOW
39,CELEBRATION,55.4147424697876,156.23449039459229,292.52076053619385,0.75,124.98759231567384,292.52076053619385,136.28627014160156,167.53316822052,HIGH
39,CLEANING,19542.140066210937,25631.940795898438,36558.43447851563,0.75,20505.552636718752,36558.43447851563,10926.49368261719,16052.881841796876,MEDIUM
39,DAIRY,10352.045654296875,12312.305419921875,14774.743162109375,0.75,9849.844335937501,14774.743162109375,2462.4377421874997,4924.898826171873,MEDIUM
39,DELI,3238.965191345215,4116.692319335937,5238.71180303955,0.75,3293.3538554687498,5238.71180303955,1122.0194837036133,1945.3579475708007,MEDIUM
39,EGGS,6205.974791845703,8386.278420410155,11842.342849365235,0.75,6709.022736328125,11842.342849365235,3456.06442895508,5133.320113037111,MEDIUM
39,FROZEN FOODS,929.8854064941406,1380.26708984375,1942.8621794433593,0.75,1104.213671875,1942.8621794433593,562.5950895996093,838.6485075683593,MEDIUM
39,GROCERY I,81883.69306953125,88563.42822265625,100699.07275390625,0.75,70850.742578125,100699.07275390625,12135.64453125,29848.330175781244,LOW
39,GROCERY II,262.1092052459717,519.414345741272,876.4745979309082,0.75,415.5314765930176,876.4745979309082,357.06025218963623,460.9431213378906,HIGH
39,HARDWARE,6.085083079338074,43.092015132308006,137.15674796998502,0.75,34.47361210584641,137.15674796998502,94.06473283767701,102.68313586413862,HIGH
39,HOME AND KITCHEN I,138.6177043914795,348.34601879119873,635.4120187759399,0.75,278.676815032959,635.4120187759399,287.0659999847412,356.73520374298096,HIGH
39,HOME AND KITCHEN II,132.7874937057495,329.4916105270386,596.5592527389526,0.75,263.59328842163086,596.5592527389526,267.06764221191406,332.9659643173218,HIGH
39,HOME APPLIANCES,3.2892411530017855,35.56143365800381,125.36799512803555,0.75,28.449146926403046,125.36799512803555,89.80656147003174,96.9188482016325,HIGH
39,HOME CARE,4949.844688720703,6245.246682128906,7887.584838134766,0.75,4996.197345703125,7887.584838134766,1642.3381560058597,2891.3874924316406,MEDIUM
39,LADIESWEAR,60.647785663604736,173.45307970046997,326.0870213508606,0.75,138.762463760376,326.0870213508606,152.63394165039062,187.3245575904846,HIGH
39,LAWN AND GARDEN,65.2159013748169,236.9709644317627,479.51709938049316,0.75,189.57677154541017,479.51709938049316,242.54613494873047,289.940327835083,HIGH
39,LINGERIE,114.26486539840698,286.2790551185608,520.6513543128967,0.75,229.02324409484865,520.6513543128967,234.37229919433594,291.62811021804805,HIGH
39,"LIQUOR,WINE,BEER",800.0357856750488,1232.1746673583984,1777.8271838073729,0.75,985.7397338867188,1777.8271838073729,545.6525164489744,792.0874499206541,HIGH
39,MAGAZINES,14.288198471069336,79.06038451194763,193.8460865020752,0.75,63.24830760955811,193.8460865020752,114.78570199012756,130.59777889251708,HIGH
39,MEATS,2268.919925048828,2940.284830078125,3751.4561872558593,0.75,2352.2278640625004,3751.4561872558593,811.1713571777341,1399.2283231933588,MEDIUM
39,PERSONAL CARE,4293.728052124024,5456.158491088867,6934.476729858398,0.75,4364.926792871093,6934.476729858398,1478.3182387695315,2569.549936987305,MEDIUM
39,PET SUPPLIES,35.78555107116699,122.22303199768066,248.95349407196045,0.75,97.77842559814454,248.95349407196045,126.73046207427979,151.1750684738159,HIGH
39,PLAYERS AND ELECTRONICS,81.05415678024292,181.8739047050476,318.16017484664917,0.75,145.4991237640381,318.16017484664917,136.28627014160156,172.66105108261107,HIGH
39,POULTRY,3279.9451405029295,4138.91206640625,5232.672629516602,0.75,3311.1296531250005,5232.672629516602,1093.7605631103515,1921.5429763916013,MEDIUM
39,PREPARED FOODS,525.7580833435059,830.1973533630371,1257.2518577575684,0.75,664.1578826904297,1257.2518577575684,427.05450439453125,593.0939750671387,HIGH
39,PRODUCE,25292.80439765625,31972.53955078125,44108.18408203125,0.75,25578.031640625002,44108.18408203125,12135.64453125,18530.152441406248,MEDIUM
39,SCHOOL AND OFFICE SUPPLIES,69.71490049362183,252.76349210739136,505.3088059425354,0.75,202.2107936859131,505.3088059425354,252.54531383514404,303.09801225662227,HIGH
39,SEAFOOD,64.40344524383545,236.0309181213379,478.57705307006836,0.75,188.82473449707032,478.57705307006836,242.54613494873047,289.75231857299804,HIGH
40,AUTOMOTIVE,11.932871103286743,79.47335147857666,194.25905346870422,0.75,63.57868118286133,194.25905346870422,114.78570199012756,130.6803722858429,HIGH
40,BABY CARE,4.063908699154854,33.90144685283303,123.44814198985696,0.75,27.121157482266426,123.44814198985696,89.54669513702393,96.32698450759054,HIGH
40,BEAUTY,45.29606342315674,146.60797882080078,297.85994815826416,0.75,117.28638305664063,297.85994815826416,151.25196933746338,180.57356510162353,HIGH
40,BEVERAGES,62312.11177070312,68991.84692382812,81127.49145507812,0.75,55193.4775390625,81127.49145507812,12135.64453125,25934.013916015625,LOW
40,BOOKS,3.19346176981926,30.27007280662656,117.68768225982785,0.75,24.216058245301248,117.68768225982785,87.4176094532013,93.47162401452661,HIGH
40,BREAD/BAKERY,5255.062462158203,6550.464455566406,8192.802611572266,0.75,5240.371564453126,8192.802611572266,1642.3381560058597,2952.43104711914,MEDIUM
40,CELEBRATION,54.32636547088623,248.2620849609375,515.3297271728516,0.75,198.60966796875002,515.3297271728516,267.06764221191406,316.7200592041015,HIGH
40,CLEANING,22564.758853027346,28949.526794433594,40480.59590136719,0.75,23159.621435546876,40480.59590136719,11531.069106933595,17320.974465820313,MEDIUM
40,DAIRY,8871.794372558594,10832.054138183594,13294.491880371093,0.75,8665.643310546875,13294.491880371093,2462.4377421874997,4628.848569824218,MEDIUM
40,DELI,4245.674290161133,5208.647397460937,6440.935760375976,0.75,4166.91791796875,6440.935760375976,1232.2883629150392,2274.0178424072265,MEDIUM
40,EGGS,2213.150332763672,2884.515237792969,3695.686594970703,0.75,2307.6121902343752,3695.686594970703,811.1713571777341,1388.0744047363278,MEDIUM
40,FROZEN FOODS,769.3433952331543,1128.5110702514648,1606.3932940979003,0.75,902.8088562011719,1606.3932940979003,477.8822238464354,703.5844378967283,MEDIUM
40,GROCERY I,81058.78388984375,87738.51904296875,99874.16357421875,0.75,70190.815234375,99874.16357421875,12135.64453125,29683.348339843753,LOW
40,GROCERY II,72.8941879272461,223.73199462890625,441.7566223144531,0.75,178.985595703125,441.7566223144531,218.02462768554688,262.7710266113281,HIGH
40,HARDWARE,6.66582293510437,43.109495647251606,137.17422848492862,0.75,34.487596517801286,137.17422848492862,94.06473283767701,102.68663196712734,HIGH
40,HOME AND KITCHEN I,313.7734794616699,577.8120670318604,944.8714981079102,0.75,462.2496536254883,944.8714981079102,367.0594310760498,482.62184448242186,HIGH
40,HOME AND KITCHEN II,83.04656791687012,275.69240283966064,542.7600450515747,0.75,220.55392227172854,542.7600450515747,267.06764221191406,322.20612277984617,HIGH
40,HOME APPLIANCES,2.692027431726456,30.74589993059635,120.29259506762028,0.75,24.596719944477083,120.29259506762028,89.54669513702393,95.6958751231432,HIGH
40,HOME CARE,5187.657677001953,6483.059670410156,8125.397826416016,0.75,5186.447736328126,8125.397826416016,1642.3381560058597,2938.95009008789,MEDIUM
40,LADIESWEAR,3.0740699589252474,27.37908972799778,112.66761349737644,0.75,21.903271782398225,112.66761349737644,85.28852376937866,90.76434171497822,HIGH
40,LAWN AND GARDEN,3.0740699589252474,27.61918704211712,112.90771081149578,0.75,22.095349633693697,112.90771081149578,85.28852376937866,90.81236117780207,HIGH
40,LINGERIE,50.68940210342407,157.50192308425903,301.9620289802551,0.75,126.00153846740723,301.9620289802551,144.4601058959961,175.9604905128479,HIGH
40,"LIQUOR,WINE,BEER",543.8702735900879,884.7951469421387,1345.7347976379394,0.75,707.836117553711,1345.7347976379394,460.93965069580076,637.8986800842284,HIGH
40,MAGAZINES,3.717534065246582,49.42639947682619,150.3981220319867,0.75,39.541119581460954,150.3981220319867,100.97172255516051,110.85700245052575,HIGH
40,MEATS,1702.9656600952148,2299.2897567749023,2997.4254315795897,0.75,1839.431805419922,2997.4254315795897,698.1356748046874,1157.9936261596677,MEDIUM
40,PERSONAL CARE,4293.270093261719,5189.757423339844,6340.035827636719,0.75,4151.805938671875,6340.035827636719,1150.2784042968751,2188.2298889648437,MEDIUM
40,PET SUPPLIES,10.389672434329986,63.12600314617157,168.61576340198516,0.75,50.500802516937256,168.61576340198516,105.4897602558136,118.1149608850479,HIGH
40,PLAYERS AND ELECTRONICS,34.58123803138733,128.2098524570465,259.7182185649872,0.75,102.56788196563721,259.7182185649872,131.50836610794067,157.15033659934997,HIGH
40,POULTRY,2494.15719921875,3165.522104248047,3976.693461425781,0.75,2532.417683398438,3976.693461425781,811.1713571777341,1444.2757780273432,MEDIUM
40,PREPARED FOODS,480.11083602905273,784.550106048584,1211.6046104431152,0.75,627.6400848388672,1211.6046104431152,427.05450439453125,583.964525604248,HIGH
40,PRODUCE,17839.892469433595,21569.955505371094,27659.845793457032,0.75,17255.964404296876,27659.845793457032,6089.890288085939,10403.881389160157,MEDIUM
40,SCHOOL AND OFFICE SUPPLIES,0.0,0.0,63.997666931152345,0.75,0.0,63.997666931152345,63.997666931152345,63.997666931152345,HIGH
40,SEAFOOD,4.873535311222076,47.130608677864075,153.54470798969268,0.75,37.70448694229126,153.54470798969268,106.41409931182861,115.84022104740143,HIGH
41,AUTOMOTIVE,38.65465950965881,131.08491349220276,265.9892113208771,0.75,104.86793079376221,265.9892113208771,134.90429782867432,161.12128052711486,HIGH
41,BABY CARE,4.20860812664032,20.396249413490295,97.16843044757843,0.75,16.316999530792238,97.16843044757843,76.77218103408813,80.8514309167862,HIGH
41,BEAUTY,49.75033664703369,220.58467197418213,454.95697116851807,0.75,176.4677375793457,454.95697116851807,234.37229919433594,278.4892335891724,HIGH
41,BEVERAGES,42080.64448554687,48760.379638671875,60896.024169921875,0.75,39008.3037109375,60896.024169921875,12135.64453125,21887.720458984375,MEDIUM
41,BOOKS,4.20860812664032,20.365835309028625,97.13801634311676,0.75,16.292668247222903,97.13801634311676,76.77218103408813,80.84534809589385,HIGH
41,BREAD/BAKERY,6381.8470390625,8275.62102746582,10656.048811035156,0.75,6620.496821972657,10656.048811035156,2380.4277835693356,4035.551989062499,MEDIUM
41,CELEBRATION,51.13568449020386,185.59360933303833,379.0967297554016,0.75,148.47488746643066,379.0967297554016,193.50312042236328,230.62184228897095,HIGH
41,CLEANING,16185.287770312501,20800.25244140625,28703.869002441406,0.75,16640.201953125,28703.869002441406,7903.616561035156,12063.667049316406,MEDIUM
41,DAIRY,10578.567761425782,12833.794738769531,15900.807905273437,0.75,10267.035791015625,15900.807905273437,3067.013166503906,5633.772114257812,MEDIUM
41,DELI,3311.644153259277,4255.85705847168,5459.886500793457,0.75,3404.685646777344,5459.886500793457,1204.0294423217774,2055.200854016113,MEDIUM
41,EGGS,1744.64085546875,2378.4853563232423,3133.138872314453,0.75,1902.7882850585938,3133.138872314453,754.6535159912105,1230.350587255859,MEDIUM
41,FROZEN FOODS,1842.878374572754,2495.4830775146484,3278.395514099121,0.75,1996.3864620117188,3278.395514099121,782.9124365844727,1282.0090520874023,MEDIUM
41,GROCERY I,57371.88642890625,64051.62158203125,76187.26611328125,0.75,51241.297265625006,76187.26611328125,12135.64453125,24945.968847656244,LOW
41,GROCERY II,288.8120632171631,566.3175449371338,953.3753337860107,0.75,453.05403594970704,953.3753337860107,387.05778884887695,500.3212978363037,HIGH
41,HARDWARE,4.84412648677826,32.70922137796879,120.12683083117008,0.75,26.16737710237503,120.12683083117008,87.4176094532013,93.95945372879505,HIGH
41,HOME AND KITCHEN I,197.53249549865723,413.80441093444824,710.869589805603,0.75,331.04352874755864,710.869589805603,297.0651788711548,379.8260610580444,HIGH
41,HOME AND KITCHEN II,170.32423782348633,380.49524879455566,667.5612487792969,0.75,304.39619903564454,667.5612487792969,287.0659999847412,363.16504974365233,HIGH
41,HOME APPLIANCES,6.009749287366867,21.54412380605936,96.18721915632486,0.75,17.23529904484749,96.18721915632486,74.6430953502655,78.95192011147736,HIGH
41,HOME CARE,3400.467518310547,4363.440625610351,5595.72898852539,0.75,3490.752500488281,5595.72898852539,1232.2883629150392,2104.9764880371094,MEDIUM
41,LADIESWEAR,164.89644241333008,375.0425262451172,662.1085262298584,0.75,300.0340209960938,662.1085262298584,287.0659999847412,362.0745052337646,HIGH
41,LAWN AND GARDEN,74.16692447662354,265.01306533813477,535.7313938140869,0.75,212.0104522705078,535.7313938140869,270.71832847595215,323.7209415435791,HIGH
41,LINGERIE,57.62607479095459,158.44582271575928,294.73209285736084,0.75,126.75665817260743,294.73209285736084,136.28627014160156,167.9754346847534,HIGH
41,"LIQUOR,WINE,BEER",1288.0169990844727,1830.1300911865235,2488.7543939819334,0.75,1464.1040729492188,2488.7543939819334,658.6243027954099,1024.6503210327146,MEDIUM
41,MAGAZINES,42.03316020965576,142.85290813446045,279.139178276062,0.75,114.28232650756837,279.139178276062,136.28627014160156,164.85685176849364,HIGH
41,MEATS,2879.3247431030272,3606.9702543945314,4502.91837335205,0.75,2885.5762035156254,4502.91837335205,895.948118957519,1617.342169836425,MEDIUM
41,PERSONAL CARE,5227.884595703125,6722.743920776367,8611.111952636718,0.75,5378.195136621094,8611.111952636718,1888.368031860351,3232.916816015624,MEDIUM
41,PET SUPPLIES,72.60424566268921,181.32937574386597,333.9633173942566,0.75,145.0635005950928,333.9633173942566,152.63394165039062,188.8998167991638,HIGH
41,PLAYERS AND ELECTRONICS,41.22972774505615,134.85834217071533,266.366708278656,0.75,107.88667373657228,266.366708278656,131.50836610794067,158.48003454208373,HIGH
41,POULTRY,2548.2523425292966,3332.178460083008,4312.903340820312,0.75,2665.7427680664064,4312.903340820312,980.7248807373044,1647.1605727539059,MEDIUM
41,PREPARED FOODS,367.8815803527832,672.3208503723145,1099.3753547668457,0.75,537.8566802978515,1099.3753547668457,427.05450439453125,561.5186744689942,HIGH
41,PRODUCE,29618.39619453125,36298.13134765625,48433.77587890625,0.75,29038.505078125003,48433.77587890625,12135.64453125,19395.270800781247,MEDIUM
41,SCHOOL AND OFFICE SUPPLIES,0.0,0.0,63.997666931152345,0.75,0.0,63.997666931152345,63.997666931152345,63.997666931152345,HIGH
41,SEAFOOD,16.116894400119783,63.72882564365864,170.6626576215029,0.75,50.98306051492691,170.6626576215029,106.93383197784425,119.67959710657598,HIGH
42,AUTOMOTIVE,6.611879962682724,55.04334846138954,156.2749373495579,0.75,44.034678769111636,156.2749373495579,101.23158888816835,112.24025858044625,HIGH
42,BABY CARE,4.169203197956086,20.405240833759308,97.17742186784744,0.75,16.32419266700745,97.17742186784744,76.77218103408813,80.85322920083999,HIGH
42,BEAUTY,46.479822874069214,200.3673083782196,418.3919360637665,0.75,160.2938467025757,418.3919360637665,218.02462768554688,258.0980893611908,HIGH
42,BEVERAGES,40137.74458320312,46817.479736328125,58953.124267578125,0.75,37453.9837890625,58953.124267578125,12135.64453125,21499.140478515626,MEDIUM
42,BOOKS,4.169203197956086,20.405240833759308,97.17742186784744,0.75,16.32419266700745,97.17742186784744,76.77218103408813,80.85322920083999,HIGH
42,BREAD/BAKERY,6697.330047607422,8657.589813232422,11120.027555419922,0.75,6926.071850585938,11120.027555419922,2462.4377421874997,4193.955704833984,MEDIUM
42,CELEBRATION,49.46525287628174,151.18630123138428,293.2574551105499,0.75,120.94904098510743,293.2574551105499,142.07115387916565,172.30841412544248,HIGH
42,CLEANING,12111.644226074219,14071.903991699219,16534.34173388672,0.75,11257.523193359375,16534.34173388672,2462.4377421874997,5276.818540527343,LOW
42,DAIRY,12452.15943623047,14707.386413574219,17774.399580078127,0.75,11765.909130859376,17774.399580078127,3067.013166503908,6008.490449218751,MEDIUM
42,DELI,2378.419104248047,3124.824817626953,4049.0318571777343,0.75,2499.8598541015626,4049.0318571777343,924.2070395507812,1549.1720030761717,MEDIUM
42,EGGS,1862.643525756836,2496.488026611328,3251.1415426025387,0.75,1997.1904212890627,3251.1415426025387,754.6535159912105,1253.951121313476,MEDIUM
42,FROZEN FOODS,1387.7004623413086,1984.024559020996,2682.1602338256835,0.75,1587.219647216797,2682.1602338256835,698.1356748046874,1094.9405866088864,MEDIUM
42,GROCERY I,51139.7834015625,57819.5185546875,69955.1630859375,0.75,46255.61484375,69955.1630859375,12135.64453125,23699.5482421875,LOW
42,GROCERY II,207.09569549560547,457.6673889160156,804.7284622192383,0.75,366.1339111328125,804.7284622192383,347.06107330322266,438.5945510864258,HIGH
42,HARDWARE,2.5003154397010805,30.070589408278465,117.48819886147976,0.75,24.056471526622772,117.48819886147976,87.4176094532013,93.43172733485699,HIGH
42,HOME AND KITCHEN I,208.5485725402832,418.71958351135254,705.7855834960938,0.75,334.97566680908204,705.7855834960938,287.0659999847412,370.8099166870117,HIGH
42,HOME AND KITCHEN II,132.32084846496582,311.9383735656738,559.9605379104614,0.75,249.55069885253909,559.9605379104614,248.0221643447876,310.40983905792234,HIGH
42,HOME APPLIANCES,4.7463308632373815,20.70817056298256,97.4803515970707,0.75,16.56653645038605,97.4803515970707,76.77218103408813,80.91381514668464,HIGH
42,HOME CARE,3095.132503173828,3954.099429077148,5047.8599921875,0.75,3163.2795432617186,5047.8599921875,1093.760563110352,1884.5804489257816,MEDIUM
42,LADIESWEAR,113.14717292785645,321.10111713409424,608.1671171188354,0.75,256.8808937072754,608.1671171188354,287.0659999847412,351.28622341156006,HIGH
42,LAWN AND GARDEN,244.3725299835205,515.1445646286011,892.2031745910645,0.75,412.1156517028809,892.2031745910645,377.0586099624634,480.08752288818357,HIGH
42,LINGERIE,55.63265312314034,167.1514674127102,326.83713883757594,0.75,133.72117393016816,326.83713883757594,159.68567142486575,193.11596490740777,HIGH
42,"LIQUOR,WINE,BEER",880.4458961486816,1330.827579498291,1893.4226690979003,0.75,1064.6620635986328,1893.4226690979003,562.5950895996093,828.7606054992675,HIGH
42,MAGAZINES,33.38292217254639,116.2248363494873,240.56634640693665,0.75,92.97986907958985,240.56634640693665,124.34151005744934,147.5864773273468,HIGH
42,MEATS,3171.8199116210935,4030.786837524414,5124.547400634766,0.75,3224.6294700195313,5124.547400634766,1093.760563110352,1899.9179306152346,MEDIUM
42,PERSONAL CARE,3216.963283996582,4094.6904119873047,5216.709895690918,0.75,3275.752329589844,5216.709895690918,1122.0194837036129,1940.9575661010736,MEDIUM
42,PET SUPPLIES,32.9467031955719,122.97975087165833,252.09916496276855,0.75,98.38380069732666,252.09916496276855,129.11941409111023,153.7153642654419,HIGH
42,PLAYERS AND ELECTRONICS,36.81922960281372,126.85227727890015,255.97169137001038,0.75,101.48182182312013,255.97169137001038,129.11941409111023,154.48986954689025,HIGH
42,POULTRY,3232.6164974975586,4110.343625488281,5232.363109191894,0.75,3288.2749003906247,5232.363109191894,1122.0194837036133,1944.0882088012695,MEDIUM
42,PREPARED FOODS,375.59967041015625,680.0389404296875,1107.0934448242188,0.75,544.03115234375,1107.0934448242188,427.05450439453125,563.0622924804687,HIGH
42,PRODUCE,37155.5880890625,43835.3232421875,55970.9677734375,0.75,35068.258593750004,55970.9677734375,12135.64453125,20902.709179687496,MEDIUM
42,SCHOOL AND OFFICE SUPPLIES,0.0,0.0,63.997666931152345,0.75,0.0,63.997666931152345,63.997666931152345,63.997666931152345,HIGH
42,SEAFOOD,72.81220245361328,243.29414653778076,479.49178886413574,0.75,194.63531723022462,479.49178886413574,236.19764232635498,284.85647163391116,HIGH
43,AUTOMOTIVE,19.686999082565308,87.34743237495422,202.1331343650818,0.75,69.87794589996338,202.1331343650818,114.78570199012756,132.2551884651184,HIGH
43,BABY CARE,5.594865798950195,33.712051928043365,121.12966138124466,0.75,26.969641542434694,121.12966138124466,87.4176094532013,94.16001983880997,HIGH
43,BEAUTY,42.48048613071442,140.25161403417587,289.37449768781664,0.75,112.2012912273407,289.37449768781664,149.12288365364077,177.17320646047594,HIGH
43,BEVERAGES,77925.76899726562,84605.50415039062,96741.14868164062,0.75,67684.4033203125,96741.14868164062,12135.64453125,29056.745361328125,LOW
43,BOOKS,5.446012735366821,33.50236850976944,120.91997796297073,0.75,26.801894807815554,120.91997796297073,87.4176094532013,94.11808315515518,HIGH
43,BREAD/BAKERY,7504.39794921875,9464.65771484375,11927.09545703125,0.75,7571.726171875001,11927.09545703125,2462.4377421874997,4355.369285156249,MEDIUM
43,CELEBRATION,59.33137130737305,249.7563180923462,516.8239603042603,0.75,199.80505447387696,516.8239603042603,267.06764221191406,317.0189058303833,HIGH
43,CLEANING,15974.803675683594,19999.833923339844,26694.299635742187,0.75,15999.867138671876,26694.299635742187,6694.465712402343,10694.432497070311,MEDIUM
43,DAIRY,9414.77880859375,11375.03857421875,13837.47631640625,0.75,9100.030859375,13837.47631640625,2462.4377421874997,4737.44545703125,MEDIUM
43,DELI,3810.6931126708982,4707.180442749023,5857.458847045898,0.75,3765.744354199219,5857.458847045898,1150.2784042968751,2091.7144928466796,MEDIUM
43,EGGS,2928.3720048217774,3684.9828891601564,4606.423125549316,0.75,2947.9863113281253,4606.423125549316,921.4402363891595,1658.4368142211906,MEDIUM
43,FROZEN FOODS,610.0727195739746,969.2403945922852,1447.1226184387206,0.75,775.3923156738282,1447.1226184387206,477.8822238464354,671.7303027648924,HIGH
43,GROCERY I,74783.163284375,81462.8984375,93598.54296875,0.75,65170.318750000006,93598.54296875,12135.64453125,28428.224218749994,LOW
43,GROCERY II,97.31942987442017,210.1247239112854,362.758665561676,0.75,168.09977912902832,362.758665561676,152.63394165039062,194.6588864326477,HIGH
43,HARDWARE,4.524812990427018,32.35510282218456,119.77271227538586,0.75,25.88408225774765,119.77271227538586,87.4176094532013,93.8886300176382,HIGH
43,HOME AND KITCHEN I,112.56596565246582,290.25154876708984,532.7976837158203,0.75,232.20123901367188,532.7976837158203,242.54613494873047,300.59644470214846,HIGH
43,HOME AND KITCHEN II,64.74311256408691,235.2648220062256,477.81095695495605,0.75,188.21185760498048,477.81095695495605,242.54613494873047,289.5990993499756,HIGH
43,HOME APPLIANCES,4.1737480700016025,31.665184900164604,119.0827943533659,0.75,25.332147920131685,119.0827943533659,87.4176094532013,93.75064643323421,HIGH
43,HOME CARE,3223.9832119750977,4101.71033996582,5223.729823669433,0.75,3281.368271972656,5223.729823669433,1122.0194837036133,1942.361551696777,MEDIUM
43,LADIESWEAR,4.143333488702774,31.450613662600517,118.86822311580181,0.75,25.160490930080414,118.86822311580181,87.4176094532013,93.7077321857214,HIGH
43,LAWN AND GARDEN,76.4189076423645,201.95042181015015,372.7573781013489,0.75,161.56033744812012,372.7573781013489,170.80695629119873,211.19704065322875,HIGH
43,LINGERIE,8.505091059207917,44.616140857338905,136.55178801119328,0.75,35.69291268587113,136.55178801119328,91.93564715385438,100.85887532532215,HIGH
43,"LIQUOR,WINE,BEER",1070.869068939209,1485.2825493774415,2025.3088401184082,0.75,1188.2260395019532,2025.3088401184082,540.0262907409667,837.082800616455,MEDIUM
43,MAGAZINES,15.058409667015075,66.51426655054092,169.61507478952407,0.75,53.21141324043274,169.61507478952407,103.10080823898315,116.40366154909134,HIGH
43,MEATS,2601.5599765624997,3423.0064982910153,4460.249220214844,0.75,2738.4051986328122,4460.249220214844,1037.2427219238289,1721.844021582032,MEDIUM
43,PERSONAL CARE,3773.6244549560547,4736.597562255859,5968.885925170898,0.75,3789.2780498046873,5968.885925170898,1232.2883629150392,2179.607875366211,MEDIUM
43,PET SUPPLIES,14.195833510160446,68.78834846615791,174.2781087219715,0.75,55.030678772926336,174.2781087219715,105.4897602558136,119.24742994904517,HIGH
43,PLAYERS AND ELECTRONICS,11.083537411689758,62.20987808704376,165.57055265903472,0.75,49.76790246963501,165.57055265903472,103.36067457199096,115.80265018939971,HIGH
43,POULTRY,3095.7200107421872,3917.166532470703,4954.409254394532,0.75,3133.7332259765626,4954.409254394532,1037.2427219238289,1820.676028417969,MEDIUM
43,PREPARED FOODS,1371.6988525390625,1968.02294921875,2666.1586240234374,0.75,1574.4183593750001,2666.1586240234374,698.1356748046874,1091.7402646484372,MEDIUM
43,PRODUCE,17416.261207617186,21736.258666992188,29035.299803710936,0.75,17389.00693359375,29035.299803710936,7299.041136718748,11646.292870117184,MEDIUM
43,SCHOOL AND OFFICE SUPPLIES,0.60904860496521,9.97640061378479,82.49041028022766,0.75,7.981120491027832,82.49041028022766,72.51400966644287,74.50928978919983,HIGH
43,SEAFOOD,0.0,0.0,63.997666931152345,0.75,0.0,63.997666931152345,63.997666931152345,63.997666931152345,HIGH
44,AUTOMOTIVE,73.21101760864258,249.23584365844727,493.6073217391968,0.75,199.38867492675783,493.6073217391968,244.3714780807495,294.2186468124389,HIGH
44,BABY CARE,7.713581490516662,38.484635174274445,126.42197729349137,0.75,30.787708139419557,126.42197729349137,87.93734211921692,95.6342691540718,HIGH
44,BEAUTY,128.856707572937,327.0421724319458,597.760500907898,0.75,261.6337379455567,597.760500907898,270.71832847595215,336.1267629623413,HIGH
44,BEVERAGES,158311.76289375,164991.498046875,177127.142578125,0.75,131993.19843750002,177127.142578125,12135.64453125,45133.94414062498,LOW
44,BOOKS,7.713581490516662,38.484635174274445,126.42197729349137,0.75,30.787708139419557,126.42197729349137,87.93734211921692,95.6342691540718,HIGH
44,BREAD/BAKERY,21816.433548046876,28496.168701171875,40631.813232421875,0.75,22796.934960937502,40631.813232421875,12135.64453125,17834.878271484373,MEDIUM
44,CELEBRATION,258.7362232208252,536.2417049407959,923.2994937896729,0.75,428.99336395263674,923.2994937896729,387.05778884887695,494.3061298370361,HIGH
44,CLEANING,38590.27668769531,45270.01184082031,57405.65637207031,0.75,36216.00947265625,57405.65637207031,12135.64453125,21189.64689941406,MEDIUM
44,DAIRY,36897.53950507812,43577.274658203125,55712.919189453125,0.75,34861.8197265625,55712.919189453125,12135.64453125,20851.099462890626,MEDIUM
44,DELI,7971.281426269531,9865.055414672852,12245.483198242187,0.75,7892.0443317382815,12245.483198242187,2380.4277835693356,4353.438866503906,MEDIUM
44,EGGS,8712.926781494141,10606.700769897461,12987.128553466797,0.75,8485.360615917969,12987.128553466797,2380.4277835693356,4501.767937548828,MEDIUM
44,FROZEN FOODS,6118.709156982422,7680.054259277344,9650.432249755859,0.75,6144.043407421876,9650.432249755859,1970.3779904785151,3506.388842333983,MEDIUM
44,GROCERY I,166314.0402375,172993.775390625,185129.419921875,0.75,138395.0203125,185129.419921875,12135.64453125,46734.39960937499,LOW
44,GROCERY II,1170.4938049316406,1766.8179016113281,2464.9535764160155,0.75,1413.4543212890626,2464.9535764160155,698.1356748046874,1051.499255126953,MEDIUM
44,HARDWARE,20.222782558202745,75.56767037510872,181.57716329693795,0.75,60.45413630008698,181.57716329693795,106.00949292182924,121.12302699685097,HIGH
44,HOME AND KITCHEN I,1590.9876861572266,2187.311782836914,2885.4474576416014,0.75,1749.8494262695312,2885.4474576416014,698.1356748046874,1135.5980313720702,MEDIUM
44,HOME AND KITCHEN II,1481.206153869629,2077.5302505493164,2775.665925354004,0.75,1662.0242004394531,2775.665925354004,698.1356748046874,1113.6417249145507,MEDIUM
44,HOME APPLIANCES,8.078008750081063,41.82309313118458,132.14938726723193,0.75,33.45847450494767,132.14938726723193,90.32629413604735,98.69091276228426,HIGH
44,HOME CARE,10399.148327832032,12654.375305175781,15721.388471679687,0.75,10123.500244140625,15721.388471679687,3067.013166503906,5597.888227539062,MEDIUM
44,LADIESWEAR,434.460018157959,750.4086427688599,1184.4065414276124,0.75,600.3269142150879,1184.4065414276124,433.99789865875255,584.0796272125245,HIGH
44,LAWN AND GARDEN,199.02384757995605,415.9283056259155,712.9934844970703,0.75,332.74264450073247,712.9934844970703,297.0651788711548,380.25083999633785,HIGH
44,LINGERIE,221.49774551391602,479.5435600280762,838.4291553497314,0.75,383.634848022461,838.4291553497314,358.8855953216553,454.7943073272705,HIGH
44,"LIQUOR,WINE,BEER",4564.872110351563,5727.302549316406,7205.620788085937,0.75,4581.842039453125,7205.620788085937,1478.3182387695315,2623.7787486328125,MEDIUM
44,MAGAZINES,171.39436531066895,395.03227043151855,702.0966281890869,0.75,316.0258163452149,702.0966281890869,307.06435775756836,386.07081184387204,HIGH
44,MEATS,12404.842273730468,15544.970886230469,20425.710325683594,0.75,12435.976708984375,20425.710325683594,4880.739439453126,7989.733616699219,MEDIUM
44,PERSONAL CARE,8091.543724853515,9985.317713256836,12365.745496826172,0.75,7988.254170605469,12365.745496826172,2380.4277835693356,4377.491326220703,MEDIUM
44,PET SUPPLIES,516.4598388671875,839.1419105529785,1283.1389880981446,0.75,671.3135284423829,1283.1389880981446,443.9970775451661,611.8254596557617,HIGH
44,PLAYERS AND ELECTRONICS,292.6335029602051,549.9386434555054,906.9988956451416,0.75,439.95091476440433,906.9988956451416,357.06025218963623,467.04798088073727,HIGH
44,POULTRY,16576.807093652344,20601.837341308594,27296.303053710937,0.75,16481.469873046877,27296.303053710937,6694.465712402343,10814.83318066406,MEDIUM
44,PREPARED FOODS,4186.198590576172,5082.685920654297,6232.964324951172,0.75,4066.1487365234375,6232.964324951172,1150.2784042968751,2166.8155884277344,MEDIUM
44,PRODUCE,152887.8839875,159567.619140625,171703.263671875,0.75,127654.09531250001,171703.263671875,12135.64453125,44049.16835937499,LOW
44,SCHOOL AND OFFICE SUPPLIES,1119.6640319824219,1672.7690782546997,2327.0204278717038,0.75,1338.2152626037598,2327.0204278717038,654.251349617004,988.805165267944,MEDIUM
44,SEAFOOD,1115.622844696045,1657.2185363769531,2304.5264917297363,0.75,1325.7748291015625,2304.5264917297363,647.3079553527832,978.7516626281738,MEDIUM
45,AUTOMOTIVE,72.42954158782959,218.00219631195068,427.852988243103,0.75,174.40175704956056,427.852988243103,209.85079193115234,253.45123119354247,HIGH
45,BABY CARE,5.575784742832184,36.620636239647865,124.29811202585697,0.75,29.296508991718294,124.29811202585697,87.6774757862091,95.00160303413867,HIGH
45,BEAUTY,102.49354457855225,287.21211528778076,537.9320859909058,0.75,229.76969223022462,537.9320859909058,250.719970703125,308.16239376068114,HIGH
45,BEVERAGES,155715.63740546876,162395.37255859375,174531.01708984375,0.75,129916.298046875,174531.01708984375,12135.64453125,44614.71904296875,LOW
45,BOOKS,5.60619929432869,36.65105079114437,124.32852657735347,0.75,29.3208406329155,124.32852657735347,87.6774757862091,95.00768594443798,HIGH
45,BREAD/BAKERY,16055.573915527344,20965.505798339844,29473.69778369141,0.75,16772.404638671876,29473.69778369141,8508.191985351565,12701.293145019532,MEDIUM
45,CELEBRATION,203.28214263916016,420.18660068511963,717.2517795562744,0.75,336.1492805480957,717.2517795562744,297.0651788711548,381.1024990081787,HIGH
45,CLEANING,38593.234939648435,45272.97009277344,57408.61462402344,0.75,36218.37607421875,57408.61462402344,12135.64453125,21190.238549804686,MEDIUM
45,DAIRY,32323.772781445314,39003.50793457031,51139.15246582031,0.75,31202.806347656253,51139.15246582031,12135.64453125,19936.34611816406,MEDIUM
45,DELI,10464.59130859375,12424.85107421875,14887.28881640625,0.75,9939.880859375,14887.28881640625,2462.4377421874997,4947.40795703125,MEDIUM
45,EGGS,5160.194518554687,6522.08228918457,8246.430403808594,0.75,5217.665831347656,8246.430403808594,1724.3481146240238,3028.7645724609374,MEDIUM
45,FROZEN FOODS,4251.237427856445,5480.153644042969,7040.481841430664,0.75,4384.122915234376,7040.481841430664,1560.3281973876947,2656.358926196288,MEDIUM
45,GROCERY I,173776.5666046875,180456.3017578125,192591.9462890625,0.75,144365.04140625,192591.9462890625,12135.64453125,48226.904882812494,LOW
45,GROCERY II,1756.0617454833985,2371.146044250488,3097.5406396484373,0.75,1896.9168354003905,3097.5406396484373,726.3945953979492,1200.6238042480468,MEDIUM
45,HARDWARE,8.150898730754852,56.10836696624756,159.2091752052307,0.75,44.88669357299805,159.2091752052307,103.10080823898315,114.32248163223267,HIGH
45,HOME AND KITCHEN I,727.9112548828125,1105.3217315673828,1600.146528564453,0.75,884.2573852539062,1600.146528564453,494.8247969970703,715.8891433105468,HIGH
45,HOME AND KITCHEN II,890.4409523010254,1395.551040649414,2008.9738497009275,0.75,1116.4408325195313,2008.9738497009275,613.4228090515135,892.5330171813962,HIGH
45,HOME APPLIANCES,7.285813021659852,51.53324240446091,150.3758792757988,0.75,41.22659392356873,150.3758792757988,98.8426368713379,109.14928535223008,HIGH
45,HOME CARE,9718.708142285157,11973.935119628906,15040.948286132812,0.75,9579.148095703125,15040.948286132812,3067.013166503906,5461.800190429687,MEDIUM
45,LADIESWEAR,371.69469833374023,649.2001800537109,1036.257968902588,0.75,519.3601440429687,1036.257968902588,387.05778884887695,516.8978248596192,HIGH
45,LAWN AND GARDEN,349.5697021484375,613.6082897186279,980.6677207946777,0.75,490.88663177490236,980.6677207946777,367.0594310760498,489.7810890197754,HIGH
45,LINGERIE,32.14289565086365,134.29226231575012,283.67501230239867,0.75,107.4338098526001,283.67501230239867,149.38274998664855,176.24120244979855,HIGH
45,"LIQUOR,WINE,BEER",2948.5479707641603,3742.6792592773436,4720.637336853028,0.75,2994.143407421875,4720.637336853028,977.958077575684,1726.4939294311525,MEDIUM
45,MAGAZINES,44.190043449401855,221.3102731704712,472.0302438735962,0.75,177.04821853637696,472.0302438735962,250.719970703125,294.9820253372192,HIGH
45,MEATS,15392.096998242188,19122.160034179688,25212.050322265626,0.75,15297.72802734375,25212.050322265626,6089.890288085939,9914.322294921876,MEDIUM
45,PERSONAL CARE,9873.645031933595,12128.872009277344,15195.88517578125,0.75,9703.097607421876,15195.88517578125,3067.013166503906,5492.787568359374,MEDIUM
45,PET SUPPLIES,154.19544124603271,377.8333463668823,684.8977041244507,0.75,302.26667709350585,684.8977041244507,307.06435775756836,382.63102703094484,HIGH
45,PLAYERS AND ELECTRONICS,191.4294948577881,415.0673999786377,722.131757736206,0.75,332.0539199829102,722.131757736206,307.06435775756836,390.07783775329585,HIGH
45,POULTRY,17081.082521484375,21991.014404296875,30499.20638964844,0.75,17592.8115234375,30499.20638964844,8508.191985351565,12906.39486621094,MEDIUM
45,PREPARED FOODS,3213.50144543457,4072.4683713378904,5166.228934448242,0.75,3257.9746970703127,5166.228934448242,1093.760563110352,1908.2542373779297,MEDIUM
45,PRODUCE,98806.80146796875,105486.53662109375,117622.18115234375,0.75,84389.22929687501,117622.18115234375,12135.64453125,33232.95185546874,LOW
45,SCHOOL AND OFFICE SUPPLIES,1655.9027420654297,2289.747242919922,3044.4007589111325,0.75,1831.7977943359376,3044.4007589111325,754.6535159912105,1212.6029645751948,MEDIUM
45,SEAFOOD,890.7956619262695,1304.6917419433594,1833.4016852416992,0.75,1043.7533935546876,1833.4016852416992,528.7099432983398,789.6482916870116,MEDIUM
46,AUTOMOTIVE,74.37524223327637,191.50706577301025,352.3148431777954,0.75,153.2056526184082,352.3148431777954,160.80777740478516,199.1091905593872,HIGH
46,BABY CARE,3.358670949935913,29.056243658065796,116.47385311126709,0.75,23.244994926452637,116.47385311126709,87.4176094532013,93.22885818481446,HIGH
46,BEAUTY,147.14867210388184,347.58099365234375,624.6478147506714,0.75,278.06479492187503,624.6478147506714,277.06682109832764,346.58301982879635,HIGH
46,BEVERAGES,99264.69502265625,105944.43017578125,118080.07470703125,0.75,84755.544140625,118080.07470703125,12135.64453125,33324.53056640625,LOW
46,BOOKS,4.969327008724212,31.91969406604767,119.33730351924896,0.75,25.535755252838136,119.33730351924896,87.4176094532013,93.80154826641083,HIGH
46,BREAD/BAKERY,13679.953223242188,16525.114624023438,20801.278639160155,0.75,13220.09169921875,20801.278639160155,4276.164015136717,7581.1869399414045,MEDIUM
46,CELEBRATION,59.90858459472656,220.78323459625244,446.98169803619385,0.75,176.62658767700196,446.98169803619385,226.1984634399414,270.3551103591919,HIGH
46,CLEANING,35832.5021515625,42512.2373046875,54647.8818359375,0.75,34009.789843750004,54647.8818359375,12135.64453125,20638.091992187496,MEDIUM
46,DAIRY,21742.062820507814,28421.797973632812,40557.44250488281,0.75,22737.438378906252,40557.44250488281,12135.64453125,17820.00412597656,MEDIUM
46,DELI,11309.470837597657,13564.697814941406,16631.71098144531,0.75,10851.758251953126,16631.71098144531,3067.0131665039044,5779.9527294921845,MEDIUM
46,EGGS,1985.637423828125,2657.002328857422,3468.173686035156,0.75,2125.6018630859376,3468.173686035156,811.1713571777341,1342.5718229492186,MEDIUM
46,FROZEN FOODS,3130.24503515625,3951.6915568847653,4988.934278808594,0.75,3161.3532455078125,4988.934278808594,1037.2427219238289,1827.5810333007817,MEDIUM
46,GROCERY I,160250.11201484376,166929.84716796875,179065.49169921875,0.75,133543.877734375,179065.49169921875,12135.64453125,45521.61396484374,LOW
46,GROCERY II,370.9612045288086,675.4004745483398,1102.454978942871,0.75,540.3203796386719,1102.454978942871,427.05450439453125,562.1345993041992,HIGH
46,HARDWARE,4.700868779420853,49.56799963116646,148.67050283551217,0.75,39.65439970493317,148.67050283551217,99.10250320434571,109.016103130579,HIGH
46,HOME AND KITCHEN I,318.085054397583,588.8570890426636,965.915699005127,0.75,471.08567123413087,965.915699005127,377.0586099624634,494.8300277709961,HIGH
46,HOME AND KITCHEN II,254.93258476257324,485.303936958313,802.3674736022949,0.75,388.2431495666504,802.3674736022949,317.06353664398193,414.1243240356445,HIGH
46,HOME APPLIANCES,4.812183421850205,39.29739758372307,131.49291107058525,0.75,31.437918066978455,131.49291107058525,92.19551348686218,100.0549930036068,HIGH
46,HOME CARE,9088.728637695312,11048.988403320312,13511.426145507812,0.75,8839.19072265625,13511.426145507812,2462.4377421874997,4672.235422851561,MEDIUM
46,LADIESWEAR,394.2577705383301,678.4966993331909,1075.5536670684814,0.75,542.7973594665527,1075.5536670684814,397.0569677352905,532.7563076019287,HIGH
46,LAWN AND GARDEN,227.68674850463867,471.5249948501587,808.5868892669678,0.75,377.219995880127,808.5868892669678,337.0618944168091,431.3668933868408,HIGH
46,LINGERIE,116.6879653930664,330.12609100341797,628.4530041217804,0.75,264.1008728027344,628.4530041217804,298.3269131183624,364.352131319046,HIGH
46,"LIQUOR,WINE,BEER",1456.4192635192871,2072.0209627075196,2809.7319055480957,0.75,1657.6167701660158,2809.7319055480957,737.7109428405761,1152.1151353820799,MEDIUM
46,MAGAZINES,48.020005226135254,134.45748615264893,261.1879482269287,0.75,107.56598892211915,261.1879482269287,126.73046207427979,153.62195930480956,HIGH
46,MEATS,14391.436878222656,17531.565490722656,22412.304930175782,0.75,14025.252392578126,22412.304930175782,4880.739439453126,8387.052537597656,MEDIUM
46,PERSONAL CARE,10574.686566357423,12829.913543701172,15896.926710205078,0.75,10263.930834960938,15896.926710205078,3067.013166503906,5632.99587524414,MEDIUM
46,PET SUPPLIES,147.75643062591553,364.660888671875,661.7260675430298,0.75,291.7287109375,661.7260675430298,297.0651788711548,369.9973566055298,HIGH
46,PLAYERS AND ELECTRONICS,311.29711532592773,582.0691499710083,959.1277599334717,0.75,465.65531997680665,959.1277599334717,377.0586099624634,493.472439956665,HIGH
46,POULTRY,11306.704492578125,13856.898681640625,17528.487272460938,0.75,11085.5189453125,17528.487272460938,3671.5885908203127,6442.968327148437,MEDIUM
46,PREPARED FOODS,1765.8755356445313,2399.7200364990235,3154.373552490234,0.75,1919.776029199219,3154.373552490234,754.6535159912105,1234.597523291015,MEDIUM
46,PRODUCE,41267.784256054685,47947.51940917969,60083.16394042969,0.75,38358.01552734375,60083.16394042969,12135.64453125,21725.14841308594,MEDIUM
46,SCHOOL AND OFFICE SUPPLIES,1058.1033341064453,1582.491024963379,2235.489102050781,0.75,1265.9928199707033,2235.489102050781,652.9980770874022,969.4962820800779,MEDIUM
46,SEAFOOD,478.69293212890625,783.1322021484375,1210.1867065429688,0.75,626.50576171875,1210.1867065429688,427.05450439453125,583.6809448242187,HIGH
47,AUTOMOTIVE,72.82221221923828,206.63458251953125,391.9638671875,0.75,165.30766601562502,391.9638671875,185.32928466796875,226.65620117187498,HIGH
47,BABY CARE,3.8906519174575807,25.900345385074615,109.05978347063065,0.75,20.720276308059695,109.05978347063065,83.15943808555603,88.33950716257095,HIGH
47,BEAUTY,148.71067428588867,346.0073251724243,614.9003105163574,0.75,276.8058601379395,614.9003105163574,268.8929853439331,338.09445037841795,HIGH
47,BEVERAGES,143637.1974640625,150316.9326171875,162452.5771484375,0.75,120253.54609375,162452.5771484375,12135.64453125,42199.0310546875,LOW
47,BOOKS,3.8906519174575807,26.054087460041046,109.21352554559708,0.75,20.84326996803284,109.21352554559708,83.15943808555603,88.37025557756424,HIGH
47,BREAD/BAKERY,15242.131983789062,19267.162231445312,25961.627943847656,0.75,15413.72978515625,25961.627943847656,6694.465712402343,10547.898158691405,MEDIUM
47,CELEBRATION,195.92824745178223,412.8327054977417,709.8978843688965,0.75,330.2661643981934,709.8978843688965,297.0651788711548,379.6317199707031,HIGH
47,CLEANING,35346.976150585935,42026.71130371094,54162.35583496094,0.75,33621.36904296875,54162.35583496094,12135.64453125,20540.98679199219,MEDIUM
47,DAIRY,31509.75007636719,38189.48522949219,50325.12976074219,0.75,30551.58818359375,50325.12976074219,12135.64453125,19773.541577148437,MEDIUM
47,DELI,9826.516906738281,11786.776672363281,14249.214414550781,0.75,9429.421337890626,14249.214414550781,2462.4377421874997,4819.793076660155,MEDIUM
47,EGGS,4981.6592418212895,6210.575458007813,7770.9036553955075,0.75,4968.460366406251,7770.9036553955075,1560.3281973876947,2802.443288989257,MEDIUM
47,FROZEN FOODS,3579.4253735351563,4542.3984808349605,5774.68684375,0.75,3633.918784667969,5774.68684375,1232.2883629150392,2140.768059082031,MEDIUM
47,GROCERY I,164741.9543,171421.689453125,183557.333984375,0.75,137137.3515625,183557.333984375,12135.64453125,46419.982421875,LOW
47,GROCERY II,519.7714080810547,842.4534797668457,1286.4505573120118,0.75,673.9627838134766,1286.4505573120118,443.9970775451661,612.4877734985353,HIGH
47,HARDWARE,5.358161365985871,43.966823399066925,136.42220321893691,0.75,35.17345871925354,136.42220321893691,92.45537981986999,101.24874449968337,HIGH
47,HOME AND KITCHEN I,632.2218589782715,991.389533996582,1469.2717578430174,0.75,793.1116271972656,1469.2717578430174,477.8822238464354,676.1601306457518,HIGH
47,HOME AND KITCHEN II,879.5177421569824,1348.1422271728516,1927.6798899230957,0.75,1078.5137817382813,1927.6798899230957,579.5376627502442,849.1661081848144,HIGH
47,HOME APPLIANCES,6.92252151966095,44.824690982699394,137.28007080256938,0.75,35.85975278615952,137.28007080256938,92.45537981986999,101.42031801640987,HIGH
47,HOME CARE,9608.463562011719,11568.723327636719,14031.161069824218,0.75,9254.978662109375,14031.161069824218,2462.4377421874997,4776.182407714843,MEDIUM
47,LADIESWEAR,396.2547149658203,680.4936437606812,1077.5506114959717,0.75,544.3949150085449,1077.5506114959717,397.0569677352905,533.1556964874268,HIGH
47,LAWN AND GARDEN,258.92281913757324,522.9614067077637,890.0208377838135,0.75,418.36912536621094,890.0208377838135,367.0594310760498,471.65171241760254,HIGH
47,LINGERIE,53.52897254228592,175.88017964363098,362.91968116760256,0.75,140.7041437149048,362.91968116760256,187.03950152397158,222.21553745269776,HIGH
47,"LIQUOR,WINE,BEER",2607.500889770508,3316.386198974609,4184.075397338867,0.75,2653.1089591796876,4184.075397338867,867.6891983642581,1530.9664381591797,MEDIUM
47,MAGAZINES,65.54473924636841,189.73012113571167,358.71173429489136,0.75,151.78409690856935,358.71173429489136,168.9816131591797,206.927637386322,HIGH
47,MEATS,13821.853845605468,16372.048034667969,20043.63662548828,0.75,13097.638427734375,20043.63662548828,3671.5885908203127,6945.998197753906,MEDIUM
47,PERSONAL CARE,10234.533703808595,12489.760681152344,15556.77384765625,0.75,9991.808544921876,15556.77384765625,3067.013166503906,5564.965302734374,MEDIUM
47,PET SUPPLIES,138.16813373565674,347.6450614929199,634.7110614776611,0.75,278.116049194336,634.7110614776611,287.0659999847412,356.59501228332516,HIGH
47,PLAYERS AND ELECTRONICS,225.15443229675293,448.79233741760254,755.8566951751709,0.75,359.0338699340821,755.8566951751709,307.06435775756836,396.8228252410888,HIGH
47,POULTRY,15705.35289482422,20320.31756591797,28223.934126953125,0.75,16256.254052734375,28223.934126953125,7903.616561035156,11967.68007421875,MEDIUM
47,PREPARED FOODS,2811.545190795898,3632.9917125244137,4670.234434448243,0.75,2906.393370019531,4670.234434448243,1037.2427219238289,1763.8410644287114,MEDIUM
47,PRODUCE,87998.8517609375,94678.5869140625,106814.2314453125,0.75,75742.86953125,106814.2314453125,12135.64453125,31071.361914062494,LOW
47,SCHOOL AND OFFICE SUPPLIES,917.0323715209961,1440.3852615356445,2070.750643737793,0.75,1152.3082092285156,2070.750643737793,630.3653822021483,918.4424345092773,HIGH
47,SEAFOOD,582.6964492797852,960.1069259643555,1454.9317229614257,0.75,768.0855407714844,1454.9317229614257,494.8247969970703,686.8461821899414,HIGH
48,AUTOMOTIVE,78.00985717773438,201.69906044006348,370.68067359924316,0.75,161.3592483520508,370.68067359924316,168.9816131591797,209.32142524719237,HIGH
48,BABY CARE,5.035253202915191,30.183719746768475,115.47224351614713,0.75,24.146975797414783,115.47224351614713,85.28852376937866,91.32526771873235,HIGH
48,BEAUTY,164.21584701538086,370.009578704834,657.0755786895752,0.75,296.0076629638672,657.0755786895752,287.0659999847412,361.067915725708,HIGH
48,BEVERAGES,74455.07197578125,81134.80712890625,93270.45166015625,0.75,64907.845703125,93270.45166015625,12135.64453125,28362.60595703125,LOW
48,BOOKS,5.035253202915191,30.183719746768475,115.47224351614713,0.75,24.146975797414783,115.47224351614713,85.28852376937866,91.32526771873235,HIGH
48,BREAD/BAKERY,11537.903515820313,13793.130493164062,16860.143659667967,0.75,11034.50439453125,16860.143659667967,3067.0131665039044,5825.639265136717,MEDIUM
48,CELEBRATION,127.54263401031494,330.98019790649414,608.0470190048218,0.75,264.78415832519534,608.0470190048218,277.06682109832764,343.26286067962644,HIGH
48,CLEANING,30565.295852734376,37245.031005859375,49380.675537109375,0.75,29796.024804687502,49380.675537109375,12135.64453125,19584.650732421873,MEDIUM
48,DAIRY,17340.156068847657,22250.087951660156,30758.27993701172,0.75,17800.070361328126,30758.27993701172,8508.191985351565,12958.209575683595,MEDIUM
48,DELI,8903.409271240234,10863.669036865234,13326.106779052734,0.75,8690.935229492188,13326.106779052734,2462.4377421874997,4635.171549560546,MEDIUM
48,EGGS,1523.6810173950196,2176.285720336914,2959.1981569213867,0.75,1741.0285762695312,2959.1981569213867,782.9124365844727,1218.1695806518555,MEDIUM
48,FROZEN FOODS,2532.485616516113,3260.1311278076173,4156.079246765136,0.75,2608.104902246094,4156.079246765136,895.948118957519,1547.9743445190425,MEDIUM
48,GROCERY I,135064.5783234375,141744.3134765625,153879.9580078125,0.75,113395.45078125001,153879.9580078125,12135.64453125,40484.50722656249,LOW
48,GROCERY II,366.867431640625,671.3067016601562,1098.3612060546875,0.75,537.0453613281251,1098.3612060546875,427.05450439453125,561.3158447265624,HIGH
48,HARDWARE,5.922549778223038,39.845784679055214,129.91221248209476,0.75,31.87662774324417,129.91221248209476,90.06642780303955,98.03558473885059,HIGH
48,HOME AND KITCHEN I,256.6217727661133,520.6603603363037,887.7197914123535,0.75,416.528288269043,887.7197914123535,367.0594310760498,471.1915031433105,HIGH
48,HOME AND KITCHEN II,493.73661613464355,827.9280424118042,1278.8685142211914,0.75,662.3424339294434,1278.8685142211914,450.9404718093872,616.526080291748,HIGH
48,HOME APPLIANCES,4.971166175603867,43.655629076529294,138.24009458022192,0.75,34.924503261223435,138.24009458022192,94.58446550369263,103.31559131899849,HIGH
48,HOME CARE,7991.858551025391,9952.11831665039,12414.55605883789,0.75,7961.694653320313,12414.55605883789,2462.4377421874997,4452.861405517578,MEDIUM
48,LADIESWEAR,382.27833557128906,666.5172643661499,1063.5742321014404,0.75,533.21381149292,1063.5742321014404,397.0569677352905,530.3604206085205,HIGH
48,LAWN AND GARDEN,80.40703248977661,238.87011098861694,460.5454249382019,0.75,191.09608879089356,460.5454249382019,221.67531394958496,269.4493361473084,HIGH
48,LINGERIE,11.094988256692886,51.88583669066429,146.47030219435692,0.75,41.508669352531435,146.47030219435692,94.58446550369263,104.96163284182549,HIGH
48,"LIQUOR,WINE,BEER",1412.3818756713868,2009.7407731933595,2730.5091428833007,0.75,1607.7926185546876,2730.5091428833007,720.7683696899412,1122.716524328613,MEDIUM
48,MAGAZINES,27.965505838394165,107.21185326576233,229.16441130638123,0.75,85.76948261260986,229.16441130638123,121.9525580406189,143.39492869377136,HIGH
48,MEATS,12564.597144140625,15409.758544921875,19685.922560058592,0.75,12327.806835937501,19685.922560058592,4276.164015136717,7358.115724121091,MEDIUM
48,PERSONAL CARE,10241.871777539063,12497.098754882812,15564.111921386719,0.75,9997.67900390625,15564.111921386719,3067.013166503906,5566.432917480468,MEDIUM
48,PET SUPPLIES,130.71339225769043,341.5248622894287,630.416205406189,0.75,273.21988983154296,630.416205406189,288.89134311676025,357.196315574646,HIGH
48,PLAYERS AND ELECTRONICS,158.28294563293457,381.9208507537842,688.9852085113525,0.75,305.5366806030274,688.9852085113525,307.06435775756836,383.44852790832516,HIGH
48,POULTRY,11405.853723535156,13956.047912597656,17627.63650341797,0.75,11164.838330078126,17627.63650341797,3671.5885908203127,6462.798173339843,MEDIUM
48,PREPARED FOODS,1074.4420166015625,1488.3380966186523,2017.0480399169921,0.75,1190.670477294922,2017.0480399169921,528.7099432983398,826.3775626220702,MEDIUM
48,PRODUCE,26691.592971875,33371.328125,45506.97265625,0.75,26697.0625,45506.97265625,12135.64453125,18809.91015625,MEDIUM
48,SCHOOL AND OFFICE SUPPLIES,833.0171318054199,1331.3937730789185,1934.8174032440184,0.75,1065.115018463135,1934.8174032440184,603.4236301650999,869.7023847808834,HIGH
48,SEAFOOD,178.55973625183105,413.3895320892334,740.4522476196289,0.75,330.71162567138674,740.4522476196289,327.0627155303955,409.74062194824216,HIGH
49,AUTOMOTIVE,76.46808338165283,181.27828979492188,325.73839569091797,0.75,145.02263183593752,325.73839569091797,144.4601058959961,180.71576385498045,HIGH
49,BABY CARE,8.753172665834427,42.429414600133896,132.23597607016563,0.75,33.94353168010712,132.23597607016563,89.80656147003174,98.2924443900585,HIGH
49,BEAUTY,74.75309467315674,257.83569049835205,508.55566120147705,0.75,206.26855239868166,508.55566120147705,250.719970703125,302.2871088027954,HIGH
49,BEVERAGES,113372.50361640625,120052.23876953125,132187.88330078125,0.75,96041.791015625,132187.88330078125,12135.64453125,36146.09228515625,LOW
49,BOOKS,8.753172665834427,42.429414600133896,132.23597607016563,0.75,33.94353168010712,132.23597607016563,89.80656147003174,98.2924443900585,HIGH
49,BREAD/BAKERY,15348.912795117189,20553.811889648438,29666.579299316407,0.75,16443.04951171875,29666.579299316407,9112.76740966797,13223.529787597658,MEDIUM
49,CELEBRATION,115.57486534118652,331.16333961486816,628.228518486023,0.75,264.93067169189453,628.228518486023,297.0651788711548,363.2978467941284,HIGH
49,CLEANING,27484.110305859376,34163.845458984375,46299.489990234375,0.75,27331.076367187503,46299.489990234375,12135.64453125,18968.413623046872,MEDIUM
49,DAIRY,31895.357864453123,38575.093017578125,50710.737548828125,0.75,30860.074414062503,50710.737548828125,12135.64453125,19850.663134765622,MEDIUM
49,DELI,6396.653598144531,8090.970254882813,10225.368162597657,0.75,6472.776203906251,10225.368162597657,2134.397907714844,3752.591958691406,MEDIUM
49,EGGS,6393.590898193359,8220.879109375,10519.296934326172,0.75,6576.7032875,10519.296934326172,2298.4178249511715,3942.5936468261716,MEDIUM
49,FROZEN FOODS,4904.209350097656,6266.097120727539,7990.445235351563,0.75,5012.877696582032,7990.445235351563,1724.3481146240238,2977.567538769531,MEDIUM
49,GROCERY I,127240.47920234375,133920.21435546875,146055.85888671875,0.75,107136.17148437501,146055.85888671875,12135.64453125,38919.68740234374,LOW
49,GROCERY II,647.7013969421387,970.3834686279297,1414.3805461730958,0.75,776.3067749023438,1414.3805461730958,443.9970775451661,638.073771270752,HIGH
49,HARDWARE,8.421872615814209,62.798866987228394,170.41771292686462,0.75,50.23909358978272,170.41771292686462,107.61884593963623,120.1786193370819,HIGH
49,HOME AND KITCHEN I,686.1859893798828,1045.3536643981934,1523.2358882446288,0.75,836.2829315185547,1523.2358882446288,477.8822238464354,686.952956726074,HIGH
49,HOME AND KITCHEN II,495.1725959777832,799.6118659973145,1226.6663703918457,0.75,639.6894927978516,1226.6663703918457,427.05450439453125,586.9768775939941,HIGH
49,HOME APPLIANCES,8.23375574350357,60.216957807540894,165.7067180633545,0.75,48.17356624603272,165.7067180633545,105.4897602558136,117.53315181732177,HIGH
49,HOME CARE,6779.2058647460935,8672.979853149414,11053.40763671875,0.75,6938.383882519532,11053.40763671875,2380.4277835693356,4115.023754199218,MEDIUM
49,LADIESWEAR,205.29382705688477,442.39862632751465,769.4613418579102,0.75,353.91890106201174,769.4613418579102,327.0627155303955,415.5424407958984,HIGH
49,LAWN AND GARDEN,251.02814102172852,508.3332815170288,865.393533706665,0.75,406.6666252136231,865.393533706665,357.06025218963623,458.72690849304195,HIGH
49,LINGERIE,134.28260326385498,339.2015151977539,619.9190225601196,0.75,271.36121215820316,619.9190225601196,280.7175073623657,348.55781040191647,HIGH
49,"LIQUOR,WINE,BEER",3235.9034479370116,4304.532876464844,5641.556512268066,0.75,3443.626301171875,5641.556512268066,1337.0236358032225,2197.930211096191,MEDIUM
49,MAGAZINES,52.02664661407471,221.0180721282959,463.56420707702637,0.75,176.81445770263673,463.56420707702637,242.54613494873047,286.74974937438964,HIGH
49,MEATS,11741.969079980468,14292.163269042969,17963.75185986328,0.75,11433.730615234375,17963.75185986328,3671.5885908203127,6530.021244628906,MEDIUM
49,PERSONAL CARE,6832.420037109375,8726.194025512696,11106.621809082031,0.75,6980.9552204101565,11106.621809082031,2380.4277835693356,4125.666588671875,MEDIUM
49,PET SUPPLIES,43.00706195831299,234.61927795410156,501.6869201660156,0.75,187.69542236328127,501.6869201660156,267.06764221191406,313.99149780273433,HIGH
49,PLAYERS AND ELECTRONICS,179.52313327789307,389.6941442489624,676.7601442337036,0.75,311.75531539916994,676.7601442337036,287.0659999847412,365.00482883453367,HIGH
49,POULTRY,14911.606080078125,18346.701904296875,23832.016768066405,0.75,14677.361523437501,23832.016768066405,5485.31486376953,9154.655244628904,MEDIUM
49,PREPARED FOODS,3098.9165310668945,3976.6436590576172,5098.66314276123,0.75,3181.314927246094,5098.66314276123,1122.0194837036129,1917.348215515136,MEDIUM
49,PRODUCE,123749.3839875,130429.119140625,142564.763671875,0.75,104343.2953125,142564.763671875,12135.64453125,38221.468359374994,LOW
49,SCHOOL AND OFFICE SUPPLIES,1248.3337601013184,1790.4468522033692,2449.071154998779,0.75,1432.3574817626954,2449.071154998779,658.6243027954099,1016.7136732360837,MEDIUM
49,SEAFOOD,712.3823585510254,1071.550033569336,1549.4322574157713,0.75,857.2400268554688,1549.4322574157713,477.8822238464354,692.1922305603025,HIGH
50,AUTOMOTIVE,55.71523571014404,159.8044776916504,307.6605153083801,0.75,127.84358215332031,307.6605153083801,147.85603761672974,179.81693315505981,HIGH
50,BABY CARE,4.146803212165833,28.32716528372839,113.61568905310705,0.75,22.661732226982714,113.61568905310705,85.28852376937866,90.95395682612434,HIGH
50,BEAUTY,108.59848117828369,300.05049896240234,560.7696485519409,0.75,240.0403991699219,560.7696485519409,260.7191495895386,320.729249382019,HIGH
50,BEVERAGES,70484.12226875,77163.857421875,89299.501953125,0.75,61731.0859375,89299.501953125,12135.64453125,27568.416015625,LOW
50,BOOKS,5.203874516487122,29.604578473139554,114.89310224251821,0.75,23.683662778511646,114.89310224251821,85.28852376937866,91.20943946400656,HIGH
50,BREAD/BAKERY,8283.259582519531,10243.519348144531,12705.957090332031,0.75,8194.815478515626,12705.957090332031,2462.4377421874997,4511.141611816405,MEDIUM
50,CELEBRATION,208.39558219909668,445.50038146972656,772.5630970001221,0.75,356.4003051757813,772.5630970001221,327.0627155303955,416.1627918243408,HIGH
50,CLEANING,24114.400711132814,30794.135864257812,42929.78039550781,0.75,24635.30869140625,42929.78039550781,12135.64453125,18294.47170410156,MEDIUM
50,DAIRY,16494.16866591797,20519.19891357422,27213.664625976562,0.75,16415.359130859375,27213.664625976562,6694.465712402343,10798.305495117187,MEDIUM
50,DELI,6673.975382324219,8434.777816284179,10651.185682617188,0.75,6747.822253027343,10651.185682617188,2216.407866333009,3903.3634295898446,MEDIUM
50,EGGS,1348.7694282531738,1926.8507232666016,2608.043824920654,0.75,1541.4805786132813,2608.043824920654,681.1931016540525,1066.5632463073728,MEDIUM
50,FROZEN FOODS,2002.6660424804686,2692.791149597168,3532.221427368164,0.75,2154.2329196777346,3532.221427368164,839.4302777709959,1377.9885076904293,MEDIUM
50,GROCERY I,104555.0666046875,111234.8017578125,123370.4462890625,0.75,88987.84140625001,123370.4462890625,12135.64453125,34382.60488281249,LOW
50,GROCERY II,1210.730453491211,1770.568946838379,2434.8194753417965,0.75,1416.4551574707032,2434.8194753417965,664.2505285034176,1018.3643178710934,MEDIUM
50,HARDWARE,7.486072432994843,36.07174059096724,123.48935004416853,0.75,28.857392472773792,123.48935004416853,87.4176094532013,94.63195757139474,HIGH
50,HOME AND KITCHEN I,466.60650634765625,771.0457763671875,1198.1002807617188,0.75,616.8366210937501,1198.1002807617188,427.05450439453125,581.2636596679687,HIGH
50,HOME AND KITCHEN II,398.63805770874023,703.0773277282715,1130.1318321228027,0.75,562.4618621826172,1130.1318321228027,427.05450439453125,567.6699699401855,HIGH
50,HOME APPLIANCES,8.10214352607727,38.51159876585007,126.18907455205917,0.75,30.809279012680054,126.18907455205917,87.6774757862091,95.37979553937912,HIGH
50,HOME CARE,6287.8299965820315,8048.632430541992,10265.040296875,0.75,6438.905944433594,10265.040296875,2216.4078663330083,3826.134352441406,MEDIUM
50,LADIESWEAR,290.66147232055664,586.4097557067871,990.4101177062988,0.75,469.1278045654297,990.4101177062988,404.0003619995117,521.2823131408691,HIGH
50,LAWN AND GARDEN,75.29441118240356,184.50413846969604,334.7491281032562,0.75,147.60331077575685,334.7491281032562,150.24498963356018,187.14581732749937,HIGH
50,LINGERIE,11.597466242313384,65.61442190408707,171.36404849290847,0.75,52.491537523269656,171.36404849290847,105.7496265888214,118.87251096963881,HIGH
50,"LIQUOR,WINE,BEER",1626.3636582641602,2297.7285632934572,3108.8999204711913,0.75,1838.1828506347658,3108.8999204711913,811.1713571777341,1270.7170698364255,MEDIUM
50,MAGAZINES,47.18606519699097,154.89721727371216,307.5311589241028,0.75,123.91777381896974,307.5311589241028,152.63394165039062,183.61338510513303,HIGH
50,MEATS,7807.98424609375,9701.75823449707,12082.186018066406,0.75,7761.406587597657,12082.186018066406,2380.4277835693356,4320.7794304687495,MEDIUM
50,PERSONAL CARE,6976.333641845703,8870.107630249024,11250.53541381836,0.75,7096.086104199219,11250.53541381836,2380.4277835693356,4154.44930961914,MEDIUM
50,PET SUPPLIES,77.61191177368164,206.17404460906982,383.32949352264404,0.75,164.93923568725586,383.32949352264404,177.15544891357422,218.39025783538818,HIGH
50,PLAYERS AND ELECTRONICS,155.62354850769043,365.79455947875977,652.860559463501,0.75,292.6356475830078,652.860559463501,287.0659999847412,360.22491188049315,HIGH
50,POULTRY,5688.724676757813,7117.098224609375,8923.456297851562,0.75,5693.678579687501,8923.456297851562,1806.358073242187,3229.7777181640613,MEDIUM
50,PREPARED FOODS,689.702392578125,1067.1128692626953,1561.9376662597656,0.75,853.6902954101563,1561.9376662597656,494.8247969970703,708.2473708496093,HIGH
50,PRODUCE,31106.28279121094,37786.01794433594,49921.66247558594,0.75,30228.814355468752,49921.66247558594,12135.64453125,19692.848120117185,MEDIUM
50,SCHOOL AND OFFICE SUPPLIES,795.7730293273926,1274.5209732055664,1861.0020302200317,0.75,1019.6167785644532,1861.0020302200317,586.4810570144653,841.3852516555785,HIGH
50,SEAFOOD,86.01944065093994,256.55360412597656,494.5765895843506,0.75,205.24288330078127,494.5765895843506,238.02298545837402,289.3337062835693,HIGH
51,AUTOMOTIVE,27.934672594070435,117.96772027015686,247.0871343612671,0.75,94.37417621612549,247.0871343612671,129.11941409111023,152.7129581451416,HIGH
51,BABY CARE,3.338499426841736,23.39171601086855,104.42206841260194,0.75,18.71337280869484,104.42206841260194,81.0303524017334,85.7086956039071,HIGH
51,BEAUTY,53.21401596069336,205.52432250976562,418.7710461616516,0.75,164.41945800781252,418.7710461616516,213.246723651886,254.3515881538391,HIGH
51,BEVERAGES,69622.74018867187,76302.47534179688,88438.11987304688,0.75,61041.980273437504,88438.11987304688,12135.64453125,27396.13959960937,LOW
51,BOOKS,3.750783687829972,24.17808447033167,105.20843687206506,0.75,19.342467576265335,105.20843687206506,81.0303524017334,85.86596929579973,HIGH
51,BREAD/BAKERY,12311.277478222657,14566.504455566406,17633.51762207031,0.75,11653.203564453126,17633.51762207031,3067.0131665039044,5980.3140576171845,MEDIUM
51,CELEBRATION,49.18385982513428,146.4080410003662,280.30535912513733,0.75,117.12643280029297,280.30535912513733,133.89731812477112,163.17892632484435,HIGH
51,CLEANING,18984.477712695312,25074.278442382812,36000.772125,0.75,20059.422753906252,36000.772125,10926.49368261719,15941.349371093751,MEDIUM
51,DAIRY,20608.127505371096,26992.895446777344,38523.96455371094,0.75,21594.316357421878,38523.96455371094,11531.069106933595,16929.64819628906,MEDIUM
51,DELI,3576.6528294677732,4473.140159545898,5623.418563842773,0.75,3578.512127636719,5623.418563842773,1150.2784042968751,2044.9064362060544,MEDIUM
51,EGGS,4724.339419189453,5820.284080932617,7216.5923610839845,0.75,4656.227264746094,7216.5923610839845,1396.3082801513674,2560.3650963378905,MEDIUM
51,FROZEN FOODS,3438.6672024536133,4316.3943304443355,5438.413814147949,0.75,3453.1154643554687,5438.413814147949,1122.0194837036133,1985.2983497924802,MEDIUM
51,GROCERY I,79570.45576484375,86250.19091796875,98385.83544921875,0.75,69000.152734375,98385.83544921875,12135.64453125,29385.682714843744,LOW
51,GROCERY II,333.0406837463379,630.746506690979,1047.8018321990967,0.75,504.59720535278325,1047.8018321990967,417.0553255081177,543.2046268463134,HIGH
51,HARDWARE,3.6079323232173923,32.8299373537302,120.5074131399393,0.75,26.263949882984164,120.5074131399393,87.6774757862091,94.24346325695514,HIGH
51,HOME AND KITCHEN I,347.1716613769531,617.9436960220337,995.0023059844971,0.75,494.354956817627,995.0023059844971,377.0586099624634,500.6473491668701,HIGH
51,HOME AND KITCHEN II,379.47620010375977,683.915470123291,1110.9699745178223,0.75,547.1323760986328,1110.9699745178223,427.05450439453125,563.8375984191895,HIGH
51,HOME APPLIANCES,3.7567775785923008,37.66183188557625,129.59747903943062,0.75,30.129465508461,129.59747903943062,91.93564715385438,99.46801353096963,HIGH
51,HOME CARE,4818.450564208984,5914.395225952148,7310.703506103516,0.75,4731.516180761719,7310.703506103516,1396.3082801513674,2579.187325341797,MEDIUM
51,LADIESWEAR,10.392097210884094,64.98417240381241,170.473932659626,0.75,51.98733792304993,170.473932659626,105.4897602558136,118.48659473657608,HIGH
51,LAWN AND GARDEN,391.6975440979004,707.6461687088013,1141.6440673675538,0.75,566.1169349670411,1141.6440673675538,433.99789865875255,575.5271324005128,HIGH
51,LINGERIE,29.446202278137207,123.07481670379639,254.58318281173706,0.75,98.45985336303711,254.58318281173706,131.50836610794067,156.12332944869996,HIGH
51,"LIQUOR,WINE,BEER",1733.7216065673829,2405.08651159668,3216.257868774414,0.75,1924.069209277344,3216.257868774414,811.1713571777341,1292.18865949707,MEDIUM
51,MAGAZINES,68.06587171554565,174.87839269638062,319.3384985923767,0.75,139.9027141571045,319.3384985923767,144.4601058959961,179.4357844352722,HIGH
51,MEATS,8310.990918164063,10566.217895507812,13633.231062011719,0.75,8452.974316406251,13633.231062011719,3067.013166503906,5180.256745605468,MEDIUM
51,PERSONAL CARE,3990.7574047851563,4953.7305120849605,6186.018875,0.75,3962.9844096679685,6186.018875,1232.2883629150392,2223.0344653320312,MEDIUM
51,PET SUPPLIES,34.126444816589355,216.12171363830566,475.0155200958252,0.75,172.89737091064455,475.0155200958252,258.89380645751953,302.11814918518064,HIGH
51,PLAYERS AND ELECTRONICS,48.24424600601196,162.5098147392273,323.31759214401245,0.75,130.00785179138185,323.31759214401245,160.80777740478516,193.3097403526306,HIGH
51,POULTRY,14986.090600976562,17536.284790039062,21207.873380859375,0.75,14029.02783203125,21207.873380859375,3671.5885908203127,7178.845548828125,MEDIUM
51,PREPARED FOODS,1350.7134017944336,1947.037498474121,2645.1731732788085,0.75,1557.629998779297,2645.1731732788085,698.1356748046874,1087.5431744995115,MEDIUM
51,PRODUCE,81769.92158515625,88449.65673828125,100585.30126953125,0.75,70759.725390625,100585.30126953125,12135.64453125,29825.575878906253,LOW
51,SCHOOL AND OFFICE SUPPLIES,0.35686564445495605,4.9502047300338745,73.20604302883149,0.75,3.9601637840271,73.20604302883149,68.25583829879761,69.24587924480439,HIGH
51,SEAFOOD,383.1175308227539,687.5568008422852,1114.6113052368164,0.75,550.0454406738281,1114.6113052368164,427.05450439453125,564.5658645629883,HIGH
52,AUTOMOTIVE,66.51199865341187,180.81227731704712,341.6200547218323,0.75,144.6498218536377,341.6200547218323,160.80777740478516,196.97023286819459,HIGH
52,BABY CARE,5.527856826782227,38.15300291776657,127.95956438779831,0.75,30.522402334213258,127.95956438779831,89.80656147003174,97.43716205358506,HIGH
52,BEAUTY,81.09694576263428,250.07773876190186,484.4500379562378,0.75,200.06219100952148,484.4500379562378,234.37229919433594,284.3878469467163,HIGH
52,BEVERAGES,65501.10444648437,72180.83959960938,84316.48413085938,0.75,57744.671679687504,84316.48413085938,12135.64453125,26571.81245117187,LOW
52,BOOKS,5.527856826782227,38.15300291776657,127.95956438779831,0.75,30.522402334213258,127.95956438779831,89.80656147003174,97.43716205358506,HIGH
52,BREAD/BAKERY,10828.890991210938,12789.150756835938,15251.588499023437,0.75,10231.32060546875,15251.588499023437,2462.4377421874997,5020.267893554686,LOW
52,CELEBRATION,78.70935916900635,183.11607551574707,327.57618141174316,0.75,146.49286041259765,327.57618141174316,144.4601058959961,181.0833209991455,HIGH
52,CLEANING,20748.966751171876,27428.701904296875,39564.346435546875,0.75,21942.9615234375,39564.346435546875,12135.64453125,17621.384912109374,MEDIUM
52,DAIRY,15224.134461425781,18659.23028564453,24144.54514941406,0.75,14927.384228515626,24144.54514941406,5485.31486376953,9217.160920898436,MEDIUM
52,DELI,4853.634429443359,6215.522200073242,7939.870314697266,0.75,4972.417760058594,7939.870314697266,1724.3481146240238,2967.452554638672,MEDIUM
52,EGGS,2574.7928546142575,3358.718972167969,4339.443852905273,0.75,2686.9751777343754,4339.443852905273,980.7248807373044,1652.4686751708978,MEDIUM
52,FROZEN FOODS,3762.407434448242,4924.837873413086,6403.156112182617,0.75,3939.8702987304687,6403.156112182617,1478.3182387695315,2463.2858134521484,MEDIUM
52,GROCERY I,89540.6994171875,96220.4345703125,108356.0791015625,0.75,76976.34765625,108356.0791015625,12135.64453125,31379.7314453125,LOW
52,GROCERY II,576.2561454772949,880.6954154968262,1307.7499198913574,0.75,704.556332397461,1307.7499198913574,427.05450439453125,603.1935874938964,HIGH
52,HARDWARE,11.98302936553955,72.96972727775574,182.9775252342224,0.75,58.375781822204594,182.9775252342224,110.00779795646667,124.60174341201781,HIGH
52,HOME AND KITCHEN I,448.6255340576172,753.0648040771484,1180.1193084716797,0.75,602.4518432617188,1180.1193084716797,427.05450439453125,577.6674652099609,HIGH
52,HOME AND KITCHEN II,429.60165786743164,734.0409278869629,1161.0954322814941,0.75,587.2327423095703,1161.0954322814941,427.05450439453125,573.8626899719238,HIGH
52,HOME APPLIANCES,8.199528056383134,46.50859805941582,140.57333089709283,0.75,37.20687844753265,140.57333089709283,94.06473283767701,103.36645244956017,HIGH
52,HOME CARE,4827.870706542969,5990.301145507812,7468.619384277344,0.75,4792.24091640625,7468.619384277344,1478.3182387695315,2676.3784678710936,MEDIUM
52,LADIESWEAR,63.75043988227844,164.57018780708313,300.8564579486847,0.75,131.6561502456665,300.8564579486847,136.28627014160156,169.20030770301818,HIGH
52,LAWN AND GARDEN,579.7137413024902,938.8814163208008,1416.7636401672362,0.75,751.1051330566406,1416.7636401672362,477.8822238464354,665.6585071105956,HIGH
52,LINGERIE,53.20779585838318,154.02754378318787,290.31381392478943,0.75,123.2220350265503,290.31381392478943,136.28627014160156,167.0917788982391,HIGH
52,"LIQUOR,WINE,BEER",2834.9878892822267,3543.873198486328,4411.562396850586,0.75,2835.0985587890627,4411.562396850586,867.6891983642581,1576.4638380615233,MEDIUM
52,MAGAZINES,72.19394063949585,173.01368856430054,309.2999587059021,0.75,138.41095085144045,309.2999587059021,136.28627014160156,170.88900785446165,HIGH
52,MEATS,6305.368960693359,7999.685617431641,10134.083525146485,0.75,6399.748493945313,10134.083525146485,2134.397907714844,3734.3350312011717,MEDIUM
52,PERSONAL CARE,4584.998422607422,5747.428861572265,7225.747100341797,0.75,4597.943089257812,7225.747100341797,1478.3182387695315,2627.8040110839847,MEDIUM
52,PET SUPPLIES,47.505887031555176,193.20421504974365,403.055006980896,0.75,154.56337203979493,403.055006980896,209.85079193115234,248.49163494110107,HIGH
52,PLAYERS AND ELECTRONICS,78.85632514953613,274.01455211639404,541.0821943283081,0.75,219.21164169311524,541.0821943283081,267.06764221191406,321.8705526351929,HIGH
52,POULTRY,6173.326846435547,7867.643503173828,10002.041410888673,0.75,6294.114802539063,10002.041410888673,2134.397907714844,3707.9266083496095,MEDIUM
52,PREPARED FOODS,1379.4685745239258,1975.7926712036133,2673.9283460083007,0.75,1580.6341369628908,2673.9283460083007,698.1356748046874,1093.2942090454098,MEDIUM
52,PRODUCE,70415.93257148437,77095.66772460938,89231.31225585938,0.75,61676.5341796875,89231.31225585938,12135.64453125,27554.778076171875,LOW
52,SCHOOL AND OFFICE SUPPLIES,2.694672739505768,13.754601366817951,86.52847736626863,0.75,11.003681093454361,86.52847736626863,72.77387599945068,75.52479627281427,HIGH
52,SEAFOOD,33.37261297404766,91.94824473559856,207.91815211474895,0.75,73.55859578847885,207.91815211474895,115.96990737915038,134.35955632627008,HIGH
53,AUTOMOTIVE,42.76012587547302,136.3887403011322,267.8971064090729,0.75,109.11099224090577,267.8971064090729,131.50836610794067,158.7861141681671,HIGH
53,BABY CARE,0.34093291461467756,12.927002847194672,87.57009819746017,0.75,10.341602277755738,87.57009819746017,74.6430953502655,77.22849591970443,HIGH
53,BEAUTY,35.300425839424136,132.09334683418274,287.2609805583954,0.75,105.6746774673462,287.2609805583954,155.16763372421264,181.58630309104916,HIGH
53,BEVERAGES,31822.095779492185,38501.83093261719,50637.47546386719,0.75,30801.464746093752,50637.47546386719,12135.64453125,19836.010717773435,MEDIUM
53,BOOKS,0.31051807999610914,12.74773471057415,87.39083006083965,0.75,10.19818776845932,87.39083006083965,74.6430953502655,77.19264229238033,HIGH
53,BREAD/BAKERY,6288.727806884765,8182.501795288086,10562.929578857422,0.75,6546.001436230469,10562.929578857422,2380.4277835693356,4016.9281426269526,MEDIUM
53,CELEBRATION,40.670016050338745,123.51193022727966,247.853440284729,0.75,98.80954418182374,247.853440284729,124.34151005744934,149.04389610290525,HIGH
53,CLEANING,13963.06407548828,17103.19268798828,21983.932127441407,0.75,13682.554150390626,21983.932127441407,4880.739439453126,8301.37797705078,MEDIUM
53,DAIRY,7445.281585693359,9405.54135131836,11867.979093505859,0.75,7524.433081054688,11867.979093505859,2462.4377421874997,4343.546012451171,MEDIUM
53,DELI,3400.6661640625,4259.633089965821,5353.393653076172,0.75,3407.706471972657,5353.393653076172,1093.7605631103515,1945.6871811035153,MEDIUM
53,EGGS,1084.2597999572754,1625.8554916381836,2273.163446990967,0.75,1300.684393310547,2273.163446990967,647.3079553527832,972.4790536804198,MEDIUM
53,FROZEN FOODS,1571.2769180908203,2205.1214189453126,2959.774934936523,0.75,1764.0971351562503,2959.774934936523,754.6535159912105,1195.6777997802728,MEDIUM
53,GROCERY I,47793.21919257812,54472.954345703125,66608.59887695312,0.75,43578.3634765625,66608.59887695312,12135.64453125,23030.235400390622,LOW
53,GROCERY II,76.683349609375,219.28070259094238,420.9576587677002,0.75,175.42456207275393,420.9576587677002,201.6769561767578,245.53309669494627,HIGH
53,HARDWARE,3.6743239402771,20.880006670951843,99.78127338886262,0.75,16.704005336761476,99.78127338886262,78.90126671791077,83.07726805210115,HIGH
53,HOME AND KITCHEN I,214.61901473999023,438.25691986083984,745.3212776184082,0.75,350.6055358886719,745.3212776184082,307.06435775756836,394.7157417297363,HIGH
53,HOME AND KITCHEN II,223.32641792297363,446.96432304382324,754.0286808013916,0.75,357.5714584350586,754.0286808013916,307.06435775756836,396.457222366333,HIGH
53,HOME APPLIANCES,0.12472680807113651,13.44992396235466,90.2221049964428,0.75,10.75993916988373,90.2221049964428,76.77218103408813,79.46216582655907,HIGH
53,HOME CARE,2883.123972717285,3723.330696533203,4788.832339050293,0.75,2978.6645572265625,4788.832339050293,1065.5016425170897,1810.1677818237304,MEDIUM
53,LADIESWEAR,11.938012635707855,72.57914102077484,182.84680531024932,0.75,58.06331281661988,182.84680531024932,110.26766428947448,124.78349249362944,HIGH
53,LAWN AND GARDEN,109.39818668365479,228.93692779541016,391.57004833221436,0.75,183.14954223632813,391.57004833221436,162.6331205368042,208.42050609588622,HIGH
53,LINGERIE,12.08127236366272,74.22471404075623,186.62146401405334,0.75,59.37977123260498,186.62146401405334,112.39674997329712,127.24169278144836,HIGH
53,"LIQUOR,WINE,BEER",1123.0377883911133,1609.9050750732422,2206.3853109741212,0.75,1287.9240600585938,2206.3853109741212,596.480235900879,918.4612509155274,MEDIUM
53,MAGAZINES,7.518337368965149,37.01580482721329,124.69328061342239,0.75,29.612643861770632,124.69328061342239,87.6774757862091,95.08063675165175,HIGH
53,MEATS,3764.348628662109,4793.807513183594,6108.105834716796,0.75,3835.0460105468756,6108.105834716796,1314.2983215332024,2273.059824169921,MEDIUM
53,PERSONAL CARE,3268.5208851318357,4127.4878110351565,5221.248374145508,0.75,3301.9902488281255,5221.248374145508,1093.7605631103515,1919.2581253173826,MEDIUM
53,PET SUPPLIES,11.476056981086732,72.47972732782364,180.87817226648332,0.75,57.983781862258915,180.87817226648332,108.39844493865968,122.8943904042244,HIGH
53,PLAYERS AND ELECTRONICS,20.460134983062744,92.29612565040588,209.4707796573639,0.75,73.8369005203247,209.4707796573639,117.17465400695801,135.63387913703917,HIGH
53,POULTRY,2748.8260095825194,3476.4715208740236,4372.419639831543,0.75,2781.177216699219,4372.419639831543,895.948118957519,1591.2424231323234,MEDIUM
53,PREPARED FOODS,553.5410118103027,876.2230834960938,1320.2201610412599,0.75,700.9784667968751,1320.2201610412599,443.9970775451661,619.2416942443848,HIGH
53,PRODUCE,27640.10505683594,34319.84020996094,46455.48474121094,0.75,27455.87216796875,46455.48474121094,12135.64453125,18999.612573242186,MEDIUM
53,SCHOOL AND OFFICE SUPPLIES,0.0,0.0,63.997666931152345,0.75,0.0,63.997666931152345,63.997666931152345,63.997666931152345,HIGH
53,SEAFOOD,16.739933013916016,41.32794761657715,130.7093614578247,0.75,33.06235809326172,130.7093614578247,89.38141384124756,97.64700336456299,HIGH
54,AUTOMOTIVE,10.86414167881012,76.39811891317368,189.0547352194786,0.75,61.118495130538946,189.0547352194786,112.65661630630493,127.93624008893966,HIGH
54,BABY CARE,1.1951531767845156,14.332264252007008,88.9753596022725,0.75,11.465811401605606,88.9753596022725,74.6430953502655,77.5095482006669,HIGH
54,BEAUTY,10.962807619571686,36.746326982975006,122.29471708536148,0.75,29.397061586380005,122.29471708536148,85.54839010238648,92.89765549898148,HIGH
54,BEVERAGES,48264.02192695312,54943.757080078125,67079.40161132812,0.75,43955.005664062504,67079.40161132812,12135.64453125,23124.39594726562,LOW
54,BOOKS,1.1951531767845156,14.332264252007008,88.9753596022725,0.75,11.465811401605606,88.9753596022725,74.6430953502655,77.5095482006669,HIGH
54,BREAD/BAKERY,3201.829929016113,4146.042834228516,5350.072276550293,0.75,3316.834267382813,5350.072276550293,1204.0294423217774,2033.2380091674804,MEDIUM
54,CELEBRATION,22.937880462408067,78.95534525811672,194.1456536382437,0.75,63.16427620649338,194.1456536382437,115.19030838012696,130.9813774317503,HIGH
54,CLEANING,14571.909681347657,18301.972717285156,24391.863005371095,0.75,14641.578173828126,24391.863005371095,6089.890288085939,9750.28483154297,MEDIUM
54,DAIRY,3414.5420498657227,4292.269177856445,5414.288661560058,0.75,3433.815342285156,5414.288661560058,1122.0194837036133,1980.4733192749022,MEDIUM
54,DELI,3196.1673237304685,4055.134249633789,5148.894812744141,0.75,3244.107399707031,5148.894812744141,1093.760563110352,1904.7874130371097,MEDIUM
54,EGGS,721.6992149353027,1099.109691619873,1593.9344886169433,0.75,879.2877532958985,1593.9344886169433,494.8247969970703,714.6467353210448,HIGH
54,FROZEN FOODS,344.9761047363281,629.215033531189,1026.2720012664795,0.75,503.3720268249512,1026.2720012664795,397.0569677352905,522.8999744415282,HIGH
54,GROCERY I,46293.95112617187,52973.686279296875,65109.330810546875,0.75,42378.949023437504,65109.330810546875,12135.64453125,22730.38178710937,MEDIUM
54,GROCERY II,25.656071662902832,127.27545595169067,272.74254155158997,0.75,101.82036476135255,272.74254155158997,145.4670855998993,170.92217679023742,HIGH
54,HARDWARE,1.8894836306571963,17.520816758275032,94.29299779236317,0.75,14.016653406620026,94.29299779236317,76.77218103408813,80.27634438574314,HIGH
54,HOME AND KITCHEN I,168.67238807678223,383.72014236450195,682.6106643676758,0.75,306.9761138916016,682.6106643676758,298.8905220031738,375.6345504760742,HIGH
54,HOME AND KITCHEN II,74.3035740852356,191.7307267189026,352.53850412368774,0.75,153.38458137512208,352.53850412368774,160.80777740478516,199.15392274856566,HIGH
54,HOME APPLIANCES,0.5142737448215485,14.585478268563747,91.35765930265188,0.75,11.668382614850998,91.35765930265188,76.77218103408813,79.68927668780088,HIGH
54,HOME CARE,3117.684000793457,3957.890724609375,5023.392367126465,0.75,3166.3125796875,5023.392367126465,1065.5016425170897,1857.0797874389646,MEDIUM
54,LADIESWEAR,0.5302961349487305,12.916925966739655,87.56002131700515,0.75,10.333540773391725,87.56002131700515,74.6430953502655,77.22648054361343,HIGH
54,LAWN AND GARDEN,0.5302961349487305,12.916925966739655,87.56002131700515,0.75,10.333540773391725,87.56002131700515,74.6430953502655,77.22648054361343,HIGH
54,LINGERIE,8.674363124370576,45.742632895708084,137.93814638257027,0.75,36.59410631656647,137.93814638257027,92.19551348686218,101.3440400660038,HIGH
54,"LIQUOR,WINE,BEER",380.9455871582031,685.3848571777344,1112.4393615722656,0.75,548.3078857421875,1112.4393615722656,427.05450439453125,564.1314758300781,HIGH
54,MAGAZINES,1.375312548875809,20.945727705955505,101.9760801076889,0.75,16.756582164764406,101.9760801076889,81.0303524017334,85.21949794292449,HIGH
54,MEATS,422.7031784057617,727.142448425293,1154.1969528198242,0.75,581.7139587402344,1154.1969528198242,427.05450439453125,572.4829940795898,HIGH
54,PERSONAL CARE,2447.9812814331053,3138.1063885498047,3977.5366663208006,0.75,2510.485110839844,3977.5366663208006,839.4302777709959,1467.0515554809567,MEDIUM
54,PET SUPPLIES,1.3756030678749085,20.113627910614014,101.14398031234741,0.75,16.09090232849121,101.14398031234741,81.0303524017334,85.0530779838562,HIGH
54,PLAYERS AND ELECTRONICS,4.395507645606995,36.28368354681879,126.09024501685053,0.75,29.026946837455036,126.09024501685053,89.80656147003174,97.0632981793955,HIGH
54,POULTRY,663.415397644043,1004.3402709960938,1465.2799216918945,0.75,803.472216796875,1465.2799216918945,460.93965069580076,661.8077048950195,HIGH
54,PREPARED FOODS,839.3709487915039,1235.024227142334,1746.7915972900391,0.75,988.0193817138672,1746.7915972900391,511.76737014770515,758.7722155761719,MEDIUM
54,PRODUCE,9411.994506835938,11372.254272460938,13834.692014648437,0.75,9097.803417968751,13834.692014648437,2462.4377421874997,4736.888596679686,MEDIUM
54,SCHOOL AND OFFICE SUPPLIES,0.0,0.0,63.997666931152345,0.75,0.0,63.997666931152345,63.997666931152345,63.997666931152345,HIGH
54,SEAFOOD,8.73896598815918,21.39122912660241,94.42497145906091,0.75,17.11298330128193,94.42497145906091,73.0337423324585,77.31198815777898,HIGH
