date,observed,trend,seasonal,resid
2013-01-01,2511.618999,462431.68884439697,-43072.68635873881,-416847.38348665816
2013-01-02,496092.417944,448690.65255070577,44242.56535715014,3159.2000361440587
2013-01-03,361461.231124,435118.3023195128,-78320.07435923911,4663.003163726302
2013-01-04,354459.6770927,421748.35365731904,-67122.05668026685,-166.61988435219973
2013-01-05,477350.121229,408597.297516667,69286.35239645073,-533.5286841177731
2013-01-06,519695.401088,395669.66881746816,128328.2236762484,-4302.491405716573
2013-01-07,336122.801066,382942.7581919856,-43163.02929037319,-3656.927835612383
2013-01-08,318347.777981,370343.12595858064,-42263.76135659478,-9731.586620985821
2013-01-09,302530.80901799997,360594.17213914235,16983.66743460333,-75047.0305557457
2013-01-10,258982.003049,352391.3066045899,-76934.66638990853,-16474.6371656814
2013-01-11,289737.6850845,345564.4271586327,-52882.59301345455,-2944.1490606781445
2013-01-12,403258.2120105,340329.95482144423,77156.39191134437,-14228.134722288582
2013-01-13,464638.547998,337083.07211235585,126109.27042587702,1446.2054597671377
2013-01-14,293348.362078,336083.5974238859,-37735.23485071615,-5000.000495169777
2013-01-15,299129.549954,336415.0888999122,-42735.11310325371,5449.5741573415
2013-01-16,318347.913946,337103.1350429453,-9045.58177962766,-9709.639317317633
2013-01-17,267498.5159755,337737.16738094203,-75424.57312040591,5185.921714963857
2013-01-18,296130.850028,337854.2182689223,-38026.83532875559,-3696.5329121666728
2013-01-19,432459.852021,337058.4515773712,83375.74675321628,12025.653690412524
2013-01-20,461092.386047,335508.3014788364,124518.28736067569,1065.7972074879217
2013-01-21,311211.26595,333488.262808056,-32417.204939610434,10140.208081554389
2013-01-22,296214.728983,331015.5954228387,-43386.037383842144,8585.170944003446
2013-01-23,283258.4530325,328022.6421839023,-35451.42777576526,-9312.761375637085
2013-01-24,247245.690995,324753.44435103005,-72775.91874460349,-4731.834611426573
2013-01-25,290022.77193,321868.76788700675,-23391.29456396484,-8454.701393041934
2013-01-26,413799.7679753,320358.77215796453,85789.11676033585,7651.8790569996345
2013-01-27,430411.991233,320793.5629329373,122389.00974603428,-12770.581445971562
2013-01-28,285460.169953,323439.1990147234,-28422.902974699133,-9556.126087024284
2013-01-29,264488.8180765,328310.8953680149,-46052.201176318944,-17769.876115195977
2013-01-30,281061.127052,334268.1179635553,-42816.43817557731,-10390.55273597798
2013-01-31,271254.217996,340339.2450336771,-69672.23266878708,587.2056311100023
2013-02-01,369402.055266,346288.19783424836,-18606.230321508927,41720.08775326057
2013-02-02,518887.462705,352198.7981953612,83335.49062396269,83353.17388567614
2013-02-03,486336.82018,357599.64150142553,124470.88812544548,4266.290553128987
2013-02-04,344308.715017,361703.0892244158,-26463.379193933997,9069.004986518179
2013-02-05,321245.83913,363497.4532570601,-50593.79478558248,8342.180658522353
2013-02-06,321538.177149,361963.3894516021,-43757.94920172205,3332.7368991199182
2013-02-07,290807.530973,359274.9316554736,-66682.46426975582,-1784.9364127177978
2013-02-08,347441.789912,358186.2446559688,-20366.87643834217,9622.421694373363
2013-02-09,416176.2790747,358119.6013487735,83434.76627246344,-25378.08854653692
2013-02-10,300951.328993,357925.8234769927,123350.47527218223,-180324.96975617498
2013-02-11,278627.588926,358122.6839781888,-21724.768042246968,-57770.3270099418
2013-02-12,308800.7909121,359059.0881060121,-53051.01878121113,2792.72158729902
2013-02-13,319597.929962,360661.05486479675,-41460.16173370858,397.0368309118203
2013-02-14,308164.016957,362409.3192442888,-66429.5945911064,12184.292303817638
2013-02-15,320168.883912,363441.82389148336,-29497.936134339576,-13775.003845143772
2013-02-16,485660.494008,362416.58943171054,83972.16503831565,39271.73953797383
2013-02-17,399588.910014,359794.25360262016,128107.98791342745,-88313.3315020476
2013-02-18,350745.573191,356182.9185438487,-17739.222924454578,12301.877571605903
2013-02-19,293637.801951,351916.1758429777,-55666.47367261459,-2611.900219363102
2013-02-20,313803.162034,346803.7882796737,-42786.48673484037,9785.860489166633
2013-02-21,267711.1090155,341030.7593494773,-69039.7370919042,-4279.913242073089
2013-02-22,285679.869131,335816.34615011927,-34576.20328220357,-15560.273736915668
2013-02-23,412897.349113,332824.7326793434,92240.7781550899,-12168.16172143328
2013-02-24,452726.126103,331932.8122730113,128849.04853954093,-8055.734709552256
2013-02-25,307110.875933,333566.78388304746,-12746.109496056986,-13709.798453990486
2013-02-26,270425.0070675,339327.4856002489,-58466.84208693342,-10435.6364458155
2013-02-27,288401.998919,348574.9167841634,-45058.01114153184,-15114.906723631604
2013-02-28,278116.291888,357294.47402328346,-75242.65814827212,-3935.5239870113437
2013-03-01,378898.165064,364303.9753924696,-35981.438774092734,50575.62844562315
2013-03-02,547857.205258,370245.56837036734,99263.89428725735,78347.74260037526
2013-03-03,559820.580027,375314.35428143735,132317.74623072395,52188.47951483878
2013-03-04,383647.679097,379611.1910015926,-13959.948773711405,17996.43686911877
2013-03-05,332189.993189,382064.6794649046,-60595.68261958116,10720.996343676583
2013-03-06,335726.580968,378855.0122879805,-47043.26390397618,3914.8325839956524
2013-03-07,293099.52701,369868.99283932196,-81651.24054034508,4881.774711023143
2013-03-08,316600.679967,360604.42194843176,-33398.43439376457,-10605.307587667194
2013-03-09,453259.496866,352751.3873692202,105723.78302972889,-5215.67353294912
2013-03-10,461859.756153,346731.4034036246,134346.38614233228,-19218.033392956888
2013-03-11,318379.133021,343022.41278883716,-17189.683533705065,-7453.59623413207
2013-03-12,271823.37801,342031.2070193448,-61583.202203024746,-8624.62680632004
2013-03-13,287869.663972,343307.95599163824,-43538.84709781205,-11899.444921826187
2013-03-14,247541.420096,345787.8576938687,-82831.86396208224,-15414.57363578648
2013-03-15,315878.090213,348552.7399556566,-34092.2353963992,1417.585653742659
2013-03-16,482233.433961,351101.6321806309,112281.59114812002,18850.210632249073
2013-03-17,513439.584913,353008.9327575347,126466.80773700449,33963.844418460794
2013-03-18,330283.80303,354074.3989896786,-22755.955181702393,-1034.640777976194
2013-03-19,294020.245897,353825.8256441949,-62747.697142521836,2942.117395326961
2013-03-20,321207.006946,352068.57067714736,-36233.81951313801,5372.255781990651
2013-03-21,269130.127953,349128.8568412703,-79325.84499588925,-672.8838923810399
2013-03-22,304100.453969,346010.5052525776,-32748.257371830638,-9161.793911746936
2013-03-23,453192.003086,343915.10739339585,110840.99174990677,-1564.0960573026678
2013-03-24,449794.636951,343783.6913505317,119296.44884995422,-13285.503249485919
2013-03-25,317559.6099585,344898.79894436826,-25857.258288709447,-1481.930697158794
2013-03-26,275818.2359,346353.59116398165,-60742.630433093604,-9792.724830888037
2013-03-27,313691.148998,348273.38381670177,-30385.2607878826,-4196.974030819139
2013-03-28,339293.269022,351542.1944766192,-74455.0495945017,62206.124139882566
2013-03-29,345513.132,356987.60980249057,-35630.50816350544,24156.030361014884
2013-03-30,452661.356036,362781.04744136037,107940.9186042194,-18060.610009579745
2013-03-31,462107.639956,367521.3138694855,116487.93464390648,-21901.60855739197
2013-04-01,428816.447912,371832.41620618023,-26586.839804172632,83570.8715099924
2013-04-02,377732.827961,375704.89554665703,-56859.76042332254,58887.6928376655
2013-04-03,373731.0758793,379122.3504957356,-30858.247791401052,25466.973174965475
2013-04-04,308738.385963,382471.71760943555,-69060.92587950711,-4672.405766928452
2013-04-05,336394.782031,385060.9165311656,-39328.026675963505,-9338.107824202103
2013-04-06,509424.214023,383599.6526437458,102942.9804420625,22881.58093719167
2013-04-07,519048.376884,379192.53829826124,117235.67942281529,22620.15916292352
2013-04-08,346649.815943,374887.5322347906,-26552.375614376622,-1685.340677413973
2013-04-09,306335.8019617,371092.95628152177,-50037.58411581352,-14719.570204008196
2013-04-10,312846.374941,367614.06806989224,-31569.149692073377,-23198.543436818873
2013-04-11,303223.41301,364545.4286719951,-70621.65623284987,9299.640570854768
2013-04-12,314394.967035,362569.26901382377,-45083.652709989445,-3090.649268834328
2013-04-13,453442.497048,361913.69661634986,102233.01051524394,-10704.210083593789
2013-04-14,478417.148813,361988.02160128165,123576.41783207859,-7147.290620360232
2013-04-15,338712.458055,362077.9245383417,-26438.738421505273,3073.2719381635543
2013-04-16,333431.88004899997,361879.23395164096,-47900.84822004961,19453.494317408593
2013-04-17,334990.518942,361573.7316212565,-35860.098358786265,9276.885679529747
2013-04-18,281924.509951,361300.4423028391,-71192.23289834328,-8183.699453495792
2013-04-19,311588.70494,360471.7152781333,-44933.75003967085,-3949.26029846241
2013-04-20,459884.838043,358628.81923581887,101241.03710629212,14.981700889009517
2013-04-21,485721.032087,356122.59732874925,128895.3848435373,703.0499147134833
2013-04-22,328886.320986,353589.34454046906,-28513.762207278935,3810.7386528098723
2013-04-23,302097.8329435,351484.19122795906,-52769.2988630305,3382.9405785714625
2013-04-24,310555.184925,350151.29359076684,-41008.574037875485,1412.4653721086215
2013-04-25,268790.618996,349663.97455200827,-70406.93901436997,-10466.416541638318
2013-04-26,304413.556952,350211.2573296189,-41824.12830333511,-3973.5720742837875
2013-04-27,446665.337895,353375.04325119103,105239.82067925256,-11949.526035443589
2013-04-28,477623.4729303,359717.8092227582,141735.79968107404,-23830.135973532277
2013-04-29,328795.874018,367723.7864362103,-30942.874788944555,-7985.037629265804
2013-04-30,310186.466894,376259.4577210789,-62297.25545380488,-3775.7353732740157
2013-05-01,507974.636889,384281.78120882856,-46712.97641860365,170405.83209877508
2013-05-02,348709.460063,391140.2712788141,-71250.32758036493,28819.5163645508
2013-05-03,374291.2510323,396828.932280151,-41238.72641080331,18701.04516295233
2013-05-04,520339.51596499997,400825.9189138328,111828.97641297543,7684.620638191758
2013-05-05,580268.550981,402087.50174144225,148149.98572494782,30031.06351460988
2013-05-06,369869.383046,399975.00526632596,-31497.57622043157,1391.9540001055575
2013-05-07,317292.964148,395742.21885423624,-68275.96559897787,-10173.289107258373
2013-05-08,332477.410968,391644.4107538759,-52051.10422750526,-7115.8955583706265
2013-05-09,305868.0570225,388018.361371501,-68168.40072393358,-13981.903625067382
2013-05-10,335937.441949,384875.25688063074,-41585.24872628028,-7352.566205350449
2013-05-11,512090.58108,382402.0621131208,112054.07418977331,17634.444777105877
2013-05-12,387860.5050145,380908.5637987883,148816.64509138477,-141864.70387567306
2013-05-13,350598.06187,380153.94401400146,-28481.35353494406,-1074.5286090574227
2013-05-14,308469.313119,379538.6369207655,-64526.113743709255,-6543.210058056284
2013-05-15,329113.560081,378445.9421127944,-53091.75309596858,3759.3710641741636
2013-05-16,307556.946937,376534.97318953625,-67089.03832352313,-1888.9879290131503
2013-05-17,330004.241998,374035.7422007244,-44136.26829605174,104.76809332735138
2013-05-18,480969.558942,371413.5945398377,102180.33490940086,7375.629492761451
2013-05-19,518153.554009,368490.8842714264,140717.1482850603,8945.52145251329
2013-05-20,341787.214991,364516.06893223495,-21744.107381258433,-984.7465599764837
2013-05-21,307178.399952,359257.81505343557,-54127.763275784666,2048.348174349114
2013-05-22,301785.4831075,353954.4685443292,-49305.45376098826,-2863.531675840961
2013-05-23,289261.058026,349902.1578044559,-67166.23467747902,6525.134899023105
2013-05-24,398389.241982,347453.07492018066,-43893.62868301533,94829.7957448347
2013-05-25,417930.141993,346614.55232437485,90871.418390366,-19555.828721740865
2013-05-26,450631.400068,346832.8079167761,133257.42714325327,-29458.834992029355
2013-05-27,321630.8309235,347950.0330377087,-15052.771835292171,-11266.430278916552
2013-05-28,307329.1680565,351550.6122825554,-47085.21684708586,2863.772621030512
2013-05-29,309333.380899,359856.14976237976,-47442.71569089411,-3080.05317248567
2013-05-30,304344.849939,370530.50727078633,-70652.75678338224,4467.099451595917
2013-05-31,330257.841975,379441.5765680003,-42717.05170918318,-6466.6828838171205
2013-06-01,566901.814988,386147.0206017044,88758.36948455936,91996.4249017362
2013-06-02,637698.494958,391276.5975647337,135621.4956028314,110800.40179043496
2013-06-03,426332.097995,395338.807916957,-12743.312909687036,43736.60298773006
2013-06-04,369705.160085,399323.0769916649,-49931.40580255664,20313.488895891758
2013-06-05,361791.080915,402485.90443710965,-47628.54666974359,6933.723147633951
2013-06-06,317496.765891,400370.77554124454,-76437.60831164237,-6436.401338602183
2013-06-07,357673.087977,392506.99626543553,-42513.7945212105,7679.8862327749375
2013-06-08,466292.699096,384906.858469986,92255.0531602447,-10869.212534230726
2013-06-09,526804.730256,379154.51198566944,139927.44087016475,7722.777400165738
2013-06-10,349754.291978,375235.76380337833,-9784.979072568802,-15696.492752809485
2013-06-11,283858.2159925,372904.1513677656,-53036.249140404565,-36009.68623486103
2013-06-12,320173.5779987,372277.74092779844,-49951.80407320577,-2152.3588558926713
2013-06-13,282886.9200452,372551.0188988938,-82876.70583971181,-6787.393013981986
2013-06-14,326956.7421072,373161.82803129463,-43895.28365208702,-2309.802272007568
2013-06-15,505950.6668701,374278.36370036553,99101.27978275724,32571.023386977264
2013-06-16,435894.082881,375619.9535899231,146438.7226748191,-86164.59338374215
2013-06-17,370944.271024,376017.55657042115,-10534.528681063295,5461.243134642136
2013-06-18,320885.3399215,375134.7807672479,-55001.102852511154,751.6620067632757
2013-06-19,319235.25797700003,372895.69959987915,-51977.18488962853,-1683.2567332505714
2013-06-20,293877.944015,369160.21855174267,-87060.65387937416,11778.379342631495
2013-06-21,319722.6870265,364939.51571597287,-47576.809808167534,2359.9811186946463
2013-06-22,446347.312096,361524.05850541726,103623.93634401789,-18800.68275343516
2013-06-23,504964.845142,359484.8193894607,141260.44231661945,4219.583435919834
2013-06-24,336631.9640383,359535.1418952757,-5918.788392691994,-16984.38946428371
2013-06-25,305119.530064,361896.92414894386,-48164.29489688492,-8613.099188058928
2013-06-26,301847.2489636,366807.81954076514,-50606.72518240588,-14353.845394759206
2013-06-27,266525.458966,374261.0590772531,-85734.85072115823,-22000.74939009489
2013-06-28,324210.971803,382833.93847971124,-49698.30183633976,-8924.664840371464
2013-06-29,509379.108146,390850.5338038918,98849.75991644026,19678.814425667922
2013-06-30,533481.693027,397707.6048416474,131906.02584571164,3868.062339640921
2013-07-01,441758.3880965,402902.73255339166,-4056.9129881610434,42912.56853126938
2013-07-02,390958.38408,406077.82746487256,-39918.145382747774,24798.701997875178
2013-07-03,374551.917949,406516.79150198324,-46241.0620190461,14276.188466062886
2013-07-04,327020.179028,403676.9681286581,-82538.42201020637,5881.632909548294
2013-07-05,351401.500074,397748.9423611455,-48663.10109236099,2315.65880521544
2013-07-06,479514.493924,389830.0222226481,92748.206811942,-3063.73511059006
2013-07-07,500606.073078,381289.1783300456,114111.86286369362,5205.031884260767
2013-07-08,365452.995017,373428.36489310116,-1562.5632912423343,-6412.806584858801
2013-07-09,317279.1449993,366470.82404354966,-32495.507984778047,-16696.171059471613
2013-07-10,314134.886071,360726.8826790469,-39594.069221798476,-6997.927386248426
2013-07-11,281750.931023,356674.55042610114,-73781.16329861204,-1142.4561044891016
2013-07-12,308786.438133,354366.10420603876,-44010.33688371347,-1569.3291893252754
2013-07-13,432569.1022205,353337.10180418275,86052.43769276894,-6820.437276451674
2013-07-14,438722.417857,353045.2103019798,98949.87086014007,-13272.663305119844
2013-07-15,348803.0469486,352943.5739129705,-5643.781006992052,1503.2540426215273
2013-07-16,335516.229006,352836.68397992547,-32971.27767404471,15650.822700119228
2013-07-17,324313.8180255,352961.8714436038,-35827.01414627649,7178.96072817262
2013-07-18,287074.8739522,353244.76917217916,-61808.94844976674,-4360.946770212438
2013-07-19,313332.555049,353215.0950906347,-35836.33957423946,-4046.200467395247
2013-07-20,435497.731013,352650.8258816292,82540.68525719877,306.219874172064
2013-07-21,437952.624049,351627.2949651672,89234.56996104923,-2909.240877216449
2013-07-22,342802.29905,350531.3256557945,-11352.516047203424,3623.489441408892
2013-07-23,316257.463107,349691.38804751536,-36820.33687034183,3386.411929826485
2013-07-24,309243.7899995,349048.2907593042,-33611.3149448633,-6193.1858149408945
2013-07-25,298074.2249247,348925.8306847403,-57077.68866819191,6226.082908151613
2013-07-26,318745.692921,350074.49973475124,-28643.22875801568,-2685.578055735561
2013-07-27,423890.5020012,352909.9447055446,83640.33617066723,-12659.778875011834
2013-07-28,433358.6520873,358324.5977886938,86816.38697088601,-11782.332672279794
2013-07-29,331493.2850525,366363.0338649787,-11829.892233042845,-23039.856579435815
2013-07-30,318553.989932,375734.9582129146,-41104.8693615498,-16076.098919364798
2013-07-31,357982.979012,384818.3676055311,-34148.816504158705,7313.427910627623
2013-08-01,397555.3181021,392766.4790390567,-56690.538096040334,61479.37715908361
2013-08-02,393831.120007,399210.0249152266,-23023.84143825717,17644.936530030565
2013-08-03,516956.846013,403721.4360426632,81778.43805290785,31456.971917429008
2013-08-04,514267.27594,405541.75707404694,86066.34627512845,22659.1725908246
2013-08-05,407033.810946,403474.46234262537,-12357.352388464236,15916.70099183888
2013-08-06,357263.854086,396958.7188634579,-43586.80924196417,3891.9444645062904
2013-08-07,351302.132003,388036.91137020977,-34928.522581329744,-1806.2567858800176
2013-08-08,310953.0239315,379396.3302483178,-56683.15828178515,-11760.148035032675
2013-08-09,337521.667868,371859.00639361574,-19028.706435303484,-15308.632090312254
2013-08-10,434184.94409,366253.2003657319,79763.39307918717,-11831.649354919035
2013-08-11,434720.3230013,363048.2641144984,87416.85529305453,-15744.79640625295
2013-08-12,349539.224033,362088.9577340093,-9850.671553738883,-2699.0621472704224
2013-08-13,317103.331061,362933.62804030714,-40123.893392626815,-5706.403586680302
2013-08-14,324377.386893,364883.13714282133,-36470.33523600082,-4035.415013820515
2013-08-15,311043.17291,367329.50630541664,-60871.6685433146,4585.335147898004
2013-08-16,364487.3218839,369818.29570984014,-21543.044217755752,16212.070391815563
2013-08-17,448835.3109167,371957.64230856,79098.13383714603,-2220.4652290060767
2013-08-18,464053.7730675,373094.46279570897,86561.23212603253,4398.078145758482
2013-08-19,362085.52696,372611.1053547661,-6729.311575971833,-3796.2668187943054
2013-08-20,343046.11398,370329.6895469767,-36698.863641575124,9415.288074598415
2013-08-21,335724.643932,367026.27586809854,-39044.81872169404,7743.1867855954915
2013-08-22,306473.26098,363849.32267804636,-69157.77121710444,11781.709519058117
2013-08-23,331906.369098,361437.27351380046,-30718.267990115368,1187.3635743149207
2013-08-24,420576.154994,359998.8140652908,87245.09609933647,-26667.755170627264
2013-08-25,443694.093754,360102.22747851047,103020.66125965251,-19428.794984163018
2013-08-26,347159.6410143,362136.8410160298,-4256.814760437777,-10720.385241292068
2013-08-27,319688.2190185,366681.1517447001,-38523.43160740643,-8469.501118793676
2013-08-28,319322.060993,375009.1831572818,-41477.38689931393,-14209.735264967836
2013-08-29,294518.685943,386293.2674185998,-79031.98638583742,-12742.595089762355
2013-08-30,354932.930947,397235.2089523696,-44942.13762910786,2639.8596237382735
2013-08-31,523631.3811059,405867.6224289134,97034.10573383434,20729.652943152236
2013-09-01,640406.221875,412334.05333951634,123939.81905625368,104132.34947923006
2013-09-02,458792.960966,417437.07301611756,-3557.738356239721,44913.62630612217
2013-09-03,397680.420032,421409.403469851,-45422.701819821836,21693.71838197083
2013-09-04,392565.48591,423145.9138328008,-46830.39586962035,16249.967946819495
2013-09-05,330622.779063,420935.8091834978,-88763.71191691494,-1549.318203582894
2013-09-06,335442.247929,414015.84423299343,-53297.233516456545,-25276.36278753687
2013-09-07,518584.247,405149.95617983147,105045.50551634774,8388.785303820798
2013-09-08,560852.005091,397152.3325771189,141635.43822131978,22064.234292561305
2013-09-09,377151.7070027,390572.80881119263,-2051.485775015569,-11369.616033477068
2013-09-10,308074.4658225,385351.40393921547,-50555.81965296171,-26721.118463753723
2013-09-11,323124.61885,381368.40113409766,-50656.17863815974,-7587.6036459378665
2013-09-12,282855.730937,378356.9401671004,-93076.81040302991,-2424.3988270704867
2013-09-13,319556.942029,376121.3128362142,-54877.58184965413,-1686.7889575600275
2013-09-14,476364.004996,375105.19097659254,106132.53389850436,-4873.719879096898
2013-09-15,532852.959041,375098.4426468589,153485.31768229784,4269.19871184323
2013-09-16,373229.840879,374967.44513710943,-6600.538189166956,4862.933931057574
2013-09-17,327282.949966,374158.63456549996,-56770.70782482188,9895.0232253219
2013-09-18,315687.718926,372957.3246577475,-51346.55601329921,-5923.04971844831
2013-09-19,279580.372008,371452.4077026365,-89977.67342130824,-1894.3622733282973
2013-09-20,331846.9039701,369622.7563313036,-49251.21674298721,11475.364381783584
2013-09-21,468298.380896,367568.7801523408,106457.67580239451,-5728.075058735325
2013-09-22,502068.7019007,365728.4156455884,145927.56809649177,-9587.281841380172
2013-09-23,356043.0340047,364691.70748094405,-13240.910730467505,4592.237254223495
2013-09-24,303333.392926,364806.0708433565,-57992.422227958275,-3480.255689398211
2013-09-25,312490.104996,365892.11457703594,-48321.093854200066,-5080.915726835898
2013-09-26,273057.8798588,368052.6259336982,-82983.44226594748,-12011.30380895076
2013-09-27,320246.574024,372139.2580288489,-42541.93552859011,-9350.748476258828
2013-09-28,484903.6890081,378616.8355757953,107590.03348841218,-1303.1800561075215
2013-09-29,522868.441946,386311.4545954855,138919.16765914572,-2362.180308631272
2013-09-30,367068.4500143,393981.5685588746,-19036.209037523622,-7876.909507050994
2013-10-01,436441.034076,400727.38720850926,-59877.059068552575,95590.70593604329
2013-10-02,414455.6550375,405999.53059181536,-43915.68006392091,52371.80450960557
2013-10-03,348933.24703,409757.1756092258,-75329.80574538001,14505.877166154212
2013-10-04,378109.978059,412104.28549390635,-43991.87102956017,9997.563594653795
2013-10-05,540156.625057,412176.7570961795,105687.59965738213,22292.268303438323
2013-10-06,553031.424016,407275.5103961994,136895.6696409642,8860.243978836399
2013-10-07,373387.109043,397890.00431803823,-23920.683421420155,-582.2118536180933
2013-10-08,326726.7240121,387885.11514045455,-62985.75578726857,1827.3646589140408
2013-10-09,322529.418957,379862.63712615985,-37708.76599785045,-19624.452171309385
2013-10-10,305047.0980576,374109.16256371816,-70497.99404572556,1435.9295396073721
2013-10-11,402913.849028,370378.6808885126,-45768.57619880782,78303.74433829525
2013-10-12,426379.6909939,368358.4634568459,104384.89752188741,-46363.66998483328
2013-10-13,481781.2559686,367319.7453418681,141425.12675172434,-26963.616124992433
2013-10-14,342694.7209944,367330.0086627479,-24794.546994276567,159.25932592863683
2013-10-15,305242.569986,369023.5865289043,-64640.84457456875,859.8280316644232
2013-10-16,355696.963943,372239.0847061923,-39395.67473204272,22853.553968850407
2013-10-17,312949.412961,375541.4623701459,-74263.81645600092,11671.767046855006
2013-10-18,323327.873107,377315.5034498537,-44215.99573624154,-9771.634606612148
2013-10-19,488245.570001,377266.5849226132,101220.29640587371,9758.68867251306
2013-10-20,537713.5090483,375675.6944377936,147588.23829991993,14449.576310586475
2013-10-21,348721.327971,372971.6594717278,-22063.938916946452,-2186.3925837813294
2013-10-22,301641.7850828,369777.6860655742,-64976.521814534164,-3159.379168240004
2013-10-23,323105.11598,366899.6582351874,-44512.73508260165,718.1928274142556
2013-10-24,276059.0800025,364483.5160498715,-82211.8463586728,-6212.589688698703
2013-10-25,317570.4260338,362823.74000584456,-43614.257877166514,-1639.0560948780621
2013-10-26,452902.363914,362892.077324313,103044.06823542804,-13033.78164574108
2013-10-27,512891.4830689,365567.7020109855,158297.894096565,-10974.11303865054
2013-10-28,346941.91396,371260.89391906385,-21065.283497504257,-3253.6964615596225
2013-10-29,302332.9969864,379444.5935133046,-59247.34109024931,-17864.25543665531
2013-10-30,319494.7050373,389062.7099872702,-51701.5234142266,-17866.481535743573
2013-10-31,298195.433106,399230.26402506104,-91148.79776134022,-9886.033157720813
2013-11-01,403637.232955,409425.9980963831,-45873.02173092405,40084.25658954092
2013-11-02,540615.555037,418995.7498053592,105411.06301172647,16208.742219914275
2013-11-03,602796.556029,426800.4335427604,166843.18852163898,9152.933964600612
2013-11-04,424314.167046,431818.23609695054,-20748.699125732222,13244.630074781715
2013-11-05,393322.182909,433356.8138705113,-53639.20759205919,13604.576630547934
2013-11-06,386426.9788195,431534.69796400936,-57927.25943281044,12819.540288301068
2013-11-07,346293.3400477,427803.49686094106,-98623.177106984,17113.020293742942
2013-11-08,358473.978049,423321.90482134547,-47538.84177363188,-17309.084998713573
2013-11-09,513850.32307,418027.86310250347,107872.66740697922,-12050.207439482678
2013-11-10,587666.490239,412569.4608307402,171452.70961400348,3644.31979425624
2013-11-11,374087.890067,408145.4266020233,-19105.392918780082,-14952.143616243207
2013-11-12,373277.748034,405371.47476025106,-52603.01389544918,20509.287169198098
2013-11-13,332279.2568851,404131.4405936216,-56292.08890698279,-15560.094801538798
2013-11-14,284567.4029707,403448.71114229516,-99798.32578081655,-19082.982390778605
2013-11-15,349383.296052,402686.65438111697,-53160.07683382641,-143.28149529051734
2013-11-16,524065.5881155,401939.66521852784,107787.26741037983,14338.655486592324
2013-11-17,579209.228924,401341.7709170343,171663.6393632204,6203.818643745326
2013-11-18,391945.551999,400548.10874441545,-18064.68302723468,9462.126281819248
2013-11-19,329455.2710234,399424.0999406003,-52805.661476865556,-17163.167440334742
2013-11-20,354337.734795,397327.7718342209,-53618.394167675484,10628.357128454547
2013-11-21,298047.047965,394372.9843731954,-99011.30872184192,2685.3723136465414
2013-11-22,340734.213038,391477.3349444573,-52361.787095829364,1618.6651893720846
2013-11-23,485544.298837,389534.45243222255,106016.738499007,-10006.89209422958
2013-11-24,550925.293106,389034.198823826,161220.49079480785,670.6034873662284
2013-11-25,365965.5090102,390316.28857555025,-14151.436267272009,-10199.343298078282
2013-11-26,323292.830024,393148.2605660274,-52733.62341656535,-17121.807125462044
2013-11-27,337083.286026,398742.9835045183,-48078.08991058323,-13581.607567935076
2013-11-28,305982.981947,408023.7354640916,-93247.4982828727,-8793.255234218843
2013-11-29,357000.404165,418607.22899910295,-47401.55196141472,-14205.272872688249
2013-11-30,541977.655801,428642.54831792,96093.35970438094,17241.747778698977
2013-12-01,698217.128989,438324.03713398235,149312.31745531087,110580.7743997068
2013-12-02,495488.366984,447154.7761112024,-12771.928168125944,61105.519040923566
2013-12-03,424438.046973,454856.4644553482,-50654.23201064174,20235.8145282935
2013-12-04,424147.0459855,461363.7131207138,-42787.356337963596,5570.689202749811
2013-12-05,386406.804985,465210.8207435774,-85863.97720352063,7059.96144494327
2013-12-06,432661.755068,464924.18573489966,-44361.84131502189,12099.410648122255
2013-12-07,537181.319801,463118.1039014326,89767.19530513586,-15703.979405568505
2013-12-08,588855.895921,462066.94696176174,137080.28117389613,-10291.332214657858
2013-12-09,442309.3141075,462031.69467627635,-11687.927781763541,-8034.452787012793
2013-12-10,414421.695986,463898.3494474362,-48695.812654284695,-780.840807151515
2013-12-11,422957.198908,468471.72622950154,-35465.67471705446,-10048.852604447049
2013-12-12,384256.080979,475847.73219774716,-80096.17706032154,-11495.474158425583
2013-12-13,434657.0129787,485564.9064615875,-44680.02972492901,-6227.863757958519
2013-12-14,554911.917024,497092.50506340404,90947.22848691144,-33127.816526315524
2013-12-15,642015.7758165,510131.07943689177,129087.59990628097,2797.0964733271976
2013-12-16,516060.290853,523701.4679357193,-10519.095052413133,2877.9179696938954
2013-12-17,480470.7168425,536793.2970865096,-57599.386016168566,1276.8057721588993
2013-12-18,527481.336925,549259.9097090864,-25804.985647139943,4026.412863053498
2013-12-19,507461.038187,559812.9807310879,-78766.3283140303,26414.385769942426
2013-12-20,544104.2676365,565681.7266738196,-54633.97242762536,33056.513390305685
2013-12-21,685673.07474,567745.5459118593,111615.99933187495,6311.529496265808
2013-12-22,696295.146867,568350.908064934,129875.73711096702,-1931.4983089009766
2013-12-23,792865.284427,567454.448536172,-24076.660889228355,249487.49678005627
2013-12-24,620663.290732,564408.8631841822,-67599.58203605942,123854.00958387728
2013-12-25,545697.22657285,561086.8228124245,-16993.527421231473,1603.9311816570116
2013-12-26,470731.1624137,561252.9280054963,-91082.69023119667,560.924639400444
2013-12-27,479314.968043,563496.1064086556,-66140.36421447925,-18040.774151176447
2013-12-28,556952.305979,567188.0821847483,128625.13855865976,-138860.91476440796
2013-12-29,499719.5049237,572103.6550644776,165055.71336407392,-237439.86350485147
2013-12-30,635134.7358515,577821.0209276797,-35173.093256722845,92486.80818054313
2013-12-31,507264.6630475,587438.0167189917,-79208.90104801994,-964.4526234717341
2014-01-01,8602.065404,598484.1145098577,-17968.662615421137,-571913.3864904366
2014-01-02,801011.226041,607793.3937065164,-105765.77041307787,298983.6027475615
2014-01-03,680672.845603,617327.1898508715,-75238.12653482828,138583.7822869569
2014-01-04,936628.8866039,626214.8029077649,148296.673819817,162117.40987631807
2014-01-05,949618.78894,637016.9548565495,190862.7989807475,121739.03510270303
2014-01-06,602268.564009,651680.4357996861,-52453.1294765848,3041.2576858986868
2014-01-07,563450.5988595,650942.4358071962,-88718.38739152858,1226.5504438324133
2014-01-08,636176.853478,643289.73532514,-24953.957134786815,17841.075287646847
2014-01-09,496377.933414,636085.4372994356,-121704.19081798125,-18003.31306745438
2014-01-10,543055.329066,629242.867770125,-82423.27400616986,-3764.264697955223
2014-01-11,787321.455619,623676.2420813222,165473.45333573315,-1828.2397980553797
2014-01-12,844633.598917,619764.8820135043,224584.31595772004,284.4009457756765
2014-01-13,555547.0150185,617534.5975209235,-52053.74647310849,-9933.836029314902
2014-01-14,502643.104285,616812.7233359067,-91606.80101908033,-22562.818031826406
2014-01-15,567067.469069,617086.9841034451,-36861.06824971815,-13158.446784726926
2014-01-16,502789.214207,617731.8338534666,-129729.38150033122,14786.76185386465
2014-01-17,542937.915657,618331.6356283331,-78381.85885983988,2988.138888506801
2014-01-18,786779.8899055,618330.4258833601,156728.68345539775,11720.780566742178
2014-01-19,851735.334091,617302.1814633819,228712.50544090668,5720.647186711547
2014-01-20,575850.061871,614897.9252139198,-46130.9011162842,7083.03777336434
2014-01-21,538817.207912,611136.1993271789,-90359.87506647912,18040.883651300217
2014-01-22,553097.596874,606387.8860554224,-49526.05611494523,-3764.2330664771143
2014-01-23,460789.0398597,600908.264630067,-118959.51057525931,-21159.714195107692
2014-01-24,526124.572256,594830.443432438,-72089.87072132804,3383.999544890132
2014-01-25,733880.979053,588593.1459674236,140735.85661626552,4551.976469310932
2014-01-26,814057.732862,582425.009071486,230934.23966722336,698.4841232906329
2014-01-27,540798.833711,575998.6717516565,-40470.88912443505,5271.051083778613
2014-01-28,481593.435798,568597.8906319633,-83666.71485996517,-3337.7399739980465
2014-01-29,512853.989922,558875.6624557115,-54509.13822523721,8487.465691525722
2014-01-30,453642.97070330003,547202.6560769432,-107773.53478336894,14213.849409725866
2014-01-31,560816.192394,534539.8824174637,-66440.64346648156,92716.9534430179
2014-02-01,648870.19898,521615.12030351174,125145.65899996145,2109.419676526799
2014-02-02,619805.537102,508493.686424959,208166.47541149217,-96854.62473445118
2014-02-03,461637.5229585,494692.57431702066,-33035.84030506842,-19.211053452221677
2014-02-04,403189.5869763,480269.0076120801,-75859.5235782087,-1219.8970575713902
2014-02-05,399138.3059075,466850.11557741323,-52717.03100931285,-14994.778660600423
2014-02-06,359139.101529,456280.8921964625,-95585.61978721521,-1556.170880247315
2014-02-07,389471.568011,448655.64574323944,-61762.38789206628,2578.310159826826
2014-02-08,530128.059914,443173.7328980115,115640.70574227405,-28686.37872628559
2014-02-09,520753.7470746,438490.2006999971,191423.31483212783,-109159.76845752489
2014-02-10,396622.737011,434532.8490513971,-26264.747432612185,-11645.364607784955
2014-02-11,358382.7339877,431465.5703614189,-69925.39209177245,-3157.444281946402
2014-02-12,387758.393971,429420.0437624543,-55366.95100127219,13705.301209817873
2014-02-13,347373.2985675,428830.8957043251,-90621.15346525138,9163.55632842629
2014-02-14,361206.4069057,429004.5533572941,-54295.54543916613,-13502.601012428
2014-02-15,538893.357859,428588.7578538382,112555.85399523859,-2251.2539900768315
2014-02-16,595300.23508,427499.251975443,172394.56896454032,-4593.585859983286
2014-02-17,412029.2879535,426137.2629550219,-20785.810406502424,6677.835404980462
2014-02-18,365331.247942,425099.2100337236,-68483.93802023557,8715.975928511936
2014-02-19,360161.6390075,424891.1587123599,-63535.84460096814,-1193.6751038917573
2014-02-20,322451.9201135,425099.47940541356,-95883.92134200475,-6763.637949908851
2014-02-21,369403.653633,425209.88496801816,-46348.39373972032,-9457.837595297839
2014-02-22,538206.082827,425720.2367598082,111106.97032411487,1378.8757430768455
2014-02-23,487896.463891,427215.237764799,205560.2932817731,-144879.06715557206
2014-02-24,404224.188997,429917.61565706646,-26536.231076950462,842.8044168839697
2014-02-25,351418.110084,433856.1841672448,-75992.48781804275,-6445.586265202088
2014-02-26,353604.266985,438839.98836381664,-67524.98696330519,-17710.734415511484
2014-02-27,330330.185244,436406.78362761106,-113106.51793486773,7029.919551256637
2014-02-28,425624.795466,438141.20572726434,-47031.174945538165,34514.7646842738
2014-03-01,911360.2578707,443689.0319980169,108940.6168620309,358730.6090106522
2014-03-02,667413.052988,522536.77525578334,238755.083738432,-93878.8060062154
2014-03-03,613973.031386,543301.4995635581,-31663.136853948654,102334.66867639055
2014-03-04,748930.902096,562894.6684059451,-84853.2992828394,270889.5329728944
2014-03-05,741756.416525,590283.919531115,-66052.25302515642,217524.75001904147
2014-03-06,614082.444339,639995.5640224519,-127921.38426337866,102008.26457992685
2014-03-07,598242.341178,639135.0459934891,-56769.16187471612,15876.457059227047
2014-03-08,753345.259201,645249.1133243624,107263.78368125288,832.3621953846887
2014-03-09,916117.649984,639334.8927711649,279899.81834670005,-3117.061133864918
2014-03-10,587414.828974,633277.2008722335,-37061.30840745456,-8801.063490779023
2014-03-11,539365.375063,628487.9063683175,-90719.18960589645,1596.6583005789435
2014-03-12,575676.797032,626213.9227019727,-58317.5368407029,7780.411170730251
2014-03-13,473298.042544,625671.0230752893,-135866.02032582104,-16506.960205468233
2014-03-14,530515.2554715,625805.4640288854,-64961.81128603664,-30328.397271348746
2014-03-15,731049.789851,626183.5469430288,117976.927074748,-13110.684166776831
2014-03-16,929808.492772,626669.5685015981,256681.9753044293,46456.94896597264
2014-03-17,612719.522118,627643.3984416033,-36418.9662935706,21495.08996996726
2014-03-18,537427.86875,628945.5647007832,-84472.3780919035,-7045.317858879687
2014-03-19,585974.657018,629644.5935917302,-46573.48643699835,2903.5498632681556
2014-03-20,500897.112641,628570.5790219493,-137386.03132850473,9712.564947555424
2014-03-21,548811.469984,625759.5302707063,-69557.88696174276,-7390.173324963544
2014-03-22,771704.933772,622088.904273589,129910.3354054216,19705.694092989434
2014-03-23,838814.636064,618548.001852372,228542.79866008,-8276.16444845195
2014-03-24,571762.044919,614924.4728074307,-33591.684664079075,-9570.74322435155
2014-03-25,539861.6183493,610892.0830369873,-73029.43380061664,1998.969112929306
2014-03-26,569680.543547,606347.4336094133,-47870.7400370391,11203.84997462586
2014-03-27,468581.398304,598362.8812695497,-125007.83219766183,-4773.6507678879425
2014-03-28,538905.781947,586486.3431140834,-64946.457672404824,17365.896505321376
2014-03-29,822333.142686,573987.5844954997,133540.54879882938,114805.00939167081
2014-03-30,873958.8396415,561261.241650435,195392.75853597862,117304.83945508639
2014-03-31,651800.509461,548241.7384820716,-33391.252114398405,136950.02309332683
2014-04-01,485079.887001,534878.6693313016,-64238.63791030716,14439.855580005562
2014-04-02,463917.316107,520830.31154160923,-46914.91475372309,-9998.080680886167
2014-04-03,388867.961418,506069.76434155036,-111735.90426298624,-5465.898660564155
2014-04-04,422578.745073,492006.2135135761,-52422.3208653657,-17005.147575210372
2014-04-05,617680.194045,478648.02636335447,130094.28949367361,8937.878187971946
2014-04-06,631888.250898,466541.2525992155,161265.06837407307,4081.9299247114104
2014-04-07,426091.1040178,455758.2201704887,-32173.657677099764,2506.5415244110627
2014-04-08,376663.272105,446056.78980262525,-55677.561559598944,-13715.956138026319
2014-04-09,375309.08201199997,437228.78185537696,-41002.097578480476,-20917.6022648965
2014-04-10,334052.7571255,429659.26127393724,-99049.500623101,3442.996474663785
2014-04-11,379646.845927,423934.2107672559,-43496.75791793513,-790.6069223207887
2014-04-12,529919.922964,420690.58102508157,115042.73819636594,-5813.396257447486
2014-04-13,540190.281942,419823.0003133041,142062.63900110542,-21695.35737240949
2014-04-14,381386.309033,419132.8044829664,-27581.129129313773,-10165.366320652654
2014-04-15,364689.054991,417526.83719393524,-54560.29043806037,1722.508235125104
2014-04-16,411357.084985,416316.3823048805,-39687.499510197275,34728.202190316806
2014-04-17,397464.842904,416544.83353745093,-88990.56580831337,69910.57517486246
2014-04-18,394392.184115,417552.6732679685,-35942.55377417324,12782.064621204743
2014-04-19,496904.749136,418086.2296012478,104121.74469923889,-25303.225164486677
2014-04-20,520126.3980386,416830.6083760874,145479.1004390785,-42183.31077656592
2014-04-21,398677.396998,413806.713288822,-29564.349179370238,14435.032888548216
2014-04-22,370552.249018,410501.5245864355,-59674.75514643224,19725.47957799671
2014-04-23,372232.595049,408027.6318437576,-41446.37137864824,5651.334583890624
2014-04-24,320875.477858,406095.5090448552,-90700.96299189678,5480.931805041619
2014-04-25,357173.708433,404169.1558602006,-34597.365061361925,-12398.082365838636
2014-04-26,497334.73503599997,401836.96040438616,109548.75651925559,-14050.98188764177
2014-04-27,560508.420995,401255.45001382387,159504.70596096807,-251.73497979185777
2014-04-28,362271.9169815,405579.234719149,-31036.710105497317,-12270.607632151688
2014-04-29,326338.348031,414210.3764276117,-64558.347310793026,-23313.68108581868
2014-04-30,357079.964912,422817.40012573596,-51933.34651051942,-13804.088703216577
2014-05-01,530380.848064,430286.59950242366,-94798.63031038655,194892.8788719629
2014-05-02,443284.891212,437164.77930474916,-41461.35489034663,47581.46679759747
2014-05-03,610391.748971,443948.7209633634,118001.18079384419,48441.84721379238
2014-05-04,646164.863883,451006.0249579857,182264.47680195293,12894.362123061379
2014-05-05,427601.704071,456311.402524406,-33603.757941814845,4894.05948840885
2014-05-06,388945.890086,456005.35012745654,-70273.3616311909,3213.9015897344216
2014-05-07,391932.183945,451475.9244163286,-62390.75028558211,2847.0098142534844
2014-05-08,337483.713217,446964.45448263816,-99988.75220518788,-9491.989060450287
2014-05-09,381335.196055,442893.96272711013,-45397.60138144478,-16161.165290665347
2014-05-10,577012.026997,439330.99934138695,125732.68321709441,11948.34443851863
2014-05-11,454512.928937,436302.6682179255,191799.88665281355,-173589.625933739
2014-05-12,398251.889006,433742.04157306167,-33407.36674716884,-2082.7858198928297
2014-05-13,360734.522978,431900.7894424715,-70431.83308057417,-734.4333838973544
2014-05-14,356373.806985,430466.75001099356,-65035.40948984646,-9057.533536147152
2014-05-15,332272.8296378,428965.3699782537,-101704.95644047284,5012.416100019182
2014-05-16,380822.742652,427456.2778464058,-51380.478669190175,4746.943474784377
2014-05-17,537873.964019,425981.62360484706,126386.25169659508,-14493.911282442219
2014-05-18,634519.7368283,424004.02822735405,193435.0456536049,17080.6629473411
2014-05-19,388814.744958,421267.2052467572,-31888.557835742595,-563.9024530145689
2014-05-20,354372.33997,417724.06670238066,-69698.61627877946,6346.889546398772
2014-05-21,356898.483031,413822.2119573103,-63634.0053075599,6710.276381249598
2014-05-22,310660.142642,410063.722913479,-98772.5737484077,-631.0065230713226
2014-05-23,349549.892726,406721.81256477267,-55190.89391778647,-1981.025920986198
2014-05-24,516627.261707,404489.314078326,125172.76999350352,-13034.82236482948
2014-05-25,573412.21016,404195.35636809474,189128.1906395723,-19911.33684766706
2014-05-26,373831.086112,406093.1123560987,-28991.81130700869,-3270.214937090059
2014-05-27,327642.143098,410266.08854173933,-70718.08249125676,-11905.862952482596
2014-05-28,338481.784057,417231.02173970913,-58601.86054765848,-20147.377135050658
2014-05-29,326624.5773325,427330.0845972784,-99138.3759878232,-1567.1312769551878
2014-05-30,375782.6398709,437426.6928104118,-56578.95272703209,-5065.100212479709
2014-05-31,597192.467989,443811.3780360955,125760.7140678088,27620.37588509568
2014-06-01,742732.830236,448242.1093404967,183219.03565753842,111271.68523796485
2014-06-02,512725.7729758,452012.50663065474,-21992.64676259928,82705.91310774448
2014-06-03,443636.187975,455411.79134107125,-72259.0141569978,60483.410790926544
2014-06-04,423284.494993,458297.5182218081,-57975.73655749092,22962.713328682876
2014-06-05,359474.513823,459386.36508434557,-101547.43854932951,1635.5872879839735
2014-06-06,391266.125449,454807.5408465741,-56943.160734242105,-6598.254663332016
2014-06-07,557142.461024,447803.4060544249,126002.43848710613,-16663.383517531038
2014-06-08,626026.956957,442376.08245063573,178975.15728634756,4675.717220016639
2014-06-09,415798.946041,438690.5260315499,-14341.548344104358,-8550.03164644551
2014-06-10,351689.4229725,436914.0705282303,-71452.72867695996,-13771.918878770317
2014-06-11,373828.16418,437584.27648493473,-57603.304080120106,-6152.808224814595
2014-06-12,329408.06736,439288.2509914877,-102476.90501535631,-7403.2786161314
2014-06-13,392308.374573,440380.5934185586,-55213.686220248186,7141.467374689586
2014-06-14,622072.988944,440851.6500334119,118609.60801649925,62611.7308940888
2014-06-15,441279.9339945,441083.82787705987,176404.89828526828,-176208.79216782813
2014-06-16,447450.23987,441106.8636949517,-5433.868661893714,11777.244836942002
2014-06-17,380396.036044,440565.7462342158,-71269.39731447883,11099.68712426303
2014-06-18,373408.6641423,438599.16042442375,-60256.11396770522,-4934.382314418501
2014-06-19,332280.935096,434399.64042871207,-101555.60111652008,-563.1042161920341
2014-06-20,369206.789547,429317.3847406457,-50423.726881773684,-9686.868311872007
2014-06-21,538613.855166,424975.552176133,110884.07859886053,2754.224391006457
2014-06-22,591184.1240535,421637.40051578014,166789.39167626065,2757.3318614592426
2014-06-23,414929.6359765,418993.64151413727,5129.273698778379,-9193.279236415634
2014-06-24,340464.7450455,416958.6293463999,-68752.17025783329,-7741.714043066604
2014-06-25,355342.398017,415469.4291730846,-56939.10608695471,-3187.9250691299094
2014-06-26,315798.180924,414515.98479127005,-103015.99810861652,4298.194241346442
2014-06-27,370793.573429,414230.14771322935,-54366.68213480006,10930.107850570697
2014-06-28,510870.81398,414650.29873481987,114282.44147688271,-18061.926231702615
2014-06-29,567218.8850125,415026.5768398604,154038.302718341,-1845.9945457014255
2014-06-30,429324.0552005,414628.36483896134,7894.695875185101,6800.994486353593
2014-07-01,720480.616788,417346.17170299916,-65286.32120901344,368420.7662940143
2014-07-02,747430.1471275,488265.76479330775,-45268.62474165668,304433.007075849
2014-07-03,583844.7207922,511522.5539937927,-106734.27175383453,179056.43855224183
2014-07-04,595424.31324,530364.1101400978,-59626.81482413612,124687.01792403834
2014-07-05,817307.1101677,555041.3329334322,119767.1780468409,142498.59918742685
2014-07-06,918276.596259,615492.1479216953,146465.3912271423,156319.05711016245
2014-07-07,638526.428909,616687.0547056457,2967.549974696913,18871.82422865741
2014-07-08,557291.4975265,621527.9595837294,-63219.3899908506,-1017.0720663787797
2014-07-09,574451.409963,617073.0221563207,-32970.031947047006,-9651.580246273777
2014-07-10,498047.54898,613381.3625499054,-111679.26189807,-3654.551671835361
2014-07-11,535644.182793,611525.445756265,-61721.27360353191,-14159.989359733067
2014-07-12,756698.7523004999,611197.1805184397,122039.66417391058,23461.907608149573
2014-07-13,733653.779849,611346.8157604435,143916.54037909047,-21609.576290533878
2014-07-14,584867.15114,611707.3029060261,-2355.852970350869,-24484.298795675277
2014-07-15,562860.0268329,612451.9794869567,-61655.20761059999,12063.254956543213
2014-07-16,621336.4939885,613261.7426504052,-22896.6992176715,30971.45055576635
2014-07-17,498221.7050971,613644.8785494411,-116572.2246529045,1149.0512005634373
2014-07-18,547619.0590519,613210.0426356591,-57907.24927447652,-7683.734309282503
2014-07-19,728988.226204,612005.6628601105,119349.2358091087,-2366.672465219279
2014-07-20,776474.1180457,609933.5782631758,142624.68018883723,23915.859593686997
2014-07-21,600228.430008,607408.5491843317,-9907.841332868305,2727.722156536649
2014-07-22,530276.040011,605345.9268056815,-60791.02599547285,-14278.860799208749
2014-07-23,574168.635995,603596.8398128097,-18938.693276247883,-10489.510541561875
2014-07-24,484618.8170115,601541.5982283101,-110225.45855289958,-6697.322663910571
2014-07-25,579767.285128,599421.404673372,-43703.83403645815,24049.71449108608
2014-07-26,688919.5500267,597491.0043422374,103740.66511707558,-12312.119432612904
2014-07-27,747307.86662,593968.8699656726,138474.02386350947,14864.972790817847
2014-07-28,583936.68549,587295.5278321307,-10880.21823195877,7521.375889828079
2014-07-29,524743.3250017,577702.6308774727,-59779.68394924123,6820.378073468455
2014-07-30,578056.965281,565955.6661543985,-26239.227237812276,38340.52636441379
2014-07-31,532423.558194,552640.860172164,-99753.13543028367,79535.83345211961
2014-08-01,506826.7949305,538047.8651085409,-32557.838749815433,1336.7685717745917
2014-08-02,626533.637869,522209.8158037838,94614.41262734757,9709.409437868686
2014-08-03,625898.205888,505428.47037419473,128612.39376303296,-8142.6582492277375
2014-08-04,471173.304022,487942.31099292776,-8078.271153892757,-8690.73581703502
2014-08-05,417197.476176,470899.92460191116,-57452.38030066825,3749.9318747571087
2014-08-06,402914.370941,455906.75678874983,-33037.794902200156,-19954.59094554966
2014-08-07,359701.53298899997,443307.79825626116,-88327.73548189581,4721.47021463461
2014-08-08,397759.9389829,433269.485021396,-28884.243410176834,-6625.302628319187
2014-08-09,496192.787084,425914.8892362715,92812.51912691897,-22534.62127919047
2014-08-10,509681.7650025,421066.06796048203,120627.71530079863,-32012.018258780707
2014-08-11,409544.575013,418630.96445700974,-7180.931185017544,-1905.4582589922356
2014-08-12,353898.211991,418370.12097751984,-57146.326238713365,-7325.582747806504
2014-08-13,372116.544964,419881.34985763085,-41092.82620150276,-6671.97869212809
2014-08-14,340740.8170565,423109.2767311086,-81272.71831265374,-1095.7413619548897
2014-08-15,402631.8400593,427311.06606408494,-32244.034632027662,7564.808627242746
2014-08-16,533996.15517,431356.78011685534,93233.67191829928,9405.703134845418
2014-08-17,564443.173007,434330.90119841596,135931.27921165052,-5819.00740306644
2014-08-18,433042.298907,435759.4784263844,-7660.493579977039,4943.314060592616
2014-08-19,379329.9530773,435365.61402928917,-62910.229307257425,6874.568355268275
2014-08-20,398126.790988,433386.83541514573,-49500.80253952687,14240.758112381154
2014-08-21,355108.8749955,431084.2443622714,-90990.07778507708,15014.70841830573
2014-08-22,388359.8983235,429147.79725937534,-38337.14259452192,-2450.756341353408
2014-08-23,499678.208204,427906.29649108875,101439.7082779343,-29667.796565023018
2014-08-24,528990.5611087,427492.54032453813,166444.11571355833,-64946.094929396466
2014-08-25,412250.075007,428283.12786167057,-7711.79434872155,-8321.258505948994
2014-08-26,355053.9079745,430518.68134738714,-71275.50196493819,-4189.2714079489815
2014-08-27,366321.498077,435004.3913290598,-49483.92396423968,-19198.969287820102
2014-08-28,327912.427,442458.18192259705,-112378.9090230339,-2166.845899563108
2014-08-29,403288.917062,451964.33624663006,-52736.41332062765,4060.9941359976074
2014-08-30,586373.694132,462213.4295352864,113660.07592298774,10500.188673725817
2014-08-31,660088.183052,452197.10725428734,195663.57217213884,12227.503625573823
2014-09-01,812526.219024,457142.65327169484,-9948.711886121138,365332.27763842634
2014-09-02,717351.552768,465566.5937294994,-73821.31163797999,325606.2706764807
2014-09-03,726683.8617375,544312.9229871493,-47810.847010932404,230181.785761283
2014-09-04,551340.0774347,560776.4326363318,-136439.0845006449,127002.72929901315
2014-09-05,603043.241921,577842.6950299204,-68862.36845235266,94062.91534343222
2014-09-06,870139.4459765,647695.8265743149,129393.98511459114,93049.63428759412
2014-09-07,997964.077948,650296.7344011822,222752.54209243212,124914.80145438574
2014-09-08,648651.744928,649885.0567067293,-15068.322782647423,13835.01100391813
2014-09-09,562420.568002,651073.4874381432,-73682.495597924,-14970.423838219256
2014-09-10,612987.4722337,650284.5648822662,-43791.506242041985,6494.413593475707
2014-09-11,483462.953022,650753.9058009752,-157223.87712790282,-10067.075651072431
2014-09-12,564382.847851,651915.9009730422,-84763.01683755386,-2770.036284488393
2014-09-13,795802.238124,652920.7352674191,144457.43293994645,-1575.9300833655288
2014-09-14,896501.5622945,653605.4708361464,240551.65272400205,2344.438734351541
2014-09-15,630710.5728885,654202.0409732502,-23796.75161588993,305.2835311398376
2014-09-16,608239.973016,654355.6457967472,-70161.10867103831,24045.43589029112
2014-09-17,617472.3442115,653654.436994359,-35991.99437783793,-190.09840502100997
2014-09-18,479500.843061,651698.4207840707,-167985.43275043214,-4212.144972638576
2014-09-19,550213.093909,648726.3556680351,-100280.05038600386,1766.7886269688606
2014-09-20,808490.763077,645191.9900846899,152076.26778507745,11222.505207232665
2014-09-21,901420.451004,641642.0553287659,255484.7414101141,4293.654265120043
2014-09-22,589120.293928,638481.7254247329,-36628.93763446715,-12732.493862265721
2014-09-23,559954.304399,635621.3489401907,-64487.35889411627,-11179.685647074482
2014-09-24,598183.114508,633142.234435029,-35894.231918885205,935.1119918562472
2014-09-25,466867.377076,631860.2541731877,-161924.43222642704,-3068.4448707606643
2014-09-26,515474.223943,632170.8122578368,-114108.51825847637,-2588.070056360448
2014-09-27,781202.367982,634223.7042504544,143993.5935581058,2985.0701734398026
2014-09-28,886531.789814,637593.2234362378,273650.62836095574,-24712.061983193504
2014-09-29,586682.822002,643218.1308759594,-41699.50469804944,-14835.804175910074
2014-09-30,599093.9157257,652667.9925270908,-71519.77881434213,17945.702012951253
2014-10-01,784500.253914,659165.9644502655,-37058.121874757824,162392.4113384923
2014-10-02,634306.519052,663144.0928607463,-153233.1578429642,124395.58403421787
2014-10-03,675639.295098,667099.5642217459,-107960.13898462628,116499.86986088031
2014-10-04,931317.51302,672650.4247635627,137574.51921298346,121092.56904345378
2014-10-05,985466.962071,679724.5293421496,279559.72131916316,26182.711409687297
2014-10-06,641480.757266,672306.230986154,-41205.16630931377,10379.692589159706
2014-10-07,586410.2709706,673816.1340139718,-83322.39826441454,-4083.4647789573064
2014-10-08,620201.323059,664198.7108548474,-39317.378200823805,-4680.009595023701
2014-10-09,510519.923104,658871.1868901858,-143929.6534181346,-4421.610368051217
2014-10-10,702470.317955,655991.1668503683,-106819.16624981779,153298.31735444954
2014-10-11,748309.153739,654356.3756728652,135347.64049992312,-41394.86243378837
2014-10-12,843971.132714,653441.0246906907,283406.5411221546,-92876.43309884542
2014-10-13,611726.926015,653268.5654117472,-36526.401699131886,-5015.237697615288
2014-10-14,550589.573294,654152.114225605,-94165.14801400126,-9397.39291760372
2014-10-15,624797.469491,656916.1892466856,-42841.098551805706,10722.378796120174
2014-10-16,538252.607117,659627.7298051724,-137985.40260696065,16610.279918788234
2014-10-17,558538.135999,660107.2587333211,-103390.01460281528,1820.8918684942182
2014-10-18,820840.970792,658429.5037538286,134727.7937041039,27683.673334067455
2014-10-19,935410.595877,655324.8442671903,283238.7859574526,-3153.0343476429116
2014-10-20,624629.990941,650697.3046174325,-35747.284672980495,9679.970996548072
2014-10-21,542207.165266,644724.6197871158,-101461.68865215771,-1055.7658689582022
2014-10-22,584926.355993,638295.1265312154,-48618.10327014489,-4750.667268070509
2014-10-23,492233.2322,632124.9782279452,-139222.8324912261,-668.9135367190465
2014-10-24,528403.680064,626587.5329459857,-91883.56556114144,-6300.287320844247
2014-10-25,758926.230707,622091.6102886545,144383.69975601666,-7549.079337671166
2014-10-26,892128.498949,619116.2624093238,278527.10199231684,-5514.86545264069
2014-10-27,572806.6319285,617733.4125087537,-40961.03940933115,-3965.741170922527
2014-10-28,512678.811505,617967.4549168474,-100584.08194041086,-4704.561471436522
2014-10-29,560819.6780005,619984.3049917077,-53283.68643872523,-5880.940552482498
2014-10-30,459715.26616,623945.6100678786,-142207.31492103523,-22023.02898684342
2014-10-31,561876.0719155,633322.1005124546,-88360.54961102968,16914.521014075028
2014-11-01,873539.2478855,647097.912934834,145300.9175849131,81140.41736575286
2014-11-02,709851.4922288,653579.4871259453,283525.65336191474,-227253.64825906005
2014-11-03,973192.041735,658382.0492845484,-42921.91456286904,357731.9070133206
2014-11-04,702751.953595,664553.0028561426,-98161.5967693979,136360.54750825535
2014-11-05,718799.9390395,675890.8094868816,-56818.30201074492,99727.4315633633
2014-11-06,566118.381055,690184.0914722318,-146964.99757696263,22899.287159730913
2014-11-07,585330.25773,683648.4657350457,-85163.05752403248,-13155.150481013348
2014-11-08,816064.644983,672031.3028012422,142583.3759159461,1449.9662658117013
2014-11-09,941478.422301,662474.6199272464,288199.8748836266,-9196.07250987296
2014-11-10,593376.793073,655108.4785237191,-42332.95626395791,-19398.729186761193
2014-11-11,552505.750307,650146.9867055973,-96237.5053827867,-1403.7310158105101
2014-11-12,588093.484021,647318.1657980902,-59629.46000778784,404.7782306976151
2014-11-13,468057.386823,646114.0884113599,-148411.70618868616,-29644.99539967382
2014-11-14,553007.970965,645837.2892728754,-87295.57226749211,-5533.746040383354
2014-11-15,786124.201177,646584.0167540038,140817.063904827,-1276.879481830867
2014-11-16,956619.401927,648017.6214870759,291721.90130052966,16879.8791393945
2014-11-17,620876.340058,649208.2429267645,-35520.2754703234,7188.372601558804
2014-11-18,553367.204141,649367.7396472803,-95078.52569201062,-922.0098142696079
2014-11-19,580234.0113007,648001.553126952,-58746.28922650332,-9021.252599748666
2014-11-20,511855.7610447,645392.5748009282,-156551.2132468061,23014.399490577867
2014-11-21,567978.732759,642343.5304767878,-93833.51032184984,19468.71260406205
2014-11-22,763720.148593,639708.6702024126,132631.0062491946,-8619.527858607238
2014-11-23,907432.656994,638368.2162937005,291591.9957836856,-22527.555083386134
2014-11-24,610847.95702,639012.6491227112,-14205.71545864518,-13958.976644066046
2014-11-25,541225.608011,642552.3663631625,-94003.60578058087,-7323.152571581653
2014-11-26,579125.306002,649935.1541793592,-48022.83721675844,-22787.010960600805
2014-11-27,475823.897052,662369.6195132185,-162277.41779069422,-24268.304670524318
2014-11-28,559619.825094,677287.7833383954,-100425.07151614423,-17242.886728251236
2014-11-29,850925.105136,689593.7860040396,116810.74686123584,44520.57227072457
2014-11-30,1023691.281592,700575.2675330397,278255.0268121535,44860.98724680685
2014-12-01,817413.561974,711877.8221252963,-2045.3582385019731,107581.09808720555
2014-12-02,735319.1840285,724028.1863752637,-77931.3044093541,89222.30206259037
2014-12-03,715127.614539,735485.365378643,-38608.285432188284,18250.534592545242
2014-12-04,578961.517004,743225.2870284469,-160900.1462631856,-3363.6237612612313
2014-12-05,635445.153317,745782.4463025572,-108158.88149644341,-2178.411489113816
2014-12-06,829386.70612,746498.2641405556,101982.40124494233,-19093.95926549798
2014-12-07,1013889.8074,746990.0163833677,258313.30163026578,8586.489386366564
2014-12-08,790283.289992,748263.8912612759,5028.806126641888,36990.592604082194
2014-12-09,665123.962957,750746.1178080644,-58101.16357456841,-27520.991276495974
2014-12-10,732121.033873,754495.3833487678,-33073.60991694729,10699.260441179504
2014-12-11,580542.178879,759480.079921345,-146136.19637864837,-32801.70466369658
2014-12-12,642760.387245,765653.8888322812,-109010.02893247352,-13883.47265480773
2014-12-13,854830.905829,773509.6956391169,81662.72306882964,-341.5128789464943
2014-12-14,999106.1325775,783768.9127918396,227338.18033659892,-12000.9605509385
2014-12-15,790182.945791,795630.5271360305,1309.816364567826,-6757.397709598299
2014-12-16,799067.056179,807883.6560363298,-14777.941404811896,5961.341547482065
2014-12-17,779966.499188,820416.9047703291,-44393.74072855037,3943.335146221216
2014-12-18,731938.479893,832573.9355805288,-115018.68055991095,14383.224872382125
2014-12-19,757349.3758178999,843941.8104596614,-90969.4270080588,4376.992366297287
2014-12-20,935555.52434,853466.1782114389,79163.93368835002,2925.4124402110465
2014-12-21,1056605.2012285,845253.602252656,204351.0457696819,7000.553206162178
2014-12-22,1008143.3460193,849123.8010309241,-10222.160794310554,169241.70578268648
2014-12-23,1064977.9730725,850507.8435295967,-49773.87046233695,264244.0000052403
2014-12-24,965982.871715,829053.0180268572,-42565.266971337165,179495.12065948
2014-12-25,919040.664255,822429.4133641649,-111338.2182528968,207949.46914373187
2014-12-26,872098.456795,815888.9210846073,-67635.05827581092,123844.59398620366
2014-12-27,740596.158932,811229.8232500701,79842.22350144014,-150475.8878195102
2014-12-28,716329.635071,778916.200319678,212238.199594858,-274824.7648435361
2014-12-29,773998.401175,794383.7992557384,-20385.39808072442,-1.3969838619232178e-08
2014-12-30,912970.533204,773226.6818020915,-59400.5779426675,199144.42934457597
2014-12-31,844380.469674,747702.4205731519,-48835.55524664217,145513.60434749036
2015-01-01,12773.61698,719119.4729555818,-102191.55131296565,-604154.3046626162
2015-01-02,657763.391981,690767.5892446112,-52624.34790384157,19620.150640230277
2015-01-03,648880.686926,663499.0339341683,89910.49051031578,-104528.83751848398
2015-01-04,730923.776022,635864.609366371,213782.29266745207,-118723.12601182301
2015-01-05,569267.29796,605130.9426979213,-23197.232239298228,-12666.412498623133
2015-01-06,477886.741053,575460.4713710403,-90027.00037280773,-7546.729945232626
2015-01-07,494160.850117,549228.9138140238,-51423.7356556862,-3644.3280413376633
2015-01-08,417482.689131,527820.6501875457,-102188.53109638511,-8149.429960160574
2015-01-09,439381.226073,511807.9483185405,-42420.11405964828,-30006.608185892226
2015-01-10,569956.90801,498926.29037211096,88286.6229653406,-17256.005327451567
2015-01-11,694860.9511,488349.5873166929,215536.03991726143,-9024.676133954432
2015-01-12,442845.544014,480894.49061177275,-27140.455369664858,-10908.491228107887
2015-01-13,393799.993059,476880.5840746565,-79649.23175675122,-3431.359258905286
2015-01-14,400923.97107,475635.303828267,-58361.71697192812,-16349.615786338807
2015-01-15,371146.144942,475855.87744763115,-102274.60229282292,-2435.1302128082607
2015-01-16,423599.9357975,476395.31604447,-46999.73539441047,-5795.64485255949
2015-01-17,621865.434007,476886.45993029914,119349.22835292097,25629.745723779837
2015-01-18,678277.030991,477092.8093902787,199147.5987977349,2036.622802986356
2015-01-19,448217.896919,476499.5612740108,-32760.508027218864,4478.8436722080805
2015-01-20,405308.77722,474697.6440201901,-74282.54814684801,4893.681346657919
2015-01-21,413202.592067,471359.48206971557,-63555.140700033946,5398.250697318348
2015-01-22,364862.5390355,466620.1402185625,-104685.04101033254,2927.439827270049
2015-01-23,416937.181925,461245.3741107789,-46081.1176511411,1772.9254653621465
2015-01-24,588849.871003,456475.854960492,134792.17759442513,-2418.1615519172046
2015-01-25,631623.951015,453294.0379553205,180695.0358984936,-2365.1228388141026
2015-01-26,410009.617966,452071.8070335236,-31540.72485903329,-10521.464208490332
2015-01-27,360009.850046,452819.2804627413,-66297.81829503794,-26511.612121703394
2015-01-28,376935.916035,456465.2862414837,-63187.436451285954,-16341.933755197737
2015-01-29,343062.160973,464643.2080087122,-101810.80812269764,-19770.23891301459
2015-01-30,435899.6719165,473917.11178021017,-39920.865152624996,1903.4252889148775
2015-01-31,656205.841844,480761.40567356156,130675.07341528448,44769.36275515397
2015-02-01,815294.475951,486250.8051612235,162583.16486662085,166460.5059231557
2015-02-02,538301.886974,491206.2854469248,-33470.167414243566,80565.76894131879
2015-02-03,475249.842928,495754.5574923279,-58733.52927007869,38228.81470575079
2015-02-04,451923.147059,499603.1749917669,-62835.87965543234,15155.851722665422
2015-02-05,407491.967944,499232.8671904469,-95819.75807396727,4078.8588275203365
2015-02-06,437147.54517,492840.8277668353,-29829.50206325977,-25863.78053357551
2015-02-07,599911.594879,485843.8101188011,114313.193689759,-245.40892956010066
2015-02-08,622994.231951,480735.97906670335,163622.54539262637,-21364.292508329672
2015-02-09,458002.152043,477241.6803949318,-38590.1181732452,19350.58982131339
2015-02-10,400825.9849177,475187.3255916932,-49431.65455337055,-24929.686120622675
2015-02-11,400115.3330245,474565.34977531014,-64892.05292910461,-9557.963821705547
2015-02-12,384963.142969,476070.74891893123,-90014.11643218715,-1093.4895177441067
2015-02-13,493265.468013,479961.73299239855,-28020.973819917355,41324.70884051878
2015-02-14,562855.068099,486130.92794284195,101236.94090480146,-24512.800748643407
2015-02-15,434886.671834,491822.6164885549,172212.93799343792,-229148.88264799287
2015-02-16,420740.903983,495744.37576250127,-41404.99193869386,-33598.479840807384
2015-02-17,483088.13409300003,498431.5371750722,-47687.73177493947,32344.328692867362
2015-02-18,497499.057967,500374.3660060098,-66607.72900079291,63732.42096178309
2015-02-19,436360.905914,501795.3611642534,-93525.19095158497,28090.735701331578
2015-02-20,483681.015026,501605.13558717346,-30032.775210382275,12108.654649208824
2015-02-21,572753.075038,497582.88020073174,103867.64414015863,-28697.449302890396
2015-02-22,691339.067796,491616.670921723,177425.97332041516,22296.42355386191
2015-02-23,443349.890841,486011.3288508539,-42209.374136522696,-452.0638733311789
2015-02-24,407890.277971,482305.0417652196,-44121.21558320938,-30293.54821101023
2015-02-25,395774.954032,481543.08929215424,-66508.4970350837,-19259.63822507055
2015-02-26,354938.226975,485725.9226335664,-98485.92660664911,-32301.769051917305
2015-02-27,436488.424914,493156.36963943817,-41507.9091727209,-15160.03555271728
2015-02-28,635263.400075,500293.08553893224,114693.58568877359,20276.728847294173
2015-03-01,820434.978924,507089.8821098064,179238.62986232716,134106.46695186652
2015-03-02,546037.787999,514181.20018994034,-35557.33116845171,67413.9189775114
2015-03-03,492365.24083,520496.36526027636,-45602.90576573251,17471.78133545618
2015-03-04,483330.548167,525342.5992624442,-67268.64540144362,25256.59430599946
2015-03-05,428599.809059,527111.7143420118,-106399.39874704898,7887.4934640370775
2015-03-06,463723.974873,523934.18960298004,-49542.93749321957,-10667.277236760478
2015-03-07,657377.210913,518062.20761953003,130062.21429373043,9252.788999739569
2015-03-08,659563.411966,511908.42787905526,169236.2346528839,-21581.250565939175
2015-03-09,480371.950086,505962.6990204932,-24992.718817056808,-598.0301174363703
2015-03-10,457881.7640763,500860.79443441675,-50720.188016315995,7741.157658199256
2015-03-11,425617.727075,496941.89330199256,-68985.30809494831,-2338.858132044261
2015-03-12,382588.6690535,493661.873803456,-108432.55491708154,-2640.6498328744783
2015-03-13,434805.995204,490526.99118423613,-44845.5444466296,-10875.451533606567
2015-03-14,616609.760896,487743.840798407,134562.02114618765,-5696.10104859469
2015-03-15,662700.871933,485731.65563031606,163339.12750901806,13630.088793665927
2015-03-16,466598.425914,484912.34500235924,-21478.13714102724,3164.2180526680313
2015-03-17,415359.51603,484972.8457435214,-56335.639556283735,-13277.690157237696
2015-03-18,398629.999994,485126.7518646374,-72331.07373978994,-14165.67813084746
2015-03-19,373324.3829895,484727.37078799726,-108256.8854018632,-3146.102396634058
2015-03-20,467687.945081,483818.3859685313,-34755.64313801405,18625.202250482747
2015-03-21,624099.228222,482872.0959064915,131055.60603242693,10171.526283081505
2015-03-22,646466.401887,481982.06537816685,163307.85107463706,1176.4854341960745
2015-03-23,462664.2370045,480678.45916129963,-24057.90768734676,6043.685530547111
2015-03-24,407369.722015,478750.8349447817,-60251.81090603289,-11129.30202374875
2015-03-25,408258.189916,476516.2308845502,-68561.66550328997,303.6245347397635
2015-03-26,367006.957001,475109.3109725782,-108151.54515794352,49.19118636532221
2015-03-27,436906.608975,474964.569241347,-27881.623391550755,-10176.33687479631
2015-03-28,589854.7040575,476644.18539427174,128102.03166725034,-14891.513004022068
2015-03-29,641213.770163,481917.3438395198,158316.02523382037,980.4010896598338
2015-03-30,437878.834978,489287.3456545277,-24532.444079651115,-26876.066596876597
2015-03-31,443278.893073,495699.97274136904,-61793.59281181566,9372.513143446646
2015-04-01,557223.161038,502007.7333337459,-61915.479463257325,117130.90716751147
2015-04-02,524588.902022,508471.260507795,-103443.49649889943,119561.13801310444
2015-04-03,510296.785948,514540.1440358519,-31982.6670837545,27739.308995902597
2015-04-04,653894.195903,519827.25624964497,124309.15107571782,9757.788577637228
2015-04-05,659669.577136,523100.39523042314,158781.4719366615,-22212.290031084616
2015-04-06,519734.816963,521296.78058501217,-26848.454373158485,25286.49075114634
2015-04-07,464788.21798,515840.84441556054,-64665.182591263,13612.556155702507
2015-04-08,461140.213006,510148.66399820126,-56906.81415631016,7898.363164108887
2015-04-09,398718.315935,504858.8331834951,-97607.15953680169,-8533.357711693388
2015-04-10,445869.298012,500113.9159504951,-36424.17033201723,-17820.447606477886
2015-04-11,610603.017074,496155.89112268004,123363.38547708506,-8916.259525765141
2015-04-12,659939.024086,493337.5706244091,162398.84665275228,4202.606808838667
2015-04-13,453724.756048,492306.06764342316,-25810.74407679857,-12770.567518624594
2015-04-14,403623.396979,493062.91342808347,-71706.31776277297,-17733.198686310498
2015-04-15,438106.287965,495040.86416232935,-58747.11361529626,1812.5374179669307
2015-04-16,418643.193957,497382.9282461418,-90978.00490403661,12238.270614894747
2015-04-17,456303.236748,499245.82055850007,-41112.13332933417,-1830.450481165899
2015-04-18,629155.66071,500204.8683189028,127423.99734042733,1526.7950506698107
2015-04-19,684544.950159,499979.8009330423,169891.3700708665,14673.77915509115
2015-04-20,481694.770966,497827.0793332968,-26800.00037904157,10667.692011744773
2015-04-21,426018.313035,493601.51496453764,-79275.0550133793,11691.853083841677
2015-04-22,421108.210059,487870.77144030796,-68371.71295114122,1609.1515698332805
2015-04-23,392147.04200200003,481432.4748591005,-87598.84812397214,-1686.5847331283148
2015-04-24,437625.507963,475808.25345895824,-48274.431805104854,10091.686309146578
2015-04-25,588781.512939,472643.5315295922,137979.21550004988,-21841.234090642014
2015-04-26,625901.000988,472396.27014846355,177951.8921665774,-24447.161327040987
2015-04-27,425049.148087,476965.97296406643,-23870.834132701406,-28045.99074436503
2015-04-28,374839.1850745,485583.78030611284,-79808.32763372311,-30936.26759788976
2015-04-29,398724.330055,496436.1199784915,-74638.44990975905,-23073.340013732435
2015-04-30,432612.141938,509373.09041344665,-97679.2736864556,20918.325211008894
2015-05-01,674509.400095,524014.7781207825,-55034.96024416182,205529.5822183793
2015-05-02,711052.273896,538081.9972743179,148176.82966247876,24793.446959203342
2015-05-03,742887.785029,549887.1046806363,195918.97684489394,-2918.29649653018
2015-05-04,556245.147953,558582.8218027321,-24433.31055488835,22095.6367051563
2015-05-05,509493.227021,563174.6530162201,-83755.83471527798,30074.408720057923
2015-05-06,504999.550962,563325.1602757461,-80790.02297992916,22464.413666183013
2015-05-07,444082.309939,561152.0256057811,-113095.56278380663,-3974.1528829744784
2015-05-08,481304.22297,557953.6897184182,-63975.71404919104,-12673.752699227189
2015-05-09,706705.440076,553732.2730399498,160570.30281480067,-7597.135778750409
2015-05-10,558062.273048,549098.8088177574,223819.56146814907,-214856.09723790654
2015-05-11,524864.051063,545329.8533138272,-27245.358993201065,6779.556742373854
2015-05-12,452162.874045,542859.0588357431,-88649.66503774705,-2046.5197529960424
2015-05-13,446915.639008,541359.3885773411,-84003.60439772661,-10440.14517161448
2015-05-14,395609.666087,540457.2260983167,-131300.09718298703,-13547.462828329764
2015-05-15,483535.538107,540354.3506485063,-73976.42872450882,17157.61618300248
2015-05-16,709798.552994,541416.1744073342,169796.85469473436,-1414.4761080684839
2015-05-17,798186.132143,543016.8203999761,261509.45139700163,-6340.139653977705
2015-05-18,496595.01098,544879.8224939379,-33898.13597514298,-14386.675538794952
2015-05-19,446375.4880335,546807.2859681416,-101414.46753361536,982.6695989737054
2015-05-20,466238.630977,549411.8202807034,-94195.59349345212,11022.404189748806
2015-05-21,417006.136035,552903.7623941117,-145260.49509509196,9362.868735980242
2015-05-22,458727.917031,556780.4259944758,-78326.53827893377,-19725.970684542088
2015-05-23,658882.9229615,561427.9593249685,173191.97544223344,-75737.01180570194
2015-05-24,738068.426823,568452.8400475164,293513.7359543382,-123898.14917885466
2015-05-25,534802.790004,577895.0645169968,-37945.76041931615,-5146.514093680773
2015-05-26,463132.406006,588781.8828667512,-106564.35023333308,-19085.126627418096
2015-05-27,481804.96096,602560.5145220689,-92758.93142086327,-27996.62214120559
2015-05-28,428506.881011,622794.6108203742,-155012.52971973587,-39275.200089638354
2015-05-29,560519.530038,647825.4181072281,-86554.90819393672,-750.9798752914649
2015-05-30,855728.291973,670650.1723755415,170387.95423595363,14690.165361504885
2015-05-31,1023564.76704,686110.6993000816,311685.6065230083,25768.461216910044
2015-06-01,812081.2027655,700013.9106420059,-39526.77597177955,151594.0680952738
2015-06-02,753430.6418917,713984.5976081277,-100152.52188188808,139598.56616546027
2015-06-03,747929.452075,725852.2982588008,-85302.47271348063,107379.62652967987
2015-06-04,608994.6461083,736025.5574615273,-167300.66797096902,40269.75661774166
2015-06-05,657675.126037,745436.2492601762,-89110.71791537078,1349.5946921946015
2015-06-06,904437.271141,747432.5329552335,159132.7577122101,-2128.0195264435606
2015-06-07,1070695.9178497,739277.7560172525,311708.52983550297,19709.631996944547
2015-06-08,696952.81204,729695.7150755515,-36623.7987628999,3880.8957273483975
2015-06-09,623725.1071692,720955.2663132541,-87419.327299346,-9810.831844708184
2015-06-10,641435.3719983,713516.1591424675,-73315.57986685245,1234.7927226849133
2015-06-11,510019.1489275,708418.6435559493,-171521.2548340515,-26878.239794397843
2015-06-12,606616.000975,706034.9056779285,-86981.1703019981,-12437.734400930349
2015-06-13,840727.775905,706252.1575532439,142759.14576436096,-8283.527412604773
2015-06-14,967745.7218685,708817.3618674574,289331.9136908035,-30403.553689760854
2015-06-15,666557.1317587,713535.1739895153,-28537.81655142532,-18440.2256793899
2015-06-16,672637.824072,719923.6104770924,-70748.35306156149,23462.56665646902
2015-06-17,677171.157112,724580.7459800714,-57259.929231609596,9850.340363538242
2015-06-18,556155.0391433,725360.7746729415,-176652.4041439102,7446.668614268652
2015-06-19,659233.5706609,724187.4012362745,-90252.6777196617,25298.847144287196
2015-06-20,936951.654373,721668.4634560477,130409.75405755348,84873.43685939885
2015-06-21,790568.421132,717651.7536328278,268023.3469873507,-195106.67948817846
2015-06-22,701208.22895,713128.8936374754,-17880.428443684625,5959.7637562091695
2015-06-23,640322.326029,708782.7387864194,-65941.23790246928,-2519.1748549501644
2015-06-24,643411.714061,704796.3984083751,-43613.690815238726,-17770.993532136315
2015-06-25,518700.9558973,704186.4281520443,-164678.04978740908,-20807.422467335244
2015-06-26,593299.460788,707643.7484554449,-86747.07001568952,-27597.217651755433
2015-06-27,831492.4641955,713060.7589899964,117229.78340574558,1201.9217997581
2015-06-28,976563.5890657,721137.5461366244,247672.23259327988,7753.810335795628
2015-06-29,639072.192193,730665.1353922337,-13320.741550618863,-78272.20164861483
2015-06-30,669548.425059,734344.5591442711,-72475.18207512946,7679.047989858431
2015-07-01,885953.200992,738213.4067383622,-33699.89330358185,181439.68755721976
2015-07-02,705642.2820965,742694.0309058719,-147419.62066407947,110367.8718547076
2015-07-03,772773.3939200001,746610.8294127196,-80436.633140475,106599.1976477555
2015-07-04,1018541.84294,749589.3533323134,110365.07568134206,158587.4139263446
2015-07-05,982427.6819,752133.8480106407,230616.489803131,-322.6559137717122
2015-07-06,754949.70914,753464.8255665969,-12942.585373548794,14427.468946951907
2015-07-07,654821.0515315,747003.2288006445,-81473.8097898571,-10708.367479287437
2015-07-08,732992.130029,736248.7851924878,-28257.67835059899,25001.02318711125
2015-07-09,605032.4963965,725519.0377466294,-132436.83895883744,11950.297608708031
2015-07-10,643986.381178,716438.2771592595,-70185.5204061973,-2266.3755750622367
2015-07-11,794984.703157,709251.1024536198,110178.23469724096,-24444.6339938608
2015-07-12,898731.936734,703518.0398466231,212293.09396726717,-17079.19707989029
2015-07-13,647967.077874,699338.8720344832,-15405.46197204636,-35966.33218843688
2015-07-14,601452.258023,696609.357339881,-87210.48847735998,-7946.610839521047
2015-07-15,664505.100179,695631.8744609432,-28725.348969243176,-2401.4253127000993
2015-07-16,584042.727022,696171.5547698778,-124863.13746033132,12734.309712453512
2015-07-17,653452.17114,697156.7298294777,-52492.26132350808,8787.702634030371
2015-07-18,826353.336031,697378.2511683267,113751.86236499391,15223.22249767941
2015-07-19,894707.299378,696265.6419639059,200811.20420370201,-2369.5467896079645
2015-07-20,685961.243972,693787.4407454799,-14603.35919921292,6777.162425732939
2015-07-21,607836.498977,690310.5769398907,-84474.33226375325,2000.2543008625507
2015-07-22,631385.408886,686146.5026187614,-46378.5102737745,-8382.583458986832
2015-07-23,541511.421067,682133.5839545276,-142368.18977467561,1746.0268871480366
2015-07-24,635244.2449785,679268.9959677724,-39756.07199123375,-4268.678998038755
2015-07-25,797427.520942,678496.550131881,126673.32712199668,-7742.356311877724
2015-07-26,875032.0362592,679900.078527001,197632.53554699066,-2500.577814791701
2015-07-27,652999.1942961001,683066.6455052502,-1364.859131240057,-28702.592077910085
2015-07-28,594977.6665523,688490.8297576795,-79927.5099918605,-13585.653213519021
2015-07-29,625449.98155,698588.0284577868,-59778.86032968293,-13359.186578103807
2015-07-30,543393.592625,713640.97983114,-165536.44598087505,-4710.94122526492
2015-07-31,695083.4489723,728419.3942848515,-31337.690402292403,-1998.254910259042
2015-08-01,1044894.790061,741323.6420408156,150890.25821562862,152680.88980455592
2015-08-02,1043495.475018,754235.4829722042,190805.30033646044,98454.69170933531
2015-08-03,811119.83411,766947.2240846079,4589.349269389861,39583.26075600227
2015-08-04,726613.35811,777926.4088129223,-81406.25922845052,30093.2085255282
2015-08-05,724346.594,783420.4719202555,-66990.47329893264,7916.595378677244
2015-08-06,583375.211759,783518.5533435026,-178534.6030942351,-21608.73849026754
2015-08-07,663326.5180703,778863.036648988,-30638.194285959587,-84898.32429272844
2015-08-08,784099.215997,772589.9648058534,171391.2694659045,-159882.0182747579
2015-08-09,679410.125135,766787.7722896541,183752.5584293167,-271130.2055839709
2015-08-10,785477.934216,761769.8331673375,2563.8761968023286,21144.2248518602
2015-08-11,668280.357956,758128.9134554815,-82658.32433196514,-7190.231167516322
2015-08-12,678064.7316857,754747.4734788644,-68231.81840653592,-8450.923386628507
2015-08-13,557859.477954,748866.015499323,-178192.6238510125,-12813.913694310584
2015-08-14,734484.205049,742320.4067434634,-36374.50877707132,28538.307082607993
2015-08-15,936339.026059,736730.2674443348,197602.11398821993,2006.6446264452534
2015-08-16,913846.62503,731848.7818175317,172949.2471200415,9048.5960924268
2015-08-17,694747.161863,726984.4494712544,-3130.513156518322,-29106.77445173601
2015-08-18,629475.6430527,721006.7202544609,-83796.72663347899,-7734.350568281952
2015-08-19,653733.3600063,714544.7655673141,-65786.58498695321,4975.179425939103
2015-08-20,569443.704073,709348.1006595729,-166470.30032140858,26565.90373483568
2015-08-21,653281.208151,706035.8314104779,-44109.17025351756,-8645.453005960328
2015-08-22,803270.157597,704054.3021716293,170227.76052175663,-71011.90509638586
2015-08-23,865755.397429,702579.0800859629,193693.30569870886,-30516.988355671754
2015-08-24,681575.9899773,701291.549161961,-7396.2354213351755,-12319.323763325694
2015-08-25,624698.33755,701663.7392268385,-82877.78368931627,5912.382012477843
2015-08-26,640075.9908365,705830.2254927902,-60558.55262111055,-5195.682035179692
2015-08-27,548043.327354,714426.5908995303,-162160.4150517298,-4222.848493800615
2015-08-28,635737.2322,725754.8884530746,-60623.18300454192,-29394.47324853274
2015-08-29,876953.096934,738215.9090193952,160559.15720623106,-21821.969291626243
2015-08-30,975697.601858,751815.8608523404,217451.02999787347,6430.711007786216
2015-08-31,776152.5521897,766291.8498994416,-10605.903220026714,20466.605510285124
2015-09-01,906549.992952,777710.1776359177,-81976.31817253817,210816.13348862051
2015-09-02,879033.0925,779590.0663695034,-52936.11340192473,152379.13953242137
2015-09-03,707093.042,780056.5058835343,-165457.51889838866,92494.05501485441
2015-09-04,736395.302632,782589.1418746863,-77636.84296755628,31443.003724869923
2015-09-05,1052868.394291,786944.527525151,154303.80649268866,111620.06027316034
2015-09-06,1147642.583011,788154.8023542268,242271.60994671943,117216.17071005376
2015-09-07,767382.7769737,779441.5658217251,-18649.039213341443,6590.250365316402
2015-09-08,677312.236066,770090.3796412614,-84209.33306166895,-8568.810513592558
2015-09-09,705633.4998935,762725.35899179,-46918.45600591722,-10173.403092372813
2015-09-10,577743.795026,757762.134455133,-172339.11746579665,-7679.221963336342
2015-09-11,651330.167952,756076.4705924577,-87425.45476288752,-17320.84787757008
2015-09-12,921524.436013,756297.0266834426,163598.28623514724,1629.1230944100535
2015-09-13,1023345.318906,756996.5052686519,264130.0621512564,2218.751486091758
2015-09-14,688405.190061,758149.4079584393,-31414.798260942352,-38329.41963649704
2015-09-15,682134.3540295,759471.7819088657,-91715.06471095505,14377.636831589392
2015-09-16,742089.667998,760698.4782494695,-41309.35235781431,22700.54210634483
2015-09-17,593577.802125,761223.5928125599,-174752.04847444745,7106.2577868875815
2015-09-18,653805.874946,760385.8532316211,-94731.42872044252,-11848.549565178459
2015-09-19,935893.481059,758004.8062331511,168693.2066726409,9195.468153208029
2015-09-20,1037532.860693,754219.9913416158,280216.7138594403,3096.155491943937
2015-09-21,717725.376959,749628.2195049638,-45652.56897629494,13749.726430331124
2015-09-22,641914.7389995,745140.434572289,-98335.54865915012,-4890.146913638804
2015-09-23,690419.721922,740844.5317860851,-39047.32444070747,-11377.485423377599
2015-09-24,557321.610921,736567.3567663392,-175711.87560730331,-3533.870238035801
2015-09-25,646083.8750635,732953.283267598,-88323.52429253762,1454.116088439594
2015-09-26,890486.060145,730595.3715203339,164501.46250586104,-4610.773881194997
2015-09-27,1018062.963565,729829.8951108111,290599.60549837316,-2366.5370441842824
2015-09-28,671261.0640092,730568.5972441792,-49165.935439930385,-10141.597795048845
2015-09-29,609130.6581453,732585.8558209927,-102433.06942794517,-21022.128247747547
2015-09-30,711182.539054,739712.0174781702,-48259.77804179258,19730.299617622397
2015-10-01,796340.858947,750672.1535103372,-179813.85936721138,225482.56480387412
2015-10-02,830719.387744,756868.9658998688,-83299.6331354917,157150.05497962295
2015-10-03,1179376.177625,763034.9505975851,175606.24874693295,240734.978280482
2015-10-04,1234130.938595,770785.5760110633,296651.28975769324,166694.07282624347
2015-10-05,809524.837996,779498.8861802818,-52460.42835765424,82486.38017337245
2015-10-06,696169.275967,787114.4308373937,-99854.60794360381,8909.453073210083
2015-10-07,720562.330573,786795.8173029561,-59627.06657786093,-6606.4201520951465
2015-10-08,603066.030064,785209.4392260242,-183869.54341742094,1726.1342553967843
2015-10-09,873934.7190479999,782007.9496025912,-78778.15012702996,170704.9195724387
2015-10-10,867556.973019,778762.0274490258,177076.03813693594,-88281.09256696166
2015-10-11,973329.203973,775977.5254332429,302642.6311579313,-105290.95261817414
2015-10-12,721634.5721813,773596.6311038376,-55271.671606915384,3309.6126843778184
2015-10-13,585141.5538577,771274.4393353165,-98077.39742394398,-88055.4880536726
2015-10-14,688198.106351,768833.2280193791,-71869.42788098574,-8765.693787393277
2015-10-15,577952.197162,766657.7071839804,-187351.99127510845,-1353.5187468719669
2015-10-16,693829.351874,764483.2976092034,-73281.60770006503,2627.661964861676
2015-10-17,958052.958031,761949.5576150696,186424.2179642117,9679.18245171872
2015-10-18,1071477.102879,758417.5186772802,312021.2792961072,1038.3049056126038
2015-10-19,699259.488037,753140.375540306,-53693.51238071588,-187.3751225901069
2015-10-20,660308.361186,746240.7062553741,-98311.80150651597,12379.456437141867
2015-10-21,672847.3460333,738419.0843780831,-82091.2080473587,16519.46970257559
2015-10-22,547020.0469813,730129.631007926,-189737.17404039824,6627.590013772249
2015-10-23,639040.6062,721705.4555646984,-77775.66644287153,-4889.182921826839
2015-10-24,859950.710621,714163.5627696872,180690.88663116193,-34903.73877984902
2015-10-25,1018783.141953,708475.8105454033,317127.89683867106,-6820.565431074356
2015-10-26,649914.352338,705112.290347023,-50207.36438123455,-4990.5736277885735
2015-10-27,587066.101075,704234.3310590775,-101729.77437697024,-15438.455607107258
2015-10-28,599388.1222552,706576.6848104761,-71251.28611176132,-35937.27644351474
2015-10-29,511860.0689186,712339.284285,-196336.75877501554,-4142.456591384369
2015-10-30,635875.8911987,721283.7207632879,-82159.43965741567,-3248.389907172299
2015-10-31,915956.851878,731740.1529323723,174602.08512980767,9614.613815819961
2015-11-01,819250.388037,734993.6492038567,323261.2779098848,-239004.53907674155
2015-11-02,762549.794932,738444.4455727463,-44398.38534489207,68503.7347041457
2015-11-03,1033439.132986,743113.9931819652,-106966.82640204972,397291.9662060846
2015-11-04,855494.43996,747212.6330028742,-63154.07390020098,171435.8808573268
2015-11-05,649662.670907,752596.6071753632,-198117.09836058566,95183.16209222237
2015-11-06,671145.788057,758120.3240805226,-84621.31582674918,-2353.2201967734145
2015-11-07,929723.344157,754316.2320020858,165756.09484442655,9651.017310487572
2015-11-08,1077361.9559685,747337.268051102,324849.1058529037,5175.582064494491
2015-11-09,683644.901987,740634.4690067292,-36597.845199171745,-20391.721820557374
2015-11-10,623529.1790699,735145.4364594412,-110618.51592435662,-997.7414651846047
2015-11-11,689746.212316,731492.478025439,-54557.4096536396,12811.14394420071
2015-11-12,506937.6640027,729191.3180512195,-197515.90693855655,-24737.74710996286
2015-11-13,626674.025055,727969.8208639191,-83217.42080440276,-18078.375004516332
2015-11-14,867597.332909,728149.3708529591,151105.00521103252,-11657.043154991698
2015-11-15,1056159.462651,729473.5036927129,321175.8436698995,5510.115288387518
2015-11-16,716508.7092175,731118.6726365089,-29147.78316211306,14537.819743104163
2015-11-17,618919.988059,732479.8624983364,-109415.24809561949,-4144.626343716867
2015-11-18,683954.18795,732902.0604615654,-49643.48685307152,695.6143415061524
2015-11-19,560452.567301,732004.8050223726,-190926.44923895923,19374.211517586606
2015-11-20,665619.668251,730073.6386954216,-81931.77361416019,17477.8031697385
2015-11-21,863726.8816559,727439.9021204464,135122.11987105105,1164.8596644025529
2015-11-22,1015844.2849005,724713.6982065475,313291.4036648799,-22160.816970927524
2015-11-23,696685.460932,722506.6883635737,-18272.02376216613,-7549.203669407638
2015-11-24,612710.200935,722005.1669985256,-108132.58686839479,-1162.3791951308958
2015-11-25,658917.83013,724059.2901798163,-57786.62712913888,-7354.832920677378
2015-11-26,530358.330027,728697.9375216237,-171533.97842173412,-26805.629072889453
2015-11-27,645087.0350447,736314.3515982224,-79822.78301300875,-11404.5335405136
2015-11-28,850596.003884,747641.8718259821,125707.3963145399,-22753.26425652206
2015-11-29,1070619.802932,760925.238830432,300085.54676289443,9609.0173386737
2015-11-30,762036.1239965,774697.7779831521,-15442.006277057097,2780.352290405077
2015-12-01,857620.9426407,789032.5390762576,-105075.71189574328,173664.11546018568
2015-12-02,867269.57584,802614.8733074194,-58027.866426267436,122682.56895884802
2015-12-03,676883.031992,813860.1267952954,-156344.9465677787,19367.85176448326
2015-12-04,749354.1319635,822812.1021912885,-77556.08204121742,4098.111813429045
2015-12-05,966202.367876,828928.5118149087,121930.35374836037,15343.502312730881
2015-12-06,1143119.31945,829435.2225109051,279526.93983984116,34157.15709925385
2015-12-07,822334.708983,824283.7091684978,-21841.676102474332,19892.67591697653
2015-12-08,712569.16983,818881.5405127456,-102224.09107374842,-4088.279608997167
2015-12-09,747893.782087,816961.610203935,-55428.97533805909,-13638.852778875851
2015-12-10,657427.1785246,818947.1096227689,-137111.77956552032,-24408.151532648597
2015-12-11,708392.807819,824016.2613216112,-68578.37772870548,-47045.07577390573
2015-12-12,915667.884291,832329.6985509604,125985.45389548436,-42647.26815544476
2015-12-13,1059425.4213405,843811.4807218057,254469.53318571625,-38855.59256702196
2015-12-14,811613.7221567,858398.6331719449,-43579.50003283507,-3205.4109824098414
2015-12-15,779809.953397,875957.3411888118,-103966.58084520561,7819.193053393741
2015-12-16,859930.249129,895916.9533508255,-41554.68126294016,5567.977041114704
2015-12-17,809809.748717,915732.317886361,-121229.4560934332,15306.886924072169
2015-12-18,893569.902701,933146.3286420759,-55720.353736783865,16143.927795707947
2015-12-19,1095523.5178683,947049.4367318883,122935.91475137598,25538.166385035613
2015-12-20,1175416.9636673,934876.3255797493,245208.51096350682,-4667.872875956004
2015-12-21,1072887.476889,941291.9456297106,-13582.280234396843,145177.8114936864
2015-12-22,1141861.90926,945067.3121767902,-98406.2929820167,295200.8900652266
2015-12-23,1196146.056374,945341.3408933452,-53461.85775098411,304266.5732316389
2015-12-24,1083680.315238,952753.6040517252,-155918.9874729045,286845.69865917903
2015-12-25,1015202.7530019999,953250.4642274221,-82696.23823317184,144648.52700774954
2015-12-26,946725.190766,954420.4669720355,133224.9398567018,-140920.21606273728
2015-12-27,837714.129168,964359.285389597,260012.74802136383,-386657.90424296085
2015-12-28,789684.9127821,975605.7981829798,8030.005062822936,-193950.89046370273
2015-12-29,870762.025758,965376.2369677082,-95764.44834822026,1150.2371385120787
2015-12-30,1030043.735764,957381.2619767275,-56245.91032879359,128908.38411606615
2015-12-31,964641.5415009999,950363.2160571618,-175737.85242491812,190016.17786875623
2016-01-01,16433.394,943313.6054682129,-96304.94181186082,-830575.269656352
2016-01-02,1066677.424862,935084.1428902812,144371.7898196355,-12778.507847916684
2016-01-03,1226735.719895,925585.6348839243,277685.8275404097,23464.25747066608
2016-01-04,955956.875097,914101.3398618232,40219.059963314714,1636.4752718621166
2016-01-05,835320.439089,898474.9948630685,-99466.75507870338,36312.19930463494
2016-01-06,821685.655923,881011.6534930129,-57977.33048792944,-1348.667082083528
2016-01-07,653504.3669428,862456.6058242604,-210081.4843698175,1129.2454883571481
2016-01-08,713608.3341557,842995.5982728794,-123871.88915502945,-5515.374962149886
2016-01-09,989209.458148,825779.847481677,163724.97658823486,-295.36592191189993
2016-01-10,1094693.83696,812889.6568446902,293906.9725663726,-12102.792451062822
2016-01-11,705495.240963,802492.0117940996,3085.6491320621753,-100082.41996316181
2016-01-12,647058.461085,793299.7244117497,-105976.10385015828,-40265.15947659151
2016-01-13,660045.317135,784345.1137891448,-32958.3257932951,-91341.47086084972
2016-01-14,561972.62307,775958.4533398268,-202069.38870945782,-11916.441560368985
2016-01-15,671027.100027,769175.1321157335,-102847.43907184272,4699.406983109191
2016-01-16,959827.146436,765026.8785382098,180638.11426749927,14162.153630290879
2016-01-17,1057997.343303,762057.7082935065,281836.83263690356,14102.802372590057
2016-01-18,709784.229951,758125.6518770343,-34133.52468710572,-14207.897238928708
2016-01-19,630929.75099,752765.38392475,-110305.1147324139,-11530.518202336156
2016-01-20,738744.013045,746638.1531345653,-24870.391299361814,16976.251209796523
2016-01-21,552820.7690359,740067.4745393846,-193816.89891039085,6570.193406906328
2016-01-22,648431.428037,733534.7333008505,-86770.21962094879,1666.914357098285
2016-01-23,906754.833923,727956.6099968643,185382.72415925242,-6584.5002331167925
2016-01-24,980927.7570135,724544.8610029999,266211.2858903553,-9828.38987985521
2016-01-25,658090.687097,723663.8777919648,-62090.417488009116,-3482.7732069557533
2016-01-26,609465.787904,724903.8543677442,-93451.93991101229,-21986.126552731846
2016-01-27,647254.67807,729475.0383167581,-18268.85075375658,-63951.509493001504
2016-01-28,533709.8489592,739312.1686642112,-180632.94351385522,-24969.376191155985
2016-01-29,660492.758086,750713.9268624717,-76845.06639354865,-13376.102382923127
2016-01-30,969938.376831,761418.6156104673,170449.5428200492,38070.218400483485
2016-01-31,1093211.2294,772925.4225335533,229804.85921919878,90480.94764724793
2016-02-01,872063.3148838,785120.513603473,-44216.803452631626,131159.6047329586
2016-02-02,765233.207779,796874.4812181372,-72443.76978887401,40802.496349736815
2016-02-03,772360.939004,806774.2284758557,-22733.077743801077,-11680.211728054564
2016-02-04,650328.166941,811962.9231210647,-171046.5951423567,9411.838962292066
2016-02-05,768586.5079877,812169.779065158,-75274.09956818745,31690.82849072956
2016-02-06,941954.07605,811081.6648842808,159211.85376150717,-28339.44259578793
2016-02-07,697791.630994,809067.9485558576,209785.3319199026,-321061.6494817602
2016-02-08,636542.677274,806188.3925867635,-36853.47275371585,-132792.24255904765
2016-02-09,746939.64016,802156.474675468,-56034.25901314956,817.4244976814371
2016-02-10,790988.713851,797243.3348148898,-25019.69733870138,18765.07637481147
2016-02-11,646376.371075,792522.6376138541,-164619.14071825254,18472.874179398408
2016-02-12,698152.0698755,787478.4015734934,-72273.85150660055,-17052.480191392824
2016-02-13,859023.0269945,780792.8699689861,153639.68334547622,-75409.52631996246
2016-02-14,940214.498527,773482.2221160943,180141.91179832304,-13409.635387417395
2016-02-15,746671.290005,766087.7893343491,-16211.404955465629,-3205.094373883563
2016-02-16,719111.88609,759394.0196373656,-58541.615280560545,18259.481733195018
2016-02-17,723794.722013,754212.0138475359,-31713.732559891338,1296.440725355409
2016-02-18,570072.678149,749825.7825151692,-163022.38764684522,-16730.716719324002
2016-02-19,672510.133621,745029.5867241445,-74242.03953712748,1722.5864339829423
2016-02-20,883790.2212395,739936.5119395636,153675.15628861738,-9821.446988680982
2016-02-21,991384.2700283,735168.2264551267,218135.0141579705,38081.02941520279
2016-02-22,698907.63622,732229.7292359009,-27825.191994174544,-5496.9010217264295
2016-02-23,641329.0610941,731755.3136547274,-76709.42121452514,-13716.831346102292
2016-02-24,675573.377814,732879.6222741243,-42446.75286657138,-14859.49159355287
2016-02-25,557959.327812,734929.5137888378,-163023.21521320197,-13946.970763635938
2016-02-26,641922.8016649,738941.9293696411,-69534.39159203837,-27484.736112702754
2016-02-27,916704.0687289999,746665.9565923559,161124.3542405538,8913.757896090276
2016-02-28,994502.727301,757953.6712168691,233554.07986869544,2994.976215435425
2016-02-29,726619.7578255,770644.7329252458,-35951.58087208278,-8073.394227663055
2016-03-01,897927.643296,781069.554619579,-87597.75020309737,204455.83887951833
2016-03-02,878452.364907,783137.5607748285,-41286.52516270266,136601.3292948741
2016-03-03,671564.7523075,780871.1223093335,-162152.4893525215,52846.11935068795
2016-03-04,747546.7958183,779443.187602736,-66993.88030831114,35097.48852387513
2016-03-05,1028620.677053,781711.004502486,164276.24672155562,82633.4258289584
2016-03-06,1078958.5091855,781772.2240859736,231787.63116968426,65398.65392984217
2016-03-07,738126.524119,770611.7601003775,-41971.15645736875,9485.92047599121
2016-03-08,642291.3448895,758028.3608562802,-93515.50942657741,-22221.506540202885
2016-03-09,694645.8489091,747464.3144834955,-32161.04015517038,-20657.425419225125
2016-03-10,572491.856825,740050.2690513458,-157207.60869309652,-10350.803533249185
2016-03-11,664893.5129268001,736699.4267691666,-63476.86274659353,-8329.051095773
2016-03-12,898101.109871,735738.7950497258,162124.45546627228,237.8593550019432
2016-03-13,954980.3301475,735846.2361390808,219465.07667497094,-330.98266655171756
2016-03-14,668066.393105,736770.3519574059,-40045.573499361606,-28658.385353044257
2016-03-15,668186.702459,737468.3417749456,-90243.33577137251,20961.69645542698
2016-03-16,739805.377693,737368.1948390799,-18402.31730794885,20839.500161868986
2016-03-17,580452.5319757,736350.981022877,-158432.2562255702,2533.807178393239
2016-03-18,666756.8191527,734592.3888049044,-63657.42291055319,-4178.146741651231
2016-03-19,895038.512068,731809.1827550622,149088.30909816056,14141.020214777207
2016-03-20,929605.582019,727593.8699216556,203118.32272495358,-1106.610627609305
2016-03-21,690469.800941,721854.4162284437,-30145.589133982663,-1239.0261534610763
2016-03-22,622695.8369947,715188.9960290492,-77120.33082196886,-15372.828212380293
2016-03-23,714881.17408,708312.566033571,-16730.533610609247,23299.141657038243
2016-03-24,660489.8450025,702924.196628493,-170920.53477220293,128486.18314620992
2016-03-25,633524.200062,698648.4983188001,-70503.61588235764,5379.317625557422
2016-03-26,800133.5174955,694715.0355277347,144729.5970063105,-39311.115038545104
2016-03-27,833336.064862,690755.140491637,218896.0038790072,-76315.07950864418
2016-03-28,661057.8656583,687169.9306078542,-10367.877403791248,-15744.187545762863
2016-03-29,621166.0630926,689011.8283071142,-76009.82860902495,8164.063394510769
2016-03-30,660138.988943,702648.015999283,-28939.183323099154,-13569.843733183807
2016-03-31,617374.3379607,717479.0862709344,-180995.05008138748,80890.30177115311
2016-04-01,872467.3200749999,731135.8376447959,-76157.86693585083,217489.34936605487
2016-04-02,1150824.580929,743676.3523339692,139980.16483547707,267168.0637595537
2016-04-03,1266908.291001,755607.4298889561,227659.1402997883,283641.7208122555
2016-04-04,795237.1920634999,770382.3945742621,20950.070841420318,3904.7266478175297
2016-04-05,725750.101045,785099.4757892451,-81164.98992046464,21815.61517621961
2016-04-06,744784.8430795,786996.1547563799,-52632.663844943854,10421.352168063982
2016-04-07,587939.720177,784100.0078675941,-195177.9046512869,-982.3830393071985
2016-04-08,689727.1961377,779806.1517664265,-82520.3648312718,-7558.590797454701
2016-04-09,927981.389244,774982.6131578312,139912.32002460884,13086.456061559846
2016-04-10,1008876.737901,770312.6243744357,238771.01314218435,-206.8996156201465
2016-04-11,665348.963943,765259.5574264966,75905.36691719783,-175815.96040069452
2016-04-12,651657.0342615,760103.249815793,-101241.50565124676,-7204.709903046256
2016-04-13,672611.4810500001,754759.1894512381,-77422.10266030462,-4725.605740933446
2016-04-14,546785.2089455,749139.0448583836,-202115.90059786258,-237.9353150210809
2016-04-15,667606.299867,751155.7319741771,-99400.89460688164,15851.462499704561
2016-04-16,862121.492036,749485.4636654606,154189.2120105714,-41553.18364003196
2016-04-17,1271833.739255,750371.160331221,287916.26491640275,233546.3140073762
2016-04-18,1345920.6048929,785528.4868446221,54242.94417380317,506149.1738744748
2016-04-19,1152089.208085,799783.9433609264,-118241.58643470325,470546.851158777
2016-04-20,1062426.2900389,809120.6733948202,-83238.2273889032,336543.84403298306
2016-04-21,1001079.779168,818019.5751255208,-217950.4371920954,401010.6412345746
2016-04-22,857059.24399,846741.4283056884,-118379.27386361873,128697.08954793029
2016-04-23,1022143.1346499,850401.258808667,163599.0243601214,8142.851481111604
2016-04-24,1039369.932014,852279.1985819171,331193.1523263209,-144102.41889423796
2016-04-25,680000.753839,852193.2591338153,76976.83762177714,-249169.3429165925
2016-04-26,704799.4182328,855541.2103693347,-134857.83037408633,-15883.961762448424
2016-04-27,670288.098041,859793.7312350989,-97104.00173548437,-92401.6314586146
2016-04-28,543339.849013,864229.8333568054,-228788.6454456198,-92101.33889818552
2016-04-29,708711.428894,869724.0432452055,-135245.04452420445,-25767.569827001076
2016-04-30,1067335.770093,878044.0833557779,170787.6150473512,18504.071689870907
2016-05-01,1270121.20756,885813.3432648849,376393.91264149564,7913.951653619413
2016-05-02,973985.670432,891539.7066492646,75439.84481213267,7006.118970602751
2016-05-03,792205.5501393,894883.2100122775,-135993.51746524152,33315.85759226396
2016-05-04,798654.4540987,895742.2922834582,-99740.04404683047,2652.2058620722964
2016-05-05,648701.6029645,890540.3912112659,-241749.0970262999,-89.69122046604753
2016-05-06,761422.5161262,880324.000410961,-130712.72410823962,11811.239823478623
2016-05-07,1071192.776983,868901.6659632575,177890.3020801997,24400.808939542854
2016-05-08,820824.6380683,856239.1505997962,343909.1796996737,-379323.69223116996
2016-05-09,771767.6541339,842309.9883894059,34119.6038939688,-104661.9381494748
2016-05-10,693010.486981,827985.8949305393,-120874.3384610932,-14101.069488446112
2016-05-11,727543.4630335,813130.9354509485,-91187.92130045788,5600.448883009376
2016-05-12,603394.2070997,798235.2728141987,-205489.5218273915,10648.456112892716
2016-05-13,666833.8999414,786412.9305502543,-94068.3732519299,-25510.657356924377
2016-05-14,932869.5212631,778712.1718915608,172220.07460791979,-18062.72523638059
2016-05-15,1070331.66738,772802.9811946462,311847.09484133765,-14318.408655983862
2016-05-16,748112.686851,767279.3833431691,-1628.9670747647287,-17537.729417404393
2016-05-17,661930.83884,762288.7041298413,-117502.08832374423,17144.223033902934
2016-05-18,671232.9593407,758129.2872424673,-90327.1968251523,3430.868923384929
2016-05-19,581470.5602065,754258.530844614,-181011.64376189117,8223.673123777146
2016-05-20,706024.0579254,750091.7911549413,-72009.29605208103,27941.56282253971
2016-05-21,910757.16309,745876.0327391048,179293.02731064212,-14411.896959746839
2016-05-22,1030671.62292,741285.9606097867,288059.9933751651,1325.668935048161
2016-05-23,695004.681298,736548.7209418557,-27284.91331863986,-14259.126325215795
2016-05-24,606377.2052165,733981.8467101163,-113041.01432938283,-14563.627164233476
2016-05-25,637512.038734,737699.9265382999,-83311.59173129697,-16876.296073002974
2016-05-26,571968.623123,744942.7693196024,-177695.66299566004,4721.516799057717
2016-05-27,852689.219312,753721.4567794674,-59349.37642681843,158317.138959351
2016-05-28,816187.2200643,762924.579082315,198128.3311972349,-144865.6902152499
2016-05-29,959853.658039,769065.3309420913,259659.52036883202,-68871.19327192334
2016-05-30,752452.419172,775534.8938859117,-34406.17376194857,11323.699048036942
2016-05-31,974327.9898907,783095.7477458558,-112823.57892368778,304055.82106853195
2016-06-01,811525.320315,789262.0839321831,-73484.20289049916,95747.43927331606
2016-06-02,694535.9356793,790501.9582595945,-175889.00432444923,79922.9817441547
2016-06-03,742363.085208,788728.1796952985,-55178.14004284703,8813.04555554851
2016-06-04,1011996.61607,786304.3828657089,210528.39362849208,15163.839575799066
2016-06-05,1123734.4361,781509.3952708184,234557.71066157357,107667.3301676081
2016-06-06,729894.222866,771046.3363145827,-37274.70300104484,-3877.410447537899
2016-06-07,658714.653306,760226.4097785053,-109727.80692906644,8216.050456561148
2016-06-08,696747.5498651,751699.6375126927,-61756.377896166625,6804.290248573874
2016-06-09,547139.6129411,744940.7259853153,-171824.32534975285,-25976.78769446246
2016-06-10,637354.31962,740585.874171042,-57476.61791939884,-45754.93663164321
2016-06-11,845838.2061645,739217.5286975815,213402.34082571627,-106781.66335879778
2016-06-12,947479.764963,739991.8096499654,209904.34374810595,-2416.3884350713342
2016-06-13,685382.193062,742704.310111217,-34202.72497304857,-23119.392076168442
2016-06-14,622267.7731045,748479.270519904,-99989.06242767959,-26222.43498772441
2016-06-15,708327.6370845,756035.2001047204,-53735.926863538545,6028.363843318191
2016-06-16,620526.243001,761642.5999008226,-169204.8535794296,28088.496679606964
2016-06-17,737897.438279,764128.4333412515,-65014.36865297436,38783.37359072291
2016-06-18,972971.109711,764561.117826062,189938.51187550777,18471.480009430205
2016-06-19,837363.023871,762979.7118104456,227825.01448840683,-153441.70242785243
2016-06-20,735754.3648971,758371.8755995736,-29237.368768611992,6619.858066138462
2016-06-21,679248.0220203,750928.3656445066,-93467.57716371548,21787.23353950889
2016-06-22,677730.6512057,741597.0743428981,-56213.42040220899,-7653.002734989044
2016-06-23,559653.337429,731873.3338673365,-164023.7243110623,-8196.272127274307
2016-06-24,641812.675912,722849.6584370546,-64952.06535483319,-16084.917170221452
2016-06-25,860296.8349625,715247.8796958397,167699.88167318088,-22650.926406520535
2016-06-26,954344.666933,709087.0248696399,230250.86719776306,15006.77486559702
2016-06-27,684735.608995,705048.7743545225,-24280.668553218336,3967.503193695913
2016-06-28,596948.934953,703287.129825878,-82482.13906476194,-23856.055808115983
2016-06-29,632489.476942,704822.635768364,-54513.73939025445,-17819.419436109485
2016-06-30,554144.864923,717534.8895233378,-166956.61105018875,3566.5864498509327
2016-07-01,857027.5539605,732822.5267724534,-62234.864549782,186439.8917378286
2016-07-02,1078485.141848,740304.7759578077,154214.92428895165,183965.44160124066
2016-07-03,1126713.707945,745246.3933376803,230212.84792981017,151254.46667750948
2016-07-04,850891.598845,752257.2767151679,-21622.101688137365,120256.42381796951
2016-07-05,728011.558041,765247.7852652096,-79347.15228834064,42110.925064131035
2016-07-06,752110.940641,778965.1840764886,-50519.3244894953,23665.081054006703
2016-07-07,591702.7820185,768218.5683992407,-166207.13246663983,-10308.65391410084
2016-07-08,688563.400224,751636.0925739936,-57284.786702854224,-5787.905647139414
2016-07-09,868259.9708787,737459.7384252005,146972.9003608271,-16172.66790732753
2016-07-10,932486.3001359,726573.2809059003,215619.6570952288,-9706.637865229044
2016-07-11,688436.1450485,719463.5202528232,-19416.211496150758,-11611.163708172506
2016-07-12,627039.780111,715837.6100680062,-76829.42171723099,-11968.408239775337
2016-07-13,642494.4024465,714607.449815173,-43362.66781452651,-28750.37955414655
2016-07-14,535124.328126,714590.0331601651,-161167.86248828733,-18297.842545877793
2016-07-15,675032.4290353,715640.9580735085,-50862.222658196544,10253.69361998816
2016-07-16,887192.885063,717586.0081636573,147577.1657687027,22029.711130640004
2016-07-17,932586.6967328,719445.9084202158,194378.32039792134,18762.46791466279
2016-07-18,702619.751022,719763.6654449168,-13532.78929225087,-3611.125130665954
2016-07-19,633176.2922806,717420.6005739631,-77904.90268935177,-6339.405604011263
2016-07-20,686848.847004,713226.1810054706,-43435.37673821443,17058.04273674381
2016-07-21,578823.6890245,708923.567866266,-154995.32595671175,24895.44711494574
2016-07-22,646633.655341,705260.330214897,-48322.25952168835,-10304.415352208773
2016-07-23,822292.472006,702080.9020818155,149336.29832864826,-29124.728404463734
2016-07-24,847867.677942,699686.7563698842,183745.7828357162,-35564.86126360053
2016-07-25,697383.602092,698561.457342361,-7984.99606450266,6807.140814141603
2016-07-26,622771.923903,699733.6646032807,-79952.78924882929,2991.0485485484824
2016-07-27,651121.9849837,704518.3123871475,-47456.80729276482,-5939.520110682701
2016-07-28,533256.2493581,712354.0604637905,-143300.701402464,-35797.10970322648
2016-07-29,669585.8378729,720822.5513909971,-44402.11673312439,-6834.596784972819
2016-07-30,910213.871959,726759.1282707338,141835.86207730134,41618.88161096489
2016-07-31,997916.9572141,730113.4076562887,174029.9382618145,93773.61129599682
2016-08-01,895580.405053,733227.2683668669,-7797.867263265622,170151.00394939876
2016-08-02,777592.8388893,737694.738075628,-73596.66019904363,113494.76101271575
2016-08-03,779844.8100532,743254.3177765176,-47008.7537266689,83599.24600335129
2016-08-04,622883.098161,748570.7512589647,-139976.48051003987,14288.82741207513
2016-08-05,704092.7391311,746025.7854414803,-40223.61241555758,-1709.4338948227232
2016-08-06,858903.2119025,737594.051661927,131957.2138992074,-10648.053658634424
2016-08-07,904321.436838,731376.7372211925,171889.47897002377,1055.2206467837095
2016-08-08,715195.5388238,727516.2567381044,-9434.627472984554,-2886.0904413197422
2016-08-09,635538.981035,725775.2427513101,-64267.900284764844,-25968.361431545345
2016-08-10,658457.436112,726778.3804033664,-43985.82796341534,-24335.11632795108
2016-08-11,596729.279945,729946.2162724709,-140123.29287721933,6906.356549748336
2016-08-12,745662.5051491,733448.1975145941,-40966.33420983041,53180.64184433629
2016-08-13,714905.9190669,735955.1010410109,118435.09766370626,-139484.27963781718
2016-08-14,761826.1289779,738173.8936058374,177587.3120551084,-153935.0766830457
2016-08-15,720032.299881,740643.2190864703,-11436.989561316934,-9173.929644153453
2016-08-16,718671.651353,742111.8850065137,-57862.48663053256,34422.25297701883
2016-08-17,725945.703034,740424.6485833114,-34605.55053657388,20126.604987262515
2016-08-18,577350.5209386,736268.9428655944,-143246.99409750584,-15671.427829488646
2016-08-19,678767.115815,731755.506212624,-42094.22581083231,-10894.164586791652
2016-08-20,828986.33584,726930.5705344338,105341.98009804422,-3286.214792478131
2016-08-21,901870.149939,721836.2851677693,178145.61225131925,1888.2525199115044
2016-08-22,714866.233843,716591.8131007279,-11306.530863741433,9580.95160601358
2016-08-23,660819.9779755,711665.5839962161,-54681.88383992729,3836.2778192112455
2016-08-24,674613.0479498,706858.450394881,-23621.66114431032,-8623.741300770547
2016-08-25,554421.529139,702591.2389477143,-154024.13301618161,5854.4232074673055
2016-08-26,646698.272887,700402.7149392662,-57139.508855508706,3435.0668032425456
2016-08-27,791047.534486,700033.2145051749,112914.62662283817,-21900.306642013136
2016-08-28,858802.419759,701481.7977283796,203332.23781688698,-46011.61578626663
2016-08-29,671845.736816,705226.9863440938,-15847.68320165413,-17533.56632643973
2016-08-30,624711.335056,714312.7180375324,-62587.53624923919,-27013.84673229314
2016-08-31,731430.1240452,734313.1977606354,-32275.686029383145,29392.61231394764
2016-09-01,718105.570925,750188.8031897662,-162621.3432858326,130538.11102106643
2016-09-02,837129.587642,760138.636380849,-60875.07150093987,137866.0227620909
2016-09-03,1057581.210918,770019.0343440141,131458.7798570879,156103.39671689796
2016-09-04,1109985.857533,781802.9071098561,231119.49627406508,97063.4541490787
2016-09-05,813763.2950235,798213.4005822064,-29524.379128073477,45074.27356936701
2016-09-06,751583.025072,807615.8899586324,-75345.97267891669,19313.107792284223
2016-09-07,738543.916999,796450.824108152,-46035.53277545811,-11871.374333693879
2016-09-08,595849.2986095,781493.3181038265,-170292.26442098775,-15351.75507333863
2016-09-09,658969.026968,766834.3419746581,-60730.415321591216,-47134.89968506689
2016-09-10,915938.559049,755238.0886885569,147879.03939023236,12821.430970210698
2016-09-11,1017369.2242663,748124.2764953682,260131.20621702942,9113.741553902393
2016-09-12,678776.4591265,743774.6087660806,-38858.495816461495,-26139.653823119123
2016-09-13,603427.946974,741022.5845674756,-82691.31069937353,-54903.32689410215
2016-09-14,624262.071976,739041.765572059,-58080.48640916009,-56699.207186898915
2016-09-15,568324.812986,737448.9375477007,-178477.1380308633,9353.01346916263
2016-09-16,691912.601466,736262.8557613653,-60267.055354164724,15916.801058799378
2016-09-17,899219.297508,736393.296506778,161743.50010784937,1082.500893372693
2016-09-18,1018662.657394,736506.3836688641,270413.9642155534,11742.309509582352
2016-09-19,681159.341976,734105.515877565,-45695.70238156455,-7250.471520000487
2016-09-20,650980.3219717001,729355.3864525183,-91869.83733072226,13494.772849904024
2016-09-21,666928.400013,723719.4105571304,-65797.49311833295,9006.482574202586
2016-09-22,533276.332017,718026.251782695,-185948.99806566632,1199.0782999712974
2016-09-23,663685.9846653,712804.6446807485,-42404.36264850479,-6714.297366943676
2016-09-24,861830.389997,708787.1539770793,158084.74434182572,-5041.508321905043
2016-09-25,952352.5509251,706508.765099526,280264.2597312113,-34420.47390563728
2016-09-26,664217.4402937,705707.0781987397,-43831.185018350225,2341.5471133105457
2016-09-27,587908.3278165,707096.2133726431,-99273.29919167714,-19914.586364466
2016-09-28,631761.1750463,711822.2943307611,-64367.08595934759,-15694.033325113473
2016-09-29,520744.9210333,723032.7630319005,-195017.41291357798,-7270.429085022537
2016-09-30,703198.490806,738519.5790155495,-40228.7930878383,4907.704878288787
2016-10-01,1175033.65823,750688.1042745925,154156.87375685936,270188.6801985481
2016-10-02,1256480.1709663,761196.8826257742,296119.12508424587,199164.1632562799
2016-10-03,833060.55889,769974.0706720055,-39106.00503706985,102192.49325506436
2016-10-04,724113.096039,778539.5563642486,-107679.50003559602,53253.039710347424
2016-10-05,749712.3000211,789562.4950744301,-69583.09807202448,29732.90301869437
2016-10-06,581429.340158,798284.5981232396,-194504.8953092481,-22350.362655991456
2016-10-07,797612.239327,791997.1417799797,-47411.419970281764,53026.51751730207
2016-10-08,932551.706831,781481.9970653952,148758.39733721653,2311.312428388279
2016-10-09,1088251.479908,771719.8266091659,313803.6904355489,2727.962863285211
2016-10-10,725312.8469015,763318.5508607487,-37170.034115233364,-835.669844015385
2016-10-11,625271.993952,756844.3662824036,-111116.2245565806,-20456.147773822886
2016-10-12,665126.077693,752366.3997669162,-75089.0370957656,-12151.284978150623
2016-10-13,558859.8909975,749133.6712568179,-185081.50129339367,-5192.278965924168
2016-10-14,667954.207226,746556.1865272155,-54181.101889385085,-24420.877411830355
2016-10-15,890613.591114,744881.0982421936,141360.27383135533,4372.219040450989
2016-10-16,1104504.6882152,744037.8020572815,325763.94702227856,34702.939135640045
2016-10-17,710456.4240015,743067.0133650965,-39761.76951085948,7151.180147262989
2016-10-18,630638.592023,740898.391528245,-110629.6606444649,369.86113921995275
2016-10-19,647823.468973,737412.8703569545,-81298.36253731512,-8291.03884663945
2016-10-20,583001.280078,732789.3244661493,-170002.90812679584,20214.863738646498
2016-10-21,669453.5420583,727525.7840389741,-65883.51056956423,7811.268588890089
2016-10-22,843626.415914,722725.2678873308,132304.28002061482,-11403.131993945688
2016-10-23,1022953.689959,718856.6967563155,333934.87762228865,-29837.884419604205
2016-10-24,668507.6451983,715600.4326238661,-51745.874875802634,4653.087450236548
2016-10-25,610590.8979547,713003.6146901405,-100427.63290834479,-1985.0838270956883
2016-10-26,633413.8905697,711716.823730215,-65643.50165791714,-12659.431502597756
2016-10-27,544361.4798829,711969.6513823465,-173410.8672906576,5802.695791211096
2016-10-28,638838.252231,713115.8992543875,-72361.412768864,-1916.2342545235297
2016-10-29,841074.6969995,714392.2643196831,125321.90288719187,1360.5297926251078
2016-10-30,954838.191008,717900.8979365458,343188.92094201746,-106251.62787056318
2016-10-31,654923.5029715,727180.482957072,-61978.70494161423,-10278.27504395775
2016-11-01,811832.445984,736446.778485777,-109440.79192534082,184826.4594235638
2016-11-02,969033.618953,744333.7461824461,-39241.77325087946,263941.6460214334
2016-11-03,793811.6841115,752304.2343043485,-184509.76379402357,226017.2136011751
2016-11-04,858468.216477,760667.3244945847,-77341.01786952117,175141.9098519365
2016-11-05,887751.298669,769861.2836788456,122543.64570451148,-4653.630714357016
2016-11-06,1140367.104134,779210.3496472327,349672.2302168932,11484.524269874091
2016-11-07,849451.0429045,785017.2761017586,-64003.77690425623,128437.54370699765
2016-11-08,767439.628434,789574.6359724622,-112651.15607903645,90516.14854057413
2016-11-09,790276.839009,794200.7065851572,-18966.057347946906,15042.189771789708
2016-11-10,588241.7590247,798442.335678095,-197175.44850768102,-13025.128145713941
2016-11-11,713396.4541223,802172.2538341541,-79746.51301348506,-9029.28669836896
2016-11-12,929802.771943,805097.1405167863,121744.19090258627,2961.4405236275634
2016-11-13,1188982.232398,807650.8305661465,346559.95633136126,34771.445500492235
2016-11-14,735723.172977,809705.8977653487,-59521.105656712265,-14461.61913163634
2016-11-15,691801.6290437999,811259.5412414542,-113913.30000945096,-5544.61218820326
2016-11-16,830431.7415873,812498.5869053542,-10745.108592646686,28678.263274592464
2016-11-17,615228.2560159,812945.1438285362,-200958.33708179058,3241.4492691544583
2016-11-18,738265.552222,812092.4716113119,-68261.13373031792,-5565.785658993991
2016-11-19,935656.0010137,810049.034680189,125007.13306296783,599.8332705432549
2016-11-20,1125178.987911,806942.4166958516,317910.69631360174,325.874901546631
2016-11-21,773762.280859,802868.2399938583,-43055.1757107128,13949.216575854574
2016-11-22,690281.251004,798348.4318631353,-125112.34388077336,17045.163021638058
2016-11-23,753685.041456,794058.2051029709,-20798.734664158503,-19574.428982812446
2016-11-24,595457.3062203,790147.0988051213,-196066.86123652896,1377.0686517077265
2016-11-25,737819.484836,786741.4906238045,-33828.44912382311,-15093.556663981406
2016-11-26,908066.823384,784686.6526324908,118176.50510865905,5203.665642850101
2016-11-27,1056721.5920875,786463.0137104383,291178.8747619999,-20920.29638493806
2016-11-28,752583.7680527,792445.7505927924,-20387.824468451974,-19474.158071640413
2016-11-29,645760.5082353,802838.0881623682,-141650.67553013912,-15426.90439692908
2016-11-30,767361.704324,818217.7777251403,-30474.231206194996,-20381.84219494532
2016-12-01,843603.315088,835705.4641225825,-192440.2806453289,200338.1316107465
2016-12-02,853454.930795,849783.8040231313,-23071.4741811757,26742.600953044486
2016-12-03,1113440.567059,860473.1183510879,104514.3231577416,148453.12555017055
2016-12-04,1276195.0362097,871846.9207433205,268260.8259826276,136087.28948375187
2016-12-05,896824.938971,882145.4795724661,-17108.932788477745,31788.39218701166
2016-12-06,932546.385931,889081.2274474999,-76697.61735547832,120162.77583897847
2016-12-07,867653.7351403,889325.4556327474,-48736.79297282097,27065.07248037355
2016-12-08,674077.382905,885680.5719185205,-195241.10746166162,-16362.081551858806
2016-12-09,774941.923982,881031.5126677031,-24402.106218499663,-81687.4824672034
2016-12-10,920050.745917,880624.857476259,88907.84857730553,-49481.960136564565
2016-12-11,1119324.243986,884378.7585805533,249729.580014003,-14784.094608556246
2016-12-12,844251.703802,891589.4437373205,-16117.799903018968,-31219.94003230147
2016-12-13,747161.615593,901742.3364906518,-33906.115927376,-120674.60497027589
2016-12-14,829763.2190675,917808.8442076689,-63141.98523028395,-24903.63990988501
2016-12-15,747641.1828753001,939825.7030736973,-185722.27669919058,-6462.243499206612
2016-12-16,918899.786306,963701.4362579355,-42648.443941622616,-2153.2060103128897
2016-12-17,1071655.6282493,989170.2665980526,76454.71652138149,6030.64512986585
2016-12-18,1260471.9085900001,1016574.1749021746,243915.6390963636,-17.905408538063057
2016-12-19,1028242.8227987,1043811.1590315595,-25409.235349272967,9840.899116413435
2016-12-20,1080402.388032,1058816.3231818967,19688.61119776517,1897.4536523381248
2016-12-21,1181307.3270735,1053478.887920129,-84560.50966761791,212388.94882098888
2016-12-22,1135849.391084,1052399.94276026,-173322.94668443615,256772.3950081761
2016-12-23,1282145.5171351,1053543.4689076599,-61329.734180724314,289931.78240816435
2016-12-24,1246837.8430543,1055499.3103384776,99874.53511632721,91463.99759949511
2016-12-25,1139804.2959761498,1056393.5938792452,260880.33136951798,-177469.62927261333
2016-12-26,1032770.748898,1060107.5220004835,-28979.841732791032,1643.0686303074472
2016-12-27,842475.490118,1042677.4549192458,-29549.952406779365,-170652.01239446644
2016-12-28,951533.7138481,1042012.8290192725,-90924.14409426316,445.02892309078015
2016-12-29,894108.236835,1026651.9262499793,-163722.53042928074,31178.841014301404
2016-12-30,1163643.0379923,1012154.8440302841,-71312.49837045892,222800.69233247475
2016-12-31,1109012.812049,1001177.3723909666,130624.50895147698,-22789.06929344358
2017-01-01,12082.500997,989667.6066442846,280400.1345378121,-1257985.2401850966
2017-01-02,1402306.370834,976838.568960718,-29000.393420720655,454468.19529400265
2017-01-03,1104377.0798245,962295.2070038832,-67113.17441348503,209195.0472341018
2017-01-04,990093.463742,948370.2546711003,-86977.69769792116,128700.90676882095
2017-01-05,777620.9540695,938513.0492285852,-167577.56404884168,6685.468889756477
2017-01-06,839600.237989,928241.2998092889,-81367.26077434757,-7273.801045941305
2017-01-07,1103806.298949,912673.1906165314,162194.3446949981,28938.76363747043
2017-01-08,1192543.750978,897213.6057103957,304160.4535721548,-8830.308304550475
2017-01-09,793724.8969065,883681.917015139,-25204.557159012,-64752.46294962708
2017-01-10,742635.5692609,872377.3871094993,-119328.86857806255,-10412.949270536774
2017-01-11,770742.690065,863043.133712556,-76721.03837485117,-15579.405272704782
2017-01-12,629635.794004,855649.868806113,-198192.27287611627,-27821.801925996784
2017-01-13,768898.9443882,850950.5311993583,-88087.28094607548,6035.69413491711
2017-01-14,1021050.536226,848885.1845600429,201431.25203605767,-29265.900370100513
2017-01-15,1175725.165838,847780.8830468896,310005.71524685016,17938.56754426018
2017-01-16,824488.666175,846829.8635205566,-28154.64299353906,5813.445647982531
2017-01-17,750836.542952,846322.0167021597,-103858.16490813452,8372.691157974885
2017-01-18,782656.0246723,845519.7049304531,-72991.3343951472,10127.654136994039
2017-01-19,606949.7448793,843506.2073735365,-228284.2075959649,-8272.25489827164
2017-01-20,725703.6910875,840020.8124380953,-96179.51036091027,-18137.610989685054
2017-01-21,1072721.724905,835364.5838377258,229688.2187386991,7668.922328575165
2017-01-22,1148214.358454,830678.6072741112,288111.35821008927,29424.39296979946
2017-01-23,798133.612125,826601.3945249744,-29745.612134280123,1277.8297343057347
2017-01-24,721275.774781,823657.2939953106,-92895.70031308739,-9485.81890122313
2017-01-25,744342.5929227,822001.5642553875,-65634.30580764293,-12024.665525044547
2017-01-26,576515.5369877,822628.0432477201,-230664.58348840557,-15447.92277161451
2017-01-27,722113.958837,825380.1246525747,-93921.55728277686,-9344.608532797894
2017-01-28,977850.40585,830748.4104464038,257977.2802654413,-110875.28486184508
2017-01-29,1075166.993043,838216.0368811435,243630.05717039376,-6679.101008537109
2017-01-30,698123.768037,844246.633364134,-34064.129467409366,-112058.7358597247
2017-01-31,778222.285925,847957.4114025959,-87339.9368579604,17604.811380364466
2017-02-01,961777.382874,848610.6198958921,-59692.60581356371,172859.3687916716
2017-02-02,748882.732615,848698.4359247127,-214017.59745409412,114201.8941443814
2017-02-03,834667.1519293,848282.6729004787,-80567.79740404997,66952.27643287135
2017-02-04,1132788.541413,847294.1576770867,271646.3651342556,13848.018601657823
2017-02-05,1151987.631095,843665.2655357571,181211.8529506328,127110.51260861021
2017-02-06,786672.394181,837705.8476034973,-34047.70920455836,-16985.744217938976
2017-02-07,739431.213302,830247.6165442201,-83389.19933583288,-7427.2039063873235
2017-02-08,783605.377185,824621.5730888557,-54260.27152254777,13244.075618692092
2017-02-09,624387.487899,821741.7572226953,-189164.85402566654,-8189.415298028616
2017-02-10,752207.2398545,819262.4230106263,-57072.784828070355,-9982.398328055977
2017-02-11,944924.65301,815997.173696165,274703.2178622364,-145775.73854840128
2017-02-12,1074820.900014,812410.2550293806,122202.00415209854,140208.6408325209
2017-02-13,794314.4320675,809083.4709112769,-35481.46224843626,20712.423404659377
2017-02-14,642613.187069,806387.5245211896,-81227.52048278012,-82546.81696940947
2017-02-15,745780.355084,804502.7728299728,-49836.508466399,-8885.909279573709
2017-02-16,645968.2570671,802043.2193685893,-154668.9841739719,-1405.9781275173882
2017-02-17,758855.71279,799393.5280328649,-26714.786156381684,-13823.029086483177
2017-02-18,1063394.844003,798183.6267277645,262706.54728712066,2504.6699881148525
2017-02-19,858897.1230135,798925.1979265545,68605.8116948558,-8633.886607910274
2017-02-20,759120.0599607,800882.3824884616,-43135.829024663835,1373.506496902206
2017-02-21,717807.6770255,802920.2145067303,-81126.89531630787,-3985.6421649224358
2017-02-22,739388.0344027,804719.4746088902,-55534.91933282374,-9796.520873366506
2017-02-23,675578.500156,806328.3105498834,-150085.12345974112,19335.313065857743
2017-02-24,816197.498952,807787.4655048152,-13899.828333283305,22309.86178046814
2017-02-25,1026011.2228075,810721.5691340652,240385.55323025238,-25095.899556817487
2017-02-26,775708.987978,821619.5851775233,146213.1191778713,-192123.71637739462
2017-02-27,744956.948138,836409.1259629847,-63995.846380480856,-27456.331444503972
2017-02-28,949366.8290505,847663.4233357726,-93089.1815015828,194792.5872163102
2017-03-01,1008521.709962,853190.6449299741,-59766.07268448738,215097.13771651336
2017-03-02,836225.179072,858176.2342646576,-157723.3104604819,135772.25526782428
2017-03-03,882639.776274,867978.0594973004,-19995.487145128674,34657.203921828186
2017-03-04,1125736.3470592,878532.9041260338,211438.92481074767,35764.51812241867
2017-03-05,1196983.690104,882855.0240842554,213328.6272381695,100800.03878157504
2017-03-06,790143.2410905,873214.4367926383,-77074.05143070295,-5997.1442714353325
2017-03-07,761866.729975,860555.7344451464,-110498.96245201728,11809.957981870859
2017-03-08,781046.6619577,850296.3948352034,-60625.804486666304,-8623.928390837042
2017-03-09,653901.1919827,842348.0142220375,-170604.00169562545,-17842.820543712005
2017-03-10,773855.30685,837594.7978641414,-37491.46686697254,-26248.02414716885
2017-03-11,1001174.4340065,836483.3440633895,188839.70564692144,-24148.61570381082
2017-03-12,1146006.826973,837742.0494870926,304724.16039252275,3540.617093384615
2017-03-13,754390.380036,840772.7097690365,-76179.36457098165,-10202.965162054752
2017-03-14,700998.0346447,845531.3318719683,-123950.96565576077,-20582.331571507617
2017-03-15,815621.887369,851378.4521668289,-55234.82978797441,19478.264990145457
2017-03-16,699108.166824,857329.7094348226,-181648.29627553225,23426.753664709628
2017-03-17,812306.77427,862212.9432415138,-55298.65724425909,5392.488272745395
2017-03-18,1038906.566154,864961.3158128338,180836.81798318718,-6891.567642020993
2017-03-19,1157140.638587,865538.370378476,289029.33926910453,2572.9289394195657
2017-03-20,826428.90991,864396.4156680399,-59267.63183408042,21300.126076040557
2017-03-21,746620.926177,861729.4019949966,-128493.65575304137,13385.179935044842
2017-03-22,767880.804934,858220.4363327678,-37520.14870782459,-52819.48269094317
2017-03-23,670848.010029,854239.27767386,-182415.48524193422,-975.7824029257754
2017-03-24,787914.125515,850009.7526917157,-62868.33992304357,772.7127463278593
2017-03-25,1038139.316887,845436.4528107686,174856.9595358248,17845.90454040654
2017-03-26,1101557.476706,841200.0215987568,279641.3300911342,-19283.874983890913
2017-03-27,784103.265042,838239.3697097128,-48949.57702987648,-5186.5276378362905
2017-03-28,702943.948577,838398.4500098471,-119619.57267332685,-15834.928759520291
2017-03-29,824632.985033,841710.3802868909,-28446.993238369687,11369.597984478809
2017-03-30,637624.340998,846431.0586345766,-182603.18552350704,-26203.532113069552
2017-03-31,878750.03788,851194.7141987976,-69708.67297599868,97263.99665720109
2017-04-01,1463083.962459,854579.0694794564,166944.7940311846,441560.098948359
2017-04-02,1138650.058898,856678.8736175394,273277.1267840015,8694.058496459154
2017-04-03,835191.622029,858678.0465816598,-50421.302915165026,26934.878362505115
2017-04-04,835602.6360017,860382.8693212919,-110365.71706297966,85585.48374338774
2017-04-05,846631.307907,858475.9429517596,-27093.986838479937,15249.351793720387
2017-04-06,683059.570103,852152.136453413,-174043.78808464282,4951.2217342298245
2017-04-07,765502.211925,845773.4287300797,-74521.31614369062,-5749.900661389111
2017-04-08,988591.469958,840004.2189753049,157907.1442736716,-9319.893290976528
2017-04-09,1101713.657101,834778.8097696103,281009.8289631214,-14074.98163173173
2017-04-10,739392.130988,830352.1113089263,-55021.16403043011,-35938.81629049615
2017-04-11,741331.430196,827346.9409973784,-105164.92595688702,19149.415155508555
2017-04-12,791762.312883,827031.1330906894,-42373.36390591198,7104.543698222609
2017-04-13,737029.565183,827191.5946408736,-159460.8020263823,69298.77256850875
2017-04-14,740889.486829,826711.8107164993,-72372.24909545296,-13450.07479204645
2017-04-15,898610.217928,826374.725190206,153998.58615187163,-81763.09341407754
2017-04-16,985493.795113,825947.260078102,292766.242132345,-133219.707097447
2017-04-17,775916.9059055,824917.7117518008,-65394.60369461234,16393.797848311602
2017-04-18,717196.315762,824707.0840619735,-104754.05808229257,-2756.7102176808985
2017-04-19,735733.2142477,825385.9556344535,-61694.25532972101,-27958.48605703248
2017-04-20,675804.0219027,825969.3345150389,-152694.82895187914,2529.5163395402487
2017-04-21,795795.893872,826965.9380674625,-71872.71961564732,40702.67542018485
2017-04-22,974952.817869,829159.3662747833,163505.93656571652,-17712.48497149977
2017-04-23,1140070.2748035,833129.1811244476,313312.23652360815,-6371.1428445558995
2017-04-24,755072.530945,839061.9156011487,-70401.88567008535,-13587.498986063409
2017-04-25,718996.080637,846182.7189129306,-117994.25193240328,-9192.386343527236
2017-04-26,781159.2829995,854726.3720907576,-74106.26976537432,539.1806741168257
2017-04-27,624910.0260955,865593.1305439426,-156984.03450534443,-83699.06994309812
2017-04-28,797636.6251025,875824.0331112748,-74542.81207483553,-3644.5959339393303
2017-04-29,1068279.815941,877545.7343889262,171678.8994891715,19055.18206290214
2017-04-30,1041249.2479705,876934.4889252832,338731.4557793096,-174416.69673409278
2017-05-01,1306699.366897,877983.6304375334,-69719.92462284882,498435.6610823155
2017-05-02,907324.094113,878692.5239077486,-127765.66073601552,156397.23094126687
2017-05-03,924247.257204,877640.8436160027,-73152.08891153644,119758.50249953382
2017-05-04,716654.608983,876506.9307200402,-174713.63369154726,14861.311954507022
2017-05-05,780798.407016,873447.9934683797,-82034.88055328549,-10614.705899094231
2017-05-06,1039417.861868,866285.6804600472,179358.6633190268,-6226.481911074021
2017-05-07,1227380.607924,859673.0870135619,353245.6325306169,14461.888379821205
2017-05-08,776307.495015,854355.2080510434,-66371.77501816543,-11675.938017877983
2017-05-09,715811.198881,850385.1101874629,-128367.10894628157,-6206.802360181231
2017-05-10,766101.907094,849381.4679627924,-67532.88342810214,-15746.677440690226
2017-05-11,648650.413039,851730.3237853091,-194672.36294511054,-8407.547801198554
2017-05-12,764812.415784,856479.3529867828,-86537.56138691083,-5129.375815871987
2017-05-13,1116976.891153,859116.5461983017,182114.84729126596,75745.49766343238
2017-05-14,884199.9138385,859546.5625042621,362928.30569687637,-338274.9543626384
2017-05-15,823035.572122,859862.0169977673,-62136.10761967795,25309.66274391068
2017-05-16,807803.8950783,861349.4424447857,-127709.67172100279,74164.12435451709
2017-05-17,841407.607944,863400.0733251935,-64328.11662397337,42335.65124277992
2017-05-18,628487.989962,862583.8942912259,-217474.1697576449,-16621.734571581008
2017-05-19,773775.4378677,857424.107199117,-82681.19849984939,-967.470831567538
2017-05-20,1035667.381833,851748.8557764073,199992.64584833535,-16074.119791742647
2017-05-21,1201938.886229,846942.7096716226,356602.5800108262,-1606.4034534487873
2017-05-22,778935.156126,843480.9340237926,-69959.95562867785,5414.177730885218
2017-05-23,723151.767982,841995.1106763622,-126178.24018066529,7334.897486303118
2017-05-24,746303.6271255,843877.5227884627,-56844.70648398189,-40729.18917898077
2017-05-25,620108.24391,847989.6579030203,-226971.5951562537,-909.8188367666444
2017-05-26,984511.1521135,853222.3900253891,-87276.73339058305,218565.49547869386
2017-05-27,932219.893144,858675.1937212761,226367.7649341924,-152823.06551146857
2017-05-28,1061771.636907,865243.4225267663,350211.84095325967,-153683.62657302595
2017-05-29,776813.137038,873782.3247509864,-84273.1324523851,-12696.05526060122
2017-05-30,742471.2769905,883884.8367349405,-124736.05989620021,-16677.499848240288
2017-05-31,858062.149411,894979.741111945,-59427.35942559929,22509.767724654288
2017-06-01,766859.172845,903009.5498156387,-226845.6798803499,90695.30290971126
2017-06-02,918421.319125,906635.6449527473,-82802.5677991678,94588.24197142059
2017-06-03,1176138.109152,909093.2802974143,240084.57626410926,26960.25259047642
2017-06-04,1376511.520495,912778.1126203453,344001.11894800287,119732.28892665193
2017-06-05,912693.8511,916507.5991821007,-89161.543800801,85347.79571870028
2017-06-06,805546.6479560001,914699.6674234058,-125574.05223880932,16421.032771403552
2017-06-07,842979.8370823,906766.6222599552,-64107.82583094945,321.0406532943016
2017-06-08,667099.801025,897492.918831704,-222728.1401860437,-7664.977620660211
2017-06-09,795116.1360699,888376.9524463521,-84889.5818499098,-8371.234526542365
2017-06-10,993732.684049,880643.9363753226,244640.93650683417,-131552.18883315672
2017-06-11,1213673.946877,875280.0882434011,338413.86752281635,-20.008889217628166
2017-06-12,768349.7589517,871748.4480829653,-85525.6307955673,-17873.058335698093
2017-06-13,729412.959849,869772.7261283413,-120824.72966790313,-19535.036611438147
2017-06-14,785885.9088963,869287.0747714961,-69209.2034688616,-14191.962406334467
2017-06-15,660338.346974,869607.1523051163,-215978.25827055651,6709.452939440147
2017-06-16,834786.4275550001,868402.1862087977,-60968.091648786736,27352.332994989003
2017-06-17,1096133.5508865,864777.8047165663,214276.8010781176,17078.945091816015
2017-06-18,965144.121179,859694.9606685461,314411.33137244114,-208962.17086198728
2017-06-19,791146.393731,853010.3086442658,-69026.65641079507,7162.741497529321
2017-06-20,787326.7170395,844829.3379514383,-118866.29490814016,61363.67399620195
2017-06-21,766159.0112892,835468.0746141413,-69454.1339091044,145.07058416318614
2017-06-22,609868.8309586,825554.5904197793,-202840.189431485,-12845.570029694238
2017-06-23,761049.7450639,816704.6211004729,-47167.93954707572,-8486.936489497079
2017-06-24,963268.227135,810480.6693181412,187982.32422338353,-35194.76640652469
2017-06-25,1092610.858614,807291.8598856909,293662.63997455017,-8343.641246240935
2017-06-26,755367.8450665,807100.675938217,-50681.57607271186,-1051.2547990051098
2017-06-27,682218.468913,809764.1825666229,-112134.51885529894,-15411.194798323908
2017-06-28,731896.9850105,815560.5090981482,-63411.73886633007,-20251.785221318132
2017-06-29,630811.802872,825131.5812667967,-192710.37845756183,-1609.399937234819
2017-06-30,802273.1392327,837320.7441651311,-45891.29733030392,10843.692397872801
2017-07-01,1207529.921868,845666.7680776307,165984.2321600826,195878.92163028673
2017-07-02,1296379.2175535,850941.887832698,277646.84378081036,167790.48593999178
2017-07-03,925143.408816,855851.6769909849,-36119.21249713696,105410.94432215206
2017-07-04,832359.2860137,861403.749625919,-106147.46104948659,77102.99743726745
2017-07-05,844301.613116,869563.6781746247,-61088.121572382726,35826.05651375803
2017-07-06,700272.0099567,875248.5209759601,-181417.88810125794,6441.377081997925
2017-07-07,805792.302193,866074.8631753844,-47572.21104105838,-12710.349941325956
2017-07-08,998347.1930085,853998.0617855365,147391.9678801926,-3042.836657228996
2017-07-09,1100833.322376,843259.952147603,266456.88164131297,-8883.511412916007
2017-07-10,804158.8610365,834836.9793588961,-24132.353250651748,-6545.7650717444485
2017-07-11,730534.767701,829310.8862636302,-101787.76319509925,3011.644632469048
2017-07-12,748799.9959087,826340.6255698256,-60163.547212741025,-17377.082448384608
2017-07-13,629651.3629294999,825026.3634319215,-169955.4299286003,-25419.5705738212
2017-07-14,765489.6173932999,824758.1451893057,-44001.52082949086,-15267.006966514862
2017-07-15,969077.125075,825491.2321594508,136467.43792630394,7118.454989245278
2017-07-16,1100803.699023,826703.7630877804,248109.97296062793,25989.962974591646
2017-07-17,818325.522149,827776.003746173,-9903.582144002221,453.1005468291696
2017-07-18,730133.70894,827951.9393000737,-97383.36333141,-434.8670286636334
2017-07-19,767978.778078,826652.2904465222,-66751.77819273407,8078.265824211878
2017-07-20,688288.067857,824109.200275888,-160118.8007512157,24297.66833232774
2017-07-21,782418.2992188,820892.4271191901,-31567.73258656066,-6906.395313829416
2017-07-22,932902.046681,817851.9423409967,123436.31324039982,-8386.20890039648
2017-07-23,1024288.741245,815733.9887963464,223315.30195019825,-14760.549501544563
2017-07-24,816564.327096,814305.9512191877,5130.78194423722,-2872.4060674249195
2017-07-25,713581.632609,814770.751754067,-98234.88221584124,-2954.236929225852
2017-07-26,740653.044167,819314.3632280226,-64541.071401242625,-14120.247659779969
2017-07-27,659849.8270588,827242.218997628,-146717.15633840248,-20675.235600425396
2017-07-28,835099.6822035,836552.8535453598,-8883.594341965258,7430.423000105424
2017-07-29,1032310.865737,842389.5961354335,88762.84667836703,101158.42292319948
2017-07-30,1123752.4779517,844759.2911581061,182888.25925822207,96104.92753537197
2017-07-31,885856.8408705,848027.0960500098,5242.61309421647,32587.131726273685
2017-08-01,988527.763204,851556.0266743347,-48542.98267238818,185514.7192020535
2017-08-02,964712.016051,852753.4421827925,-65437.49282398434,177396.06669219187
2017-08-03,728068.485132,849587.8054937659,-137968.727266141,16449.406904375064
2017-08-04,827775.686128,840784.8237911034,13584.280313972546,-26593.417977075907
2017-08-05,965693.650492,830822.9154309537,58313.32554630174,76557.40951474453
2017-08-06,1049559.164277,821193.8961637397,144582.83071908445,83782.43739417568
2017-08-07,797464.963817,811662.2222793376,6844.005281512137,-21041.263743849704
2017-08-08,717766.3491055,802095.2886143182,-17574.51178699216,-66754.42772182601
2017-08-09,734139.67401,793618.1595972277,-65016.3615389067,5537.875951678958
2017-08-10,651386.9119697,785414.3485078192,-128182.54632424815,-5844.8902138710255
2017-08-11,826373.722022,777402.1106132846,37124.12375868485,11847.487650030525
2017-08-12,792630.5350785,769500.4956911217,28959.77561883474,-5829.736231456394
2017-08-13,865639.677471,761638.5836081214,107201.79237194436,-3200.6985090657836
2017-08-14,760922.4060808,753788.8762826596,7438.420660536658,-304.89086239621975
2017-08-15,762661.935939,745949.3322411003,14418.128785528581,2294.474912371137
