store_nbr,family,Current,High,Low,Medium,No promotion,delta_No promotion_vs_current,delta_Low_vs_current,delta_Medium_vs_current,delta_High_vs_current,promotion_sensitivity_abs
1,AUTOMOTIVE,74.97394,1214.9414,196.30144,421.55536,74.97394,0.0,121.32750000000001,346.58142,1139.9674599999998,1139.9674599999998
1,BABY CARE,9.1222725,7692.612,3291.3215,6715.703,9.1222725,0.0,3282.1992275000002,6706.580727500001,7683.4897275,7683.4897275
1,BEAUTY,116.14535,1339.1826,142.32321,365.17163,24.580414,-91.56493599999999,26.177859999999995,249.02627999999999,1223.03725,1223.03725
1,BEVERAGES,35023.445,34827.227,34180.164,34602.945,34060.81,-962.635000000002,-843.2810000000027,-420.5,-196.21800000000076,196.21800000000076
1,BOOKS,13.75259,1397.5729,133.1545,429.6513,13.75259,0.0,119.40191000000002,415.89871,1383.8203099999998,1383.8203099999998
1,BREAD/BAKERY,5785.8306,5857.03,5712.3643,5828.471,5684.9663,-100.86430000000018,-73.46630000000005,42.64039999999932,71.19939999999951,71.19939999999951
1,CELEBRATION,266.99005,686.09125,380.49286,546.0979,266.99005,0.0,113.50281000000001,279.10785,419.10119999999995,419.10119999999995
1,CLEANING,10867.421,10828.372,10675.003,10775.198,10638.262,-229.15899999999965,-192.41799999999967,-92.22299999999996,-39.04900000000089,39.04900000000089
1,DAIRY,11512.032,11411.591,11256.971,11356.45,11217.855,-294.1769999999997,-255.0609999999997,-155.58199999999852,-100.4409999999989,100.4409999999989
1,DELI,2235.7485,2264.9316,2129.0298,2236.3726,2097.9314,-137.8171000000002,-106.71870000000035,0.6240999999999985,29.18309999999974,29.18309999999974
1,EGGS,2270.081,2416.2773,2276.1677,2387.7183,2242.2095,-27.871500000000196,6.086699999999837,117.63729999999987,146.19630000000006,146.19630000000006
1,FROZEN FOODS,2000.3756,2127.3188,1999.4902,2111.7256,1964.576,-35.799600000000055,-0.8854000000001179,111.35000000000014,126.94319999999993,126.94319999999993
1,GROCERY I,41896.668,41173.305,40624.367,41025.855,40440.094,-1456.5740000000005,-1272.3009999999995,-870.8129999999946,-723.3629999999976,723.3629999999976
1,GROCERY II,369.83237,634.1131,460.91577,597.9593,369.83237,0.0,91.08339999999998,228.12692999999996,264.28073,264.28073
1,HARDWARE,17.838299,1112.7585,182.40363,394.56644,17.838299,0.0,164.565331,376.728141,1094.920201,1094.920201
1,HOME AND KITCHEN I,487.1352,712.5053,506.9046,657.93756,421.90622,-65.22897999999998,19.76940000000002,170.80235999999996,225.37010000000004,225.37010000000004
1,HOME AND KITCHEN II,528.31287,638.33203,471.71283,610.9516,395.90457,-132.4083,-56.60003999999998,82.63873000000001,110.01916000000006,110.01916000000006
1,HOME APPLIANCES,13.234737,1209.4089,187.87123,464.7123,13.234737,0.0,174.636493,451.47756300000003,1196.174163,1196.174163
1,HOME CARE,2927.4563,2950.0898,2814.5244,2932.7336,2781.7263,-145.73000000000002,-112.93190000000004,5.277300000000196,22.633500000000367,22.633500000000367
1,LADIESWEAR,107.198204,949.6421,253.52269,449.00665,107.198204,0.0,146.324486,341.808446,842.443896,842.443896
1,LAWN AND GARDEN,263.79517,631.73956,351.75797,535.01276,216.74754,-47.04763,87.96280000000002,271.21759,367.94439,367.94439
1,LINGERIE,72.41276,1129.3096,234.62646,461.75317,72.41276,0.0,162.21370000000002,389.34041,1056.89684,1056.89684
1,"LIQUOR,WINE,BEER",1499.9689,1555.1033,1400.6095,1527.7225,1349.8259,-150.14300000000003,-99.35940000000005,27.753600000000006,55.134399999999914,55.134399999999914
1,MAGAZINES,58.575947,1094.5455,216.86713,441.79346,58.575947,0.0,158.291183,383.217513,1035.969553,1035.969553
1,MEATS,4756.2676,4862.08,4715.968,4839.327,4684.75,-71.51760000000013,-40.29960000000028,83.0594000000001,105.8123999999998,105.8123999999998
1,PERSONAL CARE,2448.8113,2440.5574,2306.8594,2423.2012,2273.9087,-174.9025999999999,-141.95190000000002,-25.610099999999875,-8.253899999999703,8.253899999999703
1,PET SUPPLIES,46.504875,1168.1648,216.98161,418.51236,46.504875,0.0,170.476735,372.007485,1121.659925,1121.659925
1,PLAYERS AND ELECTRONICS,92.02165,994.3273,237.2,439.88086,83.432686,-8.58896399999999,145.17835,347.85920999999996,902.30565,902.30565
1,POULTRY,5491.0913,5608.9546,5474.5967,5592.677,5445.116,-45.97530000000006,-16.49459999999999,101.58569999999963,117.86329999999998,117.86329999999998
1,PREPARED FOODS,886.99536,1111.1737,937.4913,1087.906,886.99536,0.0,50.49594000000002,200.91063999999994,224.17834000000005,224.17834000000005
1,PRODUCE,38792.21,38215.0,37551.023,37968.7,37224.496,-1567.714,-1241.186999999998,-823.510000000002,-577.2099999999991,577.2099999999991
1,SCHOOL AND OFFICE SUPPLIES,0.0,3422.6672,1457.266,2603.6665,0.0,0.0,1457.266,2603.6665,3422.6672,3422.6672
1,SEAFOOD,289.40375,576.7036,307.07617,532.67914,271.1457,-18.258050000000026,17.67241999999999,243.27538999999996,287.29985000000005,287.29985000000005
2,AUTOMOTIVE,65.63858,1161.081,201.30913,387.81934,65.63858,0.0,135.67055,322.18076,1095.4424199999999,1095.4424199999999
2,BABY CARE,17.034428,7814.7925,3397.057,6785.2217,17.034428,0.0,3380.022572,6768.187272,7797.758072,7797.758072
2,BEAUTY,200.96294,1273.7898,201.91273,381.50848,57.15086,-143.81208,0.9497900000000072,180.54554000000002,1072.8268600000001,1072.8268600000001
2,BEVERAGES,51704.574,51325.26,50234.5,50946.75,49972.113,-1732.461000000003,-1470.0740000000005,-757.8240000000005,-379.3139999999985,379.3139999999985
2,BOOKS,17.034428,6294.224,2989.1328,5205.383,17.034428,0.0,2972.098372,5188.348572,6277.189572,6277.189572
2,BREAD/BAKERY,11026.324,11078.099,10901.089,11007.331,10844.837,-181.487000000001,-125.23500000000058,-18.993000000000393,51.774999999999636,51.774999999999636
2,CELEBRATION,155.64517,965.7992,301.34338,452.46317,155.64517,0.0,145.69821000000002,296.818,810.15403,810.15403
2,CLEANING,16198.651,16168.867,15956.743,16088.782,15865.371,-333.28000000000065,-241.90799999999945,-109.8690000000006,-29.78399999999965,29.78399999999965
2,DAIRY,14954.464,14822.937,14624.225,14743.11,14556.663,-397.8009999999995,-330.2389999999996,-211.35399999999936,-131.52700000000004,131.52700000000004
2,DELI,3830.7126,3875.0374,3706.9504,3833.6453,3673.963,-156.74959999999965,-123.76219999999967,2.9327000000002954,44.32480000000032,44.32480000000032
2,EGGS,2997.1938,3163.745,2996.5083,3122.353,2963.711,-33.482800000000225,-0.6855000000000473,125.15920000000006,166.55119999999988,166.55119999999988
2,FROZEN FOODS,1985.583,2134.3757,1974.2753,2105.9492,1939.3887,-46.19430000000011,-11.307700000000068,120.36619999999994,148.79269999999997,148.79269999999997
2,GROCERY I,69907.07,69468.0,68919.18,69346.984,68815.59,-1091.4800000000105,-987.890000000014,-560.0860000000102,-439.070000000007,439.070000000007
2,GROCERY II,808.8181,1054.3195,870.37366,1020.3672,792.27515,-16.542949999999905,61.555560000000014,211.54910000000007,245.5014000000001,245.5014000000001
2,HARDWARE,23.46161,1183.0568,240.54128,437.2881,23.46161,0.0,217.07967,413.82649,1159.59519,1159.59519
2,HOME AND KITCHEN I,372.2988,813.02136,419.9686,573.2075,280.51013,-91.78867000000002,47.66979999999995,200.90869999999995,440.72255999999993,440.72255999999993
2,HOME AND KITCHEN II,706.5999,933.40924,710.4085,849.87537,611.5085,-95.09140000000002,3.808599999999956,143.27546999999993,226.8093399999999,226.8093399999999
2,HOME APPLIANCES,20.83637,1293.8434,260.1057,526.5216,20.83637,0.0,239.26933000000002,505.68523000000005,1273.00703,1273.00703
2,HOME CARE,4599.4966,4636.0874,4472.107,4605.898,4440.087,-159.40959999999995,-127.38960000000043,6.4013999999997395,36.590799999999945,36.590799999999945
2,LADIESWEAR,412.55585,691.40375,496.41122,655.5703,412.55585,0.0,83.85537,243.01444999999995,278.8478999999999,278.8478999999999
2,LAWN AND GARDEN,298.42963,722.9439,359.19385,518.9417,218.23914,-80.19048999999998,60.76422000000002,220.51207,424.51427,424.51427
2,LINGERIE,188.02237,1117.0254,229.39775,397.92596,62.297966,-125.72440399999999,41.37538000000001,209.90358999999998,929.00303,929.00303
2,"LIQUOR,WINE,BEER",1606.7152,1666.1796,1486.8108,1635.99,1427.5964,-179.1188000000002,-119.90440000000012,29.274799999999914,59.46439999999984,59.46439999999984
2,MAGAZINES,79.82538,1026.71,237.00375,394.9254,79.82538,0.0,157.17837,315.10002000000003,946.88462,946.88462
2,MEATS,8118.4976,8249.746,7957.1123,8183.881,7919.0654,-199.43219999999928,-161.38529999999992,65.38340000000062,131.2483999999995,131.2483999999995
2,PERSONAL CARE,4463.8003,4470.224,4302.827,4440.0347,4271.0005,-192.79979999999978,-160.97329999999965,-23.765599999999722,6.423700000000281,6.423700000000281
2,PET SUPPLIES,88.45188,1056.5558,240.85336,402.514,88.45188,0.0,152.40148,314.06212,968.1039200000001,968.1039200000001
2,PLAYERS AND ELECTRONICS,85.07359,1039.3367,237.73126,400.6278,85.07359,0.0,152.65767,315.55421,954.2631100000001,954.2631100000001
2,POULTRY,8144.128,8273.55,8091.296,8237.01,8063.681,-80.44700000000012,-52.831999999999425,92.88200000000052,129.42199999999957,129.42199999999957
2,PREPARED FOODS,1712.7145,1915.1584,1748.4707,1889.0818,1712.7145,0.0,35.756200000000035,176.3672999999999,202.44389999999999,202.44389999999999
2,PRODUCE,39795.164,39320.65,38813.586,39117.652,38381.312,-1413.851999999999,-981.5779999999941,-677.5119999999952,-474.5139999999956,474.5139999999956
2,SCHOOL AND OFFICE SUPPLIES,0.0,3527.4265,1545.5801,2655.764,0.0,0.0,1545.5801,2655.764,3527.4265,3527.4265
2,SEAFOOD,433.62408,668.8716,415.2082,625.09076,401.2515,-32.37257999999997,-18.415880000000016,191.46668000000005,235.24751999999995,235.24751999999995
3,AUTOMOTIVE,131.62965,985.129,259.96973,398.41437,131.62965,0.0,128.34008000000003,266.78472,853.49935,853.49935
3,BABY CARE,39.062836,1391.0664,228.74931,382.02362,39.062836,0.0,189.686474,342.960784,1352.0035639999999,1352.0035639999999
3,BEAUTY,313.4082,932.58936,296.28082,435.88492,170.08466,-143.32354,-17.127380000000016,122.47672,619.1811600000001,619.1811600000001
3,BEVERAGES,140825.55,141127.11,131805.84,137498.38,131380.72,-9444.829999999987,-9019.709999999992,-3327.1699999999837,301.5599999999977,301.5599999999977
3,BOOKS,32.69912,6507.957,3296.3132,5402.3936,32.69912,0.0,3263.61408,5369.69448,6475.25788,6475.25788
3,BREAD/BAKERY,19987.01,20073.389,19790.896,19967.713,19595.123,-391.8869999999988,-196.11399999999776,-19.29699999999866,86.37900000000081,86.37900000000081
3,CELEBRATION,724.0947,1018.07135,812.6114,959.9584,724.0947,0.0,88.51670000000001,235.8637,293.97665000000006,293.97665000000006
3,CLEANING,34179.453,34157.207,33795.246,34079.766,33485.586,-693.8669999999984,-384.20700000000215,-99.68699999999808,-22.245999999999185,22.245999999999185
3,DAIRY,35285.766,35029.727,34605.957,34910.062,34460.484,-825.2820000000065,-679.8090000000011,-375.7040000000052,-256.0390000000043,256.0390000000043
3,DELI,6620.264,6667.4043,6456.156,6603.5493,6424.38,-195.88400000000001,-164.10800000000017,-16.714700000000448,47.140300000000025,47.140300000000025
3,EGGS,8307.577,8504.967,8285.185,8427.826,8254.377,-53.19999999999891,-22.391999999999825,120.2489999999998,197.39000000000124,197.39000000000124
3,FROZEN FOODS,6060.401,6237.795,6042.5527,6189.613,6009.7935,-50.60750000000007,-17.848299999999654,129.21200000000044,177.39400000000023,177.39400000000023
3,GROCERY I,132664.86,131910.92,127187.04,130065.64,127404.11,-5260.749999999985,-5477.819999999992,-2599.2199999999866,-753.9399999999732,753.9399999999732
3,GROCERY II,1490.3234,1729.8032,1534.2529,1682.8926,1486.777,-3.5463999999999487,43.92949999999996,192.5691999999999,239.47980000000007,239.47980000000007
3,HARDWARE,51.830376,1153.8975,229.85545,401.91174,51.830376,0.0,178.025074,350.081364,1102.0671240000001,1102.0671240000001
3,HOME AND KITCHEN I,907.18616,1146.7576,942.87854,1099.8472,871.53406,-35.65210000000002,35.69238000000007,192.66103999999996,239.57143999999994,239.57143999999994
3,HOME AND KITCHEN II,971.1224,1109.7253,893.08203,1062.8148,818.8957,-152.22669999999994,-78.04036999999994,91.69240000000013,138.6029000000001,138.6029000000001
3,HOME APPLIANCES,41.37236,1218.6161,241.77306,459.5924,41.37236,0.0,200.40069999999997,418.22004,1177.24374,1177.24374
3,HOME CARE,8929.336,8962.907,8770.352,8910.878,8738.805,-190.53099999999904,-158.98399999999856,-18.45799999999872,33.57099999999991,33.57099999999991
3,LADIESWEAR,705.3191,998.6449,784.1508,949.8531,705.3191,0.0,78.83169999999996,244.534,293.32579999999996,293.32579999999996
3,LAWN AND GARDEN,979.4707,1229.4419,1008.2298,1182.5314,942.8468,-36.623899999999935,28.75909999999999,203.0607000000001,249.97120000000007,249.97120000000007
3,LINGERIE,419.57892,608.9086,392.19464,558.8612,259.1359,-160.44302,-27.38427999999999,139.28228000000007,189.32968,189.32968
3,"LIQUOR,WINE,BEER",3713.98,3804.7527,3608.6194,3755.566,3574.1194,-139.86059999999998,-105.36059999999998,41.585999999999785,90.77269999999999,90.77269999999999
3,MAGAZINES,310.6016,649.9863,419.9834,588.0884,310.6016,0.0,109.3818,277.48679999999996,339.3847,339.3847
3,MEATS,13119.415,13206.5,12976.416,13131.98,12927.137,-192.27800000000025,-142.99900000000162,12.56499999999869,87.08499999999913,87.08499999999913
3,PERSONAL CARE,8864.871,8873.261,8651.736,8811.1875,8616.673,-248.1979999999985,-213.1349999999984,-53.683499999999185,8.390000000001237,8.390000000001237
3,PET SUPPLIES,253.98766,746.929,394.36383,559.9538,253.98766,0.0,140.37617,305.96614,492.94133999999997,492.94133999999997
3,PLAYERS AND ELECTRONICS,305.8025,640.2579,426.6809,593.3475,298.3296,-7.4728999999999814,120.8784,287.54499999999996,334.45539999999994,334.45539999999994
3,POULTRY,19408.04,19596.34,19351.316,19527.041,19168.383,-239.65699999999924,-56.72400000000198,119.0010000000002,188.29999999999927,188.29999999999927
3,PREPARED FOODS,4164.7285,4385.7085,4201.688,4342.911,4164.7285,0.0,36.959499999999935,178.1824999999999,220.97999999999956,220.97999999999956
3,PRODUCE,128394.484,125002.44,121103.42,123043.984,121330.67,-7063.8139999999985,-7291.0639999999985,-5350.5,-3392.0439999999944,3392.0439999999944
3,SCHOOL AND OFFICE SUPPLIES,12.830515,1127.13,156.73477,393.41983,12.830515,0.0,143.904255,380.589315,1114.299485,1114.299485
3,SEAFOOD,1286.752,1537.621,1273.6376,1479.0004,1270.3735,-16.37850000000003,-13.114399999999932,192.24839999999995,250.86900000000014,250.86900000000014
4,AUTOMOTIVE,40.08405,1322.3138,176.22168,359.2476,40.08405,0.0,136.13763,319.16355,1282.22975,1282.22975
4,BABY CARE,19.602467,7242.53,2930.3923,6212.9575,19.602467,0.0,2910.789833,6193.355033000001,7222.927533,7222.927533
4,BEAUTY,215.49706,1375.7362,181.4874,361.65814,47.035965,-168.461095,-34.00966,146.16108,1160.2391400000001,1160.2391400000001
4,BEVERAGES,43618.01,43255.773,42467.81,42982.64,42226.875,-1391.135000000002,-1150.2000000000044,-635.3700000000026,-362.237000000001,362.237000000001
4,BOOKS,21.268581,1863.4257,263.65997,857.08984,21.268581,0.0,242.39138899999998,835.8212589999999,1842.157119,1842.157119
4,BREAD/BAKERY,6658.645,6721.0864,6537.692,6675.9014,6509.587,-149.058,-120.95300000000043,17.256399999999303,62.4413999999997,62.4413999999997
4,CELEBRATION,102.46862,917.4441,252.44846,401.9643,102.46862,0.0,149.97984000000002,299.49568,814.9754800000001,814.9754800000001
4,CLEANING,14229.454,14171.067,13985.673,14097.757,13928.386,-301.0679999999993,-243.78099999999904,-131.69700000000012,-58.387000000000626,58.387000000000626
4,DAIRY,13492.43,13354.157,13163.818,13281.44,13114.489,-377.9410000000007,-328.612000000001,-210.98999999999978,-138.27300000000105,138.27300000000105
4,DELI,3565.3386,3629.9233,3461.6604,3588.5312,3430.0996,-135.23900000000003,-103.67819999999983,23.192599999999857,64.58469999999988,64.58469999999988
4,EGGS,2436.1848,2606.2515,2432.0457,2564.8591,2401.1716,-35.01319999999987,-4.139099999999871,128.67430000000013,170.06669999999986,170.06669999999986
4,FROZEN FOODS,1630.7522,1777.1117,1614.2169,1748.6853,1568.7504,-62.0018,-16.535300000000007,117.9331000000002,146.35950000000003,146.35950000000003
4,GROCERY I,56647.26,56154.934,55488.902,55979.195,55205.105,-1442.1549999999988,-1158.3580000000002,-668.0650000000023,-492.32600000000093,492.32600000000093
4,GROCERY II,402.61365,669.2296,477.46344,628.37787,378.48734,-24.12630999999999,74.84978999999998,225.76422000000002,266.61595,266.61595
4,HARDWARE,29.228775,1120.0598,216.49377,397.48135,29.228775,0.0,187.264995,368.25257500000004,1090.831025,1090.831025
4,HOME AND KITCHEN I,258.89093,891.99695,297.52698,451.74673,157.04007,-101.85086000000004,38.636049999999955,192.8558,633.10602,633.10602
4,HOME AND KITCHEN II,199.77582,933.69446,300.83615,452.56503,155.81628,-43.959540000000004,101.06032999999996,252.78920999999997,733.9186400000001,733.9186400000001
4,HOME APPLIANCES,22.124325,1222.5421,223.20052,467.29114,22.124325,0.0,201.076195,445.166815,1200.417775,1200.417775
4,HOME CARE,4216.3696,4249.311,4082.8477,4219.1216,4049.7786,-166.5909999999999,-133.5219000000002,2.7520000000004075,32.9413999999997,32.9413999999997
4,LADIESWEAR,325.17334,622.75775,425.33853,581.8174,316.29745,-8.87588999999997,100.16519,256.64406,297.58441,297.58441
4,LAWN AND GARDEN,283.62827,571.1731,376.3913,532.87006,243.90036,-39.72790999999998,92.76303000000001,249.24178999999998,287.54483,287.54483
4,LINGERIE,25.523092,1168.7784,219.58246,427.09882,25.523092,0.0,194.059368,401.57572799999997,1143.255308,1143.255308
4,"LIQUOR,WINE,BEER",1566.9884,1601.394,1427.8478,1571.2045,1365.4752,-201.51319999999987,-139.14059999999995,4.216100000000097,34.40560000000005,34.40560000000005
4,MAGAZINES,69.236664,1128.3969,226.72395,383.075,69.236664,0.0,157.48728599999998,313.83833599999997,1059.160236,1059.160236
4,MEATS,6085.8228,6224.7227,6051.956,6186.188,6022.1606,-63.66219999999976,-33.866799999999785,100.36520000000019,138.89990000000034,138.89990000000034
4,PERSONAL CARE,3873.8794,3867.7463,3700.341,3837.557,3667.804,-206.07539999999972,-173.5383999999999,-36.322400000000016,-6.133100000000013,6.133100000000013
4,PET SUPPLIES,81.34661,1052.2917,237.4984,399.57465,81.34661,0.0,156.15179,318.22804,970.9450899999999,970.9450899999999
4,PLAYERS AND ELECTRONICS,97.35834,1029.2594,247.08951,402.8297,97.35834,0.0,149.73117,305.47136,931.9010599999999,931.9010599999999
4,POULTRY,6735.569,6876.8564,6707.227,6844.6255,6678.695,-56.874000000000706,-28.342000000000553,109.05649999999969,141.28739999999925,141.28739999999925
4,PREPARED FOODS,674.4757,922.6208,728.2511,896.5441,674.4757,0.0,53.77539999999999,222.0684,248.14510000000007,248.14510000000007
4,PRODUCE,37310.273,36909.684,36319.055,36696.996,35835.65,-1474.6229999999996,-991.2180000000008,-613.2770000000019,-400.58899999999994,400.58899999999994
4,SCHOOL AND OFFICE SUPPLIES,0.0,2283.2874,555.5071,1411.6238,0.0,0.0,555.5071,1411.6238,2283.2874,2283.2874
4,SEAFOOD,304.48495,573.56177,329.2432,529.78094,271.41235,-33.07260000000002,24.758249999999975,225.29598999999996,269.07682,269.07682
5,AUTOMOTIVE,46.146595,1224.6898,167.47444,352.60782,46.146595,0.0,121.327845,306.461225,1178.5432050000002,1178.5432050000002
5,BABY CARE,82.60995,3127.6016,607.37805,2124.8867,10.775636,-71.83431399999999,524.7681,2042.27675,3044.99165,3044.99165
5,BEAUTY,218.45642,1175.7582,165.44101,353.66278,45.598343,-172.858077,-53.01541,135.20636,957.30178,957.30178
5,BEVERAGES,30905.3,30651.037,30138.465,30510.693,29865.482,-1039.8179999999993,-766.8349999999991,-394.60699999999997,-254.262999999999,254.262999999999
5,BOOKS,8.843585,6197.661,2902.863,5108.8203,8.843585,0.0,2894.0194149999998,5099.976715000001,6188.817415,6188.817415
5,BREAD/BAKERY,5976.7285,6051.263,5896.0654,6023.968,5867.502,-109.22649999999976,-80.66309999999976,47.23949999999968,74.53449999999975,74.53449999999975
5,CELEBRATION,226.127,548.7451,358.29337,505.29706,226.127,0.0,132.16636999999997,279.17006,322.61809999999997,322.61809999999997
5,CLEANING,15726.669,15688.021,15481.708,15627.399,15410.402,-316.2669999999998,-244.96099999999933,-99.27000000000044,-38.64799999999923,38.64799999999923
5,DAIRY,9396.362,9279.305,9117.701,9236.698,9090.682,-305.6799999999985,-278.66100000000006,-159.66399999999885,-117.05699999999888,117.05699999999888
5,DELI,3784.55,3820.3613,3658.9727,3793.0652,3626.0217,-158.5283000000004,-125.57730000000038,8.515199999999822,35.81129999999985,35.81129999999985
5,EGGS,1452.947,1632.2458,1449.2842,1604.9496,1405.2383,-47.70869999999991,-3.6627999999998337,152.00260000000003,179.29880000000003,179.29880000000003
5,FROZEN FOODS,1595.2322,1728.6288,1579.5256,1714.2982,1529.4717,-65.76049999999987,-15.70659999999998,119.06600000000003,133.39660000000003,133.39660000000003
5,GROCERY I,50194.41,49592.52,48865.582,49320.902,48568.168,-1626.2420000000056,-1328.8280000000013,-873.5080000000016,-601.8900000000067,601.8900000000067
5,GROCERY II,1032.2307,1287.2389,1098.8734,1237.7377,1012.66907,-19.561630000000036,66.64269999999988,205.50699999999983,255.0082,255.0082
5,HARDWARE,11.921131,1120.2206,202.53693,392.96756,11.921131,0.0,190.615799,381.046429,1108.299469,1108.299469
5,HOME AND KITCHEN I,450.81152,592.326,421.00256,576.2324,313.43594,-137.37557999999996,-29.808959999999956,125.42088000000001,141.51448000000005,141.51448000000005
5,HOME AND KITCHEN II,296.86514,571.9815,354.22968,504.42493,223.83147,-73.03367,57.36453999999998,207.55979000000002,275.11636,275.11636
5,HOME APPLIANCES,11.244419,1148.2185,206.6526,396.82407,11.244419,0.0,195.408181,385.579651,1136.9740809999998,1136.9740809999998
5,HOME CARE,3944.5166,3970.7236,3822.0767,3954.6301,3791.5564,-152.9602,-122.43989999999985,10.11349999999993,26.20699999999988,26.20699999999988
5,LADIESWEAR,157.23404,793.33887,301.24026,457.23132,157.23404,0.0,144.00621999999998,299.99728,636.10483,636.10483
5,LAWN AND GARDEN,113.34482,1002.2537,220.24797,378.26233,70.53261,-42.81220999999999,106.90315000000001,264.91751,888.90888,888.90888
5,LINGERIE,90.62604,925.9779,240.9324,397.80746,90.62604,0.0,150.30635999999998,307.18142,835.35186,835.35186
5,"LIQUOR,WINE,BEER",1003.70953,1054.154,893.61584,1036.1791,820.43884,-183.27068999999995,-110.09368999999992,32.46957000000009,50.444470000000024,50.444470000000024
5,MAGAZINES,51.321285,1120.3871,213.78111,370.91895,51.321285,0.0,162.45982500000002,319.597665,1069.065815,1069.065815
5,MEATS,4090.0059,4218.7837,4071.4111,4202.69,4038.988,-51.01790000000028,-18.594800000000305,112.68409999999949,128.77779999999984,128.77779999999984
5,PERSONAL CARE,4081.7283,4070.2393,3926.79,4054.1455,3894.1716,-187.5567000000001,-154.93830000000025,-27.582800000000134,-11.489000000000033,11.489000000000033
5,PET SUPPLIES,33.981453,1126.7238,206.56693,389.13544,33.981453,0.0,172.58547700000003,355.15398700000003,1092.7423469999999,1092.7423469999999
5,PLAYERS AND ELECTRONICS,59.616837,1083.6749,218.26991,378.9164,59.616837,0.0,158.653073,319.29956300000003,1024.058063,1024.058063
5,POULTRY,3865.1184,3987.6792,3843.0684,3975.6982,3810.7878,-54.33059999999978,-22.049999999999727,110.57979999999998,122.5608000000002,122.5608000000002
5,PREPARED FOODS,684.32166,914.3828,734.1089,902.4021,684.32166,0.0,49.78724,218.08044000000007,230.06114000000002,230.06114000000002
5,PRODUCE,25686.117,25459.988,25163.246,25414.707,24514.422,-1171.6949999999997,-522.8709999999992,-271.40999999999985,-226.12899999999718,226.12899999999718
5,SCHOOL AND OFFICE SUPPLIES,0.0,1114.5653,124.93185,362.27795,0.0,0.0,124.93185,362.27795,1114.5653,1114.5653
5,SEAFOOD,65.64142,962.7249,100.789696,300.7102,27.323366,-38.318054,35.14827600000001,235.06878,897.08348,897.08348
6,AUTOMOTIVE,62.289337,1151.1044,203.80067,388.56232,62.289337,0.0,141.51133299999998,326.272983,1088.815063,1088.815063
6,BABY CARE,15.012638,1343.9296,147.15819,357.42175,15.012638,0.0,132.14555199999998,342.409112,1328.916962,1328.916962
6,BEAUTY,182.56712,1305.689,201.30809,381.2808,59.20207,-123.36505,18.740970000000004,198.71368,1123.1218800000001,1123.1218800000001
6,BEVERAGES,58710.777,58552.293,57173.47,58116.316,56954.656,-1756.1209999999992,-1537.3070000000007,-594.461000000003,-158.48400000000402,158.48400000000402
6,BOOKS,14.37169,6232.218,2927.1262,5143.3765,14.37169,0.0,2912.75451,5129.00481,6217.84631,6217.84631
6,BREAD/BAKERY,9457.356,9516.023,9334.907,9452.145,9287.552,-169.8040000000001,-122.44900000000052,-5.210999999999331,58.66699999999946,58.66699999999946
6,CELEBRATION,160.2169,883.2352,305.77246,456.76434,160.2169,0.0,145.55556,296.54744,723.0183,723.0183
6,CLEANING,21357.336,21261.684,20967.898,21172.338,20788.496,-568.8400000000001,-389.4379999999983,-184.9979999999996,-95.65199999999822,95.65199999999822
6,DAIRY,17742.262,17597.604,17338.22,17515.992,17225.574,-516.6879999999983,-404.04199999999764,-226.27000000000044,-144.65799999999945,144.65799999999945
6,DELI,6053.771,6086.2007,5908.4478,6039.4976,5881.314,-172.45699999999943,-145.32319999999982,-14.273400000000038,32.429700000000594,32.429700000000594
6,EGGS,3103.6792,3269.2185,3097.5566,3227.8264,3065.6196,-38.059600000000046,-6.122600000000148,124.14719999999988,165.5392999999999,165.5392999999999
6,FROZEN FOODS,2545.2817,2691.226,2527.037,2662.7996,2496.4949,-48.78679999999986,-18.244700000000194,117.51789999999983,145.9443000000001,145.9443000000001
6,GROCERY I,79678.98,79069.17,78606.586,78888.16,78567.9,-1111.0800000000017,-1072.3940000000002,-790.8199999999924,-609.8099999999977,609.8099999999977
6,GROCERY II,569.81244,814.86676,624.5541,784.67725,569.81244,0.0,54.74165999999991,214.86480999999992,245.05431999999996,245.05431999999996
6,HARDWARE,20.97389,1149.852,210.13396,405.77954,20.97389,0.0,189.16007,384.80565,1128.87811,1128.87811
6,HOME AND KITCHEN I,626.26935,773.60254,580.8031,738.3812,508.43588,-117.83347000000003,-45.46625000000006,112.11185,147.33318999999995,147.33318999999995
6,HOME AND KITCHEN II,828.0123,953.601,773.9593,923.41156,696.39996,-131.61234000000002,-54.053,95.39926000000003,125.58870000000002,125.58870000000002
6,HOME APPLIANCES,14.235322,1234.2224,221.1074,469.49615,14.235322,0.0,206.87207800000002,455.260828,1219.987078,1219.987078
6,HOME CARE,5954.382,5999.1987,5824.903,5969.0093,5793.955,-160.42699999999968,-129.47899999999936,14.627300000000105,44.81670000000031,44.81670000000031
6,LADIESWEAR,454.29538,741.22095,546.2286,705.3875,454.29538,0.0,91.93322,251.09212000000002,286.92557,286.92557
6,LAWN AND GARDEN,256.30978,584.5864,358.33228,516.05286,219.10776,-37.202019999999976,102.02250000000004,259.74308,328.27662000000004,328.27662000000004
6,LINGERIE,388.34085,1013.6403,257.5367,423.2238,100.83751,-287.50334,-130.80415,34.882949999999994,625.29945,625.29945
6,"LIQUOR,WINE,BEER",1629.814,1667.86,1489.4308,1637.6703,1431.7891,-198.02490000000012,-140.3832,7.856299999999919,38.04599999999982,38.04599999999982
6,MAGAZINES,73.52474,1041.983,229.2062,394.78867,73.52474,0.0,155.68146000000002,321.26393,968.45826,968.45826
6,MEATS,8077.0596,8214.182,8020.87,8171.2686,7992.5806,-84.47899999999936,-56.1895999999997,94.20900000000074,137.1224000000011,137.1224000000011
6,PERSONAL CARE,5490.5547,5468.46,5301.0796,5436.6685,5271.453,-219.10169999999925,-189.47509999999966,-53.88619999999992,-22.094699999999648,22.094699999999648
6,PET SUPPLIES,94.49635,930.699,246.3916,409.14914,94.49635,0.0,151.89525,314.65279,836.20265,836.20265
6,PLAYERS AND ELECTRONICS,164.37352,932.4701,308.23163,465.5949,164.37352,0.0,143.85810999999998,301.22137999999995,768.09658,768.09658
6,POULTRY,9694.804,9815.007,9631.81,9764.135,9593.75,-101.05400000000009,-62.9940000000006,69.33100000000013,120.20299999999952,120.20299999999952
6,PREPARED FOODS,1449.5605,1673.3013,1496.917,1647.2245,1449.5605,0.0,47.35649999999987,197.664,223.74080000000004,223.74080000000004
6,PRODUCE,42378.008,42174.99,41570.97,41952.293,41234.688,-1143.3199999999997,-807.0380000000005,-425.7150000000038,-203.01800000000367,203.01800000000367
6,SCHOOL AND OFFICE SUPPLIES,0.0,3465.42,1483.5739,2593.7573,0.0,0.0,1483.5739,2593.7573,3465.42,3465.42
6,SEAFOOD,627.6308,873.40027,614.41895,829.61926,606.3644,-21.266399999999976,-13.211850000000027,201.98846000000003,245.76946999999996,245.76946999999996
7,AUTOMOTIVE,60.331028,1335.9525,204.77908,394.90018,60.331028,0.0,144.448052,334.569152,1275.621472,1275.621472
7,BABY CARE,26.591415,1444.1361,203.24133,464.18542,26.591415,0.0,176.649915,437.59400500000004,1417.5446849999998,1417.5446849999998
7,BEAUTY,238.66403,1407.5377,205.34673,392.4212,49.41512,-189.24891,-33.31729999999999,153.75717,1168.8736700000002,1168.8736700000002
7,BEVERAGES,65179.51,64885.285,63718.844,64252.184,63310.54,-1868.9700000000012,-1460.6660000000047,-927.3260000000009,-294.22499999999854,294.22499999999854
7,BOOKS,27.045557,1648.8647,232.15367,619.95154,27.045557,0.0,205.108113,592.905983,1621.8191430000002,1621.8191430000002
7,BREAD/BAKERY,11711.748,11786.345,11584.179,11707.11,11519.07,-192.67799999999988,-127.5689999999995,-4.6379999999990105,74.59699999999975,74.59699999999975
7,CELEBRATION,246.37758,605.276,385.15332,534.9155,246.37758,0.0,138.77574,288.53792,358.89842,358.89842
7,CLEANING,18804.822,18730.947,18479.451,18623.275,18308.611,-496.21099999999933,-325.3709999999992,-181.54699999999866,-73.875,73.875
7,DAIRY,21871.984,21689.307,21350.148,21565.594,21158.129,-713.8549999999996,-521.8359999999993,-306.3899999999994,-182.67699999999968,182.67699999999968
7,DELI,3251.1711,3291.7644,3122.3247,3250.3723,3089.3872,-161.7838999999999,-128.8463999999999,-0.7988000000000284,40.5933,40.5933
7,EGGS,4788.3657,4938.43,4773.268,4897.0386,4742.6016,-45.764100000000326,-15.097700000000259,108.67289999999957,150.0643,150.0643
7,FROZEN FOODS,3885.0972,4024.147,3868.0735,3995.7205,3835.4802,-49.61700000000019,-17.02370000000019,110.62329999999974,139.04979999999978,139.04979999999978
7,GROCERY I,65689.9,64783.89,64208.805,64664.125,64111.895,-1578.0049999999974,-1481.094999999994,-1025.7749999999942,-906.0099999999948,906.0099999999948
7,GROCERY II,629.83905,872.69006,679.5562,842.50055,626.03784,-3.801210000000083,49.71714999999995,212.66149999999993,242.85100999999997,242.85100999999997
7,HARDWARE,50.389732,1092.2506,222.66925,393.2558,50.389732,0.0,172.279518,342.86606800000004,1041.860868,1041.860868
7,HOME AND KITCHEN I,760.86115,932.1793,742.49475,887.7131,643.75604,-117.10510999999997,-18.3664,126.8519500000001,171.31815000000006,171.31815000000006
7,HOME AND KITCHEN II,516.95984,630.72687,439.0893,597.38684,321.28964,-195.67019999999997,-77.87054,80.42700000000002,113.76702999999998,113.76702999999998
7,HOME APPLIANCES,32.171917,1226.201,246.31833,480.8604,32.171917,0.0,214.146413,448.688483,1194.0290830000001,1194.0290830000001
7,HOME CARE,4318.626,4355.6426,4192.739,4325.453,4159.6304,-158.9956000000002,-125.88700000000063,6.8270000000002256,37.016599999999926,37.016599999999926
7,LADIESWEAR,219.15054,699.3824,358.78268,517.30066,219.15054,0.0,139.63214000000002,298.15012,480.23186,480.23186
7,LAWN AND GARDEN,546.1763,783.2052,585.9453,753.0158,510.92657,-35.24972999999994,39.769000000000005,206.83950000000004,237.02890000000002,237.02890000000002
7,LINGERIE,254.88814,1012.5732,247.08678,417.71088,87.15172,-167.73642,-7.801359999999988,162.82273999999998,757.68506,757.68506
7,"LIQUOR,WINE,BEER",2853.1538,2885.5552,2703.4712,2855.3657,2661.626,-191.52779999999984,-149.6826000000001,2.211899999999787,32.40139999999974,32.40139999999974
7,MAGAZINES,127.174126,902.9249,274.788,433.09726,127.174126,0.0,147.613874,305.923134,775.750774,775.750774
7,MEATS,8283.204,8409.17,8212.183,8365.694,8177.541,-105.66299999999956,-71.02099999999882,82.48999999999978,125.96600000000035,125.96600000000035
7,PERSONAL CARE,4227.6426,4230.5303,4067.2542,4200.341,4034.7266,-192.91600000000017,-160.38840000000027,-27.30159999999978,2.8877000000002226,2.8877000000002226
7,PET SUPPLIES,75.17262,1124.61,238.3893,400.65143,75.17262,0.0,163.21668,325.47881,1049.4373799999998,1049.4373799999998
7,PLAYERS AND ELECTRONICS,142.20325,951.0218,278.4246,435.4258,133.61429,-8.588959999999986,136.22135,293.22254999999996,808.81855,808.81855
7,POULTRY,11125.492,11238.916,11062.077,11181.888,11017.526,-107.96600000000035,-63.41500000000087,56.39600000000064,113.42399999999907,113.42399999999907
7,PREPARED FOODS,2205.749,2407.5647,2235.8152,2381.488,2205.749,0.0,30.066200000000208,175.73900000000003,201.8157000000001,201.8157000000001
7,PRODUCE,82441.57,81744.63,80584.734,81202.94,80298.72,-2142.850000000006,-1856.8360000000102,-1238.6300000000047,-696.9400000000023,696.9400000000023
7,SCHOOL AND OFFICE SUPPLIES,0.0,1512.1202,349.16705,749.6272,0.0,0.0,349.16705,749.6272,1512.1202,1512.1202
7,SEAFOOD,592.8856,827.59326,568.3357,785.6937,567.25665,-25.628949999999918,-24.54989999999998,192.80810000000008,234.70766000000003,234.70766000000003
8,AUTOMOTIVE,84.68687,1033.9755,227.51303,368.91638,84.68687,0.0,142.82616,284.22951,949.28863,949.28863
8,BABY CARE,35.275703,1522.1279,242.8312,503.40735,35.275703,0.0,207.555497,468.131647,1486.852197,1486.852197
8,BEAUTY,236.21898,1044.7056,236.02539,371.86218,103.57855,-132.64042999999998,-0.19359000000000037,135.64320000000004,808.48662,808.48662
8,BEVERAGES,75269.38,75099.58,73423.125,74253.984,73120.125,-2149.2550000000047,-1846.2550000000047,-1015.3960000000079,-169.8000000000029,169.8000000000029
8,BOOKS,32.692093,3836.4148,1611.0841,2753.6162,32.692093,0.0,1578.392007,2720.924107,3803.722707,3803.722707
8,BREAD/BAKERY,14211.427,14291.684,14099.304,14194.481,14008.3125,-203.11449999999968,-112.12299999999959,-16.945999999999913,80.2569999999996,80.2569999999996
8,CELEBRATION,283.25098,625.3545,412.7184,563.4788,283.25098,0.0,129.46741999999995,280.22781999999995,342.10352,342.10352
8,CLEANING,21553.104,21506.742,21240.096,21408.855,21006.861,-546.2429999999986,-313.007999999998,-144.2489999999998,-46.36200000000099,46.36200000000099
8,DAIRY,24458.041,24272.969,23952.623,24191.502,23736.012,-722.0290000000023,-505.4180000000015,-266.53900000000067,-185.07200000000012,185.07200000000012
8,DELI,4988.382,5027.3154,4833.5366,4969.2026,4797.446,-190.9359999999997,-154.84539999999924,-19.179399999999987,38.9334000000008,38.9334000000008
8,EGGS,5572.9736,5749.5435,5559.823,5687.9653,5526.9707,-46.00290000000041,-13.15059999999994,114.99169999999958,176.5698999999995,176.5698999999995
8,FROZEN FOODS,2862.684,3029.8186,2855.9854,2984.6714,2821.4087,-41.27530000000024,-6.6986000000001695,121.98739999999998,167.13459999999986,167.13459999999986
8,GROCERY I,83028.61,82358.89,81977.85,82229.57,81928.305,-1100.3050000000076,-1050.7599999999948,-799.0399999999936,-669.7200000000012,669.7200000000012
8,GROCERY II,568.6733,838.8747,629.73926,791.96436,565.38715,-3.2861500000000206,61.065959999999905,223.29106000000002,270.2013999999999,270.2013999999999
8,HARDWARE,63.66118,1153.4731,243.1941,413.8428,63.66118,0.0,179.53292,350.18162,1089.8119199999999,1089.8119199999999
8,HOME AND KITCHEN I,791.78174,1006.3477,797.1011,957.55597,716.31006,-75.47167999999999,5.319359999999961,165.77423,214.56596000000002,214.56596000000002
8,HOME AND KITCHEN II,777.7571,937.78516,733.986,890.8747,666.1758,-111.58130000000006,-43.77110000000005,113.11759999999992,160.02805999999998,160.02805999999998
8,HOME APPLIANCES,40.59983,1420.6979,313.45248,655.2154,40.59983,0.0,272.85265,614.61557,1380.09807,1380.09807
8,HOME CARE,6305.0024,6359.685,6166.8706,6308.2227,6134.9277,-170.07470000000012,-138.1318000000001,3.220299999999952,54.68260000000009,54.68260000000009
8,LADIESWEAR,524.58435,819.6334,611.683,770.84174,524.58435,0.0,87.09865000000002,246.25739,295.0490500000001,295.0490500000001
8,LAWN AND GARDEN,575.0768,820.861,607.5997,773.9507,543.6571,-31.419700000000034,32.522899999999936,198.87389999999994,245.78419999999994,245.78419999999994
8,LINGERIE,404.38882,604.07104,399.79727,557.16064,264.06403,-140.32479,-4.591549999999984,152.77181999999993,199.68222000000003,199.68222000000003
8,"LIQUOR,WINE,BEER",2451.4482,2530.431,2332.0127,2483.521,2288.172,-163.2761999999998,-119.43549999999959,32.07280000000037,78.98280000000022,78.98280000000022
8,MAGAZINES,237.33163,632.64575,378.1623,536.24475,237.33163,0.0,140.83067000000003,298.91311999999994,395.31412,395.31412
8,MEATS,7891.736,8054.862,7831.3794,7995.5864,7794.8877,-96.84829999999965,-60.35660000000007,103.85040000000026,163.1260000000002,163.1260000000002
8,PERSONAL CARE,5820.0664,5832.6816,5646.0464,5782.7363,5612.5557,-207.51069999999982,-174.01999999999953,-37.33010000000013,12.615200000000186,12.615200000000186
8,PET SUPPLIES,313.35532,657.63293,438.33984,597.5772,313.35532,0.0,124.98451999999997,284.22187999999994,344.27761,344.27761
8,PLAYERS AND ELECTRONICS,270.5598,622.52045,404.77478,563.2146,270.5598,0.0,134.21498000000003,292.6548,351.96065,351.96065
8,POULTRY,10726.46,10870.261,10672.208,10800.559,10622.205,-104.2549999999992,-54.25199999999859,74.09900000000016,143.8010000000013,143.8010000000013
8,PREPARED FOODS,2463.1523,2683.745,2498.3103,2640.9478,2463.1523,0.0,35.1579999999999,177.79549999999972,220.5926999999997,220.5926999999997
8,PRODUCE,77462.01,76711.87,75288.45,75835.016,75083.375,-2378.6349999999948,-2173.5599999999977,-1626.9939999999915,-750.1399999999994,750.1399999999994
8,SCHOOL AND OFFICE SUPPLIES,3.5730023,1664.8145,270.9575,812.91846,3.5730023,0.0,267.3844977,809.3454577,1661.2414976999999,1661.2414976999999
8,SEAFOOD,722.5545,980.523,706.7022,921.9026,696.4291,-26.125400000000013,-15.852300000000014,199.34810000000004,257.96850000000006,257.96850000000006
9,AUTOMOTIVE,149.30988,992.1133,276.42026,456.00195,149.30988,0.0,127.11037999999999,306.69207000000006,842.80342,842.80342
9,BABY CARE,28.887207,2088.033,430.2617,997.5132,28.887207,0.0,401.37449300000003,968.625993,2059.1457929999997,2059.1457929999997
9,BEAUTY,209.72575,1235.6268,243.9608,431.57504,106.238754,-103.486996,34.23505,221.84929,1025.90105,1025.90105
9,BEVERAGES,59204.805,56789.93,55649.027,56238.5,55257.812,-3946.993000000002,-3555.7779999999984,-2966.3050000000003,-2414.875,2414.875
9,BOOKS,26.587683,6940.209,3565.2742,5781.523,26.587683,0.0,3538.6865169999996,5754.935317,6913.621317,6913.621317
9,BREAD/BAKERY,9547.399,9596.611,9355.8545,9465.191,9306.058,-241.34099999999853,-191.54449999999997,-82.20799999999872,49.21200000000135,49.21200000000135
9,CELEBRATION,320.72235,746.6197,449.30597,598.3513,320.72235,0.0,128.58362,277.62895000000003,425.89734999999996,425.89734999999996
9,CLEANING,27419.826,26983.951,26602.371,26831.34,26179.498,-1240.3280000000013,-817.4550000000017,-588.4860000000008,-435.875,435.875
9,DAIRY,14841.3955,14709.044,14437.924,14567.658,14366.682,-474.71349999999984,-403.47149999999965,-273.7375000000011,-132.35150000000067,132.35150000000067
9,DELI,9688.229,9699.957,9437.343,9565.476,9406.533,-281.6959999999999,-250.8859999999986,-122.75299999999879,11.728000000000975,11.728000000000975
9,EGGS,3714.6155,3885.8235,3632.2068,3774.5872,3598.186,-116.42949999999973,-82.40869999999995,59.971700000000055,171.20800000000008,171.20800000000008
9,FROZEN FOODS,1760.1229,1955.84,1720.2483,1857.5686,1675.0298,-85.09310000000005,-39.8746000000001,97.44569999999999,195.71709999999985,195.71709999999985
9,GROCERY I,112775.7,111403.84,110146.766,111233.16,110191.414,-2584.285999999993,-2628.933999999994,-1542.5399999999936,-1371.8600000000006,1371.8600000000006
9,GROCERY II,221.17781,947.128,335.21164,489.9602,187.07301,-34.10479999999998,114.03383,268.78238999999996,725.95019,725.95019
9,HARDWARE,34.139645,1258.0917,242.80577,447.6621,34.139645,0.0,208.666125,413.52245500000004,1223.952055,1223.952055
9,HOME AND KITCHEN I,788.5938,1038.585,762.49164,926.1553,701.65796,-86.93583999999998,-26.102160000000026,137.56150000000002,249.99120000000005,249.99120000000005
9,HOME AND KITCHEN II,612.3695,888.07916,630.1352,788.045,560.72906,-51.64044000000001,17.765700000000038,175.67549999999994,275.70966,275.70966
9,HOME APPLIANCES,28.251509,1570.5568,325.17252,726.7067,28.251509,0.0,296.921011,698.455191,1542.3052910000001,1542.3052910000001
9,HOME CARE,7727.9414,7746.5254,7495.774,7642.1997,7463.9033,-264.03809999999976,-232.16739999999936,-85.74169999999958,18.584000000000742,18.584000000000742
9,LADIESWEAR,207.66376,899.1433,350.61526,510.12296,207.66376,0.0,142.95149999999998,302.4592,691.4795399999999,691.4795399999999
9,LAWN AND GARDEN,146.57297,1076.2139,245.03185,412.76266,83.16167,-63.4113,98.45888,266.18969,929.64093,929.64093
9,LINGERIE,285.1253,1128.6626,232.00151,402.95667,70.397354,-214.72794599999997,-53.123789999999985,117.83136999999999,843.5373000000002,843.5373000000002
9,"LIQUOR,WINE,BEER",1013.697,1172.0428,926.57776,1072.0085,849.18195,-164.51504999999997,-87.11923999999999,58.31149999999991,158.34579999999994,158.34579999999994
9,MAGAZINES,47.53066,1218.2639,225.51541,395.98117,47.53066,0.0,177.98475000000002,348.45051,1170.73324,1170.73324
9,MEATS,6249.192,6458.0815,6217.8794,6352.736,6185.213,-63.97900000000027,-31.312600000000202,103.54399999999987,208.88950000000023,208.88950000000023
9,PERSONAL CARE,7566.955,7564.3647,7310.478,7456.16,7278.8936,-288.0613999999996,-256.47699999999986,-110.79500000000007,-2.590299999999843,2.590299999999843
9,PET SUPPLIES,88.30265,1144.2893,247.08498,410.18198,88.30265,0.0,158.78233,321.87933,1055.9866499999998,1055.9866499999998
9,PLAYERS AND ELECTRONICS,107.08462,1136.113,250.67921,412.00854,96.30223,-10.782390000000007,143.59459,304.92391999999995,1029.02838,1029.02838
9,POULTRY,7154.101,7350.81,7112.0557,7247.9077,7080.434,-73.66699999999946,-42.04529999999977,93.80670000000009,196.70900000000074,196.70900000000074
9,PREPARED FOODS,1814.3335,2033.5326,1801.2605,1937.6112,1763.2156,-51.11789999999996,-13.072999999999865,123.2777000000001,219.19910000000004,219.19910000000004
9,PRODUCE,27945.977,27448.027,27098.604,27318.984,26619.885,-1326.0920000000006,-847.3729999999996,-626.9929999999986,-497.9500000000007,497.9500000000007
9,SCHOOL AND OFFICE SUPPLIES,1052.2203,1178.0298,149.42476,391.77097,11.138417,-1041.081883,-902.79554,-660.4493299999999,125.80950000000007,125.80950000000007
9,SEAFOOD,270.7414,690.8965,318.4518,519.8456,247.21252,-23.528879999999987,47.71039999999999,249.1042,420.15509999999995,420.15509999999995
10,AUTOMOTIVE,11.273772,1317.8846,144.13199,269.0547,11.273772,0.0,132.858218,257.780928,1306.610828,1306.610828
10,BABY CARE,4.6558895,7723.2944,3032.1797,6646.256,4.6558895,0.0,3027.5238105000003,6641.6001105000005,7718.6385105,7718.6385105
10,BEAUTY,92.048386,1317.9604,148.91057,272.99432,13.527787,-78.52059899999999,56.86218400000001,180.94593400000002,1225.912014,1225.912014
10,BEVERAGES,22066.387,20553.44,20155.861,20299.633,19894.07,-2172.316999999999,-1910.525999999998,-1766.7539999999972,-1512.9470000000001,1512.9470000000001
10,BOOKS,4.6558895,5998.735,2624.2556,4862.427,4.6558895,0.0,2619.5997105,4857.7711105,5994.0791105,5994.0791105
10,BREAD/BAKERY,1784.6355,1840.7208,1620.1232,1751.8611,1582.3783,-202.2572,-164.5123000000001,-32.774400000000014,56.08529999999996,56.08529999999996
10,CELEBRATION,23.655588,1279.2032,191.62437,371.23447,23.655588,0.0,167.968782,347.57888199999996,1255.5476119999998,1255.5476119999998
10,CLEANING,11333.925,11246.607,10969.057,11129.375,10901.239,-432.6859999999997,-364.8679999999986,-204.54999999999927,-87.3179999999993,87.3179999999993
10,DAIRY,5117.9146,5185.7544,4965.925,5095.378,4935.8076,-182.10699999999997,-151.98959999999988,-22.536600000000362,67.83979999999974,67.83979999999974
10,DELI,4256.7036,4329.618,4118.181,4240.759,4086.117,-170.58659999999963,-138.52260000000024,-15.94459999999981,72.91440000000057,72.91440000000057
10,EGGS,746.1119,946.36975,711.4659,850.597,628.2282,-117.88369999999998,-34.64599999999996,104.48509999999999,200.25784999999996,200.25784999999996
10,FROZEN FOODS,480.5924,715.93005,478.57443,633.8042,404.8363,-75.7561,-2.017969999999991,153.21180000000004,235.33765000000005,235.33765000000005
10,GROCERY I,41522.434,40335.56,39843.355,40116.98,39525.895,-1996.5390000000043,-1679.078999999998,-1405.453999999998,-1186.8740000000034,1186.8740000000034
10,GROCERY II,109.66475,1090.3523,234.26414,408.39673,75.72644,-33.93831,124.59939,298.73198,980.68755,980.68755
10,HARDWARE,4.2856045,1281.7129,178.12733,456.3461,4.2856045,0.0,173.8417255,452.0604955,1277.4272955,1277.4272955
10,HOME AND KITCHEN I,176.18323,1052.2039,262.4427,429.7758,115.97943,-60.203800000000015,86.25947,253.59257,876.02067,876.02067
10,HOME AND KITCHEN II,81.460625,1092.5809,205.10968,361.17938,50.5949,-30.86572499999999,123.649055,279.718755,1011.120275,1011.120275
10,HOME APPLIANCES,5.4185524,1508.2563,210.54128,643.8922,5.4185524,0.0,205.1227276,638.4736476,1502.8377476,1502.8377476
10,HOME CARE,3012.096,3049.9993,2846.3926,2972.3423,2817.953,-194.14300000000003,-165.70339999999987,-39.75370000000021,37.903299999999945,37.903299999999945
10,LADIESWEAR,15.409762,1173.3131,191.56404,366.09268,15.409762,0.0,176.154278,350.682918,1157.903338,1157.903338
10,LAWN AND GARDEN,3.8081198,4264.61,1856.7194,3337.7239,3.8081198,0.0,1852.9112802,3333.9157802,4260.8018802,4260.8018802
10,LINGERIE,8.696855,1203.4963,184.57974,403.14102,8.696855,0.0,175.882885,394.444165,1194.799445,1194.799445
10,"LIQUOR,WINE,BEER",260.81345,963.8646,285.44806,444.14807,141.54054,-119.27291,24.63461000000001,183.33462000000003,703.05115,703.05115
10,MAGAZINES,8.700551,1217.465,181.0386,420.76328,8.700551,0.0,172.338049,412.062729,1208.764449,1208.764449
10,MEATS,2579.8594,2778.7073,2568.0303,2701.0503,2538.9824,-40.87699999999995,-11.829099999999926,121.19090000000006,198.8479000000002,198.8479000000002
10,PERSONAL CARE,2909.424,2929.9927,2719.046,2852.3357,2689.8787,-219.54529999999977,-190.37800000000016,-57.08829999999989,20.568699999999808,20.568699999999808
10,PET SUPPLIES,12.813206,1202.923,188.56137,407.51874,12.813206,0.0,175.748164,394.705534,1190.109794,1190.109794
10,PLAYERS AND ELECTRONICS,36.265125,1094.4873,199.50372,375.55646,36.265125,0.0,163.23859499999998,339.291335,1058.222175,1058.222175
10,POULTRY,2302.525,2502.511,2292.503,2428.9668,2262.4006,-40.12440000000015,-10.021999999999935,126.44180000000006,199.98599999999988,199.98599999999988
10,PREPARED FOODS,412.38828,723.2517,469.49982,628.44275,339.87717,-72.51111000000003,57.11153999999999,216.05447000000004,310.86342,310.86342
10,PRODUCE,4371.9585,4445.9395,4246.2188,4333.4355,4192.9775,-178.98099999999977,-125.73970000000008,-38.52300000000014,73.98100000000068,73.98100000000068
10,SCHOOL AND OFFICE SUPPLIES,532.2593,3145.6934,1153.1304,2226.5627,0.0,-532.2593,620.8711,1694.3033999999998,2613.4341,2613.4341
10,SEAFOOD,8.070984,1115.0477,83.88912,313.56732,0.0,-8.070984,75.81813600000001,305.496336,1106.9767160000001,1106.9767160000001
11,AUTOMOTIVE,89.821526,1127.2395,224.75725,410.05215,89.821526,0.0,134.935724,320.230624,1037.417974,1037.417974
11,BABY CARE,32.822376,1485.6909,221.75677,416.51886,32.822376,0.0,188.934394,383.696484,1452.868524,1452.868524
11,BEAUTY,138.36032,1465.6727,207.79407,390.3415,52.64122,-85.7191,69.43375,251.98118,1327.31238,1327.31238
11,BEVERAGES,77752.82,75606.82,74022.49,74759.92,73719.72,-4033.100000000006,-3730.3300000000017,-2992.9000000000087,-2146.0,2146.0
11,BOOKS,26.587683,6557.3135,3297.8167,5397.21,26.587683,0.0,3271.2290169999997,5370.622317,6530.7258170000005,6530.7258170000005
11,BREAD/BAKERY,11692.474,11695.376,11450.473,11560.69,11397.184,-295.2900000000009,-242.0010000000002,-131.78399999999965,2.9020000000000437,2.9020000000000437
11,CELEBRATION,415.5154,1110.3539,538.5262,687.13354,415.5154,0.0,123.01080000000002,271.61814000000004,694.8385000000001,694.8385000000001
11,CLEANING,32319.215,31791.484,31420.58,31643.314,31068.68,-1250.5349999999999,-898.6349999999984,-675.9010000000017,-527.7309999999998,527.7309999999998
11,DAIRY,11491.3955,11377.26,11126.301,11235.94,11083.473,-407.9225000000006,-365.09450000000106,-255.45550000000003,-114.13550000000032,114.13550000000032
11,DELI,8805.668,8805.2295,8542.936,8685.596,8512.279,-293.3889999999992,-262.73199999999997,-120.07200000000012,-0.4385000000002037,0.4385000000002037
11,EGGS,3506.3447,3621.5364,3339.7488,3507.6223,3293.1362,-213.20850000000019,-166.59590000000026,1.277599999999893,115.19169999999986,115.19169999999986
11,FROZEN FOODS,1560.7037,1770.1787,1531.3047,1670.4913,1477.9257,-82.77800000000002,-29.399000000000115,109.78759999999988,209.4749999999999,209.4749999999999
11,GROCERY I,123831.57,121987.57,119503.11,121422.98,119622.19,-4209.380000000005,-4328.460000000006,-2408.590000000011,-1844.0,1844.0
11,GROCERY II,552.89465,863.6921,599.7565,759.10474,517.72656,-35.16809000000001,46.861850000000004,206.21009000000004,310.79745,310.79745
11,HARDWARE,31.402802,1357.7686,247.52855,522.9863,31.402802,0.0,216.125748,491.583498,1326.365798,1326.365798
11,HOME AND KITCHEN I,504.583,773.4881,510.42044,670.1565,422.97443,-81.60857000000004,5.837439999999958,165.57350000000002,268.9051,268.9051
11,HOME AND KITCHEN II,318.52057,733.8264,366.474,518.6302,222.19893,-96.32164000000003,47.95342999999997,200.10962999999992,415.30583,415.30583
11,HOME APPLIANCES,30.238714,1354.1951,253.37695,513.0172,30.238714,0.0,223.138236,482.778486,1323.9563859999998,1323.9563859999998
11,HOME CARE,8276.316,8292.457,8032.5986,8182.028,8002.0146,-274.3014000000003,-243.71740000000045,-94.28800000000047,16.14099999999962,16.14099999999962
11,LADIESWEAR,238.17152,950.8071,372.36774,531.75366,238.17152,0.0,134.19622000000004,293.58214,712.63558,712.63558
11,LAWN AND GARDEN,43.117104,1236.2076,234.3789,427.94913,43.117104,0.0,191.261796,384.83202600000004,1193.090496,1193.090496
11,LINGERIE,92.34036,1130.7229,246.57616,408.00055,92.34036,0.0,154.23579999999998,315.66018999999994,1038.38254,1038.38254
11,"LIQUOR,WINE,BEER",853.946,1056.7307,804.0501,955.28033,725.4472,-128.49880000000007,-49.89589999999998,101.33433000000002,202.78470000000004,202.78470000000004
11,MAGAZINES,46.690205,1212.4607,225.61989,401.45566,46.690205,0.0,178.929685,354.76545500000003,1165.770495,1165.770495
11,MEATS,10630.086,10826.364,10584.051,10706.113,10539.777,-90.30899999999929,-46.034999999999854,76.02700000000004,196.27800000000025,196.27800000000025
11,PERSONAL CARE,6832.8843,6834.0,6584.5034,6727.862,6552.6187,-280.2655999999997,-248.3809000000001,-105.02229999999963,1.1157000000002881,1.1157000000002881
11,PET SUPPLIES,47.246284,1197.3221,230.74141,400.1131,47.246284,0.0,183.495126,352.866816,1150.075816,1150.075816
11,PLAYERS AND ELECTRONICS,190.94292,976.2708,326.36395,483.36526,177.63104,-13.311879999999974,135.42103,292.42233999999996,785.32788,785.32788
11,POULTRY,6558.1616,6752.836,6514.672,6650.1875,6482.2056,-75.95600000000013,-43.48960000000079,92.02589999999964,194.67439999999988,194.67439999999988
11,PREPARED FOODS,1608.7036,1863.2415,1623.1571,1765.9039,1572.4053,-36.298300000000154,14.453499999999849,157.20029999999997,254.53790000000004,254.53790000000004
11,PRODUCE,26058.727,25400.924,25103.332,25286.203,24356.266,-1702.4609999999993,-955.3950000000004,-772.5239999999976,-657.8029999999999,657.8029999999999
11,SCHOOL AND OFFICE SUPPLIES,586.1033,1180.2218,147.05545,362.80435,5.900761,-580.202539,-439.04785,-223.29895,594.1185,594.1185
11,SEAFOOD,148.38667,932.7223,201.7568,403.53137,114.17232,-34.21435000000001,53.37012999999999,255.14469999999997,784.33563,784.33563
12,AUTOMOTIVE,39.45984,1116.9852,160.89969,348.8002,39.45984,0.0,121.43984999999999,309.34036000000003,1077.52536,1077.52536
12,BABY CARE,6.097953,7982.637,3233.5386,6905.5977,6.097953,0.0,3227.440647,6899.499747,7976.539046999999,7976.539046999999
12,BEAUTY,60.06784,1366.4435,151.133,325.15317,8.664924,-51.402916,91.06516000000002,265.08533,1306.3756600000002,1306.3756600000002
12,BEVERAGES,28805.686,27268.252,26768.723,27070.244,26493.066,-2312.6200000000026,-2036.9629999999997,-1735.4420000000027,-1537.434000000001,1537.434000000001
12,BOOKS,6.097953,6200.0503,2825.57,5063.7417,6.097953,0.0,2819.472047,5057.643746999999,6193.9523469999995,6193.9523469999995
12,BREAD/BAKERY,3083.1438,3104.1997,2893.414,3015.34,2865.259,-217.8847999999998,-189.7297999999996,-67.80379999999968,21.055900000000292,21.055900000000292
12,CELEBRATION,91.818756,1062.2634,240.22739,391.16092,91.818756,0.0,148.408634,299.34216399999997,970.444644,970.444644
12,CLEANING,12869.717,12748.391,12460.735,12617.6875,12418.507,-451.21000000000095,-408.98199999999997,-252.02950000000055,-121.32600000000093,121.32600000000093
12,DAIRY,7698.2485,7699.605,7462.058,7599.365,7435.3374,-262.91109999999935,-236.1904999999997,-98.88349999999991,1.356499999999869,1.356499999999869
12,DELI,4065.2742,4127.859,3913.0056,4038.9995,3880.101,-185.17319999999972,-152.26859999999988,-26.27469999999994,62.58480000000054,62.58480000000054
12,EGGS,1120.9213,1317.7955,1088.7363,1228.9358,1025.0117,-95.90959999999995,-32.184999999999945,108.0145,196.87419999999997,196.87419999999997
12,FROZEN FOODS,628.56195,854.5655,619.1268,778.6717,562.8756,-65.68635000000006,-9.435150000000021,150.10974999999996,226.00355000000002,226.00355000000002
12,GROCERY I,48037.71,47055.26,46726.297,47019.61,46317.99,-1719.7200000000012,-1311.4130000000005,-1018.0999999999985,-982.4499999999971,982.4499999999971
12,GROCERY II,163.35316,900.0662,277.61673,430.12125,127.75084,-35.602320000000006,114.26357000000002,266.76809,736.71304,736.71304
12,HARDWARE,11.977201,1186.9485,190.64859,394.77045,11.977201,0.0,178.671389,382.793249,1174.971299,1174.971299
12,HOME AND KITCHEN I,266.43494,657.8756,350.22308,501.86603,209.0482,-57.386739999999975,83.78814,235.43109000000004,391.44066,391.44066
12,HOME AND KITCHEN II,197.94301,713.09094,332.2076,481.6835,190.7325,-7.210509999999999,134.26459000000003,283.74049,515.1479300000001,515.1479300000001
12,HOME APPLIANCES,5.7484407,1238.9454,188.59431,436.42215,5.7484407,0.0,182.8458693,430.6737093,1233.1969593000001,1233.1969593000001
12,HOME CARE,3082.7139,3121.4116,2917.7456,3043.7546,2887.868,-194.84590000000026,-164.9683,-38.959299999999985,38.69769999999971,38.69769999999971
12,LADIESWEAR,64.86222,1015.99634,219.47432,381.56653,64.86222,0.0,154.6121,316.70431,951.13412,951.13412
12,LAWN AND GARDEN,5.11985,4465.925,2058.032,3539.0383,5.11985,0.0,2052.91215,3533.91845,4460.80515,4460.80515
12,LINGERIE,275.7316,997.91656,208.14024,380.6153,45.025795,-230.705805,-67.59136000000001,104.88369999999998,722.18496,722.18496
12,"LIQUOR,WINE,BEER",766.5733,983.59576,755.3484,900.7885,671.5163,-95.05700000000002,-11.224900000000048,134.21519999999998,217.02246000000002,217.02246000000002
12,MAGAZINES,12.671306,1197.0505,191.51576,397.33292,12.671306,0.0,178.844454,384.661614,1184.379194,1184.379194
12,MEATS,2531.7615,2729.9097,2516.0522,2652.2527,2487.1238,-44.63770000000022,-15.709299999999985,120.49119999999994,198.1482000000001,198.1482000000001
12,PERSONAL CARE,2959.3464,2972.485,2768.2646,2894.8281,2738.2039,-221.14249999999993,-191.08179999999993,-64.51829999999973,13.138600000000224,13.138600000000224
12,PET SUPPLIES,13.865996,1182.0864,196.61403,391.64844,13.865996,0.0,182.74803400000002,377.782444,1168.220404,1168.220404
12,PLAYERS AND ELECTRONICS,46.92433,1090.9523,209.10892,371.51147,46.92433,0.0,162.18459000000001,324.58714,1044.0279699999999,1044.0279699999999
12,POULTRY,2660.8103,2849.9631,2639.623,2776.419,2608.1946,-52.61570000000029,-21.18730000000005,115.60869999999977,189.15279999999984,189.15279999999984
12,PREPARED FOODS,473.96667,779.102,513.91266,680.76715,417.3793,-56.58737000000002,39.94598999999994,206.80048,305.13532999999995,305.13532999999995
12,PRODUCE,6317.3765,6373.8877,6051.9653,6259.8667,6002.55,-314.8265000000001,-265.41120000000046,-57.50980000000072,56.51119999999992,56.51119999999992
12,SCHOOL AND OFFICE SUPPLIES,455.13794,1790.6947,266.28287,890.2391,0.0,-455.13794,-188.85507,435.10116,1335.55676,1335.55676
12,SEAFOOD,14.035667,1046.1525,79.773705,301.18085,0.0,-14.035667,65.738038,287.14518300000003,1032.1168329999998,1032.1168329999998
13,AUTOMOTIVE,34.378017,1268.657,158.06287,283.44296,25.282877,-9.09514,123.684853,249.06494300000003,1234.278983,1234.278983
13,BABY CARE,5.178194,7820.1357,3129.0205,6743.0977,5.178194,0.0,3123.842306,6737.919506,7814.957506,7814.957506
13,BEAUTY,37.57991,1244.469,155.37877,277.98367,20.375084,-17.204825999999997,117.79886,240.40376000000003,1206.8890900000001,1206.8890900000001
13,BEVERAGES,26212.166,24906.66,24475.797,24695.387,24199.426,-2012.7400000000016,-1736.3690000000024,-1516.7790000000023,-1305.5060000000012,1305.5060000000012
13,BOOKS,5.178194,6095.576,2721.0964,4959.268,5.178194,0.0,2715.918206,4954.089806,6090.397806,6090.397806
13,BREAD/BAKERY,2284.351,2356.7786,2146.7268,2267.919,2116.4697,-167.8813,-137.6242000000002,-16.432000000000244,72.42759999999998,72.42759999999998
13,CELEBRATION,52.42686,1007.51306,212.938,369.03357,52.42686,0.0,160.51113999999998,316.60671,955.0862,955.0862
13,CLEANING,11808.628,11665.119,11428.037,11552.874,11390.676,-417.95200000000114,-380.59100000000035,-255.75400000000081,-143.50900000000001,143.50900000000001
13,DAIRY,4860.3604,4908.104,4694.088,4819.245,4662.8784,-197.48199999999997,-166.27239999999983,-41.11539999999968,47.7436000000007,47.7436000000007
13,DELI,2766.608,2839.7183,2622.8806,2750.8584,2591.6272,-174.98080000000027,-143.72740000000022,-15.7496000000001,73.11029999999982,73.11029999999982
13,EGGS,921.8907,1120.0004,886.38727,1029.2593,811.7406,-110.15010000000007,-35.503430000000094,107.3685999999999,198.10969999999986,198.10969999999986
13,FROZEN FOODS,532.418,784.4382,551.4334,706.66315,481.37442,-51.04358000000002,19.0154,174.24514999999997,252.02020000000005,252.02020000000005
13,GROCERY I,45775.207,44647.18,44201.3,44464.414,43785.125,-1990.0820000000022,-1573.9069999999992,-1310.7930000000051,-1128.0270000000019,1128.0270000000019
13,GROCERY II,195.59123,842.5264,305.07013,457.42044,165.57706,-30.014170000000007,109.47890000000001,261.82921,646.93517,646.93517
13,HARDWARE,5.204501,2440.3613,559.5929,1524.1106,5.204501,0.0,554.3883989999999,1518.906099,2435.156799,2435.156799
13,HOME AND KITCHEN I,239.60672,845.7135,285.18298,439.0869,142.72092,-96.88579999999999,45.57625999999999,199.48018000000002,606.10678,606.10678
13,HOME AND KITCHEN II,216.40082,916.3698,253.84277,410.32596,102.96779,-113.43303000000002,37.44194999999999,193.92514,699.9689800000001,699.9689800000001
13,HOME APPLIANCES,5.139658,1546.2909,205.64441,663.9669,5.139658,0.0,200.504752,658.827242,1541.151242,1541.151242
13,HOME CARE,2586.5227,2630.6187,2428.7134,2552.9617,2400.9124,-185.61029999999982,-157.8092999999999,-33.56100000000015,44.096000000000004,44.096000000000004
13,LADIESWEAR,10.397797,1155.2618,172.95518,363.7585,10.397797,0.0,162.55738300000002,353.360703,1144.864003,1144.864003
13,LAWN AND GARDEN,4.3304243,4361.4507,1953.5604,3434.565,4.3304243,0.0,1949.2299757,3430.2345757000003,4357.1202757,4357.1202757
13,LINGERIE,14.177007,1173.5621,174.83841,368.26993,14.177007,0.0,160.661403,354.092923,1159.385093,1159.385093
13,"LIQUOR,WINE,BEER",642.228,892.59247,650.88007,809.9038,558.9205,-83.3075,8.652070000000094,167.6758000000001,250.3644700000001,250.3644700000001
13,MAGAZINES,10.140989,1166.9135,166.81548,369.34903,10.140989,0.0,156.67449100000002,359.20804100000004,1156.7725110000001,1156.7725110000001
13,MEATS,2663.3232,2869.0342,2655.5906,2791.3772,2622.7822,-40.54099999999971,-7.73259999999982,128.0540000000001,205.71100000000024,205.71100000000024
13,PERSONAL CARE,2980.3374,3027.1506,2819.1821,2949.494,2789.264,-191.07339999999976,-161.1552999999999,-30.843399999999747,46.81320000000005,46.81320000000005
13,PET SUPPLIES,9.774844,1161.8195,167.24966,369.8735,9.774844,0.0,157.474816,360.098656,1152.044656,1152.044656
13,PLAYERS AND ELECTRONICS,64.433304,1115.2932,226.86711,395.378,64.433304,0.0,162.433806,330.94469599999996,1050.8598960000002,1050.8598960000002
13,POULTRY,1672.0166,1881.3894,1667.8596,1807.8453,1625.7587,-46.257899999999836,-4.156999999999925,135.82870000000003,209.3728000000001,209.3728000000001
13,PREPARED FOODS,343.36517,708.16125,451.15274,613.37756,325.9077,-17.45747,107.78757000000002,270.01239000000004,364.79608,364.79608
13,PRODUCE,3382.0593,3523.1426,3374.485,3410.6384,3326.5566,-55.502700000000004,-7.574299999999766,28.579099999999926,141.08330000000024,141.08330000000024
13,SCHOOL AND OFFICE SUPPLIES,901.8741,3242.531,1249.9681,2323.4006,0.0,-901.8741,348.09400000000005,1421.5265,2340.6569,2340.6569
13,SEAFOOD,11.084607,1111.17,71.936264,296.16006,0.0,-11.084607,60.851656999999996,285.075453,1100.085393,1100.085393
14,AUTOMOTIVE,46.823574,1202.4604,167.90268,358.0871,40.134693,-6.688881000000002,121.079106,311.263526,1155.636826,1155.636826
14,BABY CARE,13.183527,8026.931,3309.996,6949.891,13.183527,0.0,3296.812473,6936.7074729999995,8013.747472999999,8013.747472999999
14,BEAUTY,67.695885,1368.5581,163.08691,346.62384,24.762032,-42.933853,95.39102499999998,278.927955,1300.8622149999999,1300.8622149999999
14,BEVERAGES,25007.328,23371.908,22900.812,23170.31,22608.963,-2398.3650000000016,-2106.5159999999996,-1837.018,-1635.420000000002,1635.420000000002
14,BOOKS,13.183527,6244.338,2902.072,5108.0293,13.183527,0.0,2888.888473,5094.845773,6231.154473,6231.154473
14,BREAD/BAKERY,2756.19,2781.526,2575.9902,2692.6663,2548.5342,-207.6558,-180.19979999999987,-63.52370000000019,25.335999999999785,25.335999999999785
14,CELEBRATION,111.51499,972.1372,269.04648,422.39725,111.51499,0.0,157.53148999999996,310.88226,860.62221,860.62221
14,CLEANING,17822.217,17620.037,17063.207,17392.871,16970.707,-851.510000000002,-759.010000000002,-429.34600000000137,-202.1800000000003,202.1800000000003
14,DAIRY,6932.641,6972.1377,6737.782,6877.2095,6710.0464,-222.59459999999945,-194.85899999999947,-55.43149999999969,39.4967000000006,39.4967000000006
14,DELI,4550.008,4621.4355,4404.2314,4532.576,4372.3867,-177.6212999999998,-145.77660000000014,-17.43199999999979,71.42749999999978,71.42749999999978
14,EGGS,715.4684,923.28204,685.55,834.42267,602.8276,-112.64080000000001,-29.91840000000002,118.95427000000007,207.81364000000008,207.81364000000008
14,FROZEN FOODS,778.5615,1016.8623,776.13367,935.67865,699.9673,-78.5942,-2.4278299999999717,157.11714999999992,238.30079999999998,238.30079999999998
14,GROCERY I,48030.582,46869.66,46238.99,46626.957,45550.617,-2479.965000000004,-1791.5920000000042,-1403.625,-1160.9219999999987,1160.9219999999987
14,GROCERY II,222.61298,815.17926,342.8577,495.22147,201.67203,-20.940949999999987,120.24472000000003,272.60849,592.56628,592.56628
14,HARDWARE,15.223429,1216.0206,157.79529,398.5373,15.223429,0.0,142.57186099999998,383.313871,1200.7971710000002,1200.7971710000002
14,HOME AND KITCHEN I,291.26105,945.096,362.81802,513.8122,223.92812,-67.33293,71.55696999999998,222.55114999999995,653.8349499999999,653.8349499999999
14,HOME AND KITCHEN II,242.74023,699.75916,352.77563,503.33273,217.49596,-25.24427,110.03539999999998,260.59250000000003,457.01892999999995,457.01892999999995
14,HOME APPLIANCES,13.35684,1266.6907,154.32344,426.82596,13.35684,0.0,140.9666,413.46912000000003,1253.3338600000002,1253.3338600000002
14,HOME CARE,3629.9417,3704.1692,3492.612,3621.2227,3462.5183,-167.42339999999967,-137.32969999999978,-8.719000000000051,74.22749999999996,74.22749999999996
14,LADIESWEAR,19.357536,1177.8704,186.25897,389.8781,19.357536,0.0,166.901434,370.52056400000004,1158.512864,1158.512864
14,LAWN AND GARDEN,11.751612,4515.502,2134.5344,3583.3262,11.751612,0.0,2122.782788,3571.574588,4503.750388,4503.750388
14,LINGERIE,30.912107,1131.647,192.77785,368.81253,30.912107,0.0,161.865743,337.900423,1100.7348929999998,1100.7348929999998
14,"LIQUOR,WINE,BEER",429.56134,743.09424,465.72412,623.64136,375.90732,-53.654019999999946,36.162780000000055,194.08002,313.53290000000004,313.53290000000004
14,MAGAZINES,21.171232,1177.894,193.00537,377.21536,21.171232,0.0,171.834138,356.044128,1156.722768,1156.722768
14,MEATS,4516.6294,4721.1006,4505.373,4636.6367,4474.6157,-42.01369999999952,-11.256400000000212,120.00730000000021,204.47119999999995,204.47119999999995
14,PERSONAL CARE,4366.293,4394.4897,4174.6875,4311.5435,4143.798,-222.4949999999999,-191.60549999999967,-54.7494999999999,28.19670000000042,28.19670000000042
14,PET SUPPLIES,23.377464,1197.2444,183.8397,409.0565,23.377464,0.0,160.462236,385.67903600000005,1173.8669360000001,1173.8669360000001
14,PLAYERS AND ELECTRONICS,45.624916,1181.639,211.01244,375.26706,45.624916,0.0,165.38752399999998,329.64214400000003,1136.014084,1136.014084
14,POULTRY,1526.5945,1740.3408,1519.2771,1661.507,1466.6086,-59.9858999999999,-7.317399999999907,134.91250000000014,213.74630000000002,213.74630000000002
14,PREPARED FOODS,1373.811,1640.8297,1401.2478,1561.9957,1356.458,-17.352999999999838,27.436800000000176,188.18470000000002,267.0187000000001,267.0187000000001
14,PRODUCE,7386.8364,7458.0376,7125.4824,7342.499,7076.3896,-310.4467999999997,-261.35400000000027,-44.33740000000034,71.20119999999952,71.20119999999952
14,SCHOOL AND OFFICE SUPPLIES,127.45236,1147.304,75.047195,329.69342,0.0,-127.45236,-52.405165,202.24106,1019.8516400000001,1019.8516400000001
14,SEAFOOD,27.757067,998.8368,90.98566,298.77838,5.075093,-22.681974,63.228593,271.021313,971.079733,971.079733
15,AUTOMOTIVE,36.639774,1394.2706,166.54208,348.44177,28.944054,-7.6957200000000014,129.902306,311.80199600000003,1357.630826,1357.630826
15,BABY CARE,28.743023,1257.4719,152.11098,353.75262,28.743023,0.0,123.36795700000002,325.009597,1228.728877,1228.728877
15,BEAUTY,64.69764,1372.6404,165.52734,345.5267,34.61597,-30.08167000000001,100.8297,280.82906,1307.94276,1307.94276
15,BEVERAGES,29099.057,27437.586,26928.795,27236.303,26623.643,-2475.4140000000007,-2170.2620000000024,-1862.7540000000008,-1661.4710000000014,1661.4710000000014
15,BOOKS,11.057692,6274.81,2900.3308,5138.5015,11.057692,0.0,2889.2731080000003,5127.443808,6263.752308,6263.752308
15,BREAD/BAKERY,2725.7222,2757.3062,2540.292,2668.4465,2511.4133,-214.3089,-185.43020000000024,-57.27570000000014,31.583999999999833,31.583999999999833
15,CELEBRATION,23.757322,1391.2446,191.26123,374.46765,23.757322,0.0,167.50390800000002,350.710328,1367.487278,1367.487278
15,CLEANING,14321.927,14148.665,13923.315,14028.011,13865.315,-456.61199999999917,-398.61199999999917,-293.91599999999926,-173.2619999999988,173.2619999999988
15,DAIRY,6332.5625,6362.737,6137.3755,6268.567,6107.87,-224.6925000000001,-195.1869999999999,-63.99549999999999,30.17450000000008,30.17450000000008
15,DELI,4722.9365,4777.137,4563.9673,4688.2783,4532.911,-190.02549999999974,-158.96919999999955,-34.65819999999985,54.20049999999992,54.20049999999992
15,EGGS,1483.0914,1607.1953,1380.4384,1518.3357,1325.4364,-157.65499999999997,-102.65300000000002,35.24430000000007,124.10390000000007,124.10390000000007
15,FROZEN FOODS,980.2685,1217.6201,976.1718,1136.4364,919.6324,-60.636100000000056,-4.096700000000055,156.16790000000003,237.35160000000008,237.35160000000008
15,GROCERY I,45840.207,44660.1,44482.06,44652.49,44923.266,-916.9409999999989,-1358.1470000000045,-1187.7170000000042,-1180.1070000000036,1180.1070000000036
15,GROCERY II,121.46239,1040.9698,252.01807,407.855,99.011,-22.451390000000004,130.55568,286.39261,919.50741,919.50741
15,HARDWARE,15.81051,1216.7566,170.12962,399.04074,15.81051,0.0,154.31911,383.23023,1200.94609,1200.94609
15,HOME AND KITCHEN I,345.48517,783.4799,361.93787,512.82837,238.68399,-106.80117999999999,16.452699999999993,167.34319999999997,437.99473000000006,437.99473000000006
15,HOME AND KITCHEN II,230.5637,629.31445,341.83325,492.25528,201.91347,-28.650230000000022,111.26955000000001,261.69158000000004,398.7507499999999,398.7507499999999
15,HOME APPLIANCES,10.530269,2052.726,396.31186,1141.8207,10.530269,0.0,385.78159100000005,1131.290431,2042.195731,2042.195731
15,HOME CARE,3726.4983,3764.226,3556.5435,3681.2795,3523.6523,-202.846,-169.95479999999998,-45.2188000000001,37.72769999999991,37.72769999999991
15,LADIESWEAR,89.06209,1101.9303,228.55138,386.1087,78.824646,-10.237443999999996,139.48928999999998,297.04661,1012.86821,1012.86821
15,LAWN AND GARDEN,9.62578,4545.974,2132.7932,3613.7988,9.62578,0.0,2123.16742,3604.17302,4536.34822,4536.34822
15,LINGERIE,38.57931,1124.0333,201.44904,369.2112,38.57931,0.0,162.86973,330.63189,1085.45399,1085.45399
15,"LIQUOR,WINE,BEER",497.15662,742.1861,488.24054,645.4385,395.16037,-101.99624999999997,-8.916079999999965,148.28188,245.02948000000004,245.02948000000004
15,MAGAZINES,19.083755,1167.1353,195.41956,370.11008,19.083755,0.0,176.335805,351.026325,1148.0515449999998,1148.0515449999998
15,MEATS,2201.134,2396.033,2176.8047,2313.0864,2148.1765,-52.95749999999998,-24.329299999999876,111.95240000000013,194.8989999999999,194.8989999999999
15,PERSONAL CARE,3127.7043,3165.4224,2961.2932,3082.4758,2930.7732,-196.9310999999998,-166.4110999999998,-45.22849999999971,37.71810000000005,37.71810000000005
15,PET SUPPLIES,17.428083,1157.5859,198.75456,388.7759,17.428083,0.0,181.326477,371.34781699999996,1140.157817,1140.157817
15,PLAYERS AND ELECTRONICS,43.870426,1162.3993,212.197,376.8295,43.870426,0.0,168.326574,332.959074,1118.528874,1118.528874
15,POULTRY,1792.9907,1976.3193,1760.4342,1897.4856,1727.2423,-65.74840000000017,-32.55650000000014,104.49489999999992,183.32860000000005,183.32860000000005
15,PREPARED FOODS,638.90326,901.9312,654.8044,823.0975,600.90955,-37.99371000000008,15.901139999999941,184.19423999999992,263.02793999999994,263.02793999999994
15,PRODUCE,11764.474,11678.229,11353.919,11538.096,11171.07,-593.4040000000005,-410.5550000000003,-226.3780000000006,-86.2450000000008,86.2450000000008
15,SCHOOL AND OFFICE SUPPLIES,944.6809,3406.5715,1414.0084,2487.4414,0.0,-944.6809,469.3275,1542.7605000000003,2461.8906,2461.8906
15,SEAFOOD,22.570957,1057.6774,82.616165,289.00146,1.207881,-21.363076,60.045207999999995,266.430503,1035.1064430000001,1035.1064430000001
16,AUTOMOTIVE,33.900368,1255.6517,164.45143,290.57587,33.900368,0.0,130.551062,256.675502,1221.7513319999998,1221.7513319999998
16,BABY CARE,8.138383,5993.7026,2217.645,4935.342,8.138383,0.0,2209.506617,4927.203616999999,5985.564216999999,5985.564216999999
16,BEAUTY,24.753815,1299.348,152.57869,269.46115,15.383291,-9.370524,127.82487499999999,244.70733499999997,1274.594185,1274.594185
16,BEVERAGES,22830.408,21420.357,20955.055,21137.582,20623.729,-2206.679,-1875.3529999999992,-1692.826000000001,-1410.0509999999995,1410.0509999999995
16,BOOKS,8.124288,5848.9717,2506.7058,4712.662,8.124288,0.0,2498.581512,4704.537712,5840.847412,5840.847412
16,BREAD/BAKERY,2538.3242,2566.4656,2354.9243,2487.5286,2326.8962,-211.42799999999988,-183.3998999999999,-50.79559999999992,28.141399999999976,28.141399999999976
16,CELEBRATION,54.103302,1306.7072,219.57356,373.0366,54.103302,0.0,165.470258,318.93329800000004,1252.603898,1252.603898
16,CLEANING,15093.848,14186.145,13393.36,13715.17,13138.582,-1955.2659999999996,-1700.4879999999994,-1378.6779999999999,-907.7029999999995,907.7029999999995
16,DAIRY,4412.6426,4444.9756,4236.9966,4366.039,4205.453,-207.1895999999997,-175.64599999999973,-46.60360000000037,32.33299999999963,32.33299999999963
16,DELI,2840.521,2893.0605,2684.4644,2814.1235,2655.1243,-185.39670000000024,-156.05660000000034,-26.397500000000036,52.53949999999986,52.53949999999986
16,EGGS,2511.5898,2682.441,2471.2822,2603.5042,2437.6282,-73.96160000000009,-40.30760000000009,91.91439999999966,170.8511999999996,170.8511999999996
16,FROZEN FOODS,661.7241,901.3626,671.6642,824.5558,585.4462,-76.27790000000005,9.94010000000003,162.83169999999996,239.63850000000002,239.63850000000002
16,GROCERY I,35841.168,34314.746,33603.504,34011.137,33361.973,-2479.1949999999997,-2237.663999999997,-1830.0309999999954,-1526.4219999999987,1526.4219999999987
16,GROCERY II,97.40948,1113.9482,224.66054,383.8479,64.45312,-32.956360000000004,127.25106,286.43841999999995,1016.53872,1016.53872
16,HARDWARE,11.552699,1230.62,186.3483,409.87384,11.552699,0.0,174.795601,398.32114099999995,1219.0673009999998,1219.0673009999998
16,HOME AND KITCHEN I,157.10133,1078.2344,261.21457,415.14307,114.30599,-42.795339999999996,104.11323999999999,258.04174,921.1330700000001,921.1330700000001
16,HOME AND KITCHEN II,141.92822,899.152,281.3755,433.56668,131.21262,-10.715600000000023,139.44727999999998,291.63846,757.22378,757.22378
16,HOME APPLIANCES,7.700099,1980.4044,396.682,1076.3782,7.700099,0.0,388.981901,1068.6781010000002,1972.704301,1972.704301
16,HOME CARE,2995.0325,3043.5015,2836.3806,2970.4775,2807.4316,-187.6008999999999,-158.65189999999984,-24.554999999999836,48.46900000000005,48.46900000000005
16,LADIESWEAR,7.0313864,4120.136,1739.1704,3187.9604,7.0313864,0.0,1732.1390136,3180.9290136,4113.1046136,4113.1046136
16,LAWN AND GARDEN,7.0313864,4120.136,1739.1704,3187.9604,7.0313864,0.0,1732.1390136,3180.9290136,4113.1046136,4113.1046136
16,LINGERIE,16.875484,1162.7098,194.83966,380.64847,16.875484,0.0,177.964176,363.77298599999995,1145.8343160000002,1145.8343160000002
16,"LIQUOR,WINE,BEER",1070.3145,1280.8123,1012.8856,1185.9143,921.932,-148.38249999999994,-57.4289,115.59979999999996,210.4978000000001,210.4978000000001
16,MAGAZINES,13.074114,1182.1079,192.18027,388.72922,13.074114,0.0,179.106156,375.655106,1169.033786,1169.033786
16,MEATS,806.2145,1053.1836,815.05005,980.15967,766.7158,-39.4987000000001,8.835550000000012,173.94516999999996,246.96910000000003,246.96910000000003
16,PERSONAL CARE,2366.3594,2401.921,2193.913,2328.897,2163.091,-203.26839999999993,-172.4463999999998,-37.46239999999989,35.5616,35.5616
16,PET SUPPLIES,16.733837,1187.926,195.86044,396.2725,16.733837,0.0,179.12660300000002,379.538663,1171.192163,1171.192163
16,PLAYERS AND ELECTRONICS,32.9168,1135.1593,203.35764,374.9175,32.9168,0.0,170.44084,342.0007,1102.2425,1102.2425
16,POULTRY,1135.1536,1349.6426,1116.6371,1280.7313,1069.9734,-65.18020000000001,-18.51650000000018,145.57769999999982,214.4889999999998,214.4889999999998
16,PREPARED FOODS,454.81845,768.2275,534.6197,699.31665,438.13876,-16.679689999999994,79.80124999999998,244.4982,313.40905,313.40905
16,PRODUCE,9691.159,9640.408,9323.279,9517.878,9204.168,-486.991,-367.8799999999992,-173.28099999999904,-50.751000000000204,50.751000000000204
16,SCHOOL AND OFFICE SUPPLIES,0.0,2991.1396,1030.7909,2072.0107,0.0,0.0,1030.7909,2072.0107,2991.1396,2991.1396
16,SEAFOOD,0.0,1137.2396,87.0266,335.12128,0.0,0.0,87.0266,335.12128,1137.2396,1137.2396
17,AUTOMOTIVE,100.760864,1229.8274,215.28185,393.05704,100.760864,0.0,114.520986,292.29617599999995,1129.0665359999998,1129.0665359999998
17,BABY CARE,24.362637,1400.0991,168.56259,371.0752,24.362637,0.0,144.199953,346.712563,1375.736463,1375.736463
17,BEAUTY,125.2199,1123.8219,180.7909,368.00824,56.34259,-68.87731,55.571,242.78834,998.6019999999999,998.6019999999999
17,BEVERAGES,55217.816,52373.062,51246.477,51869.387,50880.01,-4337.805999999997,-3971.339,-3348.4289999999964,-2844.754000000001,2844.754000000001
17,BOOKS,19.51131,6301.582,2951.704,5165.2734,19.51131,0.0,2932.1926900000003,5145.76209,6282.0706900000005,6282.0706900000005
17,BREAD/BAKERY,6003.688,6049.1133,5820.9946,5952.287,5791.393,-212.29500000000007,-182.6934000000001,-51.40099999999984,45.42529999999988,45.42529999999988
17,CELEBRATION,75.68225,1073.0236,234.98334,390.49875,75.68225,0.0,159.30109,314.81649999999996,997.34135,997.34135
17,CLEANING,18251.53,18001.271,17701.031,17866.352,17538.006,-713.5239999999976,-550.4989999999998,-385.1779999999999,-250.2589999999982,250.2589999999982
17,DAIRY,12963.909,12875.574,12641.005,12745.374,12585.232,-378.6769999999997,-322.90400000000045,-218.53499999999985,-88.33499999999913,88.33499999999913
17,DELI,9124.3955,9139.388,8908.613,9033.48,8880.988,-243.40750000000116,-215.78250000000116,-90.91550000000097,14.992500000000291,14.992500000000291
17,EGGS,3357.9146,3517.4766,3294.1772,3424.4438,3263.7466,-94.16800000000012,-63.73739999999998,66.52919999999995,159.5619999999999,159.5619999999999
17,FROZEN FOODS,1833.0386,2027.3964,1812.3025,1942.0396,1772.002,-61.036600000000135,-20.73610000000008,109.00099999999998,194.3578,194.3578
17,GROCERY I,74537.51,73166.67,72237.88,72633.13,72234.88,-2302.62999999999,-2299.62999999999,-1904.37999999999,-1370.8399999999965,1370.8399999999965
17,GROCERY II,230.35114,812.73267,332.8709,484.50922,194.21625,-36.134889999999984,102.51976000000002,254.15808000000004,582.38153,582.38153
17,HARDWARE,25.160393,1208.637,207.31879,418.7164,25.160393,0.0,182.158397,393.556007,1183.476607,1183.476607
17,HOME AND KITCHEN I,355.10202,629.50964,365.70676,518.05963,237.42934,-117.67267999999999,10.604739999999993,162.95761,274.40762,274.40762
17,HOME AND KITCHEN II,279.5826,634.6322,379.25726,528.7333,243.67746,-35.90514000000002,99.67465999999996,249.15069999999997,355.0496,355.0496
17,HOME APPLIANCES,23.137308,1293.9171,202.71704,474.80362,23.137308,0.0,179.579732,451.666312,1270.7797919999998,1270.7797919999998
17,HOME CARE,5391.737,5417.831,5193.708,5329.54,5162.6045,-229.1324999999997,-198.02900000000045,-62.197000000000116,26.09400000000005,26.09400000000005
17,LADIESWEAR,20.782639,1428.531,204.30128,573.1895,20.782639,0.0,183.518641,552.4068609999999,1407.748361,1407.748361
17,LAWN AND GARDEN,17.382277,4929.683,2184.1667,3997.5083,17.382277,0.0,2166.784423,3980.126023,4912.300723,4912.300723
17,LINGERIE,215.02208,1061.3558,230.1237,394.6035,67.20964,-147.81243999999998,15.101620000000025,179.58142,846.3337200000001,846.3337200000001
17,"LIQUOR,WINE,BEER",775.4486,994.45306,763.0685,907.33325,677.03485,-98.41375000000005,-12.380100000000084,131.88464999999997,219.00446,219.00446
17,MAGAZINES,42.160774,1189.9468,216.55,392.05457,42.160774,0.0,174.389226,349.893796,1147.786026,1147.786026
17,MEATS,4495.0757,4692.0356,4473.28,4604.916,4441.733,-53.34270000000015,-21.79570000000058,109.84029999999984,196.95989999999983,196.95989999999983
17,PERSONAL CARE,4670.5083,4709.323,4490.452,4620.686,4458.7915,-211.71680000000015,-180.0563000000002,-49.82230000000072,38.8146999999999,38.8146999999999
17,PET SUPPLIES,34.244003,1212.8022,214.53726,405.24365,34.244003,0.0,180.293257,370.999647,1178.558197,1178.558197
17,PLAYERS AND ELECTRONICS,92.02139,1000.7533,247.66684,409.33252,92.02139,0.0,155.64545,317.31113,908.73191,908.73191
17,POULTRY,5970.6064,6141.1113,5925.2515,6056.5874,5895.264,-75.34239999999954,-45.35489999999936,85.98100000000068,170.5048999999999,170.5048999999999
17,PREPARED FOODS,792.82886,1082.3386,831.45844,999.3316,785.4509,-7.377959999999916,38.62958000000003,206.50274000000002,289.5097400000001,289.5097400000001
17,PRODUCE,25727.922,25366.988,24981.725,25236.357,24542.348,-1185.5739999999969,-746.1970000000001,-491.5649999999987,-360.93399999999747,360.93399999999747
17,SCHOOL AND OFFICE SUPPLIES,204.6274,1235.0356,118.12861,417.42523,0.0,-204.6274,-86.49879,212.79783,1030.4081999999999,1030.4081999999999
17,SEAFOOD,242.58879,657.7498,301.56924,499.592,228.63928,-13.949509999999975,58.98044999999999,257.00320999999997,415.16101000000003,415.16101000000003
18,AUTOMOTIVE,38.336956,1302.2974,165.55965,354.18805,38.336956,0.0,127.222694,315.851094,1263.9604439999998,1263.9604439999998
18,BABY CARE,13.921972,1530.3682,152.25331,473.82816,13.921972,0.0,138.331338,459.90618800000004,1516.4462279999998,1516.4462279999998
18,BEAUTY,150.79094,1244.269,172.25183,361.10483,39.947044,-110.843896,21.460890000000006,210.31389,1093.47806,1093.47806
18,BEVERAGES,42003.19,39419.703,38476.74,39032.125,38142.86,-3860.3300000000017,-3526.4500000000044,-2971.0650000000023,-2583.487000000001,2583.487000000001
18,BOOKS,11.81635,6327.663,2943.7437,5184.282,11.81635,0.0,2931.92735,5172.46565,6315.8466499999995,6315.8466499999995
18,BREAD/BAKERY,10446.391,10471.791,10234.424,10342.267,10196.127,-250.2639999999992,-211.96699999999873,-104.1239999999998,25.399999999999636,25.399999999999636
18,CELEBRATION,71.53344,1032.6062,230.65001,389.44736,71.53344,0.0,159.11657000000002,317.91392,961.0727599999999,961.0727599999999
18,CLEANING,10380.8125,10208.728,9952.021,10087.099,9915.231,-465.58150000000023,-428.79149999999936,-293.71349999999984,-172.08450000000084,172.08450000000084
18,DAIRY,11557.746,11435.176,11182.749,11306.583,11127.312,-430.4339999999993,-374.9969999999994,-251.16299999999865,-122.56999999999971,122.56999999999971
18,DELI,4143.38,4214.1187,3983.6736,4114.013,3947.4182,-195.96180000000004,-159.70640000000003,-29.36700000000019,70.73869999999988,70.73869999999988
18,EGGS,3316.843,3476.0254,3244.429,3375.92,3210.628,-106.21499999999969,-72.41399999999976,59.077000000000226,159.18240000000014,159.18240000000014
18,FROZEN FOODS,1128.8292,1328.8164,1091.5153,1236.387,1026.817,-102.0121999999999,-37.313899999999876,107.55780000000004,199.98720000000003,199.98720000000003
18,GROCERY I,49108.844,47565.707,46971.754,47316.555,46734.973,-2373.870999999999,-2137.0899999999965,-1792.288999999997,-1543.1369999999952,1543.1369999999952
18,GROCERY II,188.83784,953.9754,291.56973,445.56207,139.7254,-49.11243999999999,102.73188999999999,256.72423000000003,765.13756,765.13756
18,HARDWARE,14.539635,1206.7028,198.30054,403.46027,14.539635,0.0,183.760905,388.920635,1192.163165,1192.163165
18,HOME AND KITCHEN I,563.2488,863.40125,599.82306,754.93225,519.0544,-44.19439999999997,36.574260000000095,191.68345,300.15245000000004,300.15245000000004
18,HOME AND KITCHEN II,268.79138,846.4348,307.83545,461.52734,162.92416,-105.86722,39.04406999999998,192.73595999999998,577.64342,577.64342
18,HOME APPLIANCES,14.608706,1385.2876,192.83357,519.8619,14.608706,0.0,178.224864,505.253194,1370.6788940000001,1370.6788940000001
18,HOME CARE,3626.1045,3641.6663,3407.667,3547.4736,3374.9236,-251.18089999999984,-218.4375,-78.63090000000011,15.561799999999948,15.561799999999948
18,LADIESWEAR,114.90531,1012.9094,267.4379,425.91397,114.90531,0.0,152.53259000000003,311.00866,898.00409,898.00409
18,LAWN AND GARDEN,71.2682,1112.7937,216.00069,383.77463,51.64147,-19.626729999999995,144.73248999999998,312.50643,1041.5255,1041.5255
18,LINGERIE,227.05899,1157.0249,204.39136,393.8347,40.397854,-186.661136,-22.667630000000003,166.77571,929.9659099999999,929.9659099999999
18,"LIQUOR,WINE,BEER",1032.4792,1204.1191,956.87445,1109.9266,892.54333,-139.93587000000002,-75.60474999999997,77.44740000000002,171.6398999999999,171.6398999999999
18,MAGAZINES,19.055593,1209.7584,199.71805,399.64365,19.055593,0.0,180.66245700000002,380.588057,1190.702807,1190.702807
18,MEATS,2088.6782,2319.0137,2082.5469,2224.8215,2042.796,-45.882199999999784,-6.13130000000001,136.14330000000018,230.33550000000014,230.33550000000014
18,PERSONAL CARE,3180.878,3197.3025,2970.7766,3103.11,2938.0752,-242.80279999999993,-210.1014,-77.76800000000003,16.424499999999625,16.424499999999625
18,PET SUPPLIES,38.12754,1187.0846,218.775,380.63593,38.12754,0.0,180.64746,342.50838999999996,1148.95706,1148.95706
18,PLAYERS AND ELECTRONICS,64.29988,1087.2174,226.93428,392.39954,64.29988,0.0,162.6344,328.09966,1022.91752,1022.91752
18,POULTRY,3493.4336,3680.7944,3455.1777,3590.7148,3419.688,-73.74559999999974,-38.255899999999656,97.28120000000035,187.36080000000038,187.36080000000038
18,PREPARED FOODS,900.71277,1172.0239,912.2099,1081.9443,863.9906,-36.722170000000006,11.49712999999997,181.23153000000013,271.31112999999993,271.31112999999993
18,PRODUCE,33047.18,32379.613,31421.762,31909.86,30910.953,-2136.226999999999,-1625.4180000000015,-1137.3199999999997,-667.5669999999991,667.5669999999991
18,SCHOOL AND OFFICE SUPPLIES,819.418,1117.2876,134.50511,381.80676,22.87424,-796.54376,-684.9128900000001,-437.61124,297.8696000000001,297.8696000000001
18,SEAFOOD,167.75256,866.83057,221.30162,430.7087,142.71188,-25.04067999999998,53.549060000000026,262.95614,699.07801,699.07801
19,AUTOMOTIVE,53.626846,1125.8335,171.2262,353.33783,53.626846,0.0,117.599354,299.710984,1072.206654,1072.206654
19,BABY CARE,6.9464817,1401.2075,149.21432,361.4178,6.9464817,0.0,142.2678383,354.4713183,1394.2610183,1394.2610183
19,BEAUTY,74.456116,1333.5874,158.77711,340.9059,20.778969,-53.67714699999999,84.320994,266.44978399999997,1259.1312839999998,1259.1312839999998
19,BEVERAGES,42502.52,39940.92,39172.242,39566.426,38644.72,-3857.7999999999956,-3330.2779999999984,-2936.0939999999973,-2561.5999999999985,2561.5999999999985
19,BOOKS,6.2912583,6306.6265,2932.6838,5170.318,6.2912583,0.0,2926.3925416999996,5164.0267417000005,6300.335241700001,6300.335241700001
19,BREAD/BAKERY,2822.9128,2865.0254,2646.7349,2771.9927,2618.2153,-204.69750000000022,-176.17790000000014,-50.920100000000275,42.11259999999993,42.11259999999993
19,CELEBRATION,47.590862,1149.6066,207.7227,365.40897,47.590862,0.0,160.13183800000002,317.818108,1102.015738,1102.015738
19,CLEANING,15279.029,15094.814,14788.084,14970.464,14722.768,-556.2610000000004,-490.9449999999997,-308.5650000000005,-184.21500000000015,184.21500000000015
19,DAIRY,6200.118,6226.3096,5992.1514,6127.9663,5962.731,-237.38700000000063,-207.96660000000065,-72.15170000000035,26.191599999999198,26.191599999999198
19,DELI,5212.0283,5260.3096,5046.608,5167.2773,5016.3745,-195.65380000000005,-165.42029999999977,-44.751000000000204,48.281299999999646,48.281299999999646
19,EGGS,1144.0226,1328.0792,1092.9918,1235.0464,1030.2933,-113.72929999999997,-51.0308,91.02379999999994,184.0565999999999,184.0565999999999
19,FROZEN FOODS,734.95746,976.7799,731.3976,891.4232,664.9849,-69.97255999999993,-3.559859999999958,156.46573999999998,241.82244000000003,241.82244000000003
19,GROCERY I,56017.086,54770.97,54050.707,54495.895,53762.008,-2255.0780000000013,-1966.3790000000008,-1521.1910000000062,-1246.1160000000018,1246.1160000000018
19,GROCERY II,586.28485,933.6839,676.1817,819.5925,577.823,-8.461850000000027,89.89684999999997,233.30764999999997,347.39905,347.39905
19,HARDWARE,10.737537,1179.386,188.39081,387.1092,10.737537,0.0,177.65327299999998,376.371663,1168.648463,1168.648463
19,HOME AND KITCHEN I,303.58185,836.11914,336.07855,488.26184,202.1447,-101.43714999999997,32.49670000000003,184.67999000000003,532.53729,532.53729
19,HOME AND KITCHEN II,159.09685,927.6766,277.78836,429.95343,127.00677,-32.090079999999986,118.69151000000002,270.85658,768.57975,768.57975
19,HOME APPLIANCES,7.148842,1274.3322,178.92622,455.55093,7.148842,0.0,171.777378,448.402088,1267.183358,1267.183358
19,HOME CARE,3219.8113,3264.8257,3047.633,3177.7058,3018.6526,-201.15869999999995,-172.17830000000004,-42.105499999999665,45.01440000000002,45.01440000000002
19,LADIESWEAR,79.55925,1031.7755,234.39369,411.0668,79.55925,0.0,154.83443999999997,331.50755,952.21625,952.21625
19,LAWN AND GARDEN,5.352561,4577.791,2165.1462,3645.6145,5.352561,0.0,2159.793639,3640.261939,4572.4384390000005,4572.4384390000005
19,LINGERIE,41.11316,1075.3772,201.41138,371.1981,41.11316,0.0,160.29822000000001,330.08494,1034.2640399999998,1034.2640399999998
19,"LIQUOR,WINE,BEER",731.67365,995.2938,720.52655,875.93365,622.7523,-108.92134999999996,-11.14709999999991,144.26,263.6201500000001,263.6201500000001
19,MAGAZINES,16.709124,1167.1879,195.25095,365.6462,16.709124,0.0,178.541826,348.93707600000005,1150.478776,1150.478776
19,MEATS,2240.0552,2459.278,2231.4934,2372.1584,2202.322,-37.73319999999967,-8.561799999999948,132.10320000000002,219.2228,219.2228
19,PERSONAL CARE,3187.696,3216.5337,3001.6792,3129.4138,2972.94,-214.75599999999986,-186.01679999999988,-58.2822000000001,28.83770000000004,28.83770000000004
19,PET SUPPLIES,14.031996,1208.0555,191.6599,419.43243,14.031996,0.0,177.627904,405.400434,1194.023504,1194.023504
19,PLAYERS AND ELECTRONICS,47.17279,1102.9443,209.33582,368.7696,47.17279,0.0,162.16303000000002,321.59681,1055.77151,1055.77151
19,POULTRY,2356.1982,2565.4377,2336.8806,2482.4312,2298.4583,-57.739900000000034,-19.317599999999857,126.23300000000017,209.23950000000013,209.23950000000013
19,PREPARED FOODS,362.43387,759.588,476.6742,639.39484,362.43387,0.0,114.24032999999997,276.96097000000003,397.15412999999995,397.15412999999995
19,PRODUCE,8018.8975,8122.2393,7784.0605,7996.1304,7696.041,-322.85649999999987,-234.83700000000044,-22.767100000000028,103.34180000000015,103.34180000000015
19,SCHOOL AND OFFICE SUPPLIES,1151.8601,3449.5295,1457.5043,2530.3992,0.0,-1151.8601,305.64419999999996,1378.5390999999997,2297.6693999999998,2297.6693999999998
19,SEAFOOD,19.180227,1037.9019,76.62413,280.8083,0.0,-19.180227,57.44390299999999,261.628073,1018.7216730000001,1018.7216730000001
20,AUTOMOTIVE,93.981964,1094.1288,222.78207,408.57513,93.981964,0.0,128.800106,314.593166,1000.1468359999999,1000.1468359999999
20,BABY CARE,25.943464,1828.6998,292.37286,786.0317,25.943464,0.0,266.429396,760.088236,1802.7563360000001,1802.7563360000001
20,BEAUTY,155.6635,1087.4895,205.86386,395.29626,74.66771,-80.99579,50.20035999999999,239.63276000000002,931.8259999999999,931.8259999999999
20,BEVERAGES,58257.004,55225.25,54220.86,54821.004,53978.37,-4278.633999999998,-4036.1440000000002,-3436.0,-3031.754000000001,3031.754000000001
20,BOOKS,22.598225,6324.329,2965.0105,5180.9478,22.598225,0.0,2942.4122749999997,5158.349575,6301.730775,6301.730775
20,BREAD/BAKERY,8748.931,8668.818,8408.596,8551.318,8366.7705,-382.16049999999996,-340.33500000000095,-197.6130000000012,-80.1130000000012,80.1130000000012
20,CELEBRATION,103.029434,1018.5123,258.8492,413.11227,103.029434,0.0,155.81976600000002,310.08283600000004,915.482866,915.482866
20,CLEANING,21308.658,20809.623,20375.465,20607.857,20157.814,-1150.844000000001,-933.1929999999993,-700.8009999999995,-499.03499999999985,499.03499999999985
20,DAIRY,13816.605,13630.984,13328.019,13488.528,13268.135,-548.4699999999993,-488.58599999999933,-328.0769999999993,-185.62099999999919,185.62099999999919
20,DELI,12197.535,12128.583,11858.161,11997.371,11812.937,-384.59799999999996,-339.3739999999998,-200.16400000000067,-68.95199999999932,68.95199999999932
20,EGGS,2188.7156,2357.957,2121.418,2257.8516,2078.481,-110.23459999999977,-67.29759999999987,69.13599999999997,169.24139999999989,169.24139999999989
20,FROZEN FOODS,1394.0979,1591.0559,1358.1448,1498.6265,1298.8622,-95.23569999999995,-35.95309999999995,104.5286000000001,196.95800000000008,196.95800000000008
20,GROCERY I,91426.4,89983.37,88882.69,89662.48,88882.586,-2543.8139999999985,-2543.709999999992,-1763.9199999999983,-1443.0299999999988,1443.0299999999988
20,GROCERY II,242.50157,873.551,347.14093,503.41388,206.91278,-35.58878999999999,104.63936000000004,260.91231000000005,631.04943,631.04943
20,HARDWARE,26.915676,1227.3914,208.05554,423.0836,26.915676,0.0,181.13986400000002,396.16792399999997,1200.475724,1200.475724
20,HOME AND KITCHEN I,487.45676,779.1684,524.8361,679.94434,440.40106,-47.0557,37.37934000000001,192.48758000000004,291.71164000000005,291.71164000000005
20,HOME AND KITCHEN II,330.00208,827.694,369.10934,523.47284,228.75473,-101.24734999999998,39.10726,193.47076000000004,497.69192,497.69192
20,HOME APPLIANCES,23.984686,2436.8296,518.74524,1520.1497,23.984686,0.0,494.76055399999996,1496.165014,2412.8449140000002,2412.8449140000002
20,HOME CARE,5978.0273,6000.3413,5765.8477,5897.814,5727.6523,-250.375,-212.17959999999948,-80.21329999999944,22.314000000000306,22.314000000000306
20,LADIESWEAR,93.23929,1157.0042,255.66232,427.41626,93.23929,0.0,162.42302999999998,334.17697000000004,1063.76491,1063.76491
20,LAWN AND GARDEN,165.46962,1025.7002,247.5191,416.2394,88.71313,-76.75648999999999,82.04948000000002,250.76978,860.23058,860.23058
20,LINGERIE,79.68207,1160.6202,222.80302,407.67313,55.73216,-23.949909999999996,143.12095,327.99106,1080.93813,1080.93813
20,"LIQUOR,WINE,BEER",920.3401,1119.7692,875.59143,1023.6954,792.34656,-127.99354000000005,-44.74867000000006,103.35529999999994,199.42909999999995,199.42909999999995
20,MAGAZINES,34.34335,1209.1907,215.72617,409.1745,34.34335,0.0,181.38281999999998,374.83115000000004,1174.84735,1174.84735
20,MEATS,5747.569,5966.154,5698.247,5858.103,5663.2983,-84.27070000000003,-49.322000000000116,110.53399999999965,218.58500000000004,218.58500000000004
20,PERSONAL CARE,5892.7837,5889.793,5661.166,5794.3438,5626.376,-266.40769999999975,-231.6176999999998,-98.4399000000003,-2.990700000000288,2.990700000000288
20,PET SUPPLIES,66.96948,1153.6404,230.60065,402.74634,66.96948,0.0,163.63117,335.77685999999994,1086.67092,1086.67092
20,PLAYERS AND ELECTRONICS,86.34654,1023.25525,248.59567,421.13843,86.34654,0.0,162.24913,334.79189,936.90871,936.90871
20,POULTRY,5649.2974,5822.328,5581.31,5727.2656,5548.117,-101.18040000000019,-67.98739999999998,77.96819999999934,173.03060000000005,173.03060000000005
20,PREPARED FOODS,1012.59283,1304.291,1060.8921,1214.2112,997.4919,-15.100930000000062,48.29926999999998,201.6183699999999,291.6981699999999,291.6981699999999
20,PRODUCE,18320.71,18057.453,17713.402,17925.102,17269.4,-1051.3099999999977,-607.3080000000009,-395.6080000000002,-263.2569999999978,263.2569999999978
20,SCHOOL AND OFFICE SUPPLIES,632.193,1190.5775,135.35463,399.75464,3.611527,-628.581473,-496.83837,-232.43836,558.3845000000001,558.3845000000001
20,SEAFOOD,243.8719,883.1732,278.01935,488.76532,221.63815,-22.233750000000015,34.147449999999964,244.89341999999996,639.3013,639.3013
21,AUTOMOTIVE,88.196014,1055.8107,197.49326,377.72284,88.196014,0.0,109.29724599999999,289.526826,967.614686,967.614686
21,BABY CARE,14.069958,1373.5834,157.00108,333.39822,14.069958,0.0,142.93112200000002,319.328262,1359.513442,1359.513442
21,BEAUTY,100.291466,1153.1472,170.66869,358.4376,48.844727,-51.446739,70.377224,258.14613399999996,1052.8557340000002,1052.8557340000002
21,BEVERAGES,48497.65,45561.383,44175.543,44674.49,42821.906,-5675.743999999999,-4322.107000000004,-3823.1600000000035,-2936.267,2936.267
21,BOOKS,10.128186,6293.727,2942.0205,5150.3457,10.128186,0.0,2931.892314,5140.217514,6283.598814,6283.598814
21,BREAD/BAKERY,8295.049,8258.143,8011.4146,8147.5166,7975.519,-319.53000000000065,-283.6344000000008,-147.53240000000096,-36.90600000000086,36.90600000000086
21,CELEBRATION,72.71477,1071.8319,233.32976,391.92215,72.71477,0.0,160.61498999999998,319.20738,999.1171299999999,999.1171299999999
21,CLEANING,22018.404,21100.695,19993.02,20626.893,19546.86,-2471.543999999998,-2025.3839999999982,-1391.5109999999986,-917.7089999999989,917.7089999999989
21,DAIRY,11014.827,10920.406,10682.905,10799.161,10638.416,-376.41100000000006,-331.92199999999866,-215.66599999999926,-94.42099999999846,94.42099999999846
21,DELI,5799.9595,5826.0757,5591.655,5724.4536,5556.8467,-243.11279999999988,-208.3045000000002,-75.50590000000011,26.11620000000039,26.11620000000039
21,EGGS,5039.462,5197.962,4945.4277,5092.1353,4899.993,-139.46900000000005,-94.03430000000026,52.67329999999947,158.5,158.5
21,FROZEN FOODS,1560.4756,1737.4703,1502.2678,1645.041,1445.5707,-114.9049,-58.20779999999991,84.56539999999995,176.99469999999997,176.99469999999997
21,GROCERY I,69555.01,66226.766,64566.42,65337.254,64167.94,-5387.069999999992,-4988.5899999999965,-4217.755999999994,-3328.2439999999915,3328.2439999999915
21,GROCERY II,270.5663,668.3271,372.47815,526.71124,233.92757,-36.63873000000001,101.91185000000002,256.14493999999996,397.76079999999996,397.76079999999996
21,HARDWARE,14.076076,1198.8636,193.57379,391.96777,14.076076,0.0,179.497714,377.891694,1184.7875239999998,1184.7875239999998
21,HOME AND KITCHEN I,695.6256,904.11816,655.14966,809.92584,567.34796,-128.27764000000002,-40.47593999999992,114.30024000000003,208.49256000000003,208.49256000000003
21,HOME AND KITCHEN II,638.6481,864.63513,624.79407,770.4429,535.14355,-103.50455,-13.854029999999966,131.7948,225.98703,225.98703
21,HOME APPLIANCES,9.624231,1441.1809,190.84312,563.22833,9.624231,0.0,181.218889,553.604099,1431.556669,1431.556669
21,HOME CARE,5338.139,5352.7617,5120.6084,5258.5693,5086.4717,-251.66730000000007,-217.53060000000005,-79.56970000000001,14.622699999999895,14.622699999999895
21,LADIESWEAR,47.146782,1031.4165,212.5664,406.47833,47.146782,0.0,165.41961799999999,359.331548,984.269718,984.269718
21,LAWN AND GARDEN,81.4095,1182.3688,204.7396,377.93738,30.927822,-50.481677999999995,123.3301,296.52788000000004,1100.9593,1100.9593
21,LINGERIE,111.46704,1047.1191,262.7311,421.3178,111.46704,0.0,151.26406000000003,309.85076,935.6520599999999,935.6520599999999
21,"LIQUOR,WINE,BEER",1491.0707,1609.601,1371.2527,1515.4084,1309.6279,-181.44280000000003,-119.81799999999998,24.33770000000004,118.53030000000012,118.53030000000012
21,MAGAZINES,24.294361,1146.3093,203.21767,379.93057,24.294361,0.0,178.923309,355.636209,1122.014939,1122.014939
21,MEATS,1956.1781,2178.3857,1947.0099,2084.1934,1910.1088,-46.06930000000011,-9.16820000000007,128.01530000000002,222.20759999999973,222.20759999999973
21,PERSONAL CARE,4894.707,4905.058,4669.835,4809.3486,4635.324,-259.3830000000007,-224.8720000000003,-85.35840000000007,10.350999999999658,10.350999999999658
21,PET SUPPLIES,31.732357,1184.2837,204.10176,394.14053,31.732357,0.0,172.369403,362.40817300000003,1152.5513429999999,1152.5513429999999
21,PLAYERS AND ELECTRONICS,49.792576,1160.426,217.24193,384.62592,49.792576,0.0,167.449354,334.833344,1110.6334239999999,1110.6334239999999
21,POULTRY,2836.5752,3015.2349,2781.249,2925.1553,2748.571,-88.00420000000031,-55.326200000000426,88.58009999999967,178.6596999999997,178.6596999999997
21,PREPARED FOODS,2335.6118,2567.3728,2333.4177,2477.2935,2299.8782,-35.733600000000024,-2.1941000000001623,141.6817000000001,231.76099999999997,231.76099999999997
21,PRODUCE,24090.451,23711.914,22827.979,23084.004,22254.676,-1835.7750000000015,-1262.4720000000016,-1006.4470000000001,-378.53700000000026,378.53700000000026
21,SCHOOL AND OFFICE SUPPLIES,0.7571804,1146.3374,123.05773,352.6389,0.7571804,0.0,122.30054960000001,351.8817196,1145.5802196,1145.5802196
21,SEAFOOD,90.5674,967.6929,153.68915,358.37683,69.92033,-20.64707,63.121750000000006,267.80942999999996,877.1255,877.1255
22,AUTOMOTIVE,34.072605,1302.715,168.17186,291.58826,34.072605,0.0,134.099255,257.515655,1268.6423949999999,1268.6423949999999
22,BABY CARE,10.220686,2066.0188,327.71732,1003.1252,10.220686,0.0,317.496634,992.904514,2055.7981139999997,2055.7981139999997
22,BEAUTY,51.585888,1221.6157,162.29324,289.39313,25.245358,-26.340529999999998,110.707352,237.80724199999997,1170.029812,1170.029812
22,BEVERAGES,27478.496,25572.648,25112.9,25338.902,24720.898,-2757.597999999998,-2365.5959999999977,-2139.594000000001,-1905.8479999999981,1905.8479999999981
22,BOOKS,8.124288,5883.4478,2506.5999,4747.138,8.124288,0.0,2498.475612,4739.013712,5875.323512,5875.323512
22,BREAD/BAKERY,2607.8767,2701.653,2472.0562,2608.6204,2445.4685,-162.40819999999985,-135.8204999999998,0.7436999999999898,93.77629999999999,93.77629999999999
22,CELEBRATION,83.88127,1035.7057,235.14006,403.57007,83.88127,0.0,151.25879,319.6888,951.82443,951.82443
22,CLEANING,9991.155,9779.877,9556.683,9656.839,9530.6,-460.5550000000003,-434.47199999999975,-334.3160000000007,-211.27800000000025,211.27800000000025
22,DAIRY,5875.337,5879.0493,5653.197,5786.017,5622.9824,-252.35460000000057,-222.14000000000033,-89.32000000000062,3.7122999999992317,3.7122999999992317
22,DELI,2818.6343,2869.4136,2652.7915,2776.3806,2623.8755,-194.75880000000006,-165.84280000000035,-42.25370000000021,50.779299999999694,50.779299999999694
22,EGGS,984.5762,1178.4292,941.9696,1085.3964,873.3781,-111.19809999999995,-42.60659999999996,100.82020000000011,193.85300000000007,193.85300000000007
22,FROZEN FOODS,960.6777,1192.7128,962.36487,1107.3561,894.587,-66.09069999999997,1.6871700000000374,146.6784,232.03510000000006,232.03510000000006
22,GROCERY I,41578.406,40018.484,39584.523,39796.223,39320.69,-2257.7160000000003,-1993.8830000000016,-1782.1830000000045,-1559.922000000006,1559.922000000006
22,GROCERY II,216.81497,959.18036,322.5478,480.61353,187.83105,-28.983919999999983,105.73283,263.79856000000007,742.3653899999999,742.3653899999999
22,HARDWARE,12.869325,1220.5668,187.35002,412.75394,12.869325,0.0,174.480695,399.884615,1207.6974750000002,1207.6974750000002
22,HOME AND KITCHEN I,322.71243,747.4485,359.06714,514.14984,230.47708,-92.23534999999998,36.35471000000001,191.43741000000006,424.73607,424.73607
22,HOME AND KITCHEN II,331.85184,792.00275,349.98254,503.96017,231.91116,-99.94067999999999,18.13069999999999,172.10833000000002,460.15091,460.15091
22,HOME APPLIANCES,9.446375,1519.3186,288.33282,688.4093,9.446375,0.0,278.88644500000004,678.962925,1509.872225,1509.872225
22,HOME CARE,2959.3564,2997.9165,2780.2478,2910.7966,2751.3723,-207.98410000000013,-179.10860000000002,-48.559799999999996,38.56009999999969,38.56009999999969
22,LADIESWEAR,19.356892,1174.5989,191.56723,400.5256,19.356892,0.0,172.210338,381.168708,1155.242008,1155.242008
22,LAWN AND GARDEN,7.0313864,4154.6123,1739.0646,3222.4365,7.0313864,0.0,1732.0332136,3215.4051136,4147.5809136,4147.5809136
22,LINGERIE,48.417095,1108.4897,206.19661,378.46414,48.417095,0.0,157.779515,330.04704499999997,1060.072605,1060.072605
22,"LIQUOR,WINE,BEER",1239.8981,1391.9296,1150.9391,1301.0471,1068.4688,-171.4293,-88.95900000000006,61.14899999999989,152.03149999999982,152.03149999999982
22,MAGAZINES,18.225094,1182.1125,195.58987,382.7315,18.225094,0.0,177.364776,364.50640599999997,1163.887406,1163.887406
22,MEATS,1671.4857,1899.921,1672.0227,1812.8011,1632.8115,-38.67419999999993,0.5370000000000346,141.31539999999995,228.4353000000001,228.4353000000001
22,PERSONAL CARE,2681.364,2729.28,2509.5642,2642.1604,2478.3872,-202.9767999999999,-171.79980000000023,-39.203599999999824,47.91600000000017,47.91600000000017
22,PET SUPPLIES,17.182976,1199.2263,196.70294,406.28235,17.182976,0.0,179.51996400000002,389.099374,1182.043324,1182.043324
22,PLAYERS AND ELECTRONICS,56.141903,1090.7798,216.4932,383.84677,56.141903,0.0,160.351297,327.704867,1034.637897,1034.637897
22,POULTRY,2584.5264,2783.484,2555.364,2700.477,2525.059,-59.4674,-29.16240000000016,115.95059999999967,198.95759999999973,198.95759999999973
22,PREPARED FOODS,593.3416,899.3849,661.25085,816.3779,579.2446,-14.09699999999998,67.90925000000004,223.03629999999998,306.04330000000004,306.04330000000004
22,PRODUCE,8421.844,8391.44,8068.6777,8264.819,7954.1772,-467.66679999999906,-353.16629999999896,-157.02499999999964,-30.403999999998632,30.403999999998632
22,SCHOOL AND OFFICE SUPPLIES,173.57686,1381.9766,107.03657,512.9906,0.0,-173.57686,-66.54029000000001,339.41373999999996,1208.3997399999998,1208.3997399999998
22,SEAFOOD,10.03292,1052.0337,99.96224,334.0864,1.8067029,-8.226217100000001,89.92931999999999,324.05348000000004,1042.0007799999998,1042.0007799999998
23,AUTOMOTIVE,23.87099,1334.9338,162.10304,285.8792,23.87099,0.0,138.23205,262.00821,1311.0628100000001,1311.0628100000001
23,BABY CARE,12.378296,7873.317,3182.7393,6796.2783,12.378296,0.0,3170.3610040000003,6783.900004,7860.938704,7860.938704
23,BEAUTY,167.20695,1316.4937,157.84563,282.51822,18.959137,-148.247813,-9.361320000000006,115.31126999999998,1149.28675,1149.28675
23,BEVERAGES,26239.52,26049.996,25607.541,25839.44,25294.64,-944.880000000001,-631.9789999999994,-400.08000000000175,-189.52400000000125,189.52400000000125
23,BOOKS,12.378296,6148.7573,2774.8152,5012.4487,12.378296,0.0,2762.436904,5000.070404,6136.379004,6136.379004
23,BREAD/BAKERY,4547.282,4630.287,4415.158,4537.2554,4384.2754,-163.0065999999997,-132.1239999999998,-10.026600000000144,83.00500000000011,83.00500000000011
23,CELEBRATION,284.14645,955.9094,397.3015,543.4598,284.14645,0.0,113.15504999999996,259.31334999999996,671.76295,671.76295
23,CLEANING,9501.995,9513.839,9298.666,9402.014,9271.771,-230.22400000000016,-203.32900000000154,-99.98100000000159,11.843999999999141,11.843999999999141
23,DAIRY,8491.346,8467.389,8223.852,8354.63,8198.019,-293.3269999999993,-267.4939999999988,-136.71600000000035,-23.957000000000335,23.957000000000335
23,DELI,2329.7778,2391.6304,2177.8237,2298.5977,2149.7722,-180.00559999999996,-151.95409999999993,-31.18010000000004,61.852600000000166,61.852600000000166
23,EGGS,473.6167,760.6779,507.19937,667.6454,413.6332,-59.98349999999999,33.58267000000001,194.02870000000001,287.06120000000004,287.06120000000004
23,FROZEN FOODS,1235.249,1456.8604,1230.6194,1371.5035,1176.3641,-58.884900000000016,-4.629599999999982,136.2545,221.6114,221.6114
23,GROCERY I,36882.19,36344.51,36285.52,36289.938,36041.234,-840.9560000000056,-596.6700000000055,-592.2520000000004,-537.6800000000003,537.6800000000003
23,GROCERY II,436.30066,746.719,505.62656,659.59937,432.45007,-3.850590000000011,69.32589999999999,223.29871000000003,310.41834000000006,310.41834000000006
23,HARDWARE,14.967004,1234.426,192.16971,434.59537,14.967004,0.0,177.202706,419.628366,1219.4589959999998,1219.4589959999998
23,HOME AND KITCHEN I,265.78983,764.66376,328.09613,479.39618,183.81746,-81.97236999999998,62.30630000000002,213.60635000000002,498.87393000000003,498.87393000000003
23,HOME AND KITCHEN II,271.25882,1017.7173,241.24739,395.98523,99.055626,-172.203194,-30.01143000000002,124.72640999999999,746.45848,746.45848
23,HOME APPLIANCES,12.838422,1291.2517,191.28839,465.25864,12.838422,0.0,178.44996799999998,452.42021800000003,1278.413278,1278.413278
23,HOME CARE,2260.9192,2329.4631,2108.086,2242.3435,2080.59,-180.32919999999967,-152.83320000000003,-18.57569999999987,68.54390000000012,68.54390000000012
23,LADIESWEAR,133.99763,988.82794,278.8412,434.14587,133.99763,0.0,144.84357000000003,300.14824,854.83031,854.83031
23,LAWN AND GARDEN,26.167383,1171.2498,203.17899,382.365,26.167383,0.0,177.011607,356.19761700000004,1145.082417,1145.082417
23,LINGERIE,53.195778,1127.1561,204.24878,373.36127,33.325546,-19.870231999999994,151.05300200000002,320.165492,1073.960322,1073.960322
23,"LIQUOR,WINE,BEER",1059.7386,1171.409,939.7188,1084.2893,864.3889,-195.34969999999987,-120.01979999999992,24.550700000000006,111.6704000000002,111.6704000000002
23,MAGAZINES,42.35907,1182.3954,209.4177,371.07224,42.35907,0.0,167.05863,328.71317,1140.0363300000001,1140.0363300000001
23,MEATS,9867.849,10105.873,9819.513,9988.911,9756.959,-110.88999999999942,-48.33599999999933,121.0619999999999,238.02399999999943,238.02399999999943
23,PERSONAL CARE,2661.3733,2673.862,2449.8943,2586.7424,2420.0735,-241.29980000000023,-211.47900000000027,-74.63090000000011,12.48869999999988,12.48869999999988
23,PET SUPPLIES,40.174286,1182.41,208.57658,388.32812,40.174286,0.0,168.402294,348.153834,1142.2357140000001,1142.2357140000001
23,PLAYERS AND ELECTRONICS,59.91162,1076.0549,221.33626,385.24304,59.91162,0.0,161.42464,325.33142,1016.1432800000001,1016.1432800000001
23,POULTRY,5125.4253,5298.927,5080.276,5215.92,5050.141,-75.28430000000026,-45.14930000000004,90.4947000000002,173.5016999999998,173.5016999999998
23,PREPARED FOODS,420.5083,772.90656,525.0213,689.8997,420.5083,0.0,104.51299999999998,269.39140000000003,352.39826,352.39826
23,PRODUCE,20566.838,20430.412,20129.375,20289.752,19693.68,-873.1579999999994,-437.46299999999974,-277.08599999999933,-136.42599999999948,136.42599999999948
23,SCHOOL AND OFFICE SUPPLIES,0.0,3871.9148,1295.9679,2952.785,0.0,0.0,1295.9679,2952.785,3871.9148,3871.9148
23,SEAFOOD,49.585285,1060.1854,89.37458,287.35767,11.517884,-38.067401,39.789294999999996,237.77238499999999,1010.6001150000001,1010.6001150000001
24,AUTOMOTIVE,46.636063,1446.453,205.95084,390.51065,46.636063,0.0,159.314777,343.874587,1399.816937,1399.816937
24,BABY CARE,30.000946,1614.2921,245.45207,544.3923,30.000946,0.0,215.451124,514.391354,1584.291154,1584.291154
24,BEAUTY,169.60837,1330.2065,203.18637,392.8153,62.010437,-107.59793300000001,33.578,223.20692999999997,1160.59813,1160.59813
24,BEVERAGES,57374.402,56868.73,55462.766,56088.23,55277.445,-2096.957000000002,-1911.6359999999986,-1286.1719999999987,-505.67199999999866,505.67199999999866
24,BOOKS,31.582832,3320.1992,669.82983,2163.4583,31.582832,0.0,638.246998,2131.8754679999997,3288.616368,3288.616368
24,BREAD/BAKERY,12449.0205,12520.898,12272.167,12388.164,12210.771,-238.2494999999999,-176.85350000000108,-60.85649999999987,71.87749999999869,71.87749999999869
24,CELEBRATION,212.61266,871.89246,355.1253,506.21338,212.61266,0.0,142.51263999999998,293.60071999999997,659.2798,659.2798
24,CLEANING,19390.182,19342.709,19040.512,19188.594,18874.463,-515.719000000001,-349.6700000000019,-201.58799999999974,-47.473000000001775,47.473000000001775
24,DAIRY,21821.951,21600.795,21254.863,21449.596,21032.908,-789.0430000000015,-567.0879999999997,-372.35499999999956,-221.15600000000268,221.15600000000268
24,DELI,4690.6953,4706.207,4479.612,4603.8467,4447.709,-242.98630000000048,-211.08330000000024,-86.84860000000026,15.511700000000019,15.511700000000019
24,EGGS,3841.9048,4043.578,3817.1758,3941.2175,3785.2788,-56.62599999999975,-24.728999999999814,99.3127000000004,201.67320000000018,201.67320000000018
24,FROZEN FOODS,2772.7395,2977.987,2749.7256,2883.3027,2718.8037,-53.9358000000002,-23.01389999999992,110.56320000000005,205.24749999999995,205.24749999999995
24,GROCERY I,67619.08,66409.43,65448.453,65788.61,65462.92,-2156.1600000000035,-2170.6270000000004,-1830.4700000000012,-1209.6500000000087,1209.6500000000087
24,GROCERY II,584.91675,919.92426,656.1631,814.9736,575.8994,-9.017349999999965,71.24635,230.05685000000005,335.00751,335.00751
24,HARDWARE,34.915955,1334.0586,249.93155,519.81226,34.915955,0.0,215.015595,484.89630500000004,1299.1426450000001,1299.1426450000001
24,HOME AND KITCHEN I,474.82922,856.9448,461.6232,616.5061,367.03372,-107.7955,-13.206020000000024,141.67687999999993,382.11557999999997,382.11557999999997
24,HOME AND KITCHEN II,587.90814,846.05206,577.6795,737.20935,512.8733,-75.03484000000003,-10.228640000000041,149.30120999999997,258.14392,258.14392
24,HOME APPLIANCES,31.74782,2641.473,645.88904,1695.353,31.74782,0.0,614.14122,1663.60518,2609.72518,2609.72518
24,HOME CARE,4618.471,4697.3906,4467.052,4600.943,4434.488,-183.98299999999927,-151.41899999999987,-17.527999999999338,78.91960000000017,78.91960000000017
24,LADIESWEAR,154.9329,989.8158,304.82297,462.37234,154.9329,0.0,149.89007,307.43944,834.8829,834.8829
24,LAWN AND GARDEN,628.6074,907.16504,645.62354,810.71765,587.6126,-40.99479999999994,17.016140000000064,182.11025000000006,278.55764,278.55764
24,LINGERIE,113.79832,1041.2517,264.4822,425.37103,113.79832,0.0,150.68388,311.57271000000003,927.45338,927.45338
24,"LIQUOR,WINE,BEER",1729.3296,1833.4534,1597.3617,1737.0059,1544.9781,-184.3515,-131.9679000000001,7.676300000000083,104.12380000000007,104.12380000000007
24,MAGAZINES,151.05783,1024.3558,297.71454,455.45758,151.05783,0.0,146.65671,304.39975000000004,873.2979700000001,873.2979700000001
24,MEATS,6926.497,7086.361,6829.9175,6985.191,6800.91,-125.58700000000044,-96.57950000000073,58.693999999999505,159.86399999999958,159.86399999999958
24,PERSONAL CARE,4653.2373,4662.8633,4439.041,4566.416,4407.07,-246.16730000000007,-214.1962999999996,-86.82129999999961,9.626000000000204,9.626000000000204
24,PET SUPPLIES,202.68195,722.05963,341.48874,497.9524,202.68195,0.0,138.80679,295.27045,519.3776799999999,519.3776799999999
24,PLAYERS AND ELECTRONICS,117.23649,1145.8324,272.41,433.1802,117.23649,0.0,155.17351000000002,315.94371,1028.59591,1028.59591
24,POULTRY,9099.481,9253.188,9001.1,9142.602,8972.239,-127.24200000000019,-98.3809999999994,43.121000000001004,153.70700000000033,153.70700000000033
24,PREPARED FOODS,1784.8905,2062.9165,1818.7959,1970.582,1784.8905,0.0,33.9054000000001,185.69150000000013,278.02599999999984,278.02599999999984
24,PRODUCE,60898.434,59526.965,58317.484,58807.11,58041.06,-2857.3740000000034,-2580.9500000000044,-2091.3240000000005,-1371.4690000000046,1371.4690000000046
24,SCHOOL AND OFFICE SUPPLIES,0.0,3966.8818,2349.6147,3027.3196,0.0,0.0,2349.6147,3027.3196,3966.8818,3966.8818
24,SEAFOOD,402.78046,714.5189,404.91815,606.0072,370.81345,-31.967010000000016,2.1376900000000205,203.22674,311.73844,311.73844
25,AUTOMOTIVE,31.59401,1432.3585,167.50883,444.94415,31.59401,0.0,135.91482,413.35013999999995,1400.76449,1400.76449
25,BABY CARE,10.830613,1500.7272,149.00108,441.9005,10.830613,0.0,138.170467,431.069887,1489.896587,1489.896587
25,BEAUTY,228.19452,1481.9607,160.80617,441.62723,22.13875,-206.05577,-67.38835,213.43271,1253.76618,1253.76618
25,BEVERAGES,30511.662,30019.477,28932.67,29448.83,28358.346,-2153.315999999999,-1578.992000000002,-1062.8319999999985,-492.1850000000013,492.1850000000013
25,BOOKS,10.008158,6012.7427,2640.764,4871.1636,10.008158,0.0,2630.755842,4861.155442,6002.734542,6002.734542
25,BREAD/BAKERY,5145.868,5218.5415,5009.5786,5131.3438,4980.2847,-165.58330000000024,-136.28940000000057,-14.524200000000747,72.67349999999988,72.67349999999988
25,CELEBRATION,57.11809,1136.3041,216.71526,373.48468,57.11809,0.0,159.59717,316.36659000000003,1079.1860100000001,1079.1860100000001
25,CLEANING,6751.919,6744.9814,6527.636,6658.1284,6499.6284,-252.29060000000027,-224.28299999999945,-93.79060000000027,-6.937600000000202,6.937600000000202
25,DAIRY,8339.963,8254.165,8021.4097,8158.5366,7994.9746,-344.9884000000002,-318.5532999999996,-181.42639999999938,-85.79799999999886,85.79799999999886
25,DELI,2245.097,2273.5767,2041.5902,2186.3784,2008.8573,-236.2397000000003,-203.5068000000001,-58.71860000000015,28.479699999999866,28.479699999999866
25,EGGS,1658.3633,1884.2749,1643.1487,1797.0768,1603.1243,-55.23900000000003,-15.214600000000019,138.71350000000007,225.9115999999999,225.9115999999999
25,FROZEN FOODS,1546.2546,1766.0194,1541.9078,1686.4973,1486.5605,-59.694099999999935,-4.34680000000003,140.2427,219.76479999999992,219.76479999999992
25,GROCERY I,28112.406,27187.84,26658.492,26871.27,26274.25,-1838.155999999999,-1453.9140000000007,-1241.1359999999986,-924.5659999999989,924.5659999999989
25,GROCERY II,223.5394,604.948,351.8977,504.45496,213.17094,-10.368459999999999,128.35829999999999,280.91556,381.4086,381.4086
25,HARDWARE,13.639155,1225.6837,191.59232,411.9773,13.639155,0.0,177.953165,398.338145,1212.044545,1212.044545
25,HOME AND KITCHEN I,315.3391,938.88416,379.42877,533.8009,281.4296,-33.90949999999998,64.08967000000001,218.46179999999998,623.5450599999999,623.5450599999999
25,HOME AND KITCHEN II,314.04047,836.8649,341.9565,496.01257,198.58505,-115.45542000000003,27.916029999999978,181.97209999999995,522.82443,522.82443
25,HOME APPLIANCES,11.425602,1212.9128,188.97064,395.74097,11.425602,0.0,177.545038,384.315368,1201.487198,1201.487198
25,HOME CARE,1618.8364,1711.4893,1476.0426,1630.204,1422.2452,-196.59119999999984,-142.79379999999992,11.367600000000039,92.65290000000005,92.65290000000005
25,LADIESWEAR,8.799822,4284.1323,1873.453,3346.6855,8.799822,0.0,1864.653178,3337.885678,4275.332478,4275.332478
25,LAWN AND GARDEN,493.13324,793.3494,532.3139,693.3123,452.60022,-40.53302000000002,39.18065999999999,200.17906000000005,300.21615999999995,300.21615999999995
25,LINGERIE,42.335907,1030.875,212.4095,388.70956,42.335907,0.0,170.07359300000002,346.373653,988.539093,988.539093
25,"LIQUOR,WINE,BEER",2563.0676,2663.237,2420.4893,2581.9517,2371.5203,-191.54729999999972,-142.57829999999967,18.884100000000217,100.16940000000022,100.16940000000022
25,MAGAZINES,83.26219,1030.994,239.53616,405.25702,83.26219,0.0,156.27397,321.99483,947.7318099999999,947.7318099999999
25,MEATS,3220.978,3399.442,3180.0466,3318.1567,3150.3062,-70.67180000000008,-40.93139999999994,97.17869999999994,178.46399999999994,178.46399999999994
25,PERSONAL CARE,1733.4952,1768.5938,1542.1936,1687.3086,1496.4634,-237.03179999999998,-191.3016,-46.1866,35.09860000000003,35.09860000000003
25,PET SUPPLIES,44.36477,1163.0615,210.43652,382.30255,44.36477,0.0,166.07175,337.93778,1118.6967300000001,1118.6967300000001
25,PLAYERS AND ELECTRONICS,68.47356,1072.6805,226.54501,393.3463,68.47356,0.0,158.07144999999997,324.87273999999996,1004.2069399999999,1004.2069399999999
25,POULTRY,2616.9727,2803.1838,2582.3193,2726.0115,2550.1091,-66.86359999999968,-34.65339999999969,109.03880000000026,186.2111,186.2111
25,PREPARED FOODS,424.45337,769.7795,526.9058,690.72595,424.45337,0.0,102.45242999999999,266.27258,345.32613,345.32613
25,PRODUCE,23164.041,23176.299,22435.93,22699.965,21855.982,-1308.059000000001,-728.1110000000008,-464.07600000000093,12.257999999997992,12.257999999997992
25,SCHOOL AND OFFICE SUPPLIES,0.0,1159.9272,110.86061,353.4012,0.0,0.0,110.86061,353.4012,1159.9272,1159.9272
25,SEAFOOD,43.88407,1030.8479,83.47676,288.36832,0.0,-43.88407,39.59269,244.48424999999997,986.96383,986.96383
26,AUTOMOTIVE,50.08893,1134.2218,165.09296,290.61124,42.710545,-7.378384999999994,115.00403,240.52231,1084.1328700000001,1084.1328700000001
26,BABY CARE,8.219141,7635.757,2914.9197,6550.532,8.219141,0.0,2906.700559,6542.312859000001,7627.537859,7627.537859
26,BEAUTY,27.965157,1337.2113,146.9528,287.7347,11.47177,-16.493387000000002,118.98764299999999,259.769543,1309.2461429999998,1309.2461429999998
26,BEVERAGES,17079.447,17102.223,16744.672,16854.264,16350.439,-729.0079999999998,-334.77500000000146,-225.1830000000009,22.77600000000166,22.77600000000166
26,BOOKS,8.219141,5911.1987,2506.9956,4766.703,8.219141,0.0,2498.776459,4758.483859000001,5902.979559,5902.979559
26,BREAD/BAKERY,3578.3608,3655.5796,3431.7239,3554.3604,3400.2744,-178.08640000000014,-146.63689999999997,-24.0003999999999,77.2188000000001,77.2188000000001
26,CELEBRATION,60.915092,1105.8529,217.50514,376.65866,60.915092,0.0,156.59004800000002,315.743568,1044.9378080000001,1044.9378080000001
26,CLEANING,7423.6143,7506.0327,7239.4185,7382.9346,7207.6333,-215.98099999999977,-184.19580000000042,-40.679700000000594,82.41839999999956,82.41839999999956
26,DAIRY,4431.0806,4437.9277,4207.0513,4336.7085,4174.45,-256.6306000000004,-224.02930000000015,-94.3721000000005,6.847099999999955,6.847099999999955
26,DELI,1644.692,1689.9554,1451.465,1588.7361,1399.4672,-245.22479999999996,-193.2270000000001,-55.95589999999993,45.26340000000005,45.26340000000005
26,EGGS,577.9475,824.94495,568.68243,723.7259,506.7635,-71.18399999999997,-9.265070000000037,145.77840000000003,246.99744999999996,246.99744999999996
26,FROZEN FOODS,637.9432,919.8215,669.07733,826.2784,588.91504,-49.02816000000007,31.134129999999914,188.3352,281.87829999999997,281.87829999999997
26,GROCERY I,27394.295,26413.879,26183.332,26287.633,25911.895,-1482.3999999999978,-1210.9629999999997,-1106.6619999999966,-980.4159999999974,980.4159999999974
26,GROCERY II,356.7481,875.5565,434.75687,586.0295,332.6184,-24.129700000000014,78.00876999999997,229.28139999999996,518.8084,518.8084
26,HARDWARE,10.130218,1202.5488,190.22821,399.49042,10.130218,0.0,180.09799199999998,389.36020199999996,1192.418582,1192.418582
26,HOME AND KITCHEN I,223.63235,942.2547,286.5324,438.76407,142.89745,-80.73490000000001,62.90004999999999,215.13172,718.62235,718.62235
26,HOME AND KITCHEN II,110.21073,955.8429,232.0883,383.57858,82.34229,-27.868439999999993,121.87757,273.36785,845.63217,845.63217
26,HOME APPLIANCES,9.555267,1248.0532,188.34045,436.1427,9.555267,0.0,178.78518300000002,426.587433,1238.497933,1238.497933
26,HOME CARE,1466.2202,1573.352,1333.6683,1478.0457,1276.386,-189.8342,-132.55189999999993,11.82549999999992,107.13180000000011,107.13180000000011
26,LADIESWEAR,10.716287,2173.691,465.98972,1262.7762,10.716287,0.0,455.27343299999995,1252.059913,2162.9747129999996,2162.9747129999996
26,LAWN AND GARDEN,97.18483,998.7868,236.4303,397.6201,80.17763,-17.00720000000001,139.24546999999998,300.43526999999995,901.6019699999999,901.6019699999999
26,LINGERIE,13.505996,1206.3345,192.71127,397.1779,13.505996,0.0,179.205274,383.67190400000004,1192.8285039999998,1192.8285039999998
26,"LIQUOR,WINE,BEER",652.97473,835.48517,558.55927,720.22845,461.44165,-191.53308000000004,-94.41546000000005,67.25371999999993,182.51044000000002,182.51044000000002
26,MAGAZINES,10.464647,1216.8555,187.74734,418.50906,10.464647,0.0,177.282693,408.04441299999996,1206.3908529999999,1206.3908529999999
26,MEATS,4432.626,4605.032,4367.318,4509.726,4335.648,-96.97800000000007,-65.30799999999999,77.09999999999945,172.40599999999995,172.40599999999995
26,PERSONAL CARE,2255.1118,2317.1587,2072.916,2221.8523,2036.7312,-218.3806000000002,-182.19579999999996,-33.259500000000116,62.04689999999982,62.04689999999982
26,PET SUPPLIES,27.64208,1191.9574,205.7746,371.85425,27.64208,0.0,178.13252,344.21216999999996,1164.31532,1164.31532
26,PLAYERS AND ELECTRONICS,16.552485,1189.4968,199.0256,387.9315,16.552485,0.0,182.473115,371.37901500000004,1172.944315,1172.944315
26,POULTRY,2523.2178,2711.514,2478.0208,2620.3206,2444.2341,-78.98369999999977,-45.197000000000116,97.10280000000012,188.29620000000023,188.29620000000023
26,PREPARED FOODS,422.38367,777.3083,510.03085,671.1018,422.38367,0.0,87.64717999999999,248.71813000000003,354.92463000000004,354.92463000000004
26,PRODUCE,9139.198,9124.446,8804.032,8981.184,8669.74,-469.45800000000054,-335.1660000000011,-158.01400000000103,-14.752000000000407,14.752000000000407
26,SCHOOL AND OFFICE SUPPLIES,0.0,1147.7397,108.341545,345.6123,0.0,0.0,108.341545,345.6123,1147.7397,1147.7397
26,SEAFOOD,11.398957,1115.697,85.26814,312.00272,0.0,-11.398957,73.869183,300.603763,1104.2980429999998,1104.2980429999998
27,AUTOMOTIVE,80.23716,1169.2804,211.95808,394.60385,80.23716,0.0,131.72091999999998,314.36669,1089.0432400000002,1089.0432400000002
27,BABY CARE,26.516771,2644.6946,480.33844,1612.0061,26.516771,0.0,453.821669,1585.489329,2618.1778289999997,2618.1778289999997
27,BEAUTY,166.28085,1456.5555,195.58473,408.04477,36.244442,-130.036408,29.30388000000002,241.76392000000004,1290.2746499999998,1290.2746499999998
27,BEVERAGES,53876.832,53485.098,52245.793,52884.434,51935.375,-1941.4570000000022,-1631.0390000000043,-992.398000000001,-391.734000000004,391.734000000004
27,BOOKS,27.911806,2545.9226,416.22165,1440.5352,27.911806,0.0,388.309844,1412.623394,2518.010794,2518.010794
27,BREAD/BAKERY,10632.944,10700.594,10474.638,10587.987,10420.094,-212.85000000000036,-158.30599999999868,-44.957000000000335,67.64999999999964,67.64999999999964
27,CELEBRATION,284.99146,684.72345,406.67612,554.0778,284.99146,0.0,121.68466000000001,269.08634,399.73198999999994,399.73198999999994
27,CLEANING,15446.114,15429.604,15173.685,15314.447,15070.3955,-375.71849999999904,-272.4290000000001,-131.66699999999946,-16.51000000000022,16.51000000000022
27,DAIRY,17079.46,16900.184,16609.504,16779.994,16518.266,-561.1939999999995,-469.9559999999983,-299.46600000000035,-179.27599999999802,179.27599999999802
27,DELI,4931.584,4976.0156,4762.166,4888.818,4731.2954,-200.28859999999986,-169.41799999999967,-42.76599999999962,44.43159999999989,44.43159999999989
27,EGGS,4084.0764,4275.6924,4062.3066,4188.4946,4029.4602,-54.616199999999935,-21.769800000000032,104.41820000000007,191.61599999999999,191.61599999999999
27,FROZEN FOODS,2240.2937,2437.7546,2221.4836,2358.2327,2182.0188,-58.27490000000034,-18.810100000000148,117.93899999999985,197.46090000000004,197.46090000000004
27,GROCERY I,64778.527,63932.08,63048.496,63450.9,62883.027,-1895.5,-1730.0310000000027,-1327.6270000000004,-846.4470000000001,846.4470000000001
27,GROCERY II,469.46558,781.38586,535.84875,688.8129,452.63873,-16.82684999999998,66.38317,219.34732000000002,311.92028,311.92028
27,HARDWARE,41.03239,1215.0922,217.88776,421.63672,41.03239,0.0,176.85537,380.60433,1174.05981,1174.05981
27,HOME AND KITCHEN I,610.7759,854.75604,627.81274,765.94574,528.69464,-82.08125999999993,17.036839999999984,155.16984000000002,243.98014,243.98014
27,HOME AND KITCHEN II,605.5625,803.4996,557.84607,710.0127,477.96857,-127.59393,-47.716429999999946,104.4502,197.9371,197.9371
27,HOME APPLIANCES,27.099728,1333.3278,204.7253,514.66284,27.099728,0.0,177.625572,487.56311199999993,1306.228072,1306.228072
27,HOME CARE,4366.5723,4417.196,4207.058,4335.91,4175.4414,-191.1309000000001,-159.51429999999982,-30.66229999999996,50.6237000000001,50.6237000000001
27,LADIESWEAR,121.1954,1009.1032,276.2492,442.57852,121.1954,0.0,155.05379999999997,321.38312,887.9078,887.9078
27,LAWN AND GARDEN,588.65076,864.005,620.56274,780.8387,552.11487,-36.535889999999995,31.91197999999997,192.18794000000003,275.35424,275.35424
27,LINGERIE,99.44046,1002.654,250.60915,424.11887,99.44046,0.0,151.16869,324.67841,903.21354,903.21354
27,"LIQUOR,WINE,BEER",2475.3438,2546.7085,2310.247,2465.4233,2258.3936,-216.95020000000022,-165.09680000000026,-9.920500000000175,71.36470000000008,71.36470000000008
27,MAGAZINES,52.88505,1216.1211,227.22116,397.2087,52.88505,0.0,174.33611,344.32365000000004,1163.23605,1163.23605
27,MEATS,4965.8486,5132.1143,4923.6035,5050.829,4892.603,-73.2456000000002,-42.24510000000009,84.98039999999946,166.26569999999992,166.26569999999992
27,PERSONAL CARE,4060.5146,4080.6492,3861.0251,3999.3643,3828.4717,-232.04289999999992,-199.48950000000013,-61.15029999999979,20.134599999999864,20.134599999999864
27,PET SUPPLIES,110.08057,929.93463,260.95587,419.06598,110.08057,0.0,150.8753,308.98541,819.85406,819.85406
27,PLAYERS AND ELECTRONICS,98.28396,1103.9127,248.25241,406.9376,98.28396,0.0,149.96845000000002,308.65364,1005.6287400000001,1005.6287400000001
27,POULTRY,6664.916,6827.91,6615.1978,6746.1855,6587.1543,-77.76170000000002,-49.71820000000025,81.26949999999943,162.9939999999997,162.9939999999997
27,PREPARED FOODS,1243.2408,1522.7024,1295.4744,1445.5299,1243.2408,0.0,52.233600000000024,202.28909999999996,279.46159999999986,279.46159999999986
27,PRODUCE,45500.992,44864.473,43967.34,44445.395,43617.777,-1883.2149999999965,-1533.6520000000019,-1055.5970000000016,-636.5190000000002,636.5190000000002
27,SCHOOL AND OFFICE SUPPLIES,2.171952,1202.882,124.81649,385.36563,2.171952,0.0,122.644538,383.19367800000003,1200.7100480000001,1200.7100480000001
27,SEAFOOD,264.49094,704.4497,299.2185,498.03415,221.86852,-42.622420000000034,34.72755999999998,233.54321,439.95876,439.95876
28,AUTOMOTIVE,84.764015,1073.0892,198.8028,380.9035,84.764015,0.0,114.03878499999999,296.13948500000004,988.3251849999999,988.3251849999999
28,BABY CARE,22.063305,4353.9185,953.3312,3268.698,22.063305,0.0,931.267895,3246.6346949999997,4331.855195,4331.855195
28,BEAUTY,98.6607,1376.8519,181.99896,365.74496,44.434235,-54.226465000000005,83.33826,267.08426,1278.1912,1278.1912
28,BEVERAGES,58212.332,54725.17,53428.3,54032.89,53054.082,-5158.25,-4784.031999999999,-4179.442000000003,-3487.162000000004,3487.162000000004
28,BOOKS,22.063305,6358.479,2954.277,5213.984,22.063305,0.0,2932.213695,5191.920695000001,6336.415695000001,6336.415695000001
28,BREAD/BAKERY,11435.149,11339.179,11040.1,11209.766,11000.787,-434.36199999999917,-395.04899999999907,-225.3829999999998,-95.96999999999935,95.96999999999935
28,CELEBRATION,223.04224,711.8877,366.60928,512.03125,223.04224,0.0,143.56704000000002,288.98901,488.84546,488.84546
28,CLEANING,22914.738,22308.102,21801.934,22126.973,21574.344,-1340.3940000000002,-1112.804,-787.7649999999994,-606.6360000000022,606.6360000000022
28,DAIRY,16372.083,16075.446,15717.202,15936.233,15623.443,-748.6400000000012,-654.8810000000012,-435.85000000000036,-296.6370000000006,296.6370000000006
28,DELI,6873.299,6889.622,6650.322,6785.283,6620.336,-252.96299999999974,-222.97699999999986,-88.01599999999962,16.32300000000032,16.32300000000032
28,EGGS,4781.234,4940.041,4691.639,4838.8223,4658.9175,-122.31650000000081,-89.59500000000025,57.588299999999435,158.8069999999998,158.8069999999998
28,FROZEN FOODS,1245.1167,1481.2139,1249.0344,1387.6707,1186.9421,-58.174600000000055,3.917699999999968,142.55399999999986,236.09719999999993,236.09719999999993
28,GROCERY I,79020.69,76721.89,75057.11,76025.73,74788.13,-4232.559999999998,-3963.5800000000017,-2994.9600000000064,-2298.800000000003,2298.800000000003
28,GROCERY II,364.49362,1034.3776,435.41193,592.85406,333.2821,-31.211520000000007,70.91830999999996,228.36043999999998,669.8839800000001,669.8839800000001
28,HARDWARE,29.581394,1207.7588,207.00159,399.98105,29.581394,0.0,177.420196,370.399656,1178.177406,1178.177406
28,HOME AND KITCHEN I,695.48804,903.4208,650.52606,808.1146,591.36725,-104.12078999999994,-44.961979999999926,112.62656000000004,207.93276000000003,207.93276000000003
28,HOME AND KITCHEN II,411.27097,688.60254,430.8416,580.85065,332.10275,-79.16821999999996,19.57063000000005,169.57968,277.33157,277.33157
28,HOME APPLIANCES,30.134607,1230.2993,208.47134,424.21042,30.134607,0.0,178.336733,394.075813,1200.164693,1200.164693
28,HOME CARE,5103.26,5145.0806,4911.344,5049.7744,4879.3945,-223.86549999999988,-191.91600000000017,-53.48559999999998,41.82060000000001,41.82060000000001
28,LADIESWEAR,20.011553,4629.868,2186.9644,3689.5068,20.011553,0.0,2166.952847,3669.4952470000003,4609.856447,4609.856447
28,LAWN AND GARDEN,129.7713,952.70154,251.74533,422.38046,95.15293,-34.61837,121.97403,292.60916000000003,822.93024,822.93024
28,LINGERIE,70.30933,1110.4873,227.16643,395.14606,70.30933,0.0,156.8571,324.83673,1040.17797,1040.17797
28,"LIQUOR,WINE,BEER",1041.9185,1218.4326,982.713,1123.1263,906.654,-135.2645,-59.20550000000003,81.2077999999999,176.5141000000001,176.5141000000001
28,MAGAZINES,31.399076,1198.823,213.67714,397.69284,31.399076,0.0,182.278064,366.293764,1167.4239240000002,1167.4239240000002
28,MEATS,3545.0256,3750.1797,3522.7622,3654.8738,3492.322,-52.703599999999824,-22.26339999999982,109.8481999999999,205.1541000000002,205.1541000000002
28,PERSONAL CARE,5486.945,5502.1006,5253.479,5402.1743,5222.789,-264.15599999999995,-233.46599999999944,-84.77070000000003,15.15560000000005,15.15560000000005
28,PET SUPPLIES,59.47957,1181.1952,227.24226,389.05106,59.47957,0.0,167.76269,329.57149,1121.7156300000001,1121.7156300000001
28,PLAYERS AND ELECTRONICS,66.7507,1158.7876,227.41168,394.4419,66.7507,0.0,160.66098,327.6912,1092.0369,1092.0369
28,POULTRY,3909.4424,4094.52,3868.7803,4003.3264,3836.4895,-72.95289999999977,-40.66210000000001,93.88400000000001,185.07760000000007,185.07760000000007
28,PREPARED FOODS,1303.8018,1562.5156,1325.2794,1471.322,1272.0194,-31.782400000000052,21.47759999999994,167.52019999999993,258.7138,258.7138
28,PRODUCE,29194.406,28511.908,27802.516,28206.258,27435.426,-1758.9799999999996,-1391.8899999999994,-988.1479999999974,-682.4979999999996,682.4979999999996
28,SCHOOL AND OFFICE SUPPLIES,2.0845566,1133.0391,119.85902,322.82617,2.0845566,0.0,117.7744634,320.7416134,1130.9545434,1130.9545434
28,SEAFOOD,39.5953,997.42566,119.214195,337.4348,18.448412,-21.146888,79.61889500000001,297.8395,957.83036,957.83036
29,AUTOMOTIVE,64.18138,1153.3186,184.51828,368.5302,64.18138,0.0,120.3369,304.34882,1089.13722,1089.13722
29,BABY CARE,17.50306,1411.3481,156.20732,344.65396,17.50306,0.0,138.70426,327.1509,1393.84504,1393.84504
29,BEAUTY,92.08662,1394.837,169.70181,354.81342,32.08441,-60.00221,77.61519,262.7268,1302.75038,1302.75038
29,BEVERAGES,51236.023,47689.55,46634.0,47252.96,45354.527,-5881.495999999999,-4602.023000000001,-3983.063000000002,-3546.472999999998,3546.472999999998
29,BOOKS,14.410653,6349.849,2945.6465,5205.3545,14.410653,0.0,2931.235847,5190.9438470000005,6335.438347,6335.438347
29,BREAD/BAKERY,9935.778,9842.731,9569.229,9714.064,9532.441,-403.33699999999953,-366.5490000000009,-221.71399999999994,-93.04700000000048,93.04700000000048
29,CELEBRATION,141.65817,1032.2784,290.97552,438.2377,141.65817,0.0,149.31735,296.57953,890.6202299999999,890.6202299999999
29,CLEANING,16760.275,16421.82,16135.054,16281.931,16025.021,-735.2540000000008,-625.2210000000014,-478.34400000000096,-338.45500000000175,338.45500000000175
29,DAIRY,13290.459,13035.321,12759.014,12903.253,12702.109,-588.3500000000004,-531.4450000000015,-387.20600000000013,-255.13800000000083,255.13800000000083
29,DELI,4806.253,4829.7065,4598.324,4728.4883,4566.57,-239.683,-207.9290000000001,-77.76469999999972,23.45350000000053,23.45350000000053
29,EGGS,4112.516,4273.9355,4031.257,4172.717,4001.8184,-110.69759999999951,-81.25899999999956,60.20100000000002,161.41949999999997,161.41949999999997
29,FROZEN FOODS,1275.103,1504.5013,1270.8324,1410.9581,1212.0027,-63.10030000000006,-4.270600000000059,135.8551,229.39829999999984,229.39829999999984
29,GROCERY I,64864.434,62818.555,61925.7,62369.855,61728.71,-3135.724000000002,-2938.734000000004,-2494.578999999998,-2045.8790000000008,2045.8790000000008
29,GROCERY II,410.07333,855.75574,477.74908,631.158,381.2079,-28.865430000000003,67.67575,221.08467000000002,445.68240999999995,445.68240999999995
29,HARDWARE,21.449627,1213.2405,201.32916,416.62674,21.449627,0.0,179.879533,395.17711299999996,1191.7908730000001,1191.7908730000001
29,HOME AND KITCHEN I,597.06586,818.83734,567.7686,723.53125,500.77054,-96.29532000000006,-29.29726000000005,126.46538999999996,221.77148,221.77148
29,HOME AND KITCHEN II,277.58713,684.74603,363.36435,513.3733,224.8293,-52.75783000000001,85.77722,235.78616999999997,407.1589,407.1589
29,HOME APPLIANCES,19.044773,1270.9117,193.47833,439.1882,19.044773,0.0,174.433557,420.143427,1251.866927,1251.866927
29,HOME CARE,4349.7646,4410.9126,4181.24,4315.6064,4149.884,-199.8806000000004,-168.52460000000065,-34.15820000000076,61.14799999999923,61.14799999999923
29,LADIESWEAR,12.837785,4621.239,2178.3337,3680.8765,12.837785,0.0,2165.495915,3668.0387149999997,4608.401215,4608.401215
29,LAWN AND GARDEN,116.073204,1160.6908,217.21881,378.03952,50.831383,-65.241821,101.14560599999999,261.966316,1044.617596,1044.617596
29,LINGERIE,65.13126,1069.7046,223.13089,390.40237,65.13126,0.0,157.99963,325.27111,1004.57334,1004.57334
29,"LIQUOR,WINE,BEER",1837.7202,1989.7676,1747.7891,1894.4613,1685.7604,-151.9598000000001,-89.93110000000001,56.74109999999996,152.04739999999993,152.04739999999993
29,MAGAZINES,23.155302,1181.6848,204.01247,385.94116,23.155302,0.0,180.857168,362.785858,1158.529498,1158.529498
29,MEATS,2008.8248,2227.0942,1999.1185,2131.7883,1966.5193,-42.305500000000166,-9.706300000000056,122.96350000000007,218.2693999999999,218.2693999999999
29,PERSONAL CARE,4233.602,4252.2646,4021.878,4155.4414,3989.1814,-244.42059999999992,-211.7239999999997,-78.16060000000016,18.662600000000566,18.662600000000566
29,PET SUPPLIES,53.71403,1176.2528,222.72356,382.58463,53.71403,0.0,169.00952999999998,328.8706,1122.5387699999999,1122.5387699999999
29,PLAYERS AND ELECTRONICS,57.702473,1109.0189,217.1249,385.34946,57.702473,0.0,159.422427,327.646987,1051.316427,1051.316427
29,POULTRY,3371.391,3556.248,3323.5496,3465.0547,3291.3113,-80.07970000000023,-47.84140000000025,93.66370000000006,184.85699999999997,184.85699999999997
29,PREPARED FOODS,965.7501,1223.2915,964.41095,1132.0979,902.67456,-63.07553999999993,-1.3391500000000178,166.3478,257.54140000000007,257.54140000000007
29,PRODUCE,23096.375,22532.201,21978.9,22266.744,21495.23,-1601.1450000000004,-1117.4749999999985,-829.6310000000012,-564.1739999999991,564.1739999999991
29,SCHOOL AND OFFICE SUPPLIES,1.1379589,1091.6957,123.028786,324.69907,1.1379589,0.0,121.8908271,323.5611111,1090.5577411,1090.5577411
29,SEAFOOD,82.175735,1003.24805,169.85301,376.64667,64.03411,-18.141625000000005,87.67727500000001,294.47093499999994,921.072315,921.072315
30,AUTOMOTIVE,27.290966,1243.0902,157.77771,286.32935,27.290966,0.0,130.48674400000002,259.03838399999995,1215.799234,1215.799234
30,BABY CARE,10.228563,1333.0343,148.47334,283.55762,10.228563,0.0,138.244777,273.329057,1322.8057370000001,1322.8057370000001
30,BEAUTY,15.70636,1315.957,153.21954,281.1097,15.70636,0.0,137.51318,265.40333999999996,1300.2506400000002,1300.2506400000002
30,BEVERAGES,25831.55,23348.932,22661.889,23032.904,22253.035,-3578.5149999999994,-3169.661,-2798.6460000000006,-2482.6179999999986,2482.6179999999986
30,BOOKS,8.315251,5911.039,2506.836,4766.5435,8.315251,0.0,2498.520749,4758.228249,5902.723749,5902.723749
30,BREAD/BAKERY,2756.2822,2756.041,2543.4795,2668.9177,2515.4026,-240.8796000000002,-212.8027000000002,-87.36450000000013,-0.24119999999993524,0.24119999999993524
30,CELEBRATION,37.884308,1194.3267,200.55324,360.67212,37.884308,0.0,162.66893199999998,322.78781200000003,1156.4423920000002,1156.4423920000002
30,CLEANING,20601.693,18828.406,16054.191,18403.031,15854.692,-4747.001,-4547.501999999999,-2198.6620000000003,-1773.2870000000003,1773.2870000000003
30,DAIRY,5005.6016,4954.423,4741.117,4867.3003,4709.4614,-296.1401999999998,-264.4845999999998,-138.30130000000008,-51.17860000000019,51.17860000000019
30,DELI,2146.0188,2202.9753,1983.5801,2115.852,1954.9238,-191.0949999999998,-162.43869999999993,-30.166799999999967,56.95650000000023,56.95650000000023
30,EGGS,2452.4229,2633.9548,2407.9387,2546.8315,2372.5015,-79.92140000000018,-44.48419999999987,94.40859999999975,181.53189999999995,181.53189999999995
30,FROZEN FOODS,786.33594,1037.731,799.64404,958.2837,727.84265,-58.49329,13.308099999999968,171.9477599999999,251.39505999999994,251.39505999999994
30,GROCERY I,32541.75,30782.258,30018.29,30486.982,29423.52,-3118.2299999999996,-2523.459999999999,-2054.768,-1759.4919999999984,1759.4919999999984
30,GROCERY II,85.76026,1082.0013,204.15866,367.6357,44.272953,-41.487307,118.3984,281.87543999999997,996.2410399999999,996.2410399999999
30,HARDWARE,9.668101,1240.9996,187.26872,425.00046,9.668101,0.0,177.600619,415.332359,1231.3314990000001,1231.3314990000001
30,HOME AND KITCHEN I,207.23979,974.86115,257.7056,407.35727,114.29941,-92.94038,50.465810000000005,200.11748000000003,767.62136,767.62136
30,HOME AND KITCHEN II,80.62686,1061.7521,216.49516,370.89496,61.385273,-19.241586999999996,135.8683,290.2681,981.12524,981.12524
30,HOME APPLIANCES,10.524724,1277.7927,189.10323,453.8116,10.524724,0.0,178.578506,443.286876,1267.2679759999999,1267.2679759999999
30,HOME CARE,2667.3713,2747.3906,2514.391,2666.1802,2484.7073,-182.66399999999976,-152.98029999999972,-1.1911000000000058,80.01930000000038,80.01930000000038
30,LADIESWEAR,9.541829,1258.9214,186.49712,425.70465,9.541829,0.0,176.955291,416.162821,1249.379571,1249.379571
30,LAWN AND GARDEN,7.2223496,4182.204,1739.3005,3241.8413,7.2223496,0.0,1732.0781504000001,3234.6189504,4174.9816504,4174.9816504
30,LINGERIE,32.93593,1136.001,203.36905,364.98038,32.93593,0.0,170.43311999999997,332.04445000000004,1103.0650699999999,1103.0650699999999
30,"LIQUOR,WINE,BEER",964.31116,1201.0283,971.7709,1112.1208,890.17017,-74.14098999999999,7.459740000000011,147.80963999999994,236.71713999999997,236.71713999999997
30,MAGAZINES,11.884553,1262.945,189.0896,442.857,11.884553,0.0,177.20504699999998,430.97244700000005,1251.0604469999998,1251.0604469999998
30,MEATS,1135.1589,1386.7327,1160.0884,1305.5222,1097.0392,-38.119699999999966,24.92950000000019,170.3633000000002,251.57380000000012,251.57380000000012
30,PERSONAL CARE,1821.2227,1915.6144,1672.055,1834.4039,1631.0356,-190.1871000000001,-149.16769999999997,13.18119999999999,94.3916999999999,94.3916999999999
30,PET SUPPLIES,20.667084,1177.4032,202.04344,377.5779,20.667084,0.0,181.37635600000002,356.910816,1156.736116,1156.736116
30,PLAYERS AND ELECTRONICS,45.768547,1137.9023,206.32985,374.64505,45.768547,0.0,160.561303,328.876503,1092.133753,1092.133753
30,POULTRY,1847.1024,2032.4557,1804.885,1955.3582,1774.8802,-72.22219999999993,-42.2174,108.25579999999991,185.3533,185.3533
30,PREPARED FOODS,370.91156,783.31714,463.71252,622.11206,330.5011,-40.41046,92.80095999999998,251.20050000000003,412.40558,412.40558
30,PRODUCE,10691.945,10567.196,10230.389,10431.82,10119.576,-572.3690000000006,-461.5560000000005,-260.125,-124.7489999999998,124.7489999999998
30,SCHOOL AND OFFICE SUPPLIES,0.0,3053.129,1030.8936,2125.8137,0.0,0.0,1030.8936,2125.8137,3053.129,3053.129
30,SEAFOOD,24.656359,1057.3131,79.138756,289.5531,0.3341586,-24.3222004,54.482397000000006,264.89674099999996,1032.656741,1032.656741
31,AUTOMOTIVE,84.304985,1104.0933,201.1308,381.22046,84.304985,0.0,116.82581499999999,296.915475,1019.788315,1019.788315
31,BABY CARE,23.533064,1445.3586,166.1699,384.721,23.533064,0.0,142.63683600000002,361.187936,1421.825536,1421.825536
31,BEAUTY,53.441498,1399.1545,182.73994,364.19565,44.466206,-8.975292000000003,129.298442,310.754152,1345.7130020000002,1345.7130020000002
31,BEVERAGES,52253.227,49743.383,48327.805,48946.684,47878.777,-4374.449999999997,-3925.4219999999987,-3306.542999999998,-2509.8439999999973,2509.8439999999973
31,BOOKS,20.962456,6367.937,2956.6626,5216.3696,20.962456,0.0,2935.700144,5195.407144,6346.974544,6346.974544
31,BREAD/BAKERY,9060.88,9047.244,8812.994,8933.059,8782.115,-278.7649999999994,-247.8859999999986,-127.82099999999991,-13.635999999998603,13.635999999998603
31,CELEBRATION,141.27208,1078.3411,293.53238,440.92065,141.27208,0.0,152.2603,299.64857000000006,937.0690200000001,937.0690200000001
31,CLEANING,22350.03,21822.576,21419.256,21634.828,21159.615,-1190.4149999999972,-930.7739999999976,-715.2019999999975,-527.4539999999979,527.4539999999979
31,DAIRY,12470.686,12348.188,12095.118,12208.457,12046.375,-424.3109999999997,-375.5679999999993,-262.22899999999936,-122.49799999999959,122.49799999999959
31,DELI,4427.8335,4483.1123,4251.8403,4374.821,4215.821,-212.01249999999982,-175.9931999999999,-53.01249999999982,55.27880000000005,55.27880000000005
31,EGGS,5037.5,5195.4395,4967.634,5087.4937,4933.882,-103.6180000000004,-69.86599999999999,49.99369999999999,157.9395000000004,157.9395000000004
31,FROZEN FOODS,1585.5974,1814.2726,1579.8287,1713.6567,1524.5154,-61.08200000000011,-5.768700000000081,128.0592999999999,228.6751999999999,228.6751999999999
31,GROCERY I,74369.484,71930.945,71010.62,71439.414,71029.414,-3340.0699999999924,-3358.8640000000014,-2930.0699999999924,-2438.5389999999898,2438.5389999999898
31,GROCERY II,264.97806,832.1495,370.98508,522.5004,229.07645,-35.90161000000003,106.00701999999995,257.52234,567.17144,567.17144
31,HARDWARE,26.34676,1284.3397,205.0359,454.5839,26.34676,0.0,178.68914,428.23714,1257.99294,1257.99294
31,HOME AND KITCHEN I,445.0332,721.1999,462.7847,615.67065,380.516,-64.5172,17.751499999999965,170.63745,276.16669999999993,276.16669999999993
31,HOME AND KITCHEN II,413.13202,733.5585,461.32574,610.61554,364.15662,-48.975400000000036,48.193719999999985,197.48352,320.42647999999997,320.42647999999997
31,HOME APPLIANCES,22.378933,1289.5408,205.59914,458.48724,22.378933,0.0,183.22020700000002,436.10830699999997,1267.161867,1267.161867
31,HOME CARE,5102.4746,5148.5176,4915.3057,5046.139,4880.2324,-222.24219999999968,-187.16889999999967,-56.33559999999943,46.043000000000575,46.043000000000575
31,LADIESWEAR,44.85397,1224.3425,214.59183,407.09976,32.043682,-12.810288,169.73785999999998,362.24579,1179.48853,1179.48853
31,LAWN AND GARDEN,92.117455,1172.7628,227.49098,413.28226,46.289215,-45.82824000000001,135.373525,321.164805,1080.645345,1080.645345
31,LINGERIE,108.90596,1063.4752,255.34459,411.37717,100.15595,-8.750009999999989,146.43863000000002,302.47121,954.56924,954.56924
31,"LIQUOR,WINE,BEER",554.0447,906.5111,509.5007,670.13464,417.07242,-136.97228,-44.54400000000004,116.08993999999996,352.4664,352.4664
31,MAGAZINES,32.359283,1209.3867,213.79909,405.0773,32.359283,0.0,181.439807,372.718017,1177.027417,1177.027417
31,MEATS,6190.526,6407.087,6144.802,6301.2593,6111.776,-78.75,-45.72400000000016,110.73329999999987,216.5610000000006,216.5610000000006
31,PERSONAL CARE,4772.3394,4789.933,4518.79,4681.3657,4470.6533,-301.6860999999999,-253.54939999999988,-90.97369999999955,17.59360000000015,17.59360000000015
31,PET SUPPLIES,48.170147,1201.4026,227.10297,389.7685,48.170147,0.0,178.93282299999998,341.59835300000003,1153.2324529999999,1153.2324529999999
31,PLAYERS AND ELECTRONICS,85.48627,1152.9479,243.85156,415.86615,85.48627,0.0,158.36529000000002,330.37988,1067.4616299999998,1067.4616299999998
31,POULTRY,2179.033,2383.2832,2147.2805,2285.0173,2112.2644,-66.76859999999988,-31.752500000000055,105.98430000000008,204.25019999999995,204.25019999999995
31,PREPARED FOODS,1000.398,1263.951,1000.398,1165.6849,934.16315,-66.23485000000005,0.0,165.28689999999995,263.553,263.553
31,PRODUCE,25848.625,25219.043,24631.502,24976.957,24122.023,-1726.601999999999,-1217.1229999999996,-871.6680000000015,-629.5819999999985,629.5819999999985
31,SCHOOL AND OFFICE SUPPLIES,15.499548,1177.1329,136.64787,358.66797,5.41768,-10.081868,121.14832200000001,343.168422,1161.633352,1161.633352
31,SEAFOOD,35.342075,1055.1661,91.0766,296.45682,5.5258055,-29.8162695,55.734525,261.11474499999997,1019.8240249999999,1019.8240249999999
32,AUTOMOTIVE,16.648647,1268.7314,155.91138,281.2172,16.648647,0.0,139.262733,264.568553,1252.082753,1252.082753
32,BABY CARE,7.3773293,7633.721,2912.8843,6548.497,7.3773293,0.0,2905.5069707000002,6541.1196707,7626.343670699999,7626.343670699999
32,BEAUTY,28.628399,1329.3959,152.02551,296.274,11.164843,-17.463556000000004,123.397111,267.645601,1300.767501,1300.767501
32,BEVERAGES,16793.344,15467.055,15170.995,15244.164,14744.85,-2048.4940000000006,-1622.3490000000002,-1549.1800000000003,-1326.2890000000007,1326.2890000000007
32,BOOKS,7.3773293,5909.163,2504.9602,4764.6675,7.3773293,0.0,2497.5828707,4757.290170699999,5901.785670699999,5901.785670699999
32,BREAD/BAKERY,2044.8004,2079.483,1862.8665,1992.3596,1827.7886,-217.0118,-181.9339,-52.44080000000008,34.68260000000009,34.68260000000009
32,CELEBRATION,18.19572,1380.5007,193.24608,362.20474,18.19572,0.0,175.05036,344.00902,1362.3049800000001,1362.3049800000001
32,CLEANING,15480.166,14462.957,11250.555,13846.455,11091.191,-4388.9749999999985,-4229.610999999999,-1633.7109999999993,-1017.2089999999989,1017.2089999999989
32,DAIRY,3081.6733,3126.2505,2907.7827,3039.1272,2878.7476,-202.92569999999978,-173.89059999999972,-42.546100000000024,44.577200000000175,44.577200000000175
32,DELI,1830.1091,1900.1228,1678.0277,1812.9995,1639.3544,-190.75469999999996,-152.0813999999998,-17.1096,70.0137000000002,70.0137000000002
32,EGGS,3322.1538,3536.0078,3295.9666,3448.8845,3266.1956,-55.95820000000003,-26.187199999999848,126.73070000000007,213.85399999999981,213.85399999999981
32,FROZEN FOODS,263.86456,652.71967,371.75592,523.2034,240.14925,-23.715309999999988,107.89136000000002,259.33884,388.85510999999997,388.85510999999997
32,GROCERY I,24460.367,22850.338,22529.994,22690.084,22314.072,-2146.2949999999983,-1930.3729999999996,-1770.2829999999994,-1610.0289999999986,1610.0289999999986
32,GROCERY II,35.57194,1142.2834,195.29448,382.58972,23.583858,-11.988081999999999,159.72253999999998,347.01778,1106.71146,1106.71146
32,HARDWARE,8.194387,1304.3451,183.4505,472.18646,8.194387,0.0,175.256113,463.992073,1296.150713,1296.150713
32,HOME AND KITCHEN I,173.21515,1023.6305,265.08316,418.35153,116.18322,-57.03192999999999,91.86801000000003,245.13638000000003,850.41535,850.41535
32,HOME AND KITCHEN II,30.582882,1116.7026,197.87927,358.37122,30.582882,0.0,167.29638799999998,327.788338,1086.1197180000001,1086.1197180000001
32,HOME APPLIANCES,6.3169856,1685.9945,325.43185,824.3882,6.3169856,0.0,319.1148644,818.0712144,1679.6775144,1679.6775144
32,HOME CARE,1639.5364,1739.9716,1518.4618,1658.7611,1467.8021,-171.73429999999985,-121.07459999999992,19.224699999999984,100.43520000000012,100.43520000000012
32,LADIESWEAR,6.3169856,4180.328,1737.4248,3239.9656,6.3169856,0.0,1731.1078144,3233.6486144,4174.0110144,4174.0110144
32,LAWN AND GARDEN,6.3169856,4180.328,1737.4248,3239.9656,6.3169856,0.0,1731.1078144,3233.6486144,4174.0110144,4174.0110144
32,LINGERIE,8.413849,1260.4402,183.45538,430.87717,8.413849,0.0,175.041531,422.46332099999995,1252.026351,1252.026351
32,"LIQUOR,WINE,BEER",695.70703,976.63763,721.4053,865.5368,621.0368,-74.67023000000006,25.69826999999998,169.82976999999994,280.9305999999999,280.9305999999999
32,MAGAZINES,6.98216,1577.5592,217.21854,682.5289,6.98216,0.0,210.23638,675.54674,1570.57704,1570.57704
32,MEATS,1188.4225,1433.7402,1204.4316,1352.5297,1147.0438,-41.37869999999998,16.00909999999999,164.10720000000015,245.31770000000006,245.31770000000006
32,PERSONAL CARE,1361.7975,1434.945,1210.8615,1353.7344,1154.7231,-207.07439999999997,-150.93599999999992,-8.06309999999985,73.14750000000004,73.14750000000004
32,PET SUPPLIES,14.177225,1229.0336,190.48209,406.16183,14.177225,0.0,176.304865,391.984605,1214.856375,1214.856375
32,PLAYERS AND ELECTRONICS,28.861887,1206.2773,196.05269,402.79102,16.68235,-12.179537,167.19080300000002,373.929133,1177.415413,1177.415413
32,POULTRY,924.34454,1179.9332,938.3324,1102.8357,875.96954,-48.375,13.987859999999955,178.49116000000004,255.5886599999999,255.5886599999999
32,PREPARED FOODS,134.34856,998.01276,286.34668,445.79825,134.34856,0.0,151.99812,311.44969000000003,863.6641999999999,863.6641999999999
32,PRODUCE,4144.34,4196.5156,4009.8438,4085.7478,3962.423,-181.91700000000037,-134.49620000000004,-58.59220000000005,52.17559999999958,52.17559999999958
32,SCHOOL AND OFFICE SUPPLIES,0.0,3051.3281,1029.0419,2124.0127,0.0,0.0,1029.0419,2124.0127,3051.3281,3051.3281
32,SEAFOOD,23.884071,1101.0022,85.97223,300.53384,0.0,-23.884071,62.088159,276.649769,1077.118129,1077.118129
33,AUTOMOTIVE,72.96103,1076.2808,186.3011,311.52356,72.96103,0.0,113.34007,238.56252999999998,1003.3197700000001,1003.3197700000001
33,BABY CARE,9.60297,7901.7876,3178.0432,6816.5625,9.60297,0.0,3168.44023,6806.95953,7892.18463,7892.18463
33,BEAUTY,47.78746,1304.5912,156.39857,285.57843,24.76343,-23.024030000000003,108.61111,237.79097000000002,1256.80374,1256.80374
33,BEVERAGES,35797.812,33113.4,32210.18,32699.855,31433.42,-4364.392,-3587.631999999998,-3097.9569999999985,-2684.4119999999966,2684.4119999999966
33,BOOKS,9.60297,6177.228,2770.1191,5032.733,9.60297,0.0,2760.51613,5023.13003,6167.62503,6167.62503
33,BREAD/BAKERY,4206.0825,4224.693,4014.3955,4137.57,3984.753,-221.32950000000028,-191.68700000000035,-68.51250000000073,18.610499999999774,18.610499999999774
33,CELEBRATION,236.60739,1135.3582,371.03094,537.0313,236.60739,0.0,134.42354999999998,300.42391,898.7508099999999,898.7508099999999
33,CLEANING,17058.572,16830.69,16563.27,16704.432,16457.758,-600.8139999999985,-495.3019999999997,-354.1399999999994,-227.88200000000143,227.88200000000143
33,DAIRY,7653.3667,7614.87,7380.461,7518.904,7352.3022,-301.0644999999995,-272.90569999999934,-134.46269999999913,-38.49669999999969,38.49669999999969
33,DELI,3151.6042,3208.7979,2998.8347,3121.6743,2966.9973,-184.60690000000022,-152.76950000000033,-29.92990000000009,57.19369999999981,57.19369999999981
33,EGGS,2662.122,2835.405,2613.3608,2748.2817,2576.0022,-86.11979999999994,-48.76119999999992,86.15970000000016,173.28300000000036,173.28300000000036
33,FROZEN FOODS,1111.8656,1336.926,1113.5502,1257.4788,1046.089,-65.77660000000014,1.6845999999998185,145.6132,225.06039999999985,225.06039999999985
33,GROCERY I,51091.78,49420.156,48786.156,49194.688,48461.105,-2630.6749999999956,-2305.623999999996,-1897.091999999997,-1671.6239999999962,1671.6239999999962
33,GROCERY II,70.97808,1135.1566,204.51588,375.96243,44.14508,-26.833000000000006,133.5378,304.98434999999995,1064.17852,1064.17852
33,HARDWARE,12.019814,1208.6979,191.81087,407.56042,12.019814,0.0,179.791056,395.540606,1196.678086,1196.678086
33,HOME AND KITCHEN I,364.9262,680.78107,424.45676,582.40594,333.56476,-31.361440000000016,59.53055999999998,217.47974,315.85487,315.85487
33,HOME AND KITCHEN II,275.37112,604.21234,358.3212,511.59766,223.4903,-51.88082000000003,82.95007999999996,236.22654,328.84122,328.84122
33,HOME APPLIANCES,11.41064,1264.204,187.34671,444.11615,11.41064,0.0,175.93607,432.70551,1252.79336,1252.79336
33,HOME CARE,3758.9937,3803.376,3585.3557,3722.1658,3555.0303,-203.9634000000001,-173.63799999999992,-36.82789999999977,44.382300000000214,44.382300000000214
33,LADIESWEAR,8.410733,4448.392,2002.5831,3508.03,8.410733,0.0,1994.1723670000001,3499.619267,4439.981267,4439.981267
33,LAWN AND GARDEN,8.410733,4448.392,2002.5831,3508.03,8.410733,0.0,1994.1723670000001,3499.619267,4439.981267,4439.981267
33,LINGERIE,151.30972,948.3379,297.27576,454.67816,151.30972,0.0,145.96604,303.36843999999996,797.02818,797.02818
33,"LIQUOR,WINE,BEER",720.6651,975.4155,722.75714,874.1536,623.95734,-96.70776000000001,2.0920399999999972,153.48849999999993,254.7503999999999,254.7503999999999
33,MAGAZINES,18.01831,1196.8928,195.18518,397.9231,18.01831,0.0,177.16687000000002,379.90479,1178.8744900000002,1178.8744900000002
33,MEATS,4652.974,4849.4673,4631.6113,4768.257,4600.533,-52.4409999999998,-21.362700000000586,115.28299999999945,196.4933000000001,196.4933000000001
33,PERSONAL CARE,3585.141,3615.7659,3401.6233,3534.5557,3370.568,-214.57299999999987,-183.51769999999988,-50.58530000000019,30.624899999999798,30.624899999999798
33,PET SUPPLIES,23.500027,1182.978,200.6239,397.37665,23.500027,0.0,177.123873,373.876623,1159.477973,1159.477973
33,PLAYERS AND ELECTRONICS,57.2255,1071.7836,216.41422,389.1902,57.2255,0.0,159.18872,331.9647,1014.5581,1014.5581
33,POULTRY,3616.6553,3786.8057,3574.186,3709.7083,3542.1553,-74.5,-42.46929999999975,93.05299999999988,170.1504,170.1504
33,PREPARED FOODS,524.06696,823.97034,564.4635,734.4776,497.7432,-26.323759999999993,40.39653999999996,210.41064000000006,299.90337999999997,299.90337999999997
33,PRODUCE,23635.043,23031.031,22661.254,22903.85,22225.678,-1409.3650000000016,-973.7890000000007,-731.1930000000029,-604.0120000000024,604.0120000000024
33,SCHOOL AND OFFICE SUPPLIES,0.0,3319.3923,1294.2007,2392.0757,0.0,0.0,1294.2007,2392.0757,3319.3923,3319.3923
33,SEAFOOD,15.452177,1112.7369,89.06712,308.88412,0.0,-15.452177,73.614943,293.431943,1097.2847230000002,1097.2847230000002
34,AUTOMOTIVE,52.52295,1346.7963,208.57108,396.66263,52.52295,0.0,156.04813,344.13968,1294.27335,1294.27335
34,BABY CARE,28.661127,1548.0266,248.9686,470.33847,28.661127,0.0,220.30747300000002,441.67734299999995,1519.3654729999998,1519.3654729999998
34,BEAUTY,118.14696,1451.4594,203.06516,385.1744,41.88173,-76.26523,84.91819999999998,267.02743999999996,1333.31244,1333.31244
34,BEVERAGES,39951.72,37804.816,37180.1,37550.594,36747.035,-3204.6849999999977,-2771.6200000000026,-2401.126000000004,-2146.9040000000023,2146.9040000000023
34,BOOKS,27.931583,7201.9194,3791.426,6029.2114,27.931583,0.0,3763.494417,6001.279817000001,7173.987817,7173.987817
34,BREAD/BAKERY,10473.353,10444.132,10187.061,10289.498,10139.636,-333.71699999999873,-286.29199999999946,-183.85499999999956,-29.22099999999955,29.22099999999955
34,CELEBRATION,103.64402,1053.6926,252.95827,409.0202,93.18565,-10.458370000000002,149.31425000000002,305.37618,950.0485800000001,950.0485800000001
34,CLEANING,13965.234,13760.374,13482.552,13598.5205,13427.288,-537.9459999999999,-482.6820000000007,-366.71349999999984,-204.86000000000058,204.86000000000058
34,DAIRY,11699.311,11544.338,11281.497,11386.363,11237.292,-462.01900000000023,-417.8140000000003,-312.9480000000003,-154.97299999999996,154.97299999999996
34,DELI,4010.678,4084.3586,3829.4434,3954.928,3793.0527,-217.6252999999997,-181.23459999999977,-55.75,73.68060000000014,73.68060000000014
34,EGGS,2279.355,2494.395,2219.2322,2364.9639,2179.6238,-99.73120000000017,-60.1228000000001,85.60890000000018,215.03999999999996,215.03999999999996
34,FROZEN FOODS,1133.4749,1413.1172,1134.7864,1291.3619,1074.8796,-58.59529999999995,1.3115000000000236,157.88700000000017,279.6423,279.6423
34,GROCERY I,64224.242,62479.594,61526.71,61883.715,61365.0,-2859.2419999999984,-2697.5319999999992,-2340.527000000002,-1744.648000000001,1744.648000000001
34,GROCERY II,114.53655,1242.156,246.09103,404.78433,72.298904,-42.23764600000001,131.55447999999998,290.24778000000003,1127.61945,1127.61945
34,HARDWARE,55.79795,1220.5115,235.02934,396.2472,55.79795,0.0,179.23138999999998,340.44925,1164.7135500000002,1164.7135500000002
34,HOME AND KITCHEN I,588.64667,862.1836,579.50336,738.66547,511.22894,-77.41772999999995,-9.143309999999929,150.01880000000006,273.53693,273.53693
34,HOME AND KITCHEN II,553.7314,920.73535,546.9718,710.44934,481.606,-72.12540000000001,-6.759599999999978,156.71794,367.00395000000003,367.00395000000003
34,HOME APPLIANCES,34.61329,1347.4158,241.69444,501.90714,34.61329,0.0,207.08114999999998,467.29385,1312.80251,1312.80251
34,HOME CARE,3722.7075,3816.0364,3563.6943,3692.518,3528.7205,-193.98700000000008,-159.01319999999987,-30.189499999999953,93.32889999999998,93.32889999999998
34,LADIESWEAR,63.560238,1214.534,225.59555,397.56503,51.681087,-11.879151,162.035312,334.00479199999995,1150.973762,1150.973762
34,LAWN AND GARDEN,115.762436,1229.4728,245.38683,420.98486,77.3086,-38.453835999999995,129.624394,305.22242400000005,1113.710364,1113.710364
34,LINGERIE,47.199364,1264.7217,224.28758,409.67648,47.199364,0.0,177.088216,362.477116,1217.522336,1217.522336
34,"LIQUOR,WINE,BEER",821.75934,1021.7127,740.1698,888.0124,645.7798,-175.97953999999993,-81.58953999999994,66.25306,199.9533600000001,199.9533600000001
34,MAGAZINES,43.888035,1256.3835,228.85332,430.70248,43.888035,0.0,184.965285,386.814445,1212.495465,1212.495465
34,MEATS,2909.941,3154.9731,2895.142,3031.455,2859.5737,-50.36729999999989,-14.798999999999978,121.51400000000012,245.03210000000036,245.03210000000036
34,PERSONAL CARE,4408.6685,4449.89,4194.8765,4326.372,4158.9644,-249.70409999999993,-213.79199999999946,-82.29649999999947,41.22150000000056,41.22150000000056
34,PET SUPPLIES,76.17137,1210.709,303.07678,481.23364,76.17137,0.0,226.90541,405.06227,1134.53763,1134.53763
34,PLAYERS AND ELECTRONICS,78.71262,1183.3793,240.0871,407.87643,78.71262,0.0,161.37448,329.16381,1104.66668,1104.66668
34,POULTRY,2427.2607,2642.6523,2386.885,2523.247,2353.9033,-73.35739999999987,-40.3756999999996,95.98630000000003,215.39160000000038,215.39160000000038
34,PREPARED FOODS,577.28296,905.1667,616.68933,783.88007,551.2211,-26.061860000000024,39.40637000000004,206.59711000000004,327.88374,327.88374
34,PRODUCE,12934.371,12775.041,12427.703,12590.449,12231.3955,-702.9754999999986,-506.66799999999967,-343.92199999999866,-159.32999999999993,159.32999999999993
34,SCHOOL AND OFFICE SUPPLIES,6.793961,1253.089,185.97394,397.7678,6.793961,0.0,179.179979,390.973839,1246.2950389999999,1246.2950389999999
34,SEAFOOD,16.384996,1183.7086,137.20645,337.64355,3.5793667,-12.805629300000001,120.82145399999999,321.258554,1167.323604,1167.323604
35,AUTOMOTIVE,51.80577,1130.4407,169.79404,296.73944,44.284664,-7.521106000000003,117.98827,244.93367,1078.6349300000002,1078.6349300000002
35,BABY CARE,7.72905,5360.6733,1450.6327,4275.452,7.72905,0.0,1442.9036500000002,4267.72295,5352.9442500000005,5352.9442500000005
35,BEAUTY,56.542114,1327.9143,149.97507,282.52634,10.481588,-46.060525999999996,93.43295599999999,225.984226,1271.3721859999998,1271.3721859999998
35,BEVERAGES,23825.389,21948.232,21481.467,21693.7,21168.186,-2657.2029999999977,-2343.9219999999987,-2131.6889999999985,-1877.1569999999992,1877.1569999999992
35,BOOKS,7.72905,5913.4644,2506.3555,4768.9688,7.72905,0.0,2498.62645,4761.23975,5905.73535,5905.73535
35,BREAD/BAKERY,1648.1771,1736.9154,1509.0936,1649.792,1461.5981,-186.57900000000018,-139.08350000000019,1.6148999999998068,88.73829999999998,88.73829999999998
35,CELEBRATION,42.871117,1358.9009,199.70378,379.16153,30.6192,-12.251916999999999,156.832663,336.29041300000006,1316.0297830000002,1316.0297830000002
35,CLEANING,8220.259,8065.597,7830.383,7970.3765,7797.0825,-423.1764999999996,-389.8760000000002,-249.8824999999997,-154.66200000000026,154.66200000000026
35,DAIRY,3248.8096,3297.1992,3075.1687,3210.0757,3041.97,-206.83960000000025,-173.64089999999987,-38.733900000000176,48.38959999999997,48.38959999999997
35,DELI,1614.731,1700.6779,1470.3564,1613.5546,1422.9357,-191.7953,-144.3746000000001,-1.1764000000000578,85.94689999999991,85.94689999999991
35,EGGS,2465.214,2633.3293,2386.4885,2545.447,2335.0989,-130.11509999999998,-78.72550000000001,80.23300000000017,168.11529999999993,168.11529999999993
35,FROZEN FOODS,816.24207,1068.1891,843.615,984.97925,756.2682,-59.97387000000003,27.372929999999997,168.73717999999997,251.94703000000004,251.94703000000004
35,GROCERY I,30761.848,29492.496,28764.71,29335.873,28487.402,-2274.4460000000036,-1997.1380000000026,-1425.9750000000022,-1269.3520000000026,1269.3520000000026
35,GROCERY II,103.6573,1001.0344,220.64644,396.97095,57.26571,-46.39159000000001,116.98914,293.31365,897.3771,897.3771
35,HARDWARE,6.8528633,1304.7172,184.76157,468.4699,6.8528633,0.0,177.9087067,461.61703669999997,1297.8643367,1297.8643367
35,HOME AND KITCHEN I,206.53171,983.53174,288.579,445.2436,142.03764,-64.49407,82.04729,238.71189,777.00003,777.00003
35,HOME AND KITCHEN II,117.13324,1056.2502,231.55803,389.26486,81.107285,-36.025954999999996,114.42479,272.13162,939.11696,939.11696
35,HOME APPLIANCES,9.955154,1312.1101,184.93518,486.83124,9.955154,0.0,174.980026,476.876086,1302.154946,1302.154946
35,HOME CARE,1840.115,1927.6271,1706.4584,1846.4166,1667.0625,-173.0525,-133.65660000000003,6.301600000000008,87.51209999999992,87.51209999999992
35,LADIESWEAR,6.668706,4184.629,1738.8202,3244.2666,6.668706,0.0,1732.1514940000002,3237.597894,4177.9602939999995,4177.9602939999995
35,LAWN AND GARDEN,6.668706,4184.629,1738.8202,3244.2666,6.668706,0.0,1732.1514940000002,3237.597894,4177.9602939999995,4177.9602939999995
35,LINGERIE,8.865012,1253.1063,186.6407,431.29297,8.865012,0.0,177.775688,422.42795800000005,1244.241288,1244.241288
35,"LIQUOR,WINE,BEER",814.10614,1049.481,767.44464,918.13837,662.74023,-151.36590999999999,-46.66149999999993,104.03223000000003,235.37486,235.37486
35,MAGAZINES,11.0684185,1214.9685,188.67235,413.83096,11.0684185,0.0,177.6039315,402.7625415,1203.9000815,1203.9000815
35,MEATS,3398.9539,3601.1975,3386.5295,3519.9873,3353.5476,-45.4063000000001,-12.424399999999878,121.0333999999998,202.24360000000024,202.24360000000024
35,PERSONAL CARE,1519.4547,1583.1208,1356.3411,1501.9104,1307.0493,-212.4054000000001,-163.1135999999999,-17.54430000000002,63.666099999999915,63.666099999999915
35,PET SUPPLIES,14.914209,1216.0266,197.1462,405.8488,14.914209,0.0,182.231991,390.93459099999995,1201.112391,1201.112391
35,PLAYERS AND ELECTRONICS,15.771923,1201.2529,197.4821,405.93677,15.771923,0.0,181.71017700000002,390.164847,1185.480977,1185.480977
35,POULTRY,906.25684,1119.7661,888.1538,1042.6686,815.4903,-90.76653999999996,-18.103039999999964,136.41175999999996,213.50926000000004,213.50926000000004
35,PREPARED FOODS,329.49365,784.9195,444.61475,604.8387,304.24304,-25.250609999999995,115.12110000000001,275.34505,455.42584999999997,455.42584999999997
35,PRODUCE,7497.0947,7384.3354,7089.433,7264.5684,6993.596,-503.4987000000001,-407.66169999999966,-232.52629999999954,-112.75929999999971,112.75929999999971
35,SCHOOL AND OFFICE SUPPLIES,0.0,1324.8639,120.528305,485.64035,0.0,0.0,120.528305,485.64035,1324.8639,1324.8639
35,SEAFOOD,0.0,1355.758,142.39201,511.28543,0.0,0.0,142.39201,511.28543,1355.758,1355.758
36,AUTOMOTIVE,39.691433,1404.8685,172.92749,354.94208,39.691433,0.0,133.23605700000002,315.25064699999996,1365.177067,1365.177067
36,BABY CARE,16.071882,1821.9988,272.87036,760.2562,16.071882,0.0,256.798478,744.1843180000001,1805.9269180000001,1805.9269180000001
36,BEAUTY,66.11026,1373.6641,163.2335,346.99423,25.547283,-40.562977,97.12324,280.88397000000003,1307.55384,1307.55384
36,BEVERAGES,48110.79,45399.28,44618.445,45034.133,43939.527,-4171.262999999999,-3492.345000000001,-3076.6569999999992,-2711.510000000002,2711.510000000002
36,BOOKS,14.410653,6349.849,2945.6465,5205.3545,14.410653,0.0,2931.235847,5190.9438470000005,6335.438347,6335.438347
36,BREAD/BAKERY,7632.7695,7622.1445,7389.2944,7517.8916,7363.482,-269.28750000000036,-243.47510000000057,-114.87790000000041,-10.625,10.625
36,CELEBRATION,126.068665,969.991,280.79022,432.438,126.068665,0.0,154.72155499999997,306.369335,843.922335,843.922335
36,CLEANING,14559.767,14340.742,14085.152,14209.834,14028.837,-530.9300000000003,-474.6149999999998,-349.9329999999991,-219.02499999999964,219.02499999999964
36,DAIRY,10735.951,10615.671,10372.638,10489.358,10338.038,-397.91299999999865,-363.3129999999983,-246.59299999999894,-120.27999999999884,120.27999999999884
36,DELI,3724.126,3798.5881,3570.675,3697.3691,3538.3147,-185.8113000000003,-153.45100000000002,-26.756900000000314,74.46209999999974,74.46209999999974
36,EGGS,2500.9197,2672.506,2439.3718,2571.2869,2406.5942,-94.32549999999992,-61.54790000000003,70.36720000000014,171.58629999999994,171.58629999999994
36,FROZEN FOODS,1543.338,1782.8986,1550.5704,1689.3553,1499.3965,-43.941499999999905,7.232400000000098,146.01729999999998,239.56060000000002,239.56060000000002
36,GROCERY I,60936.5,59185.78,58177.92,58774.727,57931.945,-3004.5550000000003,-2758.5800000000017,-2161.773000000001,-1750.7200000000012,1750.7200000000012
36,GROCERY II,108.304634,1102.936,245.27507,452.33563,88.10408,-20.200553999999997,136.970436,344.03099599999996,994.631366,994.631366
36,HARDWARE,19.229599,1253.6971,196.94724,433.37704,19.229599,0.0,177.717641,414.147441,1234.467501,1234.467501
36,HOME AND KITCHEN I,336.52347,690.1147,379.076,531.938,253.32524,-83.19822999999997,42.55253000000005,195.41453,353.59123,353.59123
36,HOME AND KITCHEN II,193.49347,1106.1406,250.43561,402.89413,100.7202,-92.77327,56.942139999999995,209.40066000000002,912.64713,912.64713
36,HOME APPLIANCES,13.878145,1517.5543,192.85046,624.0169,13.878145,0.0,178.972315,610.138755,1503.676155,1503.676155
36,HOME CARE,3471.0942,3557.705,3333.9973,3462.399,3304.8586,-166.23559999999998,-137.0969,-8.695200000000114,86.61079999999993,86.61079999999993
36,LADIESWEAR,12.837785,4621.239,2178.3337,3680.8765,12.837785,0.0,2165.495915,3668.0387149999997,4608.401215,4608.401215
36,LAWN AND GARDEN,495.46567,813.21356,549.7762,707.86896,465.5094,-29.95626999999996,54.31053000000003,212.40329000000003,317.74789000000004,317.74789000000004
36,LINGERIE,46.051018,1114.5355,211.1842,388.37152,46.051018,0.0,165.133182,342.320502,1068.4844819999998,1068.4844819999998
36,"LIQUOR,WINE,BEER",982.6188,1138.4199,895.79333,1043.1136,821.7052,-160.91359999999997,-86.82547,60.49479999999994,155.80110000000013,155.80110000000013
36,MAGAZINES,22.966085,1230.9658,197.33833,411.55246,22.966085,0.0,174.37224500000002,388.586375,1207.999715,1207.999715
36,MEATS,3637.3472,3843.2776,3614.8394,3747.9714,3583.4014,-53.94579999999996,-22.507800000000316,110.62419999999975,205.93039999999974,205.93039999999974
36,PERSONAL CARE,3523.2195,3573.7976,3350.4248,3478.4915,3318.666,-204.55349999999999,-172.79470000000038,-44.728000000000065,50.57809999999972,50.57809999999972
36,PET SUPPLIES,31.615843,1208.4022,208.39278,400.8345,31.615843,0.0,176.77693699999998,369.218657,1176.786357,1176.786357
36,PLAYERS AND ELECTRONICS,52.163303,1158.8259,213.554,380.97623,52.163303,0.0,161.390697,328.812927,1106.662597,1106.662597
36,POULTRY,2025.5503,2206.1304,1987.1843,2114.937,1956.8085,-68.74180000000001,-38.36600000000021,89.38669999999979,180.5800999999999,180.5800999999999
36,PREPARED FOODS,659.585,923.76965,664.46967,832.5764,612.3183,-47.266700000000014,4.884669999999915,172.9914,264.1846499999999,264.1846499999999
36,PRODUCE,22785.781,22587.094,21977.385,22322.947,21540.605,-1245.1759999999995,-808.3960000000006,-462.8339999999989,-198.68699999999808,198.68699999999808
36,SCHOOL AND OFFICE SUPPLIES,0.0,1228.2993,116.881805,409.81708,0.0,0.0,116.881805,409.81708,1228.2993,1228.2993
36,SEAFOOD,29.861393,1150.8739,93.33103,342.06958,0.0,-29.861393,63.469637,312.20818699999995,1121.0125070000001,1121.0125070000001
37,AUTOMOTIVE,51.616787,1267.0078,175.59125,366.19757,51.616787,0.0,123.974463,314.580783,1215.3910130000002,1215.3910130000002
37,BABY CARE,22.228931,7847.609,3362.3667,6769.388,22.228931,0.0,3340.137769,6747.159069,7825.380069000001,7825.380069000001
37,BEAUTY,257.02032,1407.6332,182.81694,364.07626,50.41959,-206.60073000000003,-74.20338000000004,107.05593999999996,1150.61288,1150.61288
37,BEVERAGES,48691.203,48283.527,47172.098,47771.75,46935.58,-1755.6229999999996,-1519.1050000000032,-919.4530000000013,-407.6759999999995,407.6759999999995
37,BOOKS,22.228931,6327.0405,2954.4429,5189.5493,22.228931,0.0,2932.213969,5167.320369,6304.811569,6304.811569
37,BREAD/BAKERY,9218.825,9286.076,9063.981,9181.922,9038.686,-180.13900000000103,-154.84400000000096,-36.90300000000025,67.25099999999838,67.25099999999838
37,CELEBRATION,100.27699,1089.3401,251.18355,403.19818,100.27699,0.0,150.90656,302.92118999999997,989.0631099999999,989.0631099999999
37,CLEANING,17478.441,17394.416,17140.404,17274.32,17001.453,-476.98799999999756,-338.03700000000026,-204.12099999999919,-84.02499999999782,84.02499999999782
37,DAIRY,15116.309,15016.764,14766.093,14896.31,14664.455,-451.85399999999936,-350.21599999999853,-219.9989999999998,-99.54500000000007,99.54500000000007
37,DELI,2723.0752,2764.851,2553.082,2684.7314,2523.4626,-199.61260000000038,-169.99320000000034,-38.3438000000001,41.77579999999989,41.77579999999989
37,EGGS,2255.017,2443.4568,2231.7336,2363.3374,2203.094,-51.922999999999774,-23.2833999999998,108.32040000000006,188.4398000000001,188.4398000000001
37,FROZEN FOODS,2121.4893,2308.0513,2110.5144,2235.608,2080.8884,-40.600900000000365,-10.974900000000162,114.11869999999999,186.5619999999999,186.5619999999999
37,GROCERY I,61895.293,60658.184,59649.93,60213.67,59171.3,-2723.992999999995,-2245.3629999999976,-1681.6229999999996,-1237.1089999999967,1237.1089999999967
37,GROCERY II,867.449,1154.2632,919.97833,1080.0566,856.04443,-11.404569999999921,52.52933000000007,212.60759999999993,286.81420000000014,286.81420000000014
37,HARDWARE,30.234755,1157.3433,213.55202,383.69736,30.234755,0.0,183.317265,353.462605,1127.108545,1127.108545
37,HOME AND KITCHEN I,557.90063,785.3553,541.74585,696.43207,463.7873,-94.11332999999996,-16.15477999999996,138.53143999999998,227.45467000000008,227.45467000000008
37,HOME AND KITCHEN II,579.22424,829.7974,585.31476,739.65314,475.29657,-103.92767000000003,6.0905199999999695,160.4289,250.57316000000003,250.57316000000003
37,HOME APPLIANCES,23.443632,2337.9226,550.722,1429.9236,23.443632,0.0,527.278368,1406.479968,2314.478968,2314.478968
37,HOME CARE,4338.373,4366.3257,4163.8066,4292.1196,4130.3975,-207.97549999999956,-174.5663999999997,-46.2533999999996,27.952700000000732,27.952700000000732
37,LADIESWEAR,419.8621,736.9401,504.11722,658.97125,419.8621,0.0,84.25511999999998,239.10915000000006,317.07800000000003,317.07800000000003
37,LAWN AND GARDEN,323.15414,655.1909,398.7266,557.8961,282.7866,-40.36753999999996,75.57246000000004,234.74196000000006,332.0367600000001,332.0367600000001
37,LINGERIE,35.56531,1177.1792,213.25331,391.35165,35.56531,0.0,177.688,355.78634,1141.61389,1141.61389
37,"LIQUOR,WINE,BEER",1877.5352,1962.4034,1747.0708,1888.197,1699.9603,-177.57490000000007,-130.46440000000007,10.661799999999857,84.86819999999989,84.86819999999989
37,MAGAZINES,101.30507,1075.7822,249.76268,406.48212,101.30507,0.0,148.45761,305.17705,974.4771300000001,974.4771300000001
37,MEATS,3807.564,3974.2815,3765.4873,3900.0752,3733.6086,-73.95539999999983,-42.07670000000007,92.51120000000037,166.7175000000002,166.7175000000002
37,PERSONAL CARE,4279.247,4284.787,4082.333,4210.581,4050.3865,-228.86050000000023,-196.91400000000021,-68.66600000000017,5.539999999999964,5.539999999999964
37,PET SUPPLIES,92.56698,1087.2208,243.14084,399.57828,92.56698,0.0,150.57386,307.0113,994.65382,994.65382
37,PLAYERS AND ELECTRONICS,135.48056,954.3958,280.72067,434.8555,135.48056,0.0,145.24011,299.37494000000004,818.91524,818.91524
37,POULTRY,4485.897,4650.3115,4448.608,4580.2183,4415.889,-70.00799999999981,-37.28899999999976,94.32130000000052,164.41449999999986,164.41449999999986
37,PREPARED FOODS,1000.0648,1285.9752,1047.0552,1215.8815,1000.0648,0.0,46.99040000000002,215.81669999999997,285.9104000000001,285.9104000000001
37,PRODUCE,43880.543,43311.97,42656.71,42991.93,42274.95,-1605.5930000000008,-1223.8329999999987,-888.6129999999976,-568.5729999999967,568.5729999999967
37,SCHOOL AND OFFICE SUPPLIES,0.0,1741.8186,234.90794,844.79724,0.0,0.0,234.90794,844.79724,1741.8186,1741.8186
37,SEAFOOD,62.80937,985.97235,98.59401,298.22815,29.528036,-33.281334,35.784639999999996,235.41878000000003,923.1629800000001,923.1629800000001
38,AUTOMOTIVE,70.300026,1255.0702,188.21353,370.22162,70.300026,0.0,117.91350399999999,299.92159399999997,1184.7701740000002,1184.7701740000002
38,BABY CARE,24.377512,7849.758,3364.5151,6771.537,24.377512,0.0,3340.137588,6747.159488,7825.380488,7825.380488
38,BEAUTY,235.84361,1228.7637,195.20715,374.64902,69.029945,-166.81366500000001,-40.63646,138.80541,992.92009,992.92009
38,BEVERAGES,47200.81,46924.875,45342.926,46014.555,45073.344,-2127.4660000000003,-1857.8839999999982,-1186.2549999999974,-275.9349999999977,275.9349999999977
38,BOOKS,24.377512,3985.672,1004.51306,2846.0952,24.377512,0.0,980.135548,2821.717688,3961.294488,3961.294488
38,BREAD/BAKERY,7860.4604,7927.592,7708.4204,7837.215,7682.3066,-178.15380000000005,-152.03999999999996,-23.24539999999979,67.13159999999971,67.13159999999971
38,CELEBRATION,208.23799,826.2725,352.05518,498.5935,208.23799,0.0,143.81719,290.35551,618.0345100000001,618.0345100000001
38,CLEANING,18335.584,18306.506,17895.938,18153.904,17723.326,-612.257999999998,-439.64600000000064,-181.6800000000003,-29.0779999999977,29.0779999999977
38,DAIRY,13813.732,13753.762,13524.422,13639.409,13464.6455,-349.08649999999943,-289.3099999999995,-174.32300000000032,-59.969999999999345,59.969999999999345
38,DELI,2855.065,2900.9026,2686.839,2818.696,2658.2974,-196.76760000000013,-168.2260000000001,-36.36900000000014,45.83759999999984,45.83759999999984
38,EGGS,1662.6488,1865.3491,1647.7072,1783.1427,1607.0791,-55.56970000000001,-14.94159999999988,120.49390000000017,202.70029999999997,202.70029999999997
38,FROZEN FOODS,1857.6083,2054.646,1850.2623,1980.1157,1810.2766,-47.33170000000018,-7.346000000000004,122.50739999999996,197.0377000000001,197.0377000000001
38,GROCERY I,64055.047,62990.387,62055.156,62533.727,61780.38,-2274.6670000000013,-1999.890999999996,-1521.3199999999997,-1064.6599999999962,1064.6599999999962
38,GROCERY II,438.36215,756.9738,522.64435,675.5302,438.36215,0.0,84.28220000000005,237.16805000000005,318.61165,318.61165
38,HARDWARE,33.125523,1197.0698,211.92336,396.37686,33.125523,0.0,178.79783700000002,363.25133700000004,1163.944277,1163.944277
38,HOME AND KITCHEN I,624.76227,896.72784,618.2542,772.2467,525.12286,-99.63941,-6.508069999999975,147.4844300000001,271.96557000000007,271.96557000000007
38,HOME AND KITCHEN II,1079.944,1218.2358,1007.14703,1141.9423,937.2128,-142.73119999999994,-72.79696999999999,61.99829999999997,138.29179999999997,138.29179999999997
38,HOME APPLIANCES,23.117798,1369.6985,236.94939,537.31024,23.117798,0.0,213.831592,514.192442,1346.580702,1346.580702
38,HOME CARE,5342.2173,5384.8525,5175.4624,5308.905,5144.945,-197.27230000000054,-166.7548999999999,-33.312300000000505,42.63519999999971,42.63519999999971
38,LADIESWEAR,471.56024,797.67346,555.92285,712.93463,471.56024,0.0,84.36261000000002,241.37438999999995,326.11321999999996,326.11321999999996
38,LAWN AND GARDEN,283.01984,754.51025,356.74777,512.32104,217.20818,-65.81165999999999,73.72793000000001,229.30120000000005,471.49041000000005,471.49041000000005
38,LINGERIE,92.966064,1083.2623,242.52158,400.549,92.966064,0.0,149.555516,307.58293599999996,990.2962360000001,990.2962360000001
38,"LIQUOR,WINE,BEER",2641.8389,2736.6003,2513.9624,2657.4944,2453.33,-188.50890000000027,-127.8765000000003,15.655499999999847,94.76139999999987,94.76139999999987
38,MAGAZINES,105.35083,1026.5222,253.79263,411.19235,105.35083,0.0,148.4418,305.84151999999995,921.1713700000001,921.1713700000001
38,MEATS,2638.0542,2815.9158,2597.3567,2739.6223,2566.2483,-71.80589999999984,-40.69750000000022,101.56809999999996,177.86160000000018,177.86160000000018
38,PERSONAL CARE,6226.9414,6219.678,5974.078,6130.057,5936.737,-290.2043999999996,-252.86339999999927,-96.88439999999991,-7.26339999999982,7.26339999999982
38,PET SUPPLIES,84.68543,1119.0919,237.69647,397.69666,84.68543,0.0,153.01104,313.01123,1034.40647,1034.40647
38,PLAYERS AND ELECTRONICS,124.797325,1116.6257,274.76578,432.4313,124.797325,0.0,149.968455,307.633975,991.828375,991.828375
38,POULTRY,2267.6514,2433.7488,2232.7954,2361.5684,2199.8188,-67.83260000000018,-34.85600000000022,93.91699999999992,166.09739999999965,166.09739999999965
38,PREPARED FOODS,1159.5735,1451.6031,1216.546,1379.4224,1159.5735,0.0,56.97250000000008,219.84889999999996,292.0296000000001,292.0296000000001
38,PRODUCE,34158.395,33604.4,33042.87,33406.133,32516.078,-1642.3169999999955,-1115.5249999999942,-752.2619999999952,-553.9949999999953,553.9949999999953
38,SCHOOL AND OFFICE SUPPLIES,0.0,3523.9148,1472.5254,2601.5154,0.0,0.0,1472.5254,2601.5154,3523.9148,3523.9148
38,SEAFOOD,237.30487,781.1426,274.79706,472.2717,200.85815,-36.44672,37.492189999999994,234.96683000000002,543.83773,543.83773
39,AUTOMOTIVE,99.31225,1094.4832,208.31854,386.54752,92.8911,-6.4211500000000115,109.00629,287.23527,995.17095,995.17095
39,BABY CARE,26.502172,1425.7349,172.33195,380.27847,26.502172,0.0,145.829778,353.776298,1399.232728,1399.232728
39,BEAUTY,111.4272,1392.6307,182.06224,367.10046,43.760513,-67.666687,70.63504,255.67326,1281.2034999999998,1281.2034999999998
39,BEVERAGES,66187.66,63005.41,61207.867,62025.695,60667.645,-5520.015000000007,-4979.793000000005,-4161.965000000004,-3182.25,3182.25
39,BOOKS,23.500814,6369.8486,2959.201,5223.1978,23.500814,0.0,2935.700186,5199.696986,6346.347786,6346.347786
39,BREAD/BAKERY,13155.331,13094.368,12854.089,12959.287,12799.296,-356.03499999999985,-301.2420000000002,-196.04399999999987,-60.96299999999974,60.96299999999974
39,CELEBRATION,112.58886,986.28455,264.14697,417.00378,112.58886,0.0,151.55811,304.41492,873.69569,873.69569
39,CLEANING,25525.611,24917.107,24313.457,24743.729,23989.188,-1536.4230000000025,-1212.1540000000023,-781.8820000000014,-608.5040000000008,608.5040000000008
39,DAIRY,12465.012,12230.543,11989.777,12096.12,11936.977,-528.0349999999999,-475.2350000000006,-368.8919999999998,-234.46900000000096,234.46900000000096
39,DELI,4134.012,4181.7095,3953.1636,4078.335,3916.8801,-217.13189999999986,-180.84839999999986,-55.67699999999968,47.69750000000022,47.69750000000022
39,EGGS,8399.801,8260.996,7805.6387,8090.5474,7704.706,-695.0949999999993,-594.162299999999,-309.2535999999991,-138.8050000000003,138.8050000000003
39,FROZEN FOODS,1420.6036,1630.9045,1394.1992,1535.2057,1339.4033,-81.20029999999997,-26.404399999999896,114.60210000000006,210.30090000000018,210.30090000000018
39,GROCERY I,88420.09,84158.48,83090.04,83515.48,83017.25,-5402.8399999999965,-5330.050000000003,-4904.610000000001,-4261.610000000001,4261.610000000001
39,GROCERY II,584.08887,867.2641,611.1628,769.8023,551.0697,-33.01917000000003,27.073929999999905,185.7134299999999,283.17522999999994,283.17522999999994
39,HARDWARE,31.631054,1204.3772,218.86322,408.36166,31.631054,0.0,187.232166,376.73060599999997,1172.746146,1172.746146
39,HOME AND KITCHEN I,391.7704,685.23474,410.60614,564.21136,295.37567,-96.39472999999998,18.835739999999987,172.44096000000002,293.46434,293.46434
39,HOME AND KITCHEN II,366.8445,686.20483,371.16916,520.45886,239.87393,-126.97056999999998,4.324659999999994,153.61435999999998,319.36033000000003,319.36033000000003
39,HOME APPLIANCES,25.55599,1353.5892,205.57668,499.29364,25.55599,0.0,180.02069,473.73765,1328.0332099999998,1328.0332099999998
39,HOME CARE,6314.277,6333.001,6098.028,6234.713,6063.777,-250.5,-216.2489999999998,-79.5640000000003,18.72400000000016,18.72400000000016
39,LADIESWEAR,139.93227,1027.8865,299.16898,463.47333,139.93227,0.0,159.23671,323.54106,887.95423,887.95423
39,LAWN AND GARDEN,259.13663,765.2316,362.66525,516.80005,217.29617,-41.840460000000036,103.52861999999999,257.66342000000003,506.09496999999993,506.09496999999993
39,LINGERIE,303.38232,1093.1633,268.48032,434.0001,107.946724,-195.43559599999998,-34.90199999999999,130.61777999999998,789.78098,789.78098
39,"LIQUOR,WINE,BEER",1278.2098,1448.4104,1212.6421,1350.9484,1143.7108,-134.49900000000002,-65.56770000000006,72.7385999999999,170.2005999999999,170.2005999999999
39,MAGAZINES,53.41559,1208.13,223.20589,395.9697,53.41559,0.0,169.7903,342.55411,1154.71441,1154.71441
39,MEATS,2941.0525,3160.2234,2930.1726,3062.7615,2897.1787,-43.87379999999985,-10.879899999999907,121.70900000000029,219.17090000000007,219.17090000000007
39,PERSONAL CARE,5508.4536,5505.1826,5273.622,5407.7207,5240.1313,-268.3222999999998,-234.83159999999953,-100.73289999999997,-3.270999999999731,3.270999999999731
39,PET SUPPLIES,86.577774,1121.1521,246.34706,407.98517,86.577774,0.0,159.769286,321.40739599999995,1034.574326,1034.574326
39,PLAYERS AND ELECTRONICS,138.22827,1071.7972,292.28955,448.38123,138.22827,0.0,154.06128,310.15296,933.5689299999999,933.5689299999999
39,POULTRY,4154.7275,4334.524,4113.497,4241.175,4077.287,-77.44050000000016,-41.230499999999665,86.44750000000022,179.79650000000038,179.79650000000038
39,PREPARED FOODS,916.122,1216.1624,954.40686,1122.8131,891.83997,-24.282029999999963,38.284860000000094,206.69110000000012,300.0404,300.0404
39,PRODUCE,31829.205,31036.557,30509.645,30790.861,29847.555,-1981.6500000000015,-1319.5600000000013,-1038.344000000001,-792.648000000001,792.648000000001
39,SCHOOL AND OFFICE SUPPLIES,277.9649,1184.8059,137.31703,368.89456,4.009402,-273.955498,-140.64787,90.92966000000001,906.8410000000001,906.8410000000001
39,SEAFOOD,258.1966,648.9071,312.19086,510.74667,237.26508,-20.931519999999978,53.99426,252.55007,390.7105,390.7105
40,AUTOMOTIVE,53.828556,1215.8461,183.70552,372.0062,53.828556,0.0,129.87696400000002,318.177644,1162.017544,1162.017544
40,BABY CARE,25.168337,1420.0563,166.77853,367.68088,25.168337,0.0,141.61019299999998,342.512543,1394.887963,1394.887963
40,BEAUTY,126.14994,1400.4443,179.49324,362.47336,40.598232,-85.55170799999999,53.343299999999985,236.32342,1274.29436,1274.29436
40,BEVERAGES,68848.516,66633.984,64577.164,65386.3,63833.516,-5015.0,-4271.352000000006,-3462.2160000000003,-2214.5320000000065,2214.5320000000065
40,BOOKS,22.264723,6353.7646,2954.4785,5214.186,22.264723,0.0,2932.2137770000004,5191.9212769999995,6331.499877,6331.499877
40,BREAD/BAKERY,6619.4946,6602.649,6392.823,6520.443,6365.2954,-254.19920000000002,-226.67159999999967,-99.05159999999978,-16.84559999999965,16.84559999999965
40,CELEBRATION,285.615,944.6398,398.31284,553.2767,285.615,0.0,112.69783999999999,267.6617,659.0248,659.0248
40,CLEANING,28824.695,28024.79,26994.246,27611.967,26333.447,-2491.2479999999996,-1830.4490000000005,-1212.7279999999992,-799.9049999999988,799.9049999999988
40,DAIRY,10984.76,10868.279,10650.934,10763.489,10618.467,-366.29299999999967,-333.82600000000093,-221.27100000000064,-116.48099999999977,116.48099999999977
40,DELI,5235.84,5251.0156,5039.8887,5168.8096,5008.284,-227.5560000000005,-195.95129999999972,-67.03040000000055,15.175599999999577,15.175599999999577
40,EGGS,2885.2827,3038.7285,2830.2776,2956.522,2800.3374,-84.94530000000032,-55.00510000000031,71.23929999999973,153.44579999999996,153.44579999999996
40,FROZEN FOODS,1197.3402,1424.4156,1208.069,1349.8853,1148.0066,-49.33360000000016,10.728799999999865,152.54509999999982,227.07539999999995,227.07539999999995
40,GROCERY I,87595.19,84804.9,83735.91,84146.375,83931.48,-3663.7100000000064,-3859.279999999999,-3448.8150000000023,-2790.290000000008,2790.290000000008
40,GROCERY II,230.71043,940.45917,338.3003,489.03778,197.07498,-33.63544999999999,107.58986999999999,258.32735,709.74874,709.74874
40,HARDWARE,31.648535,1217.4166,213.22498,418.41956,31.648535,0.0,181.57644499999998,386.771025,1185.768065,1185.768065
40,HOME AND KITCHEN I,645.52234,868.90186,650.6329,792.6085,569.03973,-76.48261000000002,5.110559999999964,147.08616000000006,223.37952000000007,223.37952000000007
40,HOME AND KITCHEN II,313.0453,626.70044,395.6398,548.52576,276.44473,-36.600570000000005,82.59449999999998,235.48046,313.65513999999996,313.65513999999996
40,HOME APPLIANCES,22.01279,1283.8278,204.43721,457.88394,22.01279,0.0,182.42442,435.87115,1261.81501,1261.81501
40,HOME CARE,6552.09,6593.441,6378.292,6515.9756,6348.825,-203.26500000000033,-173.79799999999977,-36.11440000000039,41.35099999999966,41.35099999999966
40,LADIESWEAR,20.101498,4624.9287,2186.941,3689.4836,20.101498,0.0,2166.839502,3669.382102,4604.827202,4604.827202
40,LAWN AND GARDEN,20.341595,1294.5046,203.25587,480.82693,20.341595,0.0,182.91427499999998,460.485335,1274.1630049999999,1274.1630049999999
40,LINGERIE,118.9187,1121.7002,273.58167,438.35657,118.9187,0.0,154.66296999999997,319.43787,1002.7815,1002.7815
40,"LIQUOR,WINE,BEER",959.3228,1125.0345,899.4711,1040.4185,813.3057,-146.01710000000003,-59.85170000000005,81.09569999999997,165.71169999999995,165.71169999999995
40,MAGAZINES,33.237495,1181.7102,215.98256,387.6647,33.237495,0.0,182.745065,354.42720499999996,1148.472705,1148.472705
40,MEATS,2294.0383,2500.2957,2280.3171,2424.0022,2252.621,-41.41730000000007,-13.721199999999953,129.96389999999974,206.25739999999996,206.25739999999996
40,PERSONAL CARE,5208.582,5233.1533,5032.308,5156.86,5001.537,-207.04500000000007,-176.27400000000034,-51.72200000000066,24.57129999999961,24.57129999999961
40,PET SUPPLIES,44.209244,1186.8744,220.38087,385.09378,44.209244,0.0,176.171626,340.88453599999997,1142.665156,1142.665156
40,PLAYERS AND ELECTRONICS,88.56441,1080.2507,242.23909,401.6545,88.56441,0.0,153.67468000000002,313.09009,991.6862900000001,991.6862900000001
40,POULTRY,3166.2896,3333.2334,3126.6904,3261.0527,3095.2637,-71.02590000000009,-39.59920000000011,94.76310000000012,166.9438,166.9438
40,PREPARED FOODS,870.4748,1141.2351,900.9472,1069.0544,850.25696,-20.21783999999991,30.472399999999993,198.57960000000003,270.76030000000014,270.76030000000014
40,PRODUCE,21611.646,21122.451,20759.428,21014.18,20361.424,-1250.2220000000016,-852.2180000000008,-597.4660000000003,-489.1949999999997,489.1949999999997
40,SCHOOL AND OFFICE SUPPLIES,0.0,3490.5894,1473.2196,2568.1897,0.0,0.0,1473.2196,2568.1897,3490.5894,3490.5894
40,SEAFOOD,45.977646,1038.1893,106.16751,313.93628,22.407623,-23.570023,60.18986399999999,267.958634,992.211654,992.211654
41,AUTOMOTIVE,100.50206,1030.607,197.38159,380.2932,79.956825,-20.545235000000005,96.87952999999999,279.79114000000004,930.1049399999999,930.1049399999999
41,BABY CARE,16.029696,1636.8508,155.70346,600.0727,16.029696,0.0,139.673764,584.0430040000001,1620.8211039999999,1620.8211039999999
41,BEAUTY,237.68793,1379.7845,184.52908,359.75946,62.165447,-175.522483,-53.15885,122.07153,1142.09657,1142.09657
41,BEVERAGES,48617.047,48320.164,46779.56,47450.984,46272.734,-2344.313000000002,-1837.487000000001,-1166.063000000002,-296.88300000000163,296.88300000000163
41,BOOKS,15.999281,6346.59,2947.3032,5207.0117,15.999281,0.0,2931.303919,5191.012419,6330.590719,6330.590719
41,BREAD/BAKERY,8419.96,8485.905,8261.517,8390.901,8234.584,-185.37599999999838,-158.4429999999993,-29.058999999999287,65.94500000000153,65.94500000000153
41,CELEBRATION,177.38483,897.7405,322.28256,471.09595,177.38483,0.0,144.89773,293.71112000000005,720.35567,720.35567
41,CLEANING,20786.436,20595.832,20076.725,20333.719,19770.914,-1015.5220000000008,-709.711000000003,-452.71700000000055,-190.604000000003,190.604000000003
41,DAIRY,12967.998,12855.728,12617.412,12750.838,12566.341,-401.65699999999924,-350.58599999999933,-217.15999999999985,-112.27000000000044,112.27000000000044
41,DELI,4281.5444,4290.48,4078.9888,4208.274,4047.2249,-234.3194999999996,-202.55559999999969,-73.27039999999943,8.935599999999795,8.935599999999795
41,EGGS,2376.2434,2562.5742,2347.3574,2480.3677,2317.297,-58.94639999999981,-28.885999999999967,104.12429999999995,186.33080000000018,186.33080000000018
41,FROZEN FOODS,2494.7458,2715.0884,2503.9365,2640.5579,2469.2456,-25.50019999999995,9.190699999999651,145.81209999999965,220.34259999999995,220.34259999999995
41,GROCERY I,63908.29,63040.113,61911.098,62463.61,61606.89,-2301.4000000000015,-1997.1920000000027,-1444.6800000000003,-868.1770000000033,868.1770000000033
41,GROCERY II,640.0993,940.4382,715.2756,862.2633,625.5944,-14.50490000000002,75.17630000000008,222.164,300.3389000000001,300.3389000000001
41,HARDWARE,24.70387,1187.2034,205.26762,385.60352,24.70387,0.0,180.56375,360.89965,1162.49953,1162.49953
41,HOME AND KITCHEN I,460.2645,709.8183,478.37036,631.6436,387.8276,-72.43689999999998,18.105860000000007,171.3791,249.55380000000002,249.55380000000002
41,HOME AND KITCHEN II,423.91962,746.81744,516.5353,670.8596,423.91962,0.0,92.61568,246.93998,322.89782,322.89782
41,HOME APPLIANCES,17.905329,1275.2297,194.75456,457.26776,17.905329,0.0,176.849231,439.362431,1257.3243710000002,1257.3243710000002
41,HOME CARE,4390.633,4431.871,4221.323,4355.5776,4189.4106,-201.22239999999965,-169.3099999999995,-35.05540000000019,41.238000000000284,41.238000000000284
41,LADIESWEAR,418.4669,792.0915,510.38998,666.32513,418.4669,0.0,91.92307999999997,247.85822999999993,373.6246,373.6246
41,LAWN AND GARDEN,298.31262,641.5718,390.04358,551.80536,260.42407,-37.88855000000001,91.73096000000004,253.49273999999997,343.2591800000001,343.2591800000001
41,LINGERIE,114.80019,1022.4251,268.18283,428.36475,114.80019,0.0,153.38264000000004,313.56456000000003,907.62491,907.62491
41,"LIQUOR,WINE,BEER",1849.1774,1946.6129,1709.4167,1870.3195,1647.7546,-201.42280000000005,-139.76070000000004,21.142100000000028,97.43550000000005,97.43550000000005
41,MAGAZINES,99.207275,1005.589,247.64911,403.45395,99.207275,0.0,148.44183500000003,304.24667500000004,906.3817250000001,906.3817250000001
41,MEATS,3612.2522,3780.4822,3568.9702,3704.1887,3536.844,-75.40819999999985,-43.2819999999997,91.93650000000025,168.23000000000002,168.23000000000002
41,PERSONAL CARE,6816.877,6803.2734,6484.9385,6696.5737,6436.1978,-380.6792000000005,-331.9385000000002,-120.30330000000049,-13.60360000000037,13.60360000000037
41,PET SUPPLIES,147.80856,1048.4746,296.2663,451.125,147.80856,0.0,148.45774,303.31644,900.6660400000001,900.6660400000001
41,PLAYERS AND ELECTRONICS,95.2129,1015.8585,246.55106,403.706,95.2129,0.0,151.33816000000002,308.4931,920.6456000000001,920.6456000000001
41,POULTRY,3341.9746,3518.612,3313.0398,3446.4314,3281.6316,-60.34299999999985,-28.934799999999996,104.45679999999993,176.63740000000007,176.63740000000007
41,PREPARED FOODS,758.24554,1050.8588,809.8517,978.678,758.24554,0.0,51.606160000000045,220.43246,292.61325999999997,292.61325999999997
41,PRODUCE,36154.797,35622.89,35056.008,35454.363,34652.652,-1502.1449999999968,-1098.788999999997,-700.4340000000011,-531.9069999999992,531.9069999999992
41,SCHOOL AND OFFICE SUPPLIES,0.0,1155.0917,118.092865,362.8327,0.0,0.0,118.092865,362.8327,1155.0917,1155.0917
41,SEAFOOD,60.031197,953.6992,113.4193,313.7631,18.47758,-41.553617,53.38810300000001,253.73190300000002,893.668003,893.668003
42,AUTOMOTIVE,37.582108,1411.0752,173.63153,358.2499,37.582108,0.0,136.049422,320.667792,1373.493092,1373.493092
42,BABY CARE,16.038687,8126.978,3355.1091,7048.7554,16.038687,0.0,3339.070413,7032.716713,8110.939313,8110.939313
42,BEAUTY,207.34575,1406.2,172.99258,356.53616,41.13298,-166.21277,-34.353170000000006,149.19040999999999,1198.85425,1198.85425
42,BEVERAGES,46674.145,46294.113,45282.902,45755.32,44726.89,-1947.2549999999974,-1391.242999999995,-918.8249999999971,-380.03199999999924,380.03199999999924
42,BOOKS,16.038687,6346.4717,2947.185,5206.8936,16.038687,0.0,2931.1463129999997,5190.854913,6330.433013,6330.433013
42,BREAD/BAKERY,8810.296,8896.099,8681.056,8800.654,8654.844,-155.45200000000114,-129.23999999999978,-9.641999999999825,85.80299999999988,85.80299999999988
42,CELEBRATION,114.60317,1008.37274,261.00916,412.6638,114.60317,0.0,146.40599,298.06062999999995,893.76957,893.76957
42,CLEANING,14224.61,14204.5,13965.268,14091.274,13909.359,-315.2510000000002,-259.34200000000055,-133.33600000000115,-20.110000000000582,20.110000000000582
42,DAIRY,14841.59,14746.484,14519.833,14624.018,14436.44,-405.14999999999964,-321.7569999999996,-217.57200000000012,-95.10599999999977,95.10599999999977
42,DELI,3131.6116,3163.019,2952.7507,3080.8125,2923.0872,-208.52440000000024,-178.86090000000013,-50.79910000000018,31.407399999999598,31.407399999999598
42,EGGS,2494.246,2683.9434,2473.8643,2601.7368,2443.1877,-51.058300000000145,-20.38169999999991,107.49080000000004,189.69740000000002,189.69740000000002
42,FROZEN FOODS,1978.7731,2167.1367,1963.7902,2092.6062,1931.6787,-47.09440000000018,-14.9829000000002,113.83310000000006,188.3635999999999,188.3635999999999
42,GROCERY I,57676.184,56343.93,55433.88,55962.49,55008.566,-2667.618000000002,-2242.3040000000037,-1713.6940000000031,-1332.2540000000008,1332.2540000000008
42,GROCERY II,519.30615,822.895,578.72003,732.32495,507.9117,-11.394450000000006,59.41387999999995,213.01879999999994,303.58885,303.58885
42,HARDWARE,22.065239,1205.9349,203.19772,401.10922,22.065239,0.0,181.132481,379.043981,1183.869661,1183.869661
42,HOME AND KITCHEN I,462.14395,761.1433,520.487,670.8833,435.23376,-26.91019,58.34304999999995,208.73934999999994,298.99934999999994,298.99934999999994
42,HOME AND KITCHEN II,328.02402,853.9199,391.43457,542.93634,258.05148,-69.97253999999998,63.41055,214.91231999999997,525.89588,525.89588
42,HOME APPLIANCES,16.341616,1264.7932,196.40022,455.2042,16.341616,0.0,180.058604,438.862584,1248.4515840000001,1248.4515840000001
42,HOME CARE,3969.9148,4005.288,3796.4468,3928.9946,3764.1892,-205.7256000000002,-173.46799999999985,-40.92020000000002,35.3732,35.3732
42,LADIESWEAR,364.52548,707.898,457.38443,614.03894,364.52548,0.0,92.85895,249.51346,343.37252,343.37252
42,LAWN AND GARDEN,585.89056,851.6488,608.159,770.20514,550.44037,-35.45019000000002,22.26843999999994,184.31457999999998,265.75824,265.75824
42,LINGERIE,150.4835,1028.7515,223.56267,389.87347,62.883034,-87.60046599999998,73.07917,239.38997,878.268,878.268
42,"LIQUOR,WINE,BEER",1371.1642,1476.3358,1256.8097,1400.0422,1198.2975,-172.86670000000004,-114.35449999999992,28.878000000000156,105.17160000000013,105.17160000000013
42,MAGAZINES,82.57967,1150.4265,231.63075,386.29733,82.57967,0.0,149.05108,303.71766,1067.84683,1067.84683
42,MEATS,4046.602,4208.044,4005.5288,4131.7505,3972.3237,-74.27829999999994,-41.073199999999815,85.14850000000024,161.442,161.442
42,PERSONAL CARE,4112.0103,4117.86,3906.9126,4041.5664,3874.3955,-237.61479999999983,-205.0976999999998,-70.44389999999976,5.849699999999757,5.849699999999757
42,PET SUPPLIES,85.3344,1068.8445,240.18489,399.70514,85.3344,0.0,154.85048999999998,314.37073999999996,983.5101,983.5101
42,PLAYERS AND ELECTRONICS,89.206924,1068.0792,238.75905,397.92334,89.206924,0.0,149.552126,308.716416,978.8722759999999,978.8722759999999
42,POULTRY,4127.6636,4294.3496,4091.7039,4222.169,4059.077,-68.58659999999963,-35.959699999999884,94.50540000000001,166.6859999999997,166.6859999999997
42,PREPARED FOODS,765.9636,1054.0399,813.752,981.85913,765.9636,0.0,47.78839999999991,215.89553,288.07629999999995,288.07629999999995
42,PRODUCE,43691.99,43104.723,42487.81,42827.547,42113.65,-1578.3399999999965,-1204.1800000000003,-864.4429999999993,-587.2669999999998,587.2669999999998
42,SCHOOL AND OFFICE SUPPLIES,0.0,3909.0977,1383.4283,2986.6978,0.0,0.0,1383.4283,2986.6978,3909.0977,3909.0977
42,SEAFOOD,258.37073,729.031,292.16956,489.64417,219.58423,-38.78649999999999,33.79883000000001,231.27344,470.66026999999997,470.66026999999997
43,AUTOMOTIVE,61.702637,1381.6129,183.5046,371.96744,54.181545,-7.521092000000003,121.801963,310.26480300000003,1319.910263,1319.910263
43,BABY CARE,25.706701,1440.4279,167.92967,389.77783,25.706701,0.0,142.22296899999998,364.071129,1414.7211989999998,1414.7211989999998
43,BEAUTY,120.52134,1421.6816,182.60274,368.79175,42.93943,-77.58191,62.081400000000016,248.27040999999997,1301.1602599999999,1301.1602599999999
43,BEVERAGES,84462.17,81847.2,79407.17,80797.41,78810.61,-5651.559999999998,-5055.0,-3664.7599999999948,-2614.970000000001,2614.970000000001
43,BOOKS,25.497019,6332.396,2957.7107,5192.8174,25.497019,0.0,2932.213681,5167.3203809999995,6306.898980999999,6306.898980999999
43,BREAD/BAKERY,9617.363,9550.786,9330.409,9439.756,9300.907,-316.45600000000013,-286.9539999999997,-177.60699999999997,-66.57699999999932,66.57699999999932
43,CELEBRATION,287.10922,725.4651,418.0752,565.1195,287.10922,0.0,130.96598,278.01028,438.35588,438.35588
43,CLEANING,20023.023,19613.357,19308.82,19458.37,19124.84,-898.1830000000009,-714.2030000000013,-564.6530000000021,-409.6660000000011,409.6660000000011
43,DAIRY,11527.744,11359.288,11112.15,11237.71,11071.703,-456.0410000000011,-415.59400000000096,-290.03400000000147,-168.45600000000013,168.45600000000013
43,DELI,4726.0054,4745.1636,4519.566,4648.8613,4487.085,-238.92039999999997,-206.4394000000002,-77.14410000000044,19.15819999999985,19.15819999999985
43,EGGS,3695.6228,3870.7283,3617.924,3772.9087,3587.333,-108.28980000000001,-77.69880000000012,77.28589999999986,175.10550000000012,175.10550000000012
43,FROZEN FOODS,1038.0696,1231.2944,998.06805,1142.6681,931.90076,-106.16884000000005,-40.001550000000066,104.59850000000006,193.22479999999996,193.22479999999996
43,GROCERY I,81319.56,78912.88,77776.734,78284.55,77462.16,-3857.399999999994,-3542.826000000001,-3035.0099999999948,-2406.679999999993,2406.679999999993
43,GROCERY II,176.60391,1038.5077,286.54684,439.82065,139.27205,-37.331860000000006,109.94292999999996,263.21673999999996,861.9037900000001,861.9037900000001
43,HARDWARE,24.349752,3845.1082,1689.3666,2928.3384,24.349752,0.0,1665.016848,2903.988648,3820.758448,3820.758448
43,HOME AND KITCHEN I,312.4172,866.6409,338.59567,491.9854,198.31326,-114.10393999999997,26.178470000000004,179.56820000000005,554.2237,554.2237
43,HOME AND KITCHEN II,257.43048,719.93384,368.89282,518.9018,228.7192,-28.711279999999988,111.46233999999998,261.47132,462.50336000000004,462.50336000000004
43,HOME APPLIANCES,23.659834,1419.3909,205.86758,569.04443,23.659834,0.0,182.20774600000001,545.384596,1395.731066,1395.731066
43,HOME CARE,4119.0303,4157.81,3938.8936,4067.421,3909.048,-209.98230000000058,-180.13670000000047,-51.60930000000053,38.77970000000005,38.77970000000005
43,LADIESWEAR,23.445263,4662.4556,2190.398,3727.0107,23.445263,0.0,2166.952737,3703.5654369999997,4639.010337000001,4639.010337000001
43,LAWN AND GARDEN,176.52776,1122.0663,271.35373,437.84308,115.26222,-61.26554,94.82596999999998,261.31532,945.53854,945.53854
43,LINGERIE,33.88294,1203.5153,212.31746,410.6344,33.88294,0.0,178.43452000000002,376.75146,1169.63236,1169.63236
43,"LIQUOR,WINE,BEER",1544.2195,1683.6956,1445.6685,1589.5435,1371.995,-172.22450000000003,-98.55099999999993,45.32400000000007,139.4761000000001,139.4761000000001
43,MAGAZINES,49.597603,1167.7395,220.30772,399.78445,49.597603,0.0,170.710117,350.186847,1118.141897,1118.141897
43,MEATS,3435.8123,3638.0466,3419.1824,3547.6575,3387.9917,-47.82060000000001,-16.629899999999907,111.84519999999975,202.23430000000008,202.23430000000008
43,PERSONAL CARE,4763.79,4801.937,4584.728,4711.5483,4552.3125,-211.47749999999996,-179.0619999999999,-52.24169999999958,38.146999999999935,38.146999999999935
43,PET SUPPLIES,49.87159,1194.9088,227.743,388.17667,49.87159,0.0,177.87141,338.30508,1145.03721,1145.03721
43,PLAYERS AND ELECTRONICS,44.020878,1239.4407,226.93498,418.66534,44.020878,0.0,182.91410199999999,374.64446200000003,1195.419822,1195.419822
43,POULTRY,3929.9722,4111.2773,3891.635,4025.001,3859.6025,-70.3697000000002,-38.33719999999994,95.02880000000005,181.30509999999958,181.30509999999958
43,PREPARED FOODS,1962.7715,2203.748,1965.9368,2117.4714,1930.0159,-32.75559999999996,3.1652999999998883,154.69989999999984,240.9765,240.9765
43,PRODUCE,21740.945,21252.152,20936.797,21123.809,20488.947,-1251.9979999999996,-804.148000000001,-617.1359999999986,-488.7930000000015,488.7930000000015
43,SCHOOL AND OFFICE SUPPLIES,7.065364,1130.9879,126.007484,331.921,7.065364,0.0,118.94212,324.855636,1123.922536,1123.922536
43,SEAFOOD,0.0,1161.2495,90.9335,356.72424,0.0,0.0,90.9335,356.72424,1161.2495,1161.2495
44,AUTOMOTIVE,269.37485,758.53345,379.96188,530.1762,262.24893,-7.125920000000008,110.58703000000003,260.80135,489.15860000000004,489.15860000000004
44,BABY CARE,27.934618,8089.6333,3724.6775,6987.6177,27.934618,0.0,3696.7428819999996,6959.683082,8061.698682,8061.698682
44,BEAUTY,360.34174,698.758,358.54065,505.93903,234.6443,-125.69744000000003,-1.8010899999999879,145.59729,338.41626,338.41626
44,BEVERAGES,164848.16,163683.42,153185.62,159829.25,152168.23,-12679.929999999993,-11662.540000000008,-5018.9100000000035,-1164.7399999999907,1164.7399999999907
44,BOOKS,27.934618,1859.6622,307.18423,793.72296,27.934618,0.0,279.249612,765.788342,1831.727582,1831.727582
44,BREAD/BAKERY,28352.834,28503.854,28199.785,28387.082,27746.19,-606.6440000000002,-153.04899999999907,34.24799999999959,151.02000000000044,151.02000000000044
44,CELEBRATION,610.02344,967.5444,694.1628,861.54456,602.90533,-7.1181100000000015,84.1393599999999,251.52112,357.52095999999995,357.52095999999995
44,CLEANING,45126.68,44740.707,44107.414,44451.83,43673.992,-1452.688000000002,-1019.2660000000033,-674.8499999999985,-385.97299999999814,385.97299999999814
44,DAIRY,43433.94,42899.664,42279.004,42640.754,42027.355,-1406.5849999999991,-1154.9360000000015,-793.1860000000015,-534.2760000000053,534.2760000000053
44,DELI,10009.394,9979.959,9711.855,9856.794,9653.887,-355.5069999999996,-297.53900000000067,-152.60000000000036,-29.43499999999949,29.43499999999949
44,EGGS,10751.039,10979.561,10706.382,10843.012,10640.601,-110.4380000000001,-44.65700000000106,91.97299999999996,228.52199999999903,228.52199999999903
44,FROZEN FOODS,7782.5547,8004.7725,7743.4863,7897.156,7696.4897,-86.0649999999996,-39.06840000000011,114.60130000000026,222.21780000000035,222.21780000000035
44,GROCERY I,172850.44,165107.6,156604.62,162497.55,157207.77,-15642.670000000013,-16245.820000000007,-10352.890000000014,-7742.8399999999965,7742.8399999999965
44,GROCERY II,1761.5664,2062.9172,1805.9749,1962.8303,1752.2769,-9.289499999999862,44.408500000000004,201.26390000000015,301.35079999999994,301.35079999999994
44,HARDWARE,54.106247,1172.4653,236.8125,416.63742,54.106247,0.0,182.706253,362.531173,1118.3590530000001,1118.3590530000001
44,HOME AND KITCHEN I,2182.0603,2378.3677,2132.1897,2278.2808,2077.9937,-104.06660000000011,-49.870600000000195,96.2204999999999,196.3073999999997,196.3073999999997
44,HOME AND KITCHEN II,2072.2788,2254.692,2002.4344,2154.605,1946.3889,-125.88990000000013,-69.84439999999995,82.32619999999997,182.41319999999996,182.41319999999996
44,HOME APPLIANCES,29.272982,1288.7137,221.29523,457.3036,29.272982,0.0,192.022248,428.030618,1259.440718,1259.440718
44,HOME CARE,12788.579,12836.131,12582.609,12716.759,12523.57,-265.009,-205.96999999999935,-71.81999999999971,47.55199999999968,47.55199999999968
44,LADIESWEAR,827.59906,946.9796,666.74146,845.0115,583.33307,-244.26599,-160.85760000000005,17.412439999999947,119.38054,119.38054
44,LAWN AND GARDEN,462.3884,813.6992,515.7958,691.90814,427.5406,-34.84780000000001,53.407399999999996,229.51974,351.31080000000003,351.31080000000003
44,LINGERIE,542.1914,1004.0272,306.41428,484.69437,151.13818,-391.05322,-235.77712000000002,-57.49703000000005,461.83579999999995,461.83579999999995
44,"LIQUOR,WINE,BEER",5779.5977,5860.2173,5575.861,5752.315,5525.7227,-253.875,-203.73670000000038,-27.28270000000066,80.61959999999999,80.61959999999999
44,MAGAZINES,444.5281,819.59534,523.6778,697.6325,444.5281,0.0,79.14970000000005,253.10440000000006,375.06723999999997,375.06723999999997
44,MEATS,15623.667,15755.72,15477.152,15631.402,15371.563,-252.10399999999936,-146.51499999999942,7.735000000000582,132.05299999999988,132.05299999999988
44,PERSONAL CARE,10129.656,10099.576,9806.029,9967.667,9753.957,-375.6990000000005,-323.6270000000004,-161.9890000000014,-30.080000000001746,30.080000000001746
44,PET SUPPLIES,919.3681,1267.7954,999.27765,1167.7084,919.3681,0.0,79.90954999999997,248.34029999999996,348.42729999999995,348.42729999999995
44,PLAYERS AND ELECTRONICS,614.61316,956.31366,676.51843,856.22687,611.73535,-2.877809999999954,61.90526999999997,241.61370999999997,341.70050000000003,341.70050000000003
44,POULTRY,20625.025,20807.062,20494.043,20692.97,20284.797,-340.2280000000028,-130.98199999999997,67.94499999999971,182.03700000000026,182.03700000000026
44,PREPARED FOODS,5101.5107,5400.081,5151.1177,5304.107,5101.5107,0.0,49.60699999999997,202.59630000000016,298.5703000000003,298.5703000000003
44,PRODUCE,159424.28,152264.72,144578.88,147976.92,144603.23,-14821.049999999988,-14845.399999999994,-11447.359999999986,-7159.559999999998,7159.559999999998
44,SCHOOL AND OFFICE SUPPLIES,1675.8789,1332.0404,451.8448,676.9052,275.6405,-1400.2384,-1224.0340999999999,-998.9736999999999,-343.83849999999984,343.83849999999984
44,SEAFOOD,1669.0626,1955.7559,1642.1355,1849.2485,1630.1661,-38.89650000000006,-26.927099999999882,180.18589999999995,286.69330000000014,286.69330000000014
45,AUTOMOTIVE,219.91823,743.55634,350.226,498.8009,219.91823,0.0,130.30777,278.88267,523.63811,523.63811
45,BABY CARE,27.342953,8086.8574,3719.7783,6984.8413,27.342953,0.0,3692.435347,6957.498347,8059.514447,8059.514447
45,BEAUTY,314.4402,1087.5159,291.57217,440.50894,158.88757,-155.55263,-22.868029999999976,126.06873999999999,773.0757000000001,773.0757000000001
45,BEVERAGES,162252.03,161184.19,151716.52,156912.0,151482.92,-10769.109999999986,-10535.51000000001,-5340.029999999999,-1067.8399999999965,1067.8399999999965
45,BOOKS,27.373367,4503.626,1964.9741,3363.0178,27.373367,0.0,1937.600733,3335.644433,4476.252633,4476.252633
45,BREAD/BAKERY,20933.188,21065.38,20656.209,20905.395,20422.11,-511.0779999999977,-276.97899999999936,-27.792999999997846,132.19200000000274,132.19200000000274
45,CELEBRATION,466.6467,841.99414,552.06213,721.8985,466.6467,0.0,85.41543000000001,255.2518,375.34744,375.34744
45,CLEANING,45129.637,44692.074,44060.71,44393.12,43615.285,-1514.351999999999,-1068.9270000000033,-736.5169999999998,-437.5630000000019,437.5630000000019
45,DAIRY,38860.176,38379.254,37851.703,38167.715,37616.812,-1243.3640000000014,-1008.4729999999981,-692.461000000003,-480.92199999999866,480.92199999999866
45,DELI,12577.558,12539.29,12244.554,12392.733,12180.6455,-396.91250000000036,-333.0040000000008,-184.82500000000073,-38.26800000000003,38.26800000000003
45,EGGS,6599.48,6841.7993,6559.828,6714.7905,6520.749,-78.73099999999977,-39.651999999999134,115.3105000000005,242.3193000000001,242.3193000000001
45,FROZEN FOODS,5540.8164,5780.842,5508.489,5662.6973,5468.084,-72.73239999999987,-32.327400000000125,121.88090000000011,240.02559999999994,240.02559999999994
45,GROCERY I,180312.97,171199.94,163056.45,165742.83,163141.17,-17171.79999999999,-17256.51999999999,-14570.140000000014,-9113.029999999999,9113.029999999999
45,GROCERY II,2367.3994,2679.9294,2406.3132,2565.7466,2359.0337,-8.365699999999833,38.913800000000265,198.34720000000016,312.5300000000002,312.5300000000002
45,HARDWARE,39.191704,1249.9044,246.58739,431.20276,39.191704,0.0,207.395686,392.011056,1210.7126959999998,1210.7126959999998
45,HOME AND KITCHEN I,1168.4524,1438.1029,1164.5518,1323.9199,1089.2396,-79.21279999999979,-3.9005999999999403,155.4675000000002,269.6505000000002,269.6505000000002
45,HOME AND KITCHEN II,1418.7921,1608.9847,1325.9519,1494.8019,1262.6493,-156.14279999999985,-92.84019999999987,76.00980000000004,190.19260000000008,190.19260000000008
45,HOME APPLIANCES,36.072094,1253.4417,233.50166,440.54706,36.072094,0.0,197.429566,404.474966,1217.369606,1217.369606
45,HOME CARE,12108.139,12125.693,11844.804,11986.076,11800.504,-307.6349999999984,-263.3349999999991,-122.0630000000001,17.554000000000087,17.554000000000087
45,LADIESWEAR,722.98193,886.1233,588.24365,761.75836,490.29703,-232.68490000000003,-134.73828000000003,38.776430000000005,163.14136999999994,163.14136999999994
45,LAWN AND GARDEN,681.31854,1013.2815,718.7235,899.09863,632.97284,-48.345699999999965,37.40495999999996,217.78008999999997,331.96296000000007,331.96296000000007
45,LINGERIE,113.28965,1212.3109,253.00456,438.82874,62.235867,-51.053782999999996,139.71491,325.53909,1099.02125,1099.02125
45,"LIQUOR,WINE,BEER",3756.3286,3843.1213,3570.9836,3727.4214,3526.489,-229.8395999999998,-185.3449999999998,-28.907199999999648,86.79269999999997,86.79269999999997
45,MAGAZINES,248.53835,721.6109,393.2424,563.16113,248.53835,0.0,144.70404999999997,314.6227799999999,473.07255,473.07255
45,MEATS,19163.852,19321.484,18943.863,19180.334,18758.25,-405.60199999999895,-219.98899999999776,16.48199999999997,157.63200000000143,157.63200000000143
45,PERSONAL CARE,12263.075,12221.099,11926.236,12076.207,11865.805,-397.27000000000044,-336.83899999999994,-186.8680000000004,-41.97600000000057,41.97600000000057
45,PET SUPPLIES,427.3292,809.7153,519.33887,693.6513,427.3292,0.0,92.00967000000003,266.3221,382.38609999999994,382.38609999999994
45,PLAYERS AND ELECTRONICS,464.56323,840.7536,551.1748,724.6896,464.56323,0.0,86.61157000000003,260.12637000000007,376.19037000000003,376.19037000000003
45,POULTRY,21958.695,22267.66,21882.586,22132.295,21654.566,-304.1290000000008,-76.10900000000038,173.59999999999854,308.96500000000015,308.96500000000015
45,PREPARED FOODS,4088.2837,4393.223,4131.765,4283.153,4088.2837,0.0,43.481300000000374,194.8693000000003,304.9393,304.9393
45,PRODUCE,105343.2,104793.85,102200.22,103611.82,102179.01,-3164.1900000000023,-3142.979999999996,-1731.37999999999,-549.3499999999913,549.3499999999913
45,SCHOOL AND OFFICE SUPPLIES,2287.5054,2020.5408,1327.011,1544.4232,1179.3754,-1108.13,-960.4944,-743.0822000000001,-266.9646,266.9646
45,SEAFOOD,1356.4254,1664.6432,1337.4788,1544.0398,1326.8434,-29.582000000000107,-18.94659999999999,187.61439999999993,308.2177999999999,308.2177999999999
46,AUTOMOTIVE,163.04866,1103.6056,288.8224,439.57767,163.04866,0.0,125.77374,276.52900999999997,940.55694,940.55694
46,BABY CARE,21.050894,8070.414,3703.3345,6968.398,21.050894,0.0,3682.283606,6947.347106,8049.363106,8049.363106
46,BEAUTY,387.96964,719.5416,345.91455,495.5841,220.08057,-167.88907000000003,-42.05509000000001,107.61445999999995,331.57196,331.57196
46,BEVERAGES,105801.09,105275.41,103071.33,104240.69,102900.08,-2901.0099999999948,-2729.7599999999948,-1560.3999999999942,-525.679999999993,525.679999999993
46,BOOKS,23.914343,1811.6213,247.893,693.7781,23.914343,0.0,223.978657,669.863757,1787.706957,1787.706957
46,BREAD/BAKERY,16622.312,16694.152,16391.732,16542.256,16265.714,-356.5980000000018,-230.58000000000175,-80.0560000000005,71.83999999999651,71.83999999999651
46,CELEBRATION,232.82408,726.69025,381.5769,548.1926,232.82408,0.0,148.75282,315.36852,493.86617,493.86617
46,CLEANING,42368.902,41920.785,41258.78,41596.51,40900.625,-1468.2770000000019,-1110.122000000003,-772.3919999999998,-448.11699999999837,448.11699999999837
46,DAIRY,28278.465,27855.979,27382.465,27618.832,27056.729,-1221.7360000000008,-896.0,-659.6330000000016,-422.4860000000008,422.4860000000008
46,DELI,13698.901,13635.6455,13334.469,13493.032,13277.559,-421.34200000000055,-364.4320000000007,-205.8690000000006,-63.2554999999993,63.2554999999993
46,EGGS,2657.77,2906.2698,2629.8645,2786.174,2589.8906,-67.8793999999998,-27.905499999999847,128.404,248.49980000000005,248.49980000000005
46,FROZEN FOODS,3964.4973,4203.0986,3943.2363,4090.679,3903.1135,-61.383800000000065,-21.260999999999967,126.18170000000009,238.60130000000026,238.60130000000026
46,GROCERY I,166786.52,158704.8,151364.84,153929.58,151333.42,-15453.099999999977,-15421.679999999993,-12856.940000000002,-8081.720000000001,8081.720000000001
46,GROCERY II,761.32513,1121.2899,833.38947,1007.10706,749.04614,-12.278989999999908,72.06434000000002,245.7819300000001,359.96477000000004,359.96477000000004
46,HARDWARE,32.83452,1244.289,225.67368,420.00528,32.83452,0.0,192.83916,387.17076000000003,1211.4544799999999,1211.4544799999999
46,HOME AND KITCHEN I,659.6031,1001.64685,725.62213,887.4639,636.75793,-22.845170000000053,66.01902999999993,227.86079999999993,342.04374999999993,342.04374999999993
46,HOME AND KITCHEN II,537.8355,824.40436,529.9265,705.8708,446.50864,-91.32686000000001,-7.908999999999992,168.0353,286.56886,286.56886
46,HOME APPLIANCES,27.291862,1307.8984,225.36589,478.4092,27.291862,0.0,198.074028,451.117338,1280.606538,1280.606538
46,HOME CARE,11201.694,11217.613,10944.954,11089.228,10903.068,-298.6260000000002,-256.7399999999998,-112.46600000000035,15.918999999999869,15.918999999999869
46,LADIESWEAR,755.31415,910.24994,620.6577,794.1859,514.52966,-240.78449,-134.65645000000006,38.871749999999906,154.93579,154.93579
46,LAWN AND GARDEN,530.12805,850.96576,560.65436,734.9018,480.49063,-49.63742000000002,30.526309999999967,204.77374999999995,320.83771,320.83771
46,LINGERIE,374.53293,1081.5219,251.9445,433.72043,88.96393,-285.569,-122.58843000000002,59.1875,706.9889699999999,706.9889699999999
46,"LIQUOR,WINE,BEER",2075.4775,2179.0767,1907.015,2064.8938,1850.235,-225.24250000000006,-168.46249999999986,-10.583700000000135,103.59920000000011,103.59920000000011
46,MAGAZINES,98.812225,1157.9689,255.61362,428.65872,98.812225,0.0,156.801395,329.846495,1059.1566750000002,1059.1566750000002
46,MEATS,17610.262,17706.861,17369.793,17569.465,17277.242,-333.02000000000044,-240.46899999999732,-40.79699999999866,96.59900000000198,96.59900000000198
46,PERSONAL CARE,12964.117,12968.747,12669.192,12821.7705,12602.564,-361.5529999999999,-294.9250000000011,-142.34649999999965,4.6299999999992,4.6299999999992
46,PET SUPPLIES,411.121,792.5196,503.64633,676.45557,411.121,0.0,92.52533,265.33457,381.3986,381.3986
46,PLAYERS AND ELECTRONICS,652.8151,1019.6757,733.2897,905.4929,647.53735,-5.277750000000083,80.47460000000001,252.67779999999993,366.8606,366.8606
46,POULTRY,13972.6,14200.928,13874.801,14060.2705,13813.698,-158.90200000000004,-97.79900000000089,87.67050000000017,228.32799999999952,228.32799999999952
46,PREPARED FOODS,2397.478,2696.3467,2436.2227,2586.2766,2397.478,0.0,38.74469999999974,188.79860000000008,298.8687,298.8687
46,PRODUCE,47804.184,47542.715,46862.31,47181.92,46444.76,-1359.423999999999,-941.8740000000034,-622.2640000000029,-261.4690000000046,261.4690000000046
46,SCHOOL AND OFFICE SUPPLIES,1614.4402,1383.7449,474.5329,701.1634,348.6944,-1265.7458000000001,-1139.9073,-913.2768,-230.6953000000001,230.6953000000001
46,SEAFOOD,869.0569,1215.8478,867.15735,1095.2443,826.91656,-42.14034000000004,-1.8995500000000902,226.18740000000003,346.79089999999997,346.79089999999997
47,AUTOMOTIVE,193.3634,944.69464,318.66235,468.31836,193.3634,0.0,125.29894999999999,274.95495999999997,751.33124,751.33124
47,BABY CARE,19.350513,8068.454,3701.3743,6966.438,19.350513,0.0,3682.023787,6947.087487,8049.103486999999,8049.103486999999
47,BEAUTY,381.33356,788.30493,344.0679,494.0812,218.5307,-162.80285999999998,-37.26565999999997,112.74764000000005,406.97137000000004,406.97137000000004
47,BEVERAGES,150173.6,149468.69,141279.27,145641.72,140651.28,-9522.320000000007,-8894.330000000016,-4531.880000000005,-704.9100000000035,704.9100000000035
47,BOOKS,19.504255,1584.3888,222.06647,526.62683,19.504255,0.0,202.562215,507.12257500000004,1564.884545,1564.884545
47,BREAD/BAKERY,19290.352,19397.254,19049.336,19231.236,18879.287,-411.0649999999987,-241.01599999999962,-59.11599999999817,106.90200000000186,106.90200000000186
47,CELEBRATION,459.29282,844.0302,544.871,713.2688,459.29282,0.0,85.57817999999997,253.97598000000005,384.73738000000003,384.73738000000003
47,CLEANING,41883.38,41603.74,41042.176,41296.6,40562.188,-1321.1919999999955,-841.2039999999979,-586.7799999999988,-279.6399999999994,279.6399999999994
47,DAIRY,38046.152,37662.152,37180.402,37450.766,36956.57,-1089.5820000000022,-865.75,-595.3859999999986,-384.0,384.0
47,DELI,11939.482,11903.529,11613.935,11759.889,11560.506,-378.97600000000057,-325.5470000000005,-179.59300000000076,-35.95299999999952,35.95299999999952
47,EGGS,6271.2383,6511.123,6228.4805,6382.5967,6190.503,-80.73530000000028,-42.757800000000316,111.35840000000007,239.8846999999996,239.8846999999996
47,FROZEN FOODS,4569.591,4814.949,4552.2935,4701.012,4512.354,-57.23700000000008,-17.297500000000582,131.42099999999937,245.35799999999927,245.35799999999927
47,GROCERY I,171278.36,163411.16,155111.53,158060.17,155391.2,-15887.159999999974,-16166.829999999987,-13218.189999999973,-7867.1999999999825,7867.1999999999825
47,GROCERY II,922.6797,1270.091,988.9221,1155.908,916.7322,-5.947499999999991,66.24239999999998,233.22829999999988,347.41129999999987,347.41129999999987
47,HARDWARE,30.688953,1261.845,219.88292,427.2235,30.688953,0.0,189.19396700000001,396.534547,1231.156047,1231.156047
47,HOME AND KITCHEN I,1060.2188,1314.891,1036.13,1197.5575,967.48004,-92.73876000000007,-24.088799999999992,137.3386999999998,254.67219999999998,254.67219999999998
47,HOME AND KITCHEN II,1382.7803,1591.378,1321.5588,1477.1951,1258.5664,-124.21389999999997,-61.22149999999988,94.41480000000001,208.59770000000003,208.59770000000003
47,HOME APPLIANCES,31.546822,1265.0521,213.5271,442.0515,31.546822,0.0,181.980278,410.50467799999996,1233.505278,1233.505278
47,HOME CARE,11721.43,11747.821,11483.179,11614.559,11444.121,-277.3090000000011,-238.2510000000002,-106.871000000001,26.39099999999962,26.39099999999962
47,LADIESWEAR,757.3111,926.1221,625.11,800.0632,526.01105,-231.30005000000006,-132.2011,42.75210000000004,168.81100000000004,168.81100000000004
47,LAWN AND GARDEN,590.6717,910.415,619.1214,796.2322,546.2593,-44.412399999999934,28.449700000000007,205.56050000000005,319.7433,319.7433
47,LINGERIE,183.43546,1223.9841,223.21782,413.66898,46.79139,-136.64407,39.78235999999998,230.23351999999997,1040.54864,1040.54864
47,"LIQUOR,WINE,BEER",3320.1633,3386.4812,3110.5635,3270.7812,3067.505,-252.65830000000005,-209.59979999999996,-49.382100000000264,66.31790000000001,66.31790000000001
47,MAGAZINES,166.33412,1035.8632,319.76166,490.40417,166.33412,0.0,153.42754,324.07005000000004,869.52908,869.52908
47,MEATS,16487.75,16635.564,16283.576,16495.422,16186.369,-301.3809999999994,-204.1740000000009,7.671999999998661,147.8139999999985,147.8139999999985
47,PERSONAL CARE,12623.964,12581.146,12281.376,12437.043,12221.008,-402.95600000000013,-342.58799999999974,-186.92100000000028,-42.8179999999993,42.8179999999993
47,PET SUPPLIES,391.06943,772.3016,486.04236,658.1188,391.06943,0.0,94.97292999999996,267.04936999999995,381.23217,381.23217
47,PLAYERS AND ELECTRONICS,498.28818,865.08185,574.23395,747.7487,498.28818,0.0,75.94577000000004,249.46051999999997,366.79367,366.79367
47,POULTRY,20306.502,20528.45,20168.244,20391.033,19995.77,-310.73199999999997,-138.25800000000163,84.53099999999904,221.94800000000032,221.94800000000032
47,PREPARED FOODS,3645.7974,3947.465,3686.9045,3837.395,3645.7974,0.0,41.10710000000017,191.59760000000006,301.6676000000002,301.6676000000002
47,PRODUCE,94535.25,93854.41,92117.9,93016.45,92075.15,-2460.100000000006,-2417.350000000006,-1518.800000000003,-680.8399999999965,680.8399999999965
47,SCHOOL AND OFFICE SUPPLIES,1457.9279,1148.405,158.33025,375.53644,29.363636,-1428.5642639999999,-1299.59765,-1082.3914599999998,-309.52289999999994,309.52289999999994
47,SEAFOOD,1023.23755,1340.9185,1005.65753,1220.3151,982.5591,-40.67845000000011,-17.580020000000104,197.07754999999997,317.68094999999994,317.68094999999994
48,AUTOMOTIVE,178.30305,1030.6858,299.33798,449.00745,169.0416,-9.261450000000025,121.03493,270.70439999999996,852.38275,852.38275
48,BABY CARE,22.906128,8072.928,3705.8484,6970.912,22.906128,0.0,3682.942272,6948.005872000001,8050.021872,8050.021872
48,BEAUTY,413.43393,745.8008,366.74094,517.1297,247.72441,-165.70951999999997,-46.69298999999995,103.69576999999998,332.36687,332.36687
48,BEVERAGES,80991.48,80875.52,78870.25,79956.76,78518.336,-2473.1440000000002,-2121.229999999996,-1034.7200000000012,-115.95999999999185,115.95999999999185
48,BOOKS,22.906128,5359.1265,2207.5781,4195.7554,22.906128,0.0,2184.671972,4172.849272,5336.220372000001,5336.220372000001
48,BREAD/BAKERY,13927.334,14008.032,13703.662,13861.694,13626.383,-300.95100000000093,-223.67200000000048,-65.64000000000124,80.6979999999985,80.6979999999985
48,CELEBRATION,371.36884,779.3084,480.2247,647.917,371.36884,0.0,108.85586,276.54816000000005,407.93956000000003,407.93956000000003
48,CLEANING,37101.695,36758.785,36145.316,36485.207,35436.117,-1665.5780000000013,-956.3790000000008,-616.4879999999976,-342.9099999999962,342.9099999999962
48,DAIRY,22217.77,21957.613,21518.178,21753.883,21333.895,-883.875,-699.5920000000006,-463.8869999999988,-260.15699999999924,260.15699999999924
48,DELI,11016.375,10967.17,10653.612,10821.29,10608.669,-407.70600000000013,-362.76300000000083,-195.08499999999913,-49.20499999999993,49.20499999999993
48,EGGS,2175.5486,2424.225,2151.5479,2304.1294,2108.2092,-67.3394000000003,-24.00070000000005,128.58079999999973,248.67639999999983,248.67639999999983
48,FROZEN FOODS,3265.413,3512.1501,3244.463,3399.7305,3205.0188,-60.39420000000018,-20.949999999999818,134.3175000000001,246.73709999999983,246.73709999999983
48,GROCERY I,141600.98,138377.72,134711.7,135455.03,134576.73,-7024.25,-6889.279999999999,-6145.950000000012,-3223.2600000000093,3223.2600000000093
48,GROCERY II,757.2314,1125.6199,837.7522,1011.437,757.2314,0.0,80.52080000000001,254.2056,368.3884999999999,368.3884999999999
48,HARDWARE,28.568008,1329.5513,255.62207,499.00385,28.568008,0.0,227.05406200000002,470.435842,1300.9832920000001,1300.9832920000001
48,HOME AND KITCHEN I,588.3706,883.17957,593.3978,767.1154,518.7651,-69.6055,5.0271999999999935,178.74480000000005,294.80897000000004,294.80897000000004
48,HOME AND KITCHEN II,899.42,1148.1577,842.5473,1018.1522,742.30194,-157.11806,-56.87270000000001,118.73220000000003,248.73770000000002,248.73770000000002
48,HOME APPLIANCES,29.65,1351.5977,236.31233,515.2289,29.65,0.0,206.66233,485.5789,1321.9477,1321.9477
48,HOME CARE,10104.824,10143.725,9853.162,10014.847,9811.154,-293.6700000000001,-251.66200000000026,-89.97700000000077,38.90099999999984,38.90099999999984
48,LADIESWEAR,743.3347,925.8681,615.1119,789.43744,501.62866,-241.70603999999997,-128.2228,46.10274000000004,182.53340000000003,182.53340000000003
48,LAWN AND GARDEN,241.79521,1027.7762,328.7328,501.85162,176.65297,-65.14223999999999,86.93759,260.05641,785.98099,785.98099
48,LINGERIE,37.880207,1275.6448,219.15407,439.08768,37.880207,0.0,181.273863,401.207473,1237.764593,1237.764593
48,"LIQUOR,WINE,BEER",2018.8959,2122.9185,1849.154,2008.7357,1791.2375,-227.65840000000003,-169.7419,-10.160200000000032,104.02260000000024,104.02260000000024
48,MAGAZINES,75.56678,1198.2142,241.38782,422.8519,75.56678,0.0,165.82104,347.28512,1122.6474199999998,1122.6474199999998
48,MEATS,15506.957,15630.028,15285.026,15479.274,15161.4,-345.5570000000007,-221.9310000000005,-27.683000000000902,123.07099999999991,123.07099999999991
48,PERSONAL CARE,12631.303,12615.706,12316.577,12466.592,12248.301,-383.0020000000004,-314.72600000000057,-164.71099999999933,-15.596999999999753,15.596999999999753
48,PET SUPPLIES,382.92255,801.5253,485.1397,659.0299,382.92255,0.0,102.21715,276.10735,418.60275,418.60275
48,PLAYERS AND ELECTRONICS,431.4167,801.93677,512.2369,684.32684,418.66666,-12.750040000000013,80.8202,252.91013999999996,370.52007000000003,370.52007000000003
48,POULTRY,14071.749,14266.847,13956.495,14131.485,13883.114,-188.63500000000022,-115.253999999999,59.736000000000786,195.09799999999996,195.09799999999996
48,PREPARED FOODS,1540.0718,1866.5267,1594.8109,1756.4567,1540.0718,0.0,54.73910000000001,216.38490000000002,326.45489999999995,326.45489999999995
48,PRODUCE,33227.992,32892.086,32243.742,32608.242,31494.363,-1733.6289999999972,-984.25,-619.75,-335.9059999999954,335.9059999999954
48,SCHOOL AND OFFICE SUPPLIES,1351.5991,1190.852,151.01868,368.8435,20.108747,-1331.490353,-1200.58042,-982.7556,-160.74709999999982,160.74709999999982
48,SEAFOOD,468.95685,837.0394,476.8371,699.5282,423.8702,-45.08664999999996,7.880250000000046,230.57135,368.08255,368.08255
49,AUTOMOTIVE,142.69507,1056.7902,273.90115,424.8786,142.69507,0.0,131.20608,282.18353,914.0951299999999,914.0951299999999
49,BABY CARE,32.423973,8083.1006,3716.0215,6981.0845,32.423973,0.0,3683.597527,6948.660527,8050.676627,8050.676627
49,BEAUTY,285.06375,1208.4128,274.16153,424.91675,141.66614,-143.39761000000001,-10.90222,139.85299999999995,923.34905,923.34905
49,BEVERAGES,119908.91,119592.34,114986.34,117844.695,115005.89,-4903.020000000004,-4922.570000000007,-2064.2149999999965,-316.570000000007,316.570000000007
49,BOOKS,32.423973,5372.602,2217.7512,4209.2305,32.423973,0.0,2185.327227,4176.806527,5340.178027,5340.178027
49,BREAD/BAKERY,20502.99,20643.328,20312.283,20485.219,20007.363,-495.6270000000004,-190.70700000000215,-17.77100000000064,140.33799999999974,140.33799999999974
49,CELEBRATION,377.62344,800.25836,479.49454,652.22125,377.62344,0.0,101.87109999999996,274.59781000000004,422.63492,422.63492
49,CLEANING,34020.51,33856.26,33535.695,33750.605,33237.438,-783.0720000000001,-484.8150000000023,-269.90499999999884,-164.25,164.25
49,DAIRY,38431.758,38071.668,37603.824,37857.402,37456.133,-975.625,-827.9340000000011,-574.3559999999998,-360.0900000000038,360.0900000000038
49,DELI,8210.206,8187.972,7910.785,8059.378,7873.413,-336.7930000000006,-299.4210000000003,-150.82800000000043,-22.23400000000038,22.23400000000038
49,EGGS,8356.85,8591.1455,8306.912,8457.309,8270.477,-86.37299999999959,-49.9380000000001,100.45899999999892,234.29550000000017,234.29550000000017
49,FROZEN FOODS,6343.495,6590.6436,6313.846,6471.3955,6277.4976,-65.9974000000002,-29.649000000000342,127.90049999999974,247.14860000000044,247.14860000000044
49,GROCERY I,133776.88,131140.34,126917.5,129242.13,127421.87,-6355.010000000009,-6859.380000000005,-4534.75,-2636.540000000008,2636.540000000008
49,GROCERY II,1050.6096,1393.0929,1109.3689,1278.9099,1041.6099,-8.999700000000075,58.75929999999994,228.3003000000001,342.4833000000001,342.4833000000001
49,HARDWARE,43.15435,1268.5326,242.1496,450.92593,43.15435,0.0,198.99525,407.77158,1225.37825,1225.37825
49,HOME AND KITCHEN I,1114.1829,1398.9355,1120.1976,1284.7526,1041.4623,-72.7206000000001,6.014699999999948,170.5697,284.75260000000003,284.75260000000003
49,HOME AND KITCHEN II,885.53656,1095.8137,810.44055,981.63086,744.4202,-141.11636,-75.09600999999998,96.09429999999998,210.27713999999992,210.27713999999992
49,HOME APPLIANCES,41.3002,1296.6057,239.69162,466.92123,41.3002,0.0,198.39142,425.62102999999996,1255.3055000000002,1255.3055000000002
49,HOME CARE,8817.318,8841.972,8579.656,8719.291,8544.498,-272.8199999999997,-237.66199999999844,-98.02700000000004,24.65400000000045,24.65400000000045
49,LADIESWEAR,497.96594,710.40784,390.20258,562.2924,248.64233,-249.32361,-107.76335999999998,64.32646000000005,212.44189999999998,212.44189999999998
49,LAWN AND GARDEN,573.0078,901.63184,611.76324,787.4491,533.38995,-39.617849999999976,38.75544000000002,214.44130000000007,328.62404000000004,328.62404000000004
49,LINGERIE,375.5368,993.76794,308.69733,482.86325,154.09885,-221.43795000000003,-66.83947,107.32644999999997,618.2311399999999,618.2311399999999
49,"LIQUOR,WINE,BEER",4349.304,4431.873,4159.886,4313.8965,4119.1133,-230.1907000000001,-189.41799999999967,-35.407500000000255,82.5689999999995,82.5689999999995
49,MAGAZINES,243.18375,712.3429,387.00348,558.3741,243.18375,0.0,143.81973000000002,315.19034999999997,469.15914999999995,469.15914999999995
49,MEATS,14407.864,14521.269,14210.775,14385.1875,14148.225,-259.6389999999992,-197.08899999999994,-22.676499999999578,113.40500000000065,113.40500000000065
49,PERSONAL CARE,8870.532,8861.717,8587.33,8730.098,8545.724,-324.8079999999991,-283.2019999999993,-140.4339999999993,-8.81499999999869,8.81499999999869
49,PET SUPPLIES,271.97217,706.5694,412.7714,584.86127,271.97217,0.0,140.79923000000002,312.8891,434.59722999999997,434.59722999999997
49,PLAYERS AND ELECTRONICS,433.1185,815.7403,522.5518,699.6762,433.1185,0.0,89.43329999999997,266.5577,382.62180000000006,382.62180000000006
49,POULTRY,18406.895,18583.762,18275.582,18440.883,18125.479,-281.4160000000011,-131.31300000000192,33.98800000000119,176.86699999999837,176.86699999999837
49,PREPARED FOODS,3993.9636,4293.114,4034.4878,4183.044,3993.9636,0.0,40.52419999999984,189.08039999999983,299.15039999999954,299.15039999999954
49,PRODUCE,130285.79,126612.16,121612.7,123950.96,122116.23,-8169.559999999998,-8673.089999999997,-6334.829999999987,-3673.62999999999,3673.62999999999
49,SCHOOL AND OFFICE SUPPLIES,1809.4941,1518.4973,633.44995,854.4091,497.31287,-1312.18123,-1176.04415,-955.0849999999999,-290.9967999999999,290.9967999999999
49,SEAFOOD,1140.3792,1457.0646,1116.9492,1336.4612,1105.3754,-35.00380000000018,-23.430000000000064,196.08199999999988,316.68539999999985,316.68539999999985
50,AUTOMOTIVE,130.28384,1122.3434,259.44373,413.73547,130.28384,0.0,129.15989000000002,283.45163,992.0595599999999,992.0595599999999
50,BABY CARE,21.049574,8071.1274,3704.6172,6969.1113,21.049574,0.0,3683.567626,6948.061726,8050.077826000001,8050.077826000001
50,BEAUTY,330.3143,931.81067,296.1231,445.19434,165.72891,-164.58539,-34.19119999999998,114.88004000000001,601.49637,601.49637
50,BEVERAGES,77020.52,76696.99,74797.46,75716.96,74694.69,-2325.8300000000017,-2223.0599999999977,-1303.5599999999977,-323.52999999999884,323.52999999999884
50,BOOKS,22.326986,1649.7803,277.56488,587.9296,22.326986,0.0,255.237894,565.602614,1627.4533139999999,1627.4533139999999
50,BREAD/BAKERY,10396.226,10459.924,10203.237,10322.098,10149.839,-246.38700000000063,-192.9890000000014,-74.12800000000061,63.69800000000032,63.69800000000032
50,CELEBRATION,501.0677,867.2026,579.4765,738.194,501.0677,0.0,78.40879999999999,237.12629999999996,366.13489999999996,366.13489999999996
50,CLEANING,30650.803,30549.186,30203.912,30356.906,29682.047,-968.7560000000012,-446.8909999999996,-293.89700000000084,-101.61699999999837,101.61699999999837
50,DAIRY,20542.387,20358.256,20005.047,20203.275,19850.715,-691.6719999999987,-537.3400000000001,-339.11199999999735,-184.13099999999758,184.13099999999758
50,DELI,8562.381,8576.407,8313.399,8446.136,8277.56,-284.8209999999999,-248.98199999999997,-116.24499999999898,14.02599999999984,14.02599999999984
50,EGGS,1927.2977,2168.2212,1908.3046,2048.1255,1862.0397,-65.25800000000004,-18.99310000000014,120.82780000000002,240.92349999999988,240.92349999999988
50,FROZEN FOODS,2695.0635,2931.1914,2675.9602,2818.7717,2634.3354,-60.72810000000027,-19.103300000000218,123.70819999999958,236.12789999999995,236.12789999999995
50,GROCERY I,111091.47,108942.016,107344.445,108367.61,107506.4,-3585.070000000007,-3747.024999999994,-2723.8600000000006,-2149.453999999998,2149.453999999998
50,GROCERY II,1776.7145,2105.8308,1825.983,1991.648,1763.5074,-13.207100000000082,49.268499999999904,214.93349999999987,329.11630000000014,329.11630000000014
50,HARDWARE,28.066391,1293.6959,248.73837,454.55078,28.066391,0.0,220.671979,426.48438899999996,1265.6295089999999,1265.6295089999999
50,HOME AND KITCHEN I,856.97046,1154.5938,874.17365,1040.4108,798.5874,-58.38306,17.20318999999995,183.4403400000001,297.6233400000001,297.6233400000001
50,HOME AND KITCHEN II,789.002,1055.0833,779.276,940.90045,701.14484,-87.85715999999991,-9.725999999999999,151.89845000000003,266.08130000000006,266.08130000000006
50,HOME APPLIANCES,29.233915,1308.4078,231.88132,472.03897,29.233915,0.0,202.647405,442.805055,1279.173885,1279.173885
50,HOME CARE,8176.236,8259.145,8013.565,8140.6694,7978.7217,-197.51429999999982,-162.67100000000028,-35.56660000000011,82.90900000000056,82.90900000000056
50,LADIESWEAR,654.493,885.12897,582.65405,746.3581,472.5457,-181.94730000000004,-71.83895000000007,91.86509999999998,230.63596999999993,230.63596999999993
50,LAWN AND GARDEN,152.98341,1037.5555,265.19543,433.87543,95.97196,-57.011449999999996,112.21202,280.89202,884.5720899999999,884.5720899999999
50,LINGERIE,45.42533,1229.9773,215.60739,410.24274,45.42533,0.0,170.18206,364.81741,1184.55197,1184.55197
50,"LIQUOR,WINE,BEER",2298.496,2407.4287,2152.3865,2293.2458,2104.5789,-193.91710000000012,-146.10950000000003,-5.25019999999995,108.93269999999984,108.93269999999984
50,MAGAZINES,121.3764,1104.2517,278.95456,445.54822,121.3764,0.0,157.57816000000003,324.17182,982.8753,982.8753
50,MEATS,9846.097,9992.905,9733.794,9860.629,9694.447,-151.64999999999964,-112.30299999999988,14.532000000001062,146.8080000000009,146.8080000000009
50,PERSONAL CARE,9014.446,9007.792,8732.506,8875.362,8691.998,-322.4480000000003,-281.9400000000005,-139.08400000000074,-6.654000000000451,6.654000000000451
50,PET SUPPLIES,187.84045,1017.3893,340.87766,504.20657,187.84045,0.0,153.03721,316.36612,829.54885,829.54885
50,PLAYERS AND ELECTRONICS,409.21893,788.8676,504.65634,667.7717,409.21893,0.0,95.43741,258.55277,379.64867000000004,379.64867000000004
50,POULTRY,7202.864,7405.7856,7143.71,7287.37,7108.368,-94.49599999999919,-59.15399999999954,84.50600000000031,202.92160000000058,202.92160000000058
50,PREPARED FOODS,1130.2435,1470.9471,1191.0068,1360.8771,1130.2435,0.0,60.76330000000007,230.6335999999999,340.70360000000005,340.70360000000005
50,PRODUCE,37642.684,37370.152,36914.23,37175.57,36599.52,-1043.1640000000043,-728.4539999999979,-467.1140000000014,-272.53199999999924,272.53199999999924
50,SCHOOL AND OFFICE SUPPLIES,1300.4248,1193.6353,133.4965,372.9481,8.689409,-1291.735391,-1166.9283,-927.4766999999999,-106.78950000000009,106.78950000000009
50,SEAFOOD,269.60352,726.73474,309.75162,514.049,222.35474,-47.24878000000001,40.1481,244.44547999999998,457.13122,457.13122
51,AUTOMOTIVE,80.32237,1271.9315,214.17853,403.15668,80.32237,0.0,133.85616,322.83430999999996,1191.6091299999998,1191.6091299999998
51,BABY CARE,17.569643,7879.8354,3376.6958,6794.543,17.569643,0.0,3359.126157,6776.973357,7862.265757,7862.265757
51,BEAUTY,216.50296,1435.042,196.40244,389.1698,49.758335,-166.74462499999998,-20.10051999999999,172.66684,1218.5390399999999,1218.5390399999999
51,BEVERAGES,76159.14,75777.32,73516.79,74485.69,73427.47,-2731.6699999999983,-2642.350000000006,-1673.449999999997,-381.81999999999243,381.81999999999243
51,BOOKS,18.356012,1535.2793,217.05605,498.3266,18.356012,0.0,198.700038,479.97058799999996,1516.923288,1516.923288
51,BREAD/BAKERY,14700.708,14794.065,14535.284,14654.442,14428.301,-272.40700000000106,-165.4240000000009,-46.26600000000144,93.35699999999997,93.35699999999997
51,CELEBRATION,104.762505,992.1138,256.45816,420.80472,104.762505,0.0,151.69565500000002,316.04221499999994,887.3512949999999,887.3512949999999
51,CLEANING,24967.95,24891.082,24571.58,24751.232,24155.365,-812.5849999999991,-396.369999999999,-216.71800000000076,-76.86800000000221,76.86800000000221
51,DAIRY,26868.064,26591.713,26226.662,26447.104,25973.584,-894.4799999999996,-641.4019999999982,-420.9599999999991,-276.35099999999875,276.35099999999875
51,DELI,4491.965,4497.6206,4248.258,4394.2456,4212.2676,-279.6974,-243.70700000000033,-97.71939999999995,5.6556000000000495,5.6556000000000495
51,EGGS,5864.2114,6071.4653,5816.4604,5963.539,5785.05,-79.16139999999996,-47.751000000000204,99.32759999999962,207.2538999999997,207.2538999999997
51,FROZEN FOODS,4333.7144,4523.4463,4281.2866,4426.23,4247.332,-86.3823999999995,-52.42779999999948,92.51559999999972,189.73189999999977,189.73189999999977
51,GROCERY I,86106.86,84962.93,83611.62,84158.75,83440.81,-2666.050000000003,-2495.2400000000052,-1948.1100000000006,-1143.9300000000076,1143.9300000000076
51,GROCERY II,713.63544,1055.7391,791.9844,956.39575,713.63544,0.0,78.34896000000003,242.76031,342.10366,342.10366
51,HARDWARE,23.552254,1218.9849,209.77112,412.88162,23.552254,0.0,186.218866,389.329366,1195.432646,1195.432646
51,HOME AND KITCHEN I,688.6897,954.10547,689.97754,850.9996,616.62317,-72.06653000000006,1.2878399999999601,162.30989999999997,265.41576999999995,265.41576999999995
51,HOME AND KITCHEN II,769.84015,975.7899,732.2754,878.328,649.184,-120.65615000000003,-37.564750000000004,108.48784999999998,205.94975,205.94975
51,HOME APPLIANCES,26.928629,1256.9418,204.02536,439.02628,26.928629,0.0,177.096731,412.097651,1230.013171,1230.013171
51,HOME CARE,5958.3228,5991.437,5754.7827,5892.458,5721.5757,-236.7470999999996,-203.54010000000017,-65.86480000000029,33.11419999999998,33.11419999999998
51,LADIESWEAR,46.067413,1158.5009,212.6305,417.05484,46.067413,0.0,166.563087,370.987427,1112.433487,1112.433487
51,LAWN AND GARDEN,784.8366,1080.8702,812.7133,983.40814,736.1216,-48.71500000000003,27.876700000000028,198.57154000000003,296.0336000000001,296.0336000000001
51,LINGERIE,83.429375,1029.2192,244.5075,414.27652,83.429375,0.0,161.078125,330.847145,945.7898250000001,945.7898250000001
51,"LIQUOR,WINE,BEER",2405.854,2503.2986,2254.6416,2405.837,2205.7832,-200.07079999999996,-151.2123999999999,-0.016999999999825377,97.44460000000026,97.44460000000026
51,MAGAZINES,136.29517,1019.97644,284.98743,447.97223,136.29517,0.0,148.69226,311.67706,883.68127,883.68127
51,MEATS,10700.422,10760.182,10518.296,10638.575,10477.745,-222.67699999999968,-182.1260000000002,-61.84699999999975,59.76000000000022,59.76000000000022
51,PERSONAL CARE,4980.923,4993.503,4753.482,4894.524,4718.5864,-262.33659999999963,-227.4409999999998,-86.39899999999943,12.579999999999927,12.579999999999927
51,PET SUPPLIES,248.4122,662.77155,381.4091,546.68207,248.4122,0.0,132.9969,298.26986999999997,414.35935000000006,414.35935000000006
51,PLAYERS AND ELECTRONICS,134.0514,1118.9833,276.95834,441.4676,125.048485,-9.002915000000002,142.90694000000002,307.4162,984.9319,984.9319
51,POULTRY,17651.986,17047.117,16046.42,16543.953,15919.372,-1732.6140000000014,-1605.5660000000007,-1108.0329999999994,-604.8690000000024,604.8690000000024
51,PREPARED FOODS,1941.786,2211.744,1975.6233,2118.3948,1940.6184,-1.167599999999993,33.837299999999914,176.60879999999997,269.9580000000001,269.9580000000001
51,PRODUCE,88306.32,86577.86,84312.46,85043.41,84393.05,-3913.270000000004,-3993.8600000000006,-3262.9100000000035,-1728.4600000000064,1728.4600000000064
51,SCHOOL AND OFFICE SUPPLIES,3.4946866,1084.3282,99.832466,321.63785,3.4946866,0.0,96.3377794,318.1431634,1080.8335134,1080.8335134
51,SEAFOOD,773.4815,1076.4465,751.24945,972.564,734.9828,-38.498699999999985,-22.23204999999996,199.08249999999998,302.96500000000003,302.96500000000003
52,AUTOMOTIVE,152.35387,1012.5386,277.49408,467.8996,152.35387,0.0,125.14021,315.54573000000005,860.18473,860.18473
52,BABY CARE,28.14756,8608.122,4107.2666,7506.106,28.14756,0.0,4079.11904,7477.958439999999,8579.97444,8579.97444
52,BEAUTY,267.181,1409.808,222.31804,405.9857,72.198265,-194.982735,-44.86295999999999,138.80470000000003,1142.627,1142.627
52,BEVERAGES,72037.51,71606.54,69862.54,70643.24,69458.51,-2579.0,-2174.970000000001,-1394.2699999999895,-430.97000000000116,430.97000000000116
52,BOOKS,28.14756,7089.639,3699.3423,5926.2666,28.14756,0.0,3671.19474,5898.11904,7061.49144,7061.49144
52,BREAD/BAKERY,12941.856,13016.662,12745.562,12864.911,12685.277,-256.5789999999997,-196.29399999999987,-76.94499999999971,74.8060000000005,74.8060000000005
52,CELEBRATION,144.53285,1025.3745,297.2401,462.10846,144.53285,0.0,152.70725,317.57561,880.8416499999998,880.8416499999998
52,CLEANING,27285.367,27117.838,26780.104,26990.816,26333.055,-952.3119999999981,-505.262999999999,-294.5509999999995,-167.52899999999863,167.52899999999863
52,DAIRY,18719.424,18542.318,18217.617,18389.365,18059.139,-660.2849999999999,-501.8070000000007,-330.05899999999747,-177.10599999999977,177.10599999999977
52,DELI,6292.92,6254.4346,5987.9214,6131.304,5955.037,-337.8829999999998,-304.9985999999999,-161.61599999999999,-38.48540000000048,38.48540000000048
52,EGGS,3368.5151,3599.633,3335.006,3479.537,3298.5042,-70.01090000000022,-33.50910000000022,111.02189999999973,231.11789999999974,231.11789999999974
52,FROZEN FOODS,4977.133,5190.443,4943.2207,5076.5063,4910.176,-66.95699999999943,-33.91229999999996,99.3733000000002,213.3100000000004,213.3100000000004
52,GROCERY I,96077.1,94780.27,93325.01,93902.64,93280.27,-2796.8300000000017,-2752.090000000011,-2174.4600000000064,-1296.8300000000017,1296.8300000000017
52,GROCERY II,966.6201,1302.4381,1030.155,1184.4924,954.6173,-12.00279999999998,63.53489999999999,217.8723000000001,335.8180000000001,335.8180000000001
52,HARDWARE,51.32512,1223.4651,231.81175,428.92563,51.32512,0.0,180.48663,377.60051,1172.13998,1172.13998
52,HOME AND KITCHEN I,838.9895,1120.598,844.46704,1006.41504,765.8929,-73.09659999999997,5.477539999999976,167.42553999999996,281.60849999999994,281.60849999999994
52,HOME AND KITCHEN II,819.9656,1033.7455,753.7728,919.5626,671.81036,-148.15524000000005,-66.19280000000003,99.59699999999998,213.7799,213.7799
52,HOME APPLIANCES,35.047638,1340.508,238.64532,498.55734,35.047638,0.0,203.597682,463.509702,1305.460362,1305.460362
52,HOME CARE,6042.596,6109.8965,5852.4297,5994.197,5818.1094,-224.48659999999927,-190.16629999999986,-48.39899999999943,67.30050000000028,67.30050000000028
52,LADIESWEAR,120.92456,1093.0343,276.61014,447.78494,120.92456,0.0,155.68558000000002,326.86038,972.10974,972.10974
52,LAWN AND GARDEN,1007.7106,1318.3552,1029.8112,1200.4097,959.29956,-48.41103999999996,22.1006000000001,192.69909999999993,310.64459999999997,310.64459999999997
52,LINGERIE,110.38191,1015.25024,270.1701,441.07095,110.38191,0.0,159.78819,330.68904,904.86833,904.86833
52,"LIQUOR,WINE,BEER",3547.6504,3628.5881,3368.387,3514.4053,3334.701,-212.94939999999997,-179.26339999999982,-33.24510000000009,80.93769999999995,80.93769999999995
52,MAGAZINES,129.36806,1024.8977,284.65338,451.97354,129.36806,0.0,155.28532,322.60548,895.52964,895.52964
52,MEATS,8118.9214,8288.147,7998.1396,8163.5,7967.6826,-151.23880000000008,-120.78179999999975,44.578599999999824,169.22560000000067,169.22560000000067
52,PERSONAL CARE,5799.724,5791.339,5531.7456,5674.1216,5497.9585,-301.76550000000043,-267.97839999999997,-125.60239999999976,-8.385000000000218,8.385000000000218
52,PET SUPPLIES,195.12025,1080.2604,344.49893,509.0813,195.12025,0.0,149.37867999999997,313.96105,885.14015,885.14015
52,PLAYERS AND ELECTRONICS,311.36743,713.0248,427.17706,593.198,311.36743,0.0,115.80962999999997,281.83056999999997,401.65737,401.65737
52,POULTRY,7986.8794,8156.432,7891.785,8034.981,7859.656,-127.22339999999986,-95.09439999999995,48.10159999999996,169.55259999999998,169.55259999999998
52,PREPARED FOODS,1970.5413,2262.2017,2006.5424,2152.1316,1970.5413,0.0,36.00109999999995,181.59030000000007,291.6604,291.6604
52,PRODUCE,76952.336,75625.03,74015.195,74470.76,73762.27,-3190.0659999999916,-2937.1409999999887,-2481.576000000001,-1327.3059999999969,1327.3059999999969
52,SCHOOL AND OFFICE SUPPLIES,9.571232,1169.2834,165.57953,386.148,9.571232,0.0,156.008298,376.576768,1159.712168,1159.712168
52,SEAFOOD,82.794914,1006.5438,116.19223,325.90982,35.742947,-47.051967000000005,33.39731599999999,243.11490600000002,923.7488860000001,923.7488860000001
53,AUTOMOTIVE,96.74329,1011.57764,205.12479,394.302,96.74329,0.0,108.38149999999999,297.55871,914.83435,914.83435
53,BABY CARE,9.288207,1397.2189,146.6333,362.92358,9.288207,0.0,137.345093,353.635373,1387.930693,1387.930693
53,BEAUTY,118.15324,1315.181,167.34239,362.1962,36.299183,-81.854057,49.18915,244.04296,1197.02776,1197.02776
53,BEVERAGES,38358.496,37843.25,37112.496,37482.258,36511.457,-1847.038999999997,-1246.0,-876.2379999999976,-515.2459999999992,515.2459999999992
53,BOOKS,9.108939,6348.298,2937.2642,5208.7197,9.108939,0.0,2928.155261,5199.610761,6339.189061,6339.189061
53,BREAD/BAKERY,8326.84,8388.986,8145.7744,8284.169,8118.422,-208.41800000000057,-181.0655999999999,-42.67100000000028,62.14600000000064,62.14600000000064
53,CELEBRATION,89.86676,1043.0282,245.81616,411.07474,89.86676,0.0,155.9494,321.20798,953.16144,953.16144
53,CLEANING,17181.889,17116.21,16820.854,16980.88,16702.918,-478.97099999999773,-361.03499999999985,-201.0089999999982,-65.67900000000009,65.67900000000009
53,DAIRY,9558.247,9437.448,9173.9375,9325.389,9142.006,-416.241,-384.3094999999994,-232.85800000000017,-120.79899999999907,120.79899999999907
53,DELI,4275.448,4296.735,4062.1335,4200.4326,4029.35,-246.0980000000004,-213.3145000000004,-75.01540000000023,21.286999999999352,21.286999999999352
53,EGGS,1637.6996,1850.3401,1607.559,1754.0378,1565.163,-72.53659999999991,-30.14059999999995,116.33820000000014,212.64049999999997,212.64049999999997
53,FROZEN FOODS,2202.8794,2412.167,2176.632,2323.5408,2134.4343,-68.44509999999991,-26.247399999999743,120.66140000000041,209.2876000000001,209.2876000000001
53,GROCERY I,54329.62,53207.844,52122.82,52740.195,51701.36,-2628.260000000002,-2206.800000000003,-1589.425000000003,-1121.7760000000053,1121.7760000000053
53,GROCERY II,216.13434,691.38104,339.2953,498.35776,197.60414,-18.530200000000008,123.16095999999999,282.22342,475.2467,475.2467
53,HARDWARE,15.785693,1212.8298,193.20515,408.8739,15.785693,0.0,177.419457,393.088207,1197.044107,1197.044107
53,HOME AND KITCHEN I,487.75275,738.20856,482.25003,640.39197,399.44897,-88.30378000000002,-5.502720000000011,152.63922000000002,250.45581000000004,250.45581000000004
53,HOME AND KITCHEN II,496.46014,816.68054,523.2727,685.3424,438.38733,-58.072810000000004,26.812559999999962,188.88225999999997,320.2203999999999,320.2203999999999
53,HOME APPLIANCES,9.083369,1288.912,187.45319,468.5499,9.083369,0.0,178.369821,459.466531,1279.828631,1279.828631
53,HOME CARE,3737.641,3801.6418,3566.225,3711.2524,3536.0015,-201.63950000000023,-171.41600000000017,-26.388600000000224,64.0007999999998,64.0007999999998
53,LADIESWEAR,49.662197,1108.857,210.19038,388.65134,49.662197,0.0,160.528183,338.989143,1059.1948029999999,1059.1948029999999
53,LAWN AND GARDEN,198.45184,916.34357,293.0244,457.6989,146.30406,-52.14778000000001,94.57256000000001,259.24706,717.89173,717.89173
53,LINGERIE,50.580013,1101.5266,209.85591,385.9071,50.580013,0.0,159.275897,335.327087,1050.946587,1050.946587
53,"LIQUOR,WINE,BEER",1638.8446,1730.6519,1491.2932,1640.2623,1433.0172,-205.8273999999999,-147.55139999999983,1.4177000000001954,91.80730000000017,91.80730000000017
53,MAGAZINES,27.738121,1200.8575,200.53075,389.60168,27.738121,0.0,172.792629,361.863559,1173.119379,1173.119379
53,MEATS,4829.3677,4996.5767,4766.3916,4903.1523,4735.3394,-94.02829999999994,-62.97609999999986,73.78459999999995,167.20899999999983,167.20899999999983
53,PERSONAL CARE,4143.303,4172.299,3947.205,4081.9097,3915.1755,-228.12750000000005,-196.09799999999996,-61.393299999999726,28.996000000000095,28.996000000000095
53,PET SUPPLIES,49.01821,1156.8517,210.23232,382.9806,49.01821,0.0,161.21410999999998,333.96238999999997,1107.83349,1107.83349
53,PLAYERS AND ELECTRONICS,64.65124,1089.0503,220.96693,389.93018,64.65124,0.0,156.31569,325.27894000000003,1024.3990600000002,1024.3990600000002
53,POULTRY,3481.7534,3669.109,3441.1301,3582.8323,3409.6272,-72.12620000000015,-40.6233000000002,101.07889999999998,187.35559999999987,187.35559999999987
53,PREPARED FOODS,956.4493,1268.007,1018.089,1181.7303,956.4493,0.0,61.63970000000006,225.28099999999995,311.55770000000007,311.55770000000007
53,PRODUCE,34176.508,33824.215,33093.85,33543.797,32575.219,-1601.2890000000007,-1082.658000000003,-632.711000000003,-352.2930000000051,352.2930000000051
53,SCHOOL AND OFFICE SUPPLIES,0.0,1188.8002,94.20862,388.36356,0.0,0.0,94.20862,388.36356,1188.8002,1188.8002
53,SEAFOOD,45.99706,1030.3503,65.72644,280.7015,0.0,-45.99706,19.72938,234.70444,984.35324,984.35324
54,AUTOMOTIVE,51.481083,1163.5835,177.24431,307.38025,51.481083,0.0,125.76322700000001,255.89916699999998,1112.102417,1112.102417
54,BABY CARE,10.693469,7640.294,2917.6199,6562.074,10.693469,0.0,2906.9264310000003,6551.380531,7629.600531,7629.600531
54,BEAUTY,28.196402,1324.9181,160.6656,300.30078,19.209997,-8.986404999999998,132.469198,272.104378,1296.721698,1296.721698
54,BEVERAGES,54800.42,52262.664,50712.105,51530.58,49412.02,-5388.4000000000015,-4088.314999999995,-3269.8399999999965,-2537.756000000001,2537.756000000001
54,BOOKS,10.693469,5917.8237,2509.6958,4778.2446,10.693469,0.0,2499.002331,4767.551131,5907.130231,5907.130231
54,BREAD/BAKERY,4171.7305,4218.992,4007.4673,4136.7856,3978.41,-193.3204999999998,-164.26319999999987,-34.94489999999951,47.261500000000524,47.261500000000524
54,CELEBRATION,73.61901,1245.5763,204.16754,391.34592,30.563248,-43.055762,130.54853,317.72691,1171.9572899999998,1171.9572899999998
54,CLEANING,18343.664,18014.807,17693.938,17878.162,17562.283,-781.3810000000012,-649.7260000000024,-465.5020000000004,-328.85699999999997,328.85699999999997
54,DAIRY,4309.5894,4303.286,4091.432,4221.0796,4060.7473,-248.84209999999985,-218.15740000000005,-88.50979999999981,-6.303399999999783,6.303399999999783
54,DELI,4070.9495,4114.2524,3898.2505,4032.0461,3865.9714,-204.97810000000027,-172.69900000000007,-38.90340000000015,43.302900000000136,43.302900000000136
54,EGGS,1162.2404,1355.398,1126.6584,1273.1914,1064.189,-98.05139999999983,-35.58199999999988,110.95100000000002,193.1576,193.1576
54,FROZEN FOODS,706.0325,954.8045,731.2435,880.2742,646.40375,-59.62875000000008,25.211000000000013,174.24169999999992,248.77199999999993,248.77199999999993
54,GROCERY I,52830.35,51187.258,50602.973,50854.758,50197.535,-2632.814999999995,-2227.3770000000004,-1975.591999999997,-1643.091999999997,1643.091999999997
54,GROCERY II,99.75492,1055.571,227.4301,391.26114,71.92531,-27.829610000000002,127.67518000000001,291.50622,955.8160799999999,955.8160799999999
54,HARDWARE,13.154263,1234.9368,192.74467,423.23123,13.154263,0.0,179.59040700000003,410.07696699999997,1221.782537,1221.782537
54,HOME AND KITCHEN I,428.15356,740.2668,474.36963,633.53864,357.86917,-70.28439000000003,46.216069999999945,205.38507999999996,312.11323999999996,312.11323999999996
54,HOME AND KITCHEN II,163.27232,988.14404,290.30383,445.92426,145.07297,-18.19935000000001,127.03151,282.65193999999997,824.87172,824.87172
54,HOME APPLIANCES,10.218924,1438.4349,185.42764,558.12885,10.218924,0.0,175.208716,547.909926,1428.215976,1428.215976
54,HOME CARE,3972.2012,4015.0652,3804.0916,3938.7717,3773.927,-198.27419999999984,-168.10959999999977,-33.42950000000019,42.86400000000003,42.86400000000003
54,LADIESWEAR,9.278131,4184.987,1742.1605,3249.5413,9.278131,0.0,1732.882369,3240.263169,4175.708869,4175.708869
54,LAWN AND GARDEN,9.278131,4184.987,1742.1605,3249.5413,9.278131,0.0,1732.882369,3240.263169,4175.708869,4175.708869
54,LINGERIE,33.7371,1145.5367,197.5192,392.24045,33.7371,0.0,163.7821,358.50335,1111.7996,1111.7996
54,"LIQUOR,WINE,BEER",771.3096,986.20886,711.83636,866.3393,609.4115,-161.8981,-59.47324000000003,95.02969999999993,214.8992599999999,214.8992599999999
54,MAGAZINES,15.123655,1229.462,193.79642,428.28992,15.123655,0.0,178.67276500000003,413.166265,1214.338345,1214.338345
54,MEATS,813.06714,1069.7164,822.9404,993.42285,774.5437,-38.52344000000005,9.87325999999996,180.35571000000004,256.64926,256.64926
54,PERSONAL CARE,3140.3787,3194.0999,2978.7864,3117.8064,2950.037,-190.3417000000004,-161.59230000000025,-22.57230000000027,53.72119999999995,53.72119999999995
54,PET SUPPLIES,14.291555,1518.0073,191.25757,627.8936,14.291555,0.0,176.966015,613.602045,1503.715745,1503.715745
54,PLAYERS AND ELECTRONICS,26.27824,1179.2008,205.1439,377.42017,26.27824,0.0,178.86566,351.14193,1152.92256,1152.92256
54,POULTRY,1078.8679,1328.5779,1086.5781,1256.3972,1030.7126,-48.1552999999999,7.710199999999986,177.52930000000015,249.71000000000004,249.71000000000004
54,PREPARED FOODS,1292.4563,1574.3822,1339.3164,1502.2015,1292.4563,0.0,46.860099999999875,209.74519999999984,281.92589999999996,281.92589999999996
54,PRODUCE,11524.96,11412.54,11093.735,11278.264,10915.546,-609.4139999999989,-431.22499999999854,-246.6959999999999,-112.41999999999825,112.41999999999825
54,SCHOOL AND OFFICE SUPPLIES,0.0,3051.9124,1029.7031,2129.514,0.0,0.0,1029.7031,2129.514,3051.9124,3051.9124
54,SEAFOOD,15.935525,1103.4813,81.746544,299.12643,0.049794648,-15.885730352,65.811019,283.19090500000004,1087.5457749999998,1087.5457749999998
