store_nbr,family,p10,p50,p90,scenario,selected_model,current_p50,conditional_change_vs_current
1,AUTOMOTIVE,2.221064567565918,74.97394,199.3154444694519,No promotion,XGBoost,74.97394,0.0
1,BABY CARE,1.4218222200870516,9.1222725,81.63628170061857,No promotion,XGBoost,9.1222725,0.0
1,BEAUTY,0.8008510529994965,24.580414,151.57074192762374,No promotion,XGBoost,116.14535,-91.56493
1,BEVERAGES,27971.00951201172,34060.81,44987.30392431641,No promotion,XGBoost,35023.445,-962.6367
1,BOOKS,3.7220517039299015,13.75259,86.26659992039204,No promotion,XGBoost,13.75259,0.0
1,BREAD/BAKERY,4560.056228027344,5684.9663,7106.766660400391,No promotion,XGBoost,5785.8306,-100.86426
1,CELEBRATION,82.66803169250488,266.99005,525.8838558197021,No promotion,XGBoost,266.99005,0.0
1,CLEANING,8810.97350756836,10638.262,12936.679543701171,No promotion,XGBoost,10867.421,-229.15918
1,DAIRY,9390.56774584961,11217.855,13516.273781982421,No promotion,XGBoost,11512.032,-294.17676
1,DELI,1519.85009765625,2097.9314,2779.1244943237302,No promotion,XGBoost,2235.7485,-137.81714
1,EGGS,1645.8853378295898,2242.2095,2940.3451093139647,No promotion,XGBoost,2270.081,-27.871582
1,FROZEN FOODS,1404.7375869750977,1964.576,2628.8266088256833,No promotion,XGBoost,2000.3756,-35.79956
1,GROCERY I,34350.29411894531,40440.094,51366.58853125,No promotion,XGBoost,41896.668,-1456.5742
1,GROCERY II,166.3948049545288,369.83237,646.8991899490356,No promotion,XGBoost,369.83237,0.0
1,HARDWARE,3.687576654553414,17.838299,96.73956463634967,No promotion,XGBoost,17.838299,0.0
1,HOME AND KITCHEN I,205.00175952911377,421.90622,718.971396446228,No promotion,XGBoost,487.1352,-65.22897
1,HOME AND KITCHEN II,152.0663251876831,395.90457,732.9664659500122,No promotion,XGBoost,528.31287,-132.4083
1,HOME APPLIANCES,2.525651133060456,13.234737,87.87783279120922,No promotion,XGBoost,13.234737,0.0
1,HOME CARE,2091.6012799072264,2781.7263,3621.1566647949217,No promotion,XGBoost,2927.4563,-145.72998
1,LADIESWEAR,11.654845714569092,107.198204,243.48447227478027,No promotion,XGBoost,107.198204,0.0
1,LAWN AND GARDEN,40.07315492630005,216.74754,469.2928557395935,No promotion,XGBoost,263.79517,-47.047623
1,LINGERIE,4.421344518661499,72.41276,196.75427150726318,No promotion,XGBoost,72.41276,0.0
1,"LIQUOR,WINE,BEER",862.9586601257324,1349.8259,1946.3061827087402,No promotion,XGBoost,1499.9689,-150.14294
1,MAGAZINES,1.960808515548706,58.575947,175.7506022453308,No promotion,XGBoost,58.575947,0.0
1,MEATS,3692.8113212890626,4684.75,5942.530281982422,No promotion,XGBoost,4756.2676,-71.51758
1,PERSONAL CARE,1658.8243697509765,2273.9087,3000.3032639160156,No promotion,XGBoost,2448.8113,-174.90259
1,PET SUPPLIES,1.8165948748588563,46.504875,154.38358888626098,No promotion,XGBoost,46.504875,0.0
1,PLAYERS AND ELECTRONICS,3.630723237991333,83.432686,225.5038423538208,No promotion,XGBoost,92.02165,-8.588966
1,POULTRY,4386.691739746094,5445.116,6784.906436279297,No promotion,XGBoost,5491.0913,-45.975098
1,PREPARED FOODS,582.5561027526855,886.99536,1314.049877166748,No promotion,XGBoost,886.99536,0.0
1,PRODUCE,31134.695974414062,37224.496,48150.99038671875,No promotion,XGBoost,38792.21,-1567.7148
1,SCHOOL AND OFFICE SUPPLIES,0.0,0.0,63.997666931152345,No promotion,XGBoost,0.0,0.0
1,SEAFOOD,74.51100540161133,271.1457,548.2125244140625,No promotion,XGBoost,289.40375,-18.258057
2,AUTOMOTIVE,2.533548593521118,65.63858,185.2021827697754,No promotion,XGBoost,65.63858,0.0
2,BABY CARE,2.322161158919335,17.034428,95.93569465177133,No promotion,XGBoost,17.034428,0.0
2,BEAUTY,0.0,57.15086,267.0016520023346,No promotion,XGBoost,200.96294,-143.81207
2,BEVERAGES,43292.37886054687,49972.113,62107.758544921875,No promotion,XGBoost,51704.574,-1732.4609
2,BOOKS,2.322161158919335,17.034428,95.93569465177133,No promotion,XGBoost,17.034428,0.0
2,BREAD/BAKERY,8884.576965332031,10844.837,13307.274473144531,No promotion,XGBoost,11026.324,-181.4873
2,CELEBRATION,49.78520917892456,155.64517,300.1052813529968,No promotion,XGBoost,155.64517,0.0
2,CLEANING,13610.14381123047,15865.371,18932.383955078123,No promotion,XGBoost,16198.651,-333.28027
2,DAIRY,12301.4356203125,14556.663,17623.675764160154,No promotion,XGBoost,14954.464,-397.80078
2,DELI,2833.7560905151367,3673.963,4739.464456848144,No promotion,XGBoost,3830.7126,-156.74976
2,EGGS,2292.346047729492,2963.711,3774.8823099365236,No promotion,XGBoost,2997.1938,-33.48291
2,FROZEN FOODS,1343.064598083496,1939.3887,2637.524369567871,No promotion,XGBoost,1985.583,-46.194336
2,GROCERY I,62135.86225898437,68815.59,80951.24194335938,No promotion,XGBoost,69907.07,-1091.4766
2,GROCERY II,487.8358459472656,792.27515,1219.3296203613281,No promotion,XGBoost,808.8181,-16.542969
2,HARDWARE,2.605749517679215,23.46161,108.75013441443443,No promotion,XGBoost,23.46161,0.0
2,HOME AND KITCHEN I,88.26130485534668,280.51013,551.8233743515015,No promotion,XGBoost,372.2988,-91.788666
2,HOME AND KITCHEN II,302.29332733154297,611.5085,1035.5072246398927,No promotion,XGBoost,706.5999,-95.09143
2,HOME APPLIANCES,2.4035626053810124,20.83637,103.9958078570664,No promotion,XGBoost,20.83637,0.0
2,HOME CARE,3543.5997823486327,4440.087,5590.365516723633,No promotion,XGBoost,4599.4966,-159.40967
2,LADIESWEAR,202.38485145568848,412.55585,699.621862411499,No promotion,XGBoost,412.55585,0.0
2,LAWN AND GARDEN,49.4788236618042,218.23914,464.4359588623047,No promotion,XGBoost,298.42963,-80.19049
2,LINGERIE,0.044162750244140625,62.297966,269.75980710983276,No promotion,XGBoost,188.02237,-125.7244
2,"LIQUOR,WINE,BEER",977.2146987915039,1427.5964,1990.1914717407226,No promotion,XGBoost,1606.7152,-179.11877
2,MAGAZINES,5.284388303756714,79.82538,206.55584168434143,No promotion,XGBoost,79.82538,0.0
2,MEATS,6129.238984448242,7919.0654,10412.008977416992,No promotion,XGBoost,8118.4976,-199.43213
2,PERSONAL CARE,3393.2733755493164,4271.0005,5393.019987243652,No promotion,XGBoost,4463.8003,-192.7998
2,PET SUPPLIES,7.488555431365967,88.45188,219.96024775505066,No promotion,XGBoost,88.45188,0.0
2,PLAYERS AND ELECTRONICS,4.9070048332214355,85.07359,214.19301056861877,No promotion,XGBoost,85.07359,0.0
2,POULTRY,6302.878809936524,8063.681,10280.089110229492,No promotion,XGBoost,8144.128,-80.44678
2,PREPARED FOODS,1134.6332359313965,1712.7145,2393.9076325988767,No promotion,XGBoost,1712.7145,0.0
2,PRODUCE,31701.57551582031,38381.312,50516.95520019531,No promotion,XGBoost,39795.164,-1413.8516
2,SCHOOL AND OFFICE SUPPLIES,0.0,0.0,63.997666931152345,No promotion,XGBoost,0.0,0.0
2,SEAFOOD,172.63671398162842,401.2515,718.3150463104248,No promotion,XGBoost,433.62408,-32.37259
3,AUTOMOTIVE,26.194159030914307,131.62965,284.26359128952026,No promotion,XGBoost,131.62965,0.0
3,BABY CARE,1.5633393049240114,39.062836,142.42351145744323,No promotion,XGBoost,39.062836,0.0
3,BEAUTY,17.654311180114746,170.08466,420.80463218688965,No promotion,XGBoost,313.4082,-143.32355
3,BEVERAGES,124700.98701484376,131380.72,143516.36669921875,No promotion,XGBoost,140825.55,-9444.828
3,BOOKS,3.8545896410942078,32.69912,124.89463245868683,No promotion,XGBoost,32.69912,0.0
3,BREAD/BAKERY,15570.093409570312,19595.123,26289.589369628906,No promotion,XGBoost,19987.01,-391.88672
3,CELEBRATION,446.58927154541016,724.0947,1111.1525421142578,No promotion,XGBoost,724.0947,0.0
3,CLEANING,26805.84870917969,33485.586,45621.22839355469,No promotion,XGBoost,34179.453,-693.8672
3,DAIRY,27780.747390820314,34460.484,46596.12707519531,No promotion,XGBoost,35285.766,-825.28125
3,DELI,5062.492295288086,6424.38,8148.7281805419925,No promotion,XGBoost,6620.264,-195.88428
3,EGGS,6427.089077636719,8254.377,10552.79511376953,No promotion,XGBoost,8307.577,-53.200195
3,FROZEN FOODS,4780.877088256836,6009.7935,7570.121501831055,No promotion,XGBoost,6060.401,-50.60742
3,GROCERY I,120724.376175,127404.11,139539.755859375,No promotion,XGBoost,132664.86,-5260.75
3,GROCERY II,981.6668815612793,1486.777,2100.1997789611814,No promotion,XGBoost,1490.3234,-3.5463867
3,HARDWARE,1.5491135120391846,51.830376,164.22712683677673,No promotion,XGBoost,51.830376,0.0
3,HOME AND KITCHEN I,573.8282384872437,871.53406,1288.5893869400024,No promotion,XGBoost,907.18616,-35.6521
3,HOME AND KITCHEN II,514.4563980102539,818.8957,1245.9501724243164,No promotion,XGBoost,971.1224,-152.22668
3,HOME APPLIANCES,0.7448773384094238,41.37236,148.99120700359344,No promotion,XGBoost,41.37236,0.0
3,HOME CARE,6845.030638061524,8738.805,11119.23241003418,No promotion,XGBoost,8929.336,-190.53125
3,LADIESWEAR,421.0801591873169,705.3191,1102.3760557174683,No promotion,XGBoost,705.3191,0.0
3,LAWN AND GARDEN,620.1647338867188,942.8468,1386.843883117676,No promotion,XGBoost,979.4707,-36.6239
3,LINGERIE,44.250386238098145,259.1359,576.1994209289551,No promotion,XGBoost,419.57892,-160.44302
3,"LIQUOR,WINE,BEER",2798.7483746337894,3574.1194,4523.8186180419925,No promotion,XGBoost,3713.98,-139.8606
3,MAGAZINES,119.20247650146484,310.6016,577.6692314147949,No promotion,XGBoost,310.6016,0.0
3,MEATS,10376.942956933593,12927.137,16598.725736816406,No promotion,XGBoost,13119.415,-192.27832
3,PERSONAL CARE,6722.8984664306645,8616.673,10997.10023840332,No promotion,XGBoost,8864.871,-248.19824
3,PET SUPPLIES,69.0095911026001,253.98766,512.8814601898193,No promotion,XGBoost,253.98766,0.0
3,PLAYERS AND ELECTRONICS,102.58026885986328,298.3296,565.3972244262695,No promotion,XGBoost,305.8025,-7.4729004
3,POULTRY,15143.352503808594,19168.383,25862.848463867187,No promotion,XGBoost,19408.04,-239.65625
3,PREPARED FOODS,3268.2412923583984,4164.7285,5315.007026733399,No promotion,XGBoost,4164.7285,0.0
3,PRODUCE,114650.9337921875,121330.67,133466.3134765625,No promotion,XGBoost,128394.484,-7063.8125
3,SCHOOL AND OFFICE SUPPLIES,2.5439961314201356,12.830515,85.60439054965973,No promotion,XGBoost,12.830515,0.0
3,SEAFOOD,856.4775199890137,1270.3735,1799.0835433044433,No promotion,XGBoost,1286.752,-16.378418
4,AUTOMOTIVE,1.978635311126709,40.08405,142.9249894618988,No promotion,XGBoost,40.08405,0.0
4,BABY CARE,1.8752375006675723,19.602467,102.76190408021212,No promotion,XGBoost,19.602467,0.0
4,BEAUTY,0.7736690044403076,47.035965,260.28268671035767,No promotion,XGBoost,215.49706,-168.46109
4,BEVERAGES,35547.138748242185,42226.875,54362.51843261719,No promotion,XGBoost,43618.01,-1391.1367
4,BOOKS,2.427894181013108,21.268581,106.81697164922953,No promotion,XGBoost,21.268581,0.0
4,BREAD/BAKERY,5081.21315258789,6509.587,8315.94477368164,No promotion,XGBoost,6658.645,-149.0581
4,CELEBRATION,14.010515689849854,102.46862,236.3659372329712,No promotion,XGBoost,102.46862,0.0
4,CLEANING,11673.159008984376,13928.386,16995.399152832033,No promotion,XGBoost,14229.454,-301.06836
4,DAIRY,10859.262219433595,13114.489,16181.50236328125,No promotion,XGBoost,13492.43,-377.94043
4,DELI,2646.1736138916017,3430.0996,4410.824612182617,No promotion,XGBoost,3565.3386,-135.23901
4,EGGS,1767.3271986694335,2401.1716,3155.8252155151367,No promotion,XGBoost,2436.1848,-35.013184
4,FROZEN FOODS,1027.1547203063965,1568.7504,2216.058367340088,No promotion,XGBoost,1630.7522,-62.00183
4,GROCERY I,48525.36982734375,55205.105,67340.74951171875,No promotion,XGBoost,56647.26,-1442.1562
4,GROCERY II,170.45946216583252,378.48734,665.5533447265625,No promotion,XGBoost,402.61365,-24.126312
4,HARDWARE,2.7104849100112918,29.228775,120.90455518960952,No promotion,XGBoost,29.228775,0.0
4,HOME AND KITCHEN I,30.504283905029297,157.04007,386.88921642303467,No promotion,XGBoost,258.89093,-101.85086
4,HOME AND KITCHEN II,33.32681083679199,155.81628,341.1455764770508,No promotion,XGBoost,199.77582,-43.959534
4,HOME APPLIANCES,1.4344220936298373,22.124325,107.41284892559051,No promotion,XGBoost,22.124325,0.0
4,HOME CARE,3153.291295410156,4049.7786,5200.057029785156,No promotion,XGBoost,4216.3696,-166.59106
4,LADIESWEAR,115.97561645507812,316.29745,593.3642740249634,No promotion,XGBoost,325.17334,-8.875885
4,LAWN AND GARDEN,62.18386459350586,243.90036,512.7933511734009,No promotion,XGBoost,283.62827,-39.727905
4,LINGERIE,1.24182525575161,25.523092,117.45873965099454,No promotion,XGBoost,25.523092,0.0
4,"LIQUOR,WINE,BEER",951.5791168212891,1365.4752,1894.1851401367187,No promotion,XGBoost,1566.9884,-201.51318
4,MAGAZINES,2.8352644443511963,69.236664,191.1892249584198,No promotion,XGBoost,69.236664,0.0
4,MEATS,4926.2158759765625,6022.1606,7418.468817871094,No promotion,XGBoost,6085.8228,-63.66211
4,PERSONAL CARE,2790.0768423461914,3667.804,4789.823454040527,No promotion,XGBoost,3873.8794,-206.07544
4,PET SUPPLIES,4.895336151123047,81.34661,210.46602249145508,No promotion,XGBoost,81.34661,0.0
4,PLAYERS AND ELECTRONICS,10.943414688110352,97.35834,233.64461040496826,No promotion,XGBoost,97.35834,0.0
4,POULTRY,5316.806870483399,6678.695,8403.042755737304,No promotion,XGBoost,6735.569,-56.874023
4,PREPARED FOODS,370.0364685058594,674.4757,1101.5302429199219,No promotion,XGBoost,674.4757,0.0
4,PRODUCE,29155.91474921875,35835.65,47971.29443359375,No promotion,XGBoost,37310.273,-1474.625
4,SCHOOL AND OFFICE SUPPLIES,0.0,0.0,63.997666931152345,No promotion,XGBoost,0.0,0.0
4,SEAFOOD,77.14328479766846,271.41235,550.3045082092285,No promotion,XGBoost,304.48495,-33.0726
5,AUTOMOTIVE,3.355433738231659,46.146595,151.63635573387145,No promotion,XGBoost,46.146595,0.0
5,BABY CARE,1.4452022790908816,10.775636,108.10978357493877,No promotion,XGBoost,82.60995,-71.83431
5,BEAUTY,0.0,45.598343,271.79680728912354,No promotion,XGBoost,218.45642,-172.85808
5,BEVERAGES,23185.74714667969,29865.482,42001.12683105469,No promotion,XGBoost,30905.3,-1039.8184
5,BOOKS,1.4472893953323367,8.843585,81.35759458392859,No promotion,XGBoost,8.843585,0.0
5,BREAD/BAKERY,4771.557352416992,5867.502,7263.810294311524,No promotion,XGBoost,5976.7285,-109.22656
5,CELEBRATION,60.637611389160156,226.127,468.673134803772,No promotion,XGBoost,226.127,0.0
5,CLEANING,13450.142944335938,15410.402,17872.840452148437,No promotion,XGBoost,15726.669,-316.2666
5,DAIRY,7130.422119140625,9090.682,11553.119626953125,No promotion,XGBoost,9396.362,-305.68066
5,DELI,2729.534459472656,3626.0217,4776.300193847656,No promotion,XGBoost,3784.55,-158.52832
5,EGGS,900.128246307373,1405.2383,2018.6611437072752,No promotion,XGBoost,1452.947,-47.70874
5,FROZEN FOODS,1024.361644744873,1529.4717,2142.894542144775,No promotion,XGBoost,1595.2322,-65.7605
5,GROCERY I,41888.43257148437,48568.168,60703.812255859375,No promotion,XGBoost,50194.41,-1626.2422
5,GROCERY II,653.5014114379883,1012.66907,1490.5513103027342,No promotion,XGBoost,1032.2307,-19.561646
5,HARDWARE,1.5052942216396334,11.921131,86.56422666311263,No promotion,XGBoost,11.921131,0.0
5,HOME AND KITCHEN I,96.72328186035156,313.43594,610.5011081695557,No promotion,XGBoost,450.81152,-137.37558
5,HOME AND KITCHEN II,43.25511646270752,223.83147,482.7252769470215,No promotion,XGBoost,296.86514,-73.033676
5,HOME APPLIANCES,2.2274531424045567,11.244419,83.75842899158597,No promotion,XGBoost,11.244419,0.0
5,HOME CARE,2895.0691579589843,3791.5564,4941.8348923339845,No promotion,XGBoost,3944.5166,-152.9602
5,LADIESWEAR,38.47166204452515,157.23404,326.21565103530884,No promotion,XGBoost,157.23404,0.0
5,LAWN AND GARDEN,2.3474583625793457,70.53261,215.99969744682312,No promotion,XGBoost,113.34482,-42.81221
5,LINGERIE,9.713953018188477,90.62604,222.13440036773682,No promotion,XGBoost,90.62604,0.0
5,"LIQUOR,WINE,BEER",461.27119064331055,820.43884,1298.3210895080565,No promotion,XGBoost,1003.70953,-183.27069
5,MAGAZINES,2.2166211366653443,51.321285,163.97790018320083,No promotion,XGBoost,51.321285,0.0
5,MEATS,3142.500722290039,4038.988,5189.266456665039,No promotion,XGBoost,4090.0059,-51.017822
5,PERSONAL CARE,2997.6843770751952,3894.1716,5044.450111450195,No promotion,XGBoost,4081.7283,-187.55664
5,PET SUPPLIES,3.121918606758118,33.981453,132.8240908265114,No promotion,XGBoost,33.981453,0.0
5,PLAYERS AND ELECTRONICS,3.4537487030029297,59.616837,176.7914891242981,No promotion,XGBoost,59.616837,0.0
5,POULTRY,2933.0607443237304,3810.7878,4932.8073560180665,No promotion,XGBoost,3865.1184,-54.330566
5,PREPARED FOODS,386.61584758758545,684.32166,1101.3769960403442,No promotion,XGBoost,684.32166,0.0
5,PRODUCE,18129.654910156252,24514.422,36045.491958496095,No promotion,XGBoost,25686.117,-1171.6953
5,SCHOOL AND OFFICE SUPPLIES,0.0,0.0,63.997666931152345,No promotion,XGBoost,0.0,0.0
5,SEAFOOD,1.3780936121940615,27.323366,136.64615039080383,No promotion,XGBoost,65.64142,-38.318054
6,AUTOMOTIVE,1.4997141361236572,62.289337,186.63084864616394,No promotion,XGBoost,62.289337,0.0
6,BABY CARE,2.3162365853786473,15.012638,91.78481947025284,No promotion,XGBoost,15.012638,0.0
6,BEAUTY,0.0,59.20207,244.53135347366333,No promotion,XGBoost,182.56712,-123.36505
6,BEVERAGES,50274.92158515625,56954.656,69090.30126953125,No promotion,XGBoost,58710.777,-1756.1211
6,BOOKS,2.162494450807572,14.37169,91.14387040631846,No promotion,XGBoost,14.37169,0.0
6,BREAD/BAKERY,7327.2923583984375,9287.552,11749.989866210937,No promotion,XGBoost,9457.356,-169.80469
6,CELEBRATION,40.80778884887695,160.2169,329.19852352142334,No promotion,XGBoost,160.2169,0.0
6,CLEANING,15288.630397851564,20788.496,30505.839538085937,No promotion,XGBoost,21357.336,-568.83984
6,DAIRY,14085.446521777343,17225.574,22106.31457373047,No promotion,XGBoost,17742.262,-516.6875
6,DELI,4652.397596069336,5881.314,7441.642009643555,No promotion,XGBoost,6053.771,-172.45703
6,EGGS,2375.494598083496,3065.6196,3905.049982971191,No promotion,XGBoost,3103.6792,-38.05957
6,FROZEN FOODS,1843.890192993164,2496.4949,3279.4073325195313,No promotion,XGBoost,2545.2817,-48.786865
6,GROCERY I,71888.16059882812,78567.9,90703.54028320312,No promotion,XGBoost,79678.98,-1111.0781
6,GROCERY II,325.97417545318604,569.81244,906.8743162155151,No promotion,XGBoost,569.81244,0.0
6,HARDWARE,2.567098227143288,20.97389,102.00424211025238,No promotion,XGBoost,20.97389,0.0
6,HOME AND KITCHEN I,251.13073062896729,508.43588,865.4961233139038,No promotion,XGBoost,626.26935,-117.833466
6,HOME AND KITCHEN II,391.96067810058594,696.39996,1123.4544525146484,No promotion,XGBoost,828.0123,-131.61237
6,HOME APPLIANCES,2.050502479076386,14.235322,91.00750270858407,No promotion,XGBoost,14.235322,0.0
6,HOME CARE,4698.010416381836,5793.955,7190.263358276367,No promotion,XGBoost,5954.382,-160.42676
6,LADIESWEAR,230.65746879577637,454.29538,761.3597316741943,No promotion,XGBoost,454.29538,0.0
6,LAWN AND GARDEN,54.63820457458496,219.10776,455.30539417266846,No promotion,XGBoost,256.30978,-37.202026
6,LINGERIE,1.8753929138183594,100.83751,389.72885489463806,No promotion,XGBoost,388.34085,-287.50336
6,"LIQUOR,WINE,BEER",981.4073524475098,1431.7891,1994.3841253967285,No promotion,XGBoost,1629.814,-198.0249
6,MAGAZINES,7.557640552520752,73.52474,193.08834981918335,No promotion,XGBoost,73.52474,0.0
6,MEATS,6298.264062255859,7992.5806,10126.978626708984,No promotion,XGBoost,8077.0596,-84.479004
6,PERSONAL CARE,4175.508325927734,5271.453,6667.761267822266,No promotion,XGBoost,5490.5547,-219.10156
6,PET SUPPLIES,9.014862060546875,94.49635,230.78262329101562,No promotion,XGBoost,94.49635,0.0
6,PLAYERS AND ELECTRONICS,48.0669846534729,164.37352,325.18129873275757,No promotion,XGBoost,164.37352,0.0
6,POULTRY,7699.975950561524,9593.75,11974.17772253418,No promotion,XGBoost,9694.804,-101.05371
6,PREPARED FOODS,1017.4216117858887,1449.5605,1995.2130099182127,No promotion,XGBoost,1449.5605,0.0
6,PRODUCE,34554.950271679685,41234.688,53370.32995605469,No promotion,XGBoost,42378.008,-1143.3203
6,SCHOOL AND OFFICE SUPPLIES,0.0,0.0,63.997666931152345,No promotion,XGBoost,0.0,0.0
6,SEAFOOD,322.1254720687866,606.3644,1003.421368598938,No promotion,XGBoost,627.6308,-21.266418
7,AUTOMOTIVE,1.4747285842895508,60.331028,179.89463329315186,No promotion,XGBoost,60.331028,0.0
7,BABY CARE,2.534302079677582,26.591415,116.13811024427415,No promotion,XGBoost,26.591415,0.0
7,BEAUTY,0.0,49.41512,275.61358308792114,No promotion,XGBoost,238.66403,-189.24892
7,BEVERAGES,56630.8029328125,63310.54,75446.1826171875,No promotion,XGBoost,65179.51,-1868.9727
7,BOOKS,2.8120283722877506,27.045557,116.5922522187233,No promotion,XGBoost,27.045557,0.0
7,BREAD/BAKERY,9558.810119628906,11519.07,13981.507627441406,No promotion,XGBoost,11711.748,-192.67773
7,CELEBRATION,64.50990962982178,246.37758,505.2713842391968,No promotion,XGBoost,246.37758,0.0
7,CLEANING,14578.548536328126,18308.611,24398.501860351564,No promotion,XGBoost,18804.822,-496.21094
7,DAIRY,15658.263088281252,21158.129,30875.472228515624,No promotion,XGBoost,21871.984,-713.85547
7,DELI,2342.981417358398,3089.3872,4013.594170288086,No promotion,XGBoost,3251.1711,-161.78394
7,EGGS,3846.1140645751952,4742.6016,5892.879798950195,No promotion,XGBoost,4788.3657,-45.76416
7,FROZEN FOODS,2938.992940307617,3835.4802,4985.758674682617,No promotion,XGBoost,3885.0972,-49.616943
7,GROCERY I,57432.15986640625,64111.895,76247.53955078125,No promotion,XGBoost,65689.9,-1578.0039
7,GROCERY II,321.5985908508301,626.03784,1053.0923652648926,No promotion,XGBoost,629.83905,-3.8012085
7,HARDWARE,2.1130738258361816,50.389732,160.39753079414368,No promotion,XGBoost,50.389732,0.0
7,HOME AND KITCHEN I,341.274338722229,643.75604,1057.755610069275,No promotion,XGBoost,760.86115,-117.1051
7,HOME AND KITCHEN II,80.01139545440674,321.28964,668.3507089614868,No promotion,XGBoost,516.95984,-195.6702
7,HOME APPLIANCES,1.5935081958770754,32.171917,128.36573548316954,No promotion,XGBoost,32.171917,0.0
7,HOME CARE,3263.1429647216796,4159.6304,5309.90869909668,No promotion,XGBoost,4318.626,-158.9956
7,LADIESWEAR,54.15129375457764,219.15054,461.6966714859009,No promotion,XGBoost,219.15054,0.0
7,LAWN AND GARDEN,260.35487365722656,510.92657,857.9876403808594,No promotion,XGBoost,546.1763,-35.249695
7,LINGERIE,0.7079293727874756,87.15172,310.96122646331787,No promotion,XGBoost,254.88814,-167.73642
7,"LIQUOR,WINE,BEER",1952.740674987793,2661.626,3529.315182556152,No promotion,XGBoost,2853.1538,-191.52783
7,MAGAZINES,27.364559173583984,127.174126,263.46039724349976,No promotion,XGBoost,127.174126,0.0
7,MEATS,6350.252834960937,8177.541,10475.95887109375,No promotion,XGBoost,8283.204,-105.663086
7,PERSONAL CARE,3138.2393087158202,4034.7266,5185.00504309082,No promotion,XGBoost,4227.6426,-192.91602
7,PET SUPPLIES,2.2357630729675293,75.17262,201.90308380126953,No promotion,XGBoost,75.17262,0.0
7,PLAYERS AND ELECTRONICS,30.451248168945312,133.61429,278.0743908882141,No promotion,XGBoost,142.20325,-8.588959
7,POULTRY,9057.266540527344,11017.526,13479.964048339843,No promotion,XGBoost,11125.492,-107.96582
7,PREPARED FOODS,1609.424819946289,2205.749,2903.884591430664,No promotion,XGBoost,2205.749,0.0
7,PRODUCE,73618.98628242187,80298.72,92434.36596679688,No promotion,XGBoost,82441.57,-2142.8516
7,SCHOOL AND OFFICE SUPPLIES,0.0,0.0,63.997666931152345,No promotion,XGBoost,0.0,0.0
7,SEAFOOD,309.95148944854736,567.25665,924.3168821334839,No promotion,XGBoost,592.8856,-25.628967
8,AUTOMOTIVE,4.470723390579224,84.68687,218.58418774604797,No promotion,XGBoost,84.68687,0.0
8,BABY CARE,3.4263708114624025,35.275703,131.46952290534972,No promotion,XGBoost,35.275703,0.0
8,BEAUTY,1.3478503227233887,103.57855,337.95085430145264,No promotion,XGBoost,236.21898,-132.64043
8,BEVERAGES,66440.38960273437,73120.125,85255.76928710938,No promotion,XGBoost,75269.38,-2149.2578
8,BOOKS,4.596723067760468,32.692093,124.36787407398224,No promotion,XGBoost,32.692093,0.0
8,BREAD/BAKERY,12048.052978515625,14008.3125,16470.750486328125,No promotion,XGBoost,14211.427,-203.11426
8,CELEBRATION,93.71363258361816,283.25098,550.3186054229736,No promotion,XGBoost,283.25098,0.0
8,CLEANING,15801.963149121095,21006.861,30119.629653320313,No promotion,XGBoost,21553.104,-546.2422
8,DAIRY,17646.210256640625,23736.012,34662.504668945316,No promotion,XGBoost,24458.041,-722.0293
8,DELI,3834.4724645996093,4797.446,6029.733934814453,No promotion,XGBoost,4988.382,-190.93604
8,EGGS,4364.5404472656255,5526.9707,7005.289125,No promotion,XGBoost,5572.9736,-46.00293
8,FROZEN FOODS,2112.523321166992,2821.4087,3689.0978287353514,No promotion,XGBoost,2862.684,-41.27539
8,GROCERY I,75248.569534375,81928.305,94063.94921875,No promotion,XGBoost,83028.61,-1100.3047
8,GROCERY II,314.81543159484863,565.38715,912.4481983184814,No promotion,XGBoost,568.6733,-3.2861328
8,HARDWARE,2.6710002422332764,63.66118,183.2247850894928,No promotion,XGBoost,63.66118,0.0
8,HOME AND KITCHEN I,400.361439704895,716.31006,1150.3079629745484,No promotion,XGBoost,791.78174,-75.47168
8,HOME AND KITCHEN II,368.4699430465698,666.1758,1083.2310914993286,No promotion,XGBoost,777.7571,-111.5813
8,HOME APPLIANCES,1.519096350669861,40.59983,143.70063832998275,No promotion,XGBoost,40.59983,0.0
8,HOME CARE,4972.497325927735,6134.9277,7613.24600366211,No promotion,XGBoost,6305.0024,-170.0747
8,LADIESWEAR,294.2129735946655,524.58435,841.6478624343872,No promotion,XGBoost,524.58435,0.0
8,LAWN AND GARDEN,286.3519411087036,543.6571,900.7173337936401,No promotion,XGBoost,575.0768,-31.419678
8,LINGERIE,62.6589937210083,264.06403,541.1308460235596,No promotion,XGBoost,404.38882,-140.3248
8,"LIQUOR,WINE,BEER",1616.8072980346678,2288.172,3099.3435602416994,No promotion,XGBoost,2451.4482,-163.27612
8,MAGAZINES,60.2302360534668,237.33163,496.2254409790039,No promotion,XGBoost,237.33163,0.0
8,MEATS,6167.056937866211,7794.8877,9847.275766479492,No promotion,XGBoost,7891.736,-96.848145
8,PERSONAL CARE,4450.125103027344,5612.5557,7090.873780761719,No promotion,XGBoost,5820.0664,-207.51074
8,PET SUPPLIES,117.9097671508789,313.35532,580.4229688644409,No promotion,XGBoost,313.35532,0.0
8,PLAYERS AND ELECTRONICS,76.77877712249756,270.5598,537.6274614334106,No promotion,XGBoost,270.5598,0.0
8,POULTRY,8661.94497680664,10622.205,13084.64248461914,No promotion,XGBoost,10726.46,-104.25488
8,PREPARED FOODS,1810.5477552490233,2463.1523,3246.0648947753907,No promotion,XGBoost,2463.1523,0.0
8,PRODUCE,68403.63862617187,75083.375,87219.01831054688,No promotion,XGBoost,77462.01,-2378.6328
8,SCHOOL AND OFFICE SUPPLIES,0.0,3.5730023,71.82884063720704,No promotion,XGBoost,3.5730023,0.0
8,SEAFOOD,398.72322368621826,696.4291,1113.484372138977,No promotion,XGBoost,722.5545,-26.125427
9,AUTOMOTIVE,49.24991416931152,149.30988,285.59614992141724,No promotion,XGBoost,149.30988,0.0
9,BABY CARE,2.428717517852783,28.887207,120.82285442352295,No promotion,XGBoost,28.887207,0.0
9,BEAUTY,4.437372207641602,106.238754,332.43721771240234,No promotion,XGBoost,209.72575,-103.487
9,BEVERAGES,48578.07905585937,55257.812,67393.45874023438,No promotion,XGBoost,59204.805,-3946.9922
9,BOOKS,3.181211167573929,26.587683,114.00529177486897,No promotion,XGBoost,26.587683,0.0
9,BREAD/BAKERY,7345.797576904297,9306.058,11768.495084716797,No promotion,XGBoost,9547.399,-241.3418
9,CELEBRATION,127.30664730072021,320.72235,591.4406747817993,No promotion,XGBoost,320.72235,0.0
9,CLEANING,19794.73095996094,26179.498,37710.56800830078,No promotion,XGBoost,27419.826,-1240.3281
9,DAIRY,12111.454480175782,14366.682,17433.694624023436,No promotion,XGBoost,14841.3955,-474.71387
9,DELI,7446.273498535156,9406.533,11868.971006347656,No promotion,XGBoost,9688.229,-281.6953
9,EGGS,2851.7803980712893,3598.186,4522.393151000977,No promotion,XGBoost,3714.6155,-116.42944
9,FROZEN FOODS,1115.1913375854492,1675.0298,2339.280359436035,No promotion,XGBoost,1760.1229,-85.09314
9,GROCERY I,103511.6818390625,110191.414,122327.0615234375,No promotion,XGBoost,112775.7,-2584.289
9,GROCERY II,57.006935119628906,187.07301,372.4023027420044,No promotion,XGBoost,221.17781,-34.104797
9,HARDWARE,2.1115033626556396,34.139645,132.46254988610744,No promotion,XGBoost,34.139645,0.0
9,HOME AND KITCHEN I,403.95216274261475,701.65796,1118.7133111953735,No promotion,XGBoost,788.5938,-86.93585
9,HOME AND KITCHEN II,283.2235813140869,560.72906,947.7868518829346,No promotion,XGBoost,612.3695,-51.64044
9,HOME APPLIANCES,2.28678988814354,28.251509,118.05807007104158,No promotion,XGBoost,28.251509,0.0
9,HOME CARE,5769.586816162109,7463.9033,9598.301380615234,No promotion,XGBoost,7727.9414,-264.0381
9,LADIESWEAR,69.2893419265747,207.66376,401.1668758392334,No promotion,XGBoost,207.66376,0.0
9,LAWN AND GARDEN,3.1034727096557617,83.16167,251.57966995239258,No promotion,XGBoost,146.57297,-63.4113
9,LINGERIE,0.0,70.397354,310.55453848838806,No promotion,XGBoost,285.1253,-214.72795
9,"LIQUOR,WINE,BEER",490.01424407958984,849.18195,1327.0641429443358,No promotion,XGBoost,1013.697,-164.51508
9,MAGAZINES,0.7713916301727295,47.53066,157.53845643997192,No promotion,XGBoost,47.53066,0.0
9,MEATS,4889.810744628907,6185.213,7827.550894042968,No promotion,XGBoost,6249.192,-63.979004
9,PERSONAL CARE,5717.548513427734,7278.8936,9249.271606201171,No promotion,XGBoost,7566.955,-288.06152
9,PET SUPPLIES,6.561671495437622,88.30265,219.81101655960083,No promotion,XGBoost,88.30265,0.0
9,PLAYERS AND ELECTRONICS,12.16116714477539,96.30223,235.9844286441803,No promotion,XGBoost,107.08462,-10.782387
9,POULTRY,5519.089132324219,7080.434,9050.812225097656,No promotion,XGBoost,7154.101,-73.66699
9,PREPARED FOODS,1166.8914260864258,1763.2156,2461.3511975708007,No promotion,XGBoost,1814.3335,-51.11792
9,PRODUCE,20530.08354765625,26619.885,37546.37795996094,No promotion,XGBoost,27945.977,-1326.0918
9,SCHOOL AND OFFICE SUPPLIES,0.0,11.138417,462.0788889341354,No promotion,XGBoost,1052.2203,-1041.0819
9,SEAFOOD,71.1386890411377,247.21252,491.5840072631836,No promotion,XGBoost,270.7414,-23.52887
10,AUTOMOTIVE,2.5316771924495702,11.273772,83.78778218925,No promotion,XGBoost,11.273772,0.0
10,BABY CARE,0.8234040319919587,4.6558895,72.91172806322575,No promotion,XGBoost,4.6558895,0.0
10,BEAUTY,1.5403690457344057,13.527787,120.31687910053878,No promotion,XGBoost,92.048386,-78.5206
10,BEVERAGES,13804.269094531252,19894.07,30820.563506835937,No promotion,XGBoost,22066.387,-2172.3164
10,BOOKS,0.8234040319919587,4.6558895,72.91172806322575,No promotion,XGBoost,4.6558895,0.0
10,BREAD/BAKERY,986.0542373657227,1582.3783,2280.5140088500975,No promotion,XGBoost,1784.6355,-202.2572
10,CELEBRATION,1.9768580406904221,23.655588,108.94411232173442,No promotion,XGBoost,23.655588,0.0
10,CLEANING,8940.979187011719,10901.239,13363.676694824218,No promotion,XGBoost,11333.925,-432.68555
10,DAIRY,3972.834418334961,4935.8076,6168.095888549805,No promotion,XGBoost,5117.9146,-182.10693
10,DELI,3189.6297353515624,4086.117,5236.395469726563,No promotion,XGBoost,4256.7036,-170.58667
10,EGGS,337.2558059692383,628.2282,1035.2843284606934,No promotion,XGBoost,746.1119,-117.88367
10,FROZEN FOODS,174.46495723724365,404.8363,721.8998460769653,No promotion,XGBoost,480.5924,-75.7561
10,GROCERY I,32846.16084296875,39525.895,51661.54052734375,No promotion,XGBoost,41522.434,-1996.5391
10,GROCERY II,3.277242660522461,75.72644,218.80457758903503,No promotion,XGBoost,109.66475,-33.93831
10,HARDWARE,0.7807756543159485,4.2856045,72.5414427831769,No promotion,XGBoost,4.2856045,0.0
10,HOME AND KITCHEN I,15.283560752868652,115.97943,301.30871200561523,No promotion,XGBoost,176.18323,-60.203796
10,HOME AND KITCHEN II,1.4329179584980012,50.5949,181.9881388604641,No promotion,XGBoost,81.460625,-30.865726
10,HOME APPLIANCES,0.1711748361587525,5.4185524,75.80347645580768,No promotion,XGBoost,5.4185524,0.0
10,HOME CARE,2109.067510620117,2817.953,3685.6420181884764,No promotion,XGBoost,3012.096,-194.14307
10,LADIESWEAR,2.270193159580231,15.409762,92.18194312602282,No promotion,XGBoost,15.409762,0.0
10,LAWN AND GARDEN,0.33370583057403574,3.8081198,72.06395813971758,No promotion,XGBoost,3.8081198,0.0
10,LINGERIE,1.7061019957065584,8.696855,79.08177878260612,No promotion,XGBoost,8.696855,0.0
10,"LIQUOR,WINE,BEER",17.313536167144775,141.54054,375.91284370422363,No promotion,XGBoost,260.81345,-119.2729
10,MAGAZINES,1.618252992630005,8.700551,81.21456094533205,No promotion,XGBoost,8.700551,0.0
10,MEATS,1905.1380278320312,2538.9824,3293.6360446777344,No promotion,XGBoost,2579.8594,-40.876953
10,PERSONAL CARE,1999.7535092163087,2689.8787,3529.3088941040037,No promotion,XGBoost,2909.424,-219.54541
10,PET SUPPLIES,2.276748925447464,12.813206,87.45630044341087,No promotion,XGBoost,12.813206,0.0
10,PLAYERS AND ELECTRONICS,2.8490321874618534,36.265125,132.9786749124527,No promotion,XGBoost,36.265125,0.0
10,POULTRY,1628.5560728759765,2262.4006,3017.0540897216797,No promotion,XGBoost,2302.525,-40.124268
10,PREPARED FOODS,129.70615100860596,339.87717,626.9431619644165,No promotion,XGBoost,412.38828,-72.51111
10,PRODUCE,3296.4902852783202,4192.9775,5343.25601965332,No promotion,XGBoost,4371.9585,-178.98096
10,SCHOOL AND OFFICE SUPPLIES,0.0,0.0,245.22322124099728,No promotion,XGBoost,532.2593,-532.2593
10,SEAFOOD,0.0,0.0,68.51570463180542,No promotion,XGBoost,8.070984,-8.070984
11,AUTOMOTIVE,7.077768325805664,89.821526,223.7188413143158,No promotion,XGBoost,89.821526,0.0
11,BABY CARE,1.5086403608322145,32.822376,129.01619548797606,No promotion,XGBoost,32.822376,0.0
11,BEAUTY,0.5906295776367188,52.64122,222.62981176376343,No promotion,XGBoost,138.36032,-85.7191
11,BEVERAGES,67039.98188789062,73719.72,85855.36157226562,No promotion,XGBoost,77752.82,-4033.1016
11,BOOKS,3.181211167573929,26.587683,114.00529177486897,No promotion,XGBoost,26.587683,0.0
11,BREAD/BAKERY,9436.923400878906,11397.184,13859.620908691406,No promotion,XGBoost,11692.474,-295.29004
11,CELEBRATION,205.3444128036499,415.5154,702.5814237594604,No promotion,XGBoost,415.5154,0.0
11,CLEANING,24388.94392402344,31068.68,43204.32360839844,No promotion,XGBoost,32319.215,-1250.5352
11,DAIRY,9123.212524414062,11083.473,13545.910032226562,No promotion,XGBoost,11491.3955,-407.92285
11,DELI,6552.019134521484,8512.279,10974.716642333984,No promotion,XGBoost,8805.668,-293.38867
11,EGGS,2527.9702997436525,3293.1362,4245.6021753540035,No promotion,XGBoost,3506.3447,-213.2085
11,FROZEN FOODS,991.0583953857422,1477.9257,2074.40591796875,No promotion,XGBoost,1560.7037,-82.778076
11,GROCERY I,112942.45478828125,119622.19,131757.83447265625,No promotion,XGBoost,123831.57,-4209.383
11,GROCERY II,273.88831615448,517.72656,854.7884569168091,No promotion,XGBoost,552.89465,-35.16809
11,HARDWARE,2.743241894245148,31.402802,125.46753542423248,No promotion,XGBoost,31.402802,0.0
11,HOME AND KITCHEN I,179.1361894607544,422.97443,760.0363302230835,No promotion,XGBoost,504.583,-81.60858
11,HOME AND KITCHEN II,36.750953674316406,222.19893,481.0927391052246,No promotion,XGBoost,318.52057,-96.32164
11,HOME APPLIANCES,3.1986952960491184,30.238714,122.17436062693596,No promotion,XGBoost,30.238714,0.0
11,HOME CARE,6108.240690551758,8002.0146,10382.442462524414,No promotion,XGBoost,8276.316,-274.30176
11,LADIESWEAR,90.79389381408691,238.17152,439.84848403930664,No promotion,XGBoost,238.17152,0.0
11,LAWN AND GARDEN,1.4741267025470735,43.117104,148.60686356425285,No promotion,XGBoost,43.117104,0.0
11,LINGERIE,4.760836124420166,92.34036,228.6266324520111,No promotion,XGBoost,92.34036,0.0
11,"LIQUOR,WINE,BEER",409.4985761642456,725.4472,1159.445099433899,No promotion,XGBoost,853.946,-128.49878
11,MAGAZINES,1.541745662689209,46.690205,156.69800233840942,No promotion,XGBoost,46.690205,0.0
11,MEATS,8579.517395019531,10539.777,13002.214902832031,No promotion,XGBoost,10630.086,-90.30859
11,PERSONAL CARE,5190.7309122314455,6552.6187,8276.966797485351,No promotion,XGBoost,6832.8843,-280.26562
11,PET SUPPLIES,1.6847901344299316,47.246284,157.25408387184143,No promotion,XGBoost,47.246284,0.0
11,PLAYERS AND ELECTRONICS,45.2182092666626,177.63104,371.13417053222656,No promotion,XGBoost,190.94292,-13.311874
11,POULTRY,5053.831988037109,6482.2056,8288.563609130859,No promotion,XGBoost,6558.1616,-75.956055
11,PREPARED FOODS,976.0811996459961,1572.4053,2270.540971130371,No promotion,XGBoost,1608.7036,-36.29834
11,PRODUCE,17971.497195312502,24356.266,35887.334243652345,No promotion,XGBoost,26058.727,-1702.4609
11,SCHOOL AND OFFICE SUPPLIES,0.0,5.900761,332.963476896286,No promotion,XGBoost,586.1033,-580.2025
11,SEAFOOD,10.992696523666382,114.17232,270.20219349861145,No promotion,XGBoost,148.38667,-34.214355
12,AUTOMOTIVE,4.2132347345352175,39.45984,138.04260809421538,No promotion,XGBoost,39.45984,0.0
12,BABY CARE,1.7587494492530824,6.097953,74.35379115268589,No promotion,XGBoost,6.097953,0.0
12,BEAUTY,1.8927617818117144,8.664924,106.15807425305248,No promotion,XGBoost,60.06784,-51.402916
12,BEVERAGES,19813.33113105469,26493.066,38628.71081542969,No promotion,XGBoost,28805.686,-2312.6191
12,BOOKS,1.7587494492530824,6.097953,74.35379115268589,No promotion,XGBoost,6.097953,0.0
12,BREAD/BAKERY,2118.8533350830076,2865.259,3789.4660880126953,No promotion,XGBoost,3083.1438,-217.88477
12,CELEBRATION,14.469228982925415,91.818756,226.72305345535278,No promotion,XGBoost,91.818756,0.0
12,CLEANING,10458.247436523438,12418.507,14880.944944335937,No promotion,XGBoost,12869.717,-451.20996
12,DAIRY,5674.53512097168,7435.3374,9651.745421264648,No promotion,XGBoost,7698.2485,-262.91113
12,DELI,2983.613789916992,3880.101,5030.379524291992,No promotion,XGBoost,4065.2742,-185.1731
12,EGGS,665.8440055847168,1025.0117,1502.8939044494628,No promotion,XGBoost,1120.9213,-95.909546
12,FROZEN FOODS,292.1035680770874,562.8756,939.9342126846313,No promotion,XGBoost,628.56195,-65.68634
12,GROCERY I,39638.25166328125,46317.99,58453.63134765625,No promotion,XGBoost,48037.71,-1719.7227
12,GROCERY II,22.25042223930359,127.75084,286.16966104507446,No promotion,XGBoost,163.35316,-35.602325
12,HARDWARE,1.1813286244869234,11.977201,86.62029719948768,No promotion,XGBoost,11.977201,0.0
12,HOME AND KITCHEN I,42.165377616882324,209.0482,451.5943384170532,No promotion,XGBoost,266.43494,-57.386734
12,HOME AND KITCHEN II,56.63912391662598,190.7325,376.06178855895996,No promotion,XGBoost,197.94301,-7.2105103
12,HOME APPLIANCES,1.5547353923320772,5.7484407,74.00427930951119,No promotion,XGBoost,5.7484407,0.0
12,HOME CARE,2141.4622065429685,2887.868,3812.0749594726562,No promotion,XGBoost,3082.7139,-194.84595
12,LADIESWEAR,0.8914000988006592,64.86222,186.8147795200348,No promotion,XGBoost,64.86222,0.0
12,LAWN AND GARDEN,1.1464866638183595,5.11985,73.3756886959076,No promotion,XGBoost,5.11985,0.0
12,LINGERIE,1.0457074642181396,45.025795,282.79402765631676,No promotion,XGBoost,275.7316,-230.70581
12,"LIQUOR,WINE,BEER",387.2773771286011,671.5163,1068.5732736587524,No promotion,XGBoost,766.5733,-95.05701
12,MAGAZINES,3.460090708732605,12.671306,83.05622969865799,No promotion,XGBoost,12.671306,0.0
12,MEATS,1853.2792326660156,2487.1238,3241.7772495117188,No promotion,XGBoost,2531.7615,-44.637695
12,PERSONAL CARE,2029.318655029297,2738.2039,3605.893162597656,No promotion,XGBoost,2959.3464,-221.14258
12,PET SUPPLIES,3.066382390260697,13.865996,88.5090914428234,No promotion,XGBoost,13.865996,0.0
12,PLAYERS AND ELECTRONICS,3.6539167523384095,46.92433,150.02513859272003,No promotion,XGBoost,46.92433,0.0
12,POULTRY,1993.1102813110351,2608.1946,3334.589175476074,No promotion,XGBoost,2660.8103,-52.615723
12,PREPARED FOODS,193.7414093017578,417.3793,724.4436721801758,No promotion,XGBoost,473.96667,-56.58737
12,PRODUCE,4773.633496948242,6002.55,7562.877910522461,No promotion,XGBoost,6317.3765,-314.82666
12,SCHOOL AND OFFICE SUPPLIES,0.0,0.0,258.2179591178894,No promotion,XGBoost,455.13794,-455.13794
12,SEAFOOD,0.0,0.0,73.0337423324585,No promotion,XGBoost,14.035667,-14.035667
13,AUTOMOTIVE,1.4805072724819186,25.282877,117.73825710490345,No promotion,XGBoost,34.378017,-9.09514
13,BABY CARE,1.2882019370794298,5.178194,73.43403256833554,No promotion,XGBoost,5.178194,0.0
13,BEAUTY,1.608057934045792,20.375084,112.57059747725725,No promotion,XGBoost,37.57991,-17.204826
13,BEVERAGES,17519.690750195314,24199.426,36335.07043457031,No promotion,XGBoost,26212.166,-2012.7402
13,BOOKS,1.2882019370794298,5.178194,73.43403256833554,No promotion,XGBoost,5.178194,0.0
13,BREAD/BAKERY,1520.1455917358398,2116.4697,2814.6053632202147,No promotion,XGBoost,2284.351,-167.88135
13,CELEBRATION,2.876593589782715,52.42686,164.8236105442047,No promotion,XGBoost,52.42686,0.0
13,CLEANING,9430.415893554688,11390.676,13853.113401367187,No promotion,XGBoost,11808.628,-417.95215
13,DAIRY,3699.905280151367,4662.8784,5895.166750366211,No promotion,XGBoost,4860.3604,-197.48193
13,DELI,1939.0225629882812,2591.6272,3374.5397025146485,No promotion,XGBoost,2766.608,-174.98071
13,EGGS,507.3013153076172,811.7406,1238.7950897216797,No promotion,XGBoost,921.8907,-110.150085
13,FROZEN FOODS,244.269624710083,481.37442,808.4371395111084,No promotion,XGBoost,532.418,-51.04361
13,GROCERY I,37105.39131171875,43785.125,55920.77099609375,No promotion,XGBoost,45775.207,-1990.082
13,GROCERY II,38.65778827667236,165.57706,342.73250102996826,No promotion,XGBoost,195.59123,-30.014175
13,HARDWARE,0.7710854887962342,5.204501,73.46033912301064,No promotion,XGBoost,5.204501,0.0
13,HOME AND KITCHEN I,21.44260597229004,142.72092,362.5708923339844,No promotion,XGBoost,239.60672,-96.8858
13,HOME AND KITCHEN II,6.2856035232543945,102.96779,337.34008979797363,No promotion,XGBoost,216.40082,-113.43303
13,HOME APPLIANCES,0.608554494380951,5.139658,75.52458221018314,No promotion,XGBoost,5.139658,0.0
13,HOME CARE,1785.8279555664062,2400.9124,3127.3068497314453,No promotion,XGBoost,2586.5227,-185.61035
13,LADIESWEAR,1.6563179433345796,10.397797,85.04089242815971,No promotion,XGBoost,10.397797,0.0
13,LAWN AND GARDEN,0.7710854887962342,4.3304243,72.58626287579537,No promotion,XGBoost,4.3304243,0.0
13,LINGERIE,1.7353304564952852,14.177007,93.07827365547419,No promotion,XGBoost,14.177007,0.0
13,"LIQUOR,WINE,BEER",294.8819007873535,558.9205,925.9799194335938,No promotion,XGBoost,642.228,-83.307556
13,MAGAZINES,1.852785295248032,10.140989,84.7840847665444,No promotion,XGBoost,10.140989,0.0
13,MEATS,2007.6978591308593,2622.7822,3349.1767532958984,No promotion,XGBoost,2663.3232,-40.541016
13,PERSONAL CARE,2117.898995727539,2789.264,3600.4352579345705,No promotion,XGBoost,2980.3374,-191.07349
13,PET SUPPLIES,1.815537387132645,9.774844,80.15976817505434,No promotion,XGBoost,9.774844,0.0
13,PLAYERS AND ELECTRONICS,3.287685489654541,64.433304,181.8678273320198,No promotion,XGBoost,64.433304,0.0
13,POULTRY,1102.4058227539062,1625.7587,2256.124094970703,No promotion,XGBoost,1672.0166,-46.257935
13,PREPARED FOODS,135.19636058807373,325.9077,584.801510810852,No promotion,XGBoost,343.36517,-17.457458
13,PRODUCE,2561.390816711426,3326.5566,4279.022692321777,No promotion,XGBoost,3382.0593,-55.502686
13,SCHOOL AND OFFICE SUPPLIES,0.0,0.0,341.4330453758239,No promotion,XGBoost,901.8741,-901.8741
13,SEAFOOD,0.0,0.0,73.0337423324585,No promotion,XGBoost,11.084607,-11.084607
14,AUTOMOTIVE,2.0601429104804994,40.134693,141.36628061831,No promotion,XGBoost,46.823574,-6.688881
14,BABY CARE,1.752194392681122,13.183527,89.95570769906044,No promotion,XGBoost,13.183527,0.0
14,BEAUTY,0.0,24.762032,143.20353130102157,No promotion,XGBoost,67.695885,-42.933853
14,BEVERAGES,15929.227737500001,22608.963,34744.607421875,No promotion,XGBoost,25007.328,-2398.3652
14,BOOKS,1.752194392681122,13.183527,89.95570769906044,No promotion,XGBoost,13.183527,0.0
14,BREAD/BAKERY,1933.4500029907226,2548.5342,3274.9288971557617,No promotion,XGBoost,2756.19,-207.65576
14,CELEBRATION,18.23276948928833,111.51499,247.801260471344,No promotion,XGBoost,111.51499,0.0
14,CLEANING,13535.61120703125,16970.707,22456.02189501953,No promotion,XGBoost,17822.217,-851.50977
14,DAIRY,5148.701284423828,6710.0464,8680.424377197265,No promotion,XGBoost,6932.641,-222.59473
14,DELI,3475.8992360839843,4372.3867,5522.6649704589845,No promotion,XGBoost,4550.008,-177.6211
14,EGGS,305.1217260360718,602.8276,1019.8828744888306,No promotion,XGBoost,715.4684,-112.64081
14,FROZEN FOODS,402.2614736557007,699.9673,1117.0226221084595,No promotion,XGBoost,778.5615,-78.59424
14,GROCERY I,38870.88227851562,45550.617,57686.261962890625,No promotion,XGBoost,48030.582,-2479.9648
14,GROCERY II,57.24255895614624,201.67203,403.34898805618286,No promotion,XGBoost,222.61298,-20.940948
14,HARDWARE,1.6863043785095218,15.223429,94.12469568997622,No promotion,XGBoost,15.223429,0.0
14,HOME AND KITCHEN I,58.12580156326294,223.92812,476.47342586517334,No promotion,XGBoost,291.26105,-67.33293
14,HOME AND KITCHEN II,55.341325759887695,217.49596,451.86824893951416,No promotion,XGBoost,242.74023,-25.244278
14,HOME APPLIANCES,2.117094147205353,13.35684,90.12902118265629,No promotion,XGBoost,13.35684,0.0
14,HOME CARE,2678.592177734375,3462.5183,4443.24317602539,No promotion,XGBoost,3629.9417,-167.42334
14,LADIESWEAR,1.8920409560203555,19.357536,102.51697508692742,No promotion,XGBoost,19.357536,0.0
14,LAWN AND GARDEN,2.050622129440308,11.751612,86.3947069555521,No promotion,XGBoost,11.751612,0.0
14,LINGERIE,3.3358988702297214,30.912107,118.58958392441272,No promotion,XGBoost,30.912107,0.0
14,"LIQUOR,WINE,BEER",152.9714527130127,375.90732,682.9716720581055,No promotion,XGBoost,429.56134,-53.654022
14,MAGAZINES,1.29326508641243,21.171232,108.58884137496352,No promotion,XGBoost,21.171232,0.0
14,MEATS,3463.9171317749024,4474.6157,5760.655215148926,No promotion,XGBoost,4516.6294,-42.01367
14,PERSONAL CARE,3247.3104299316406,4143.798,5294.076164306641,No promotion,XGBoost,4366.293,-222.49512
14,PET SUPPLIES,0.8673091292381288,23.377464,113.18402548134327,No promotion,XGBoost,23.377464,0.0
14,PLAYERS AND ELECTRONICS,1.3918154358863832,45.624916,151.37454117536544,No promotion,XGBoost,45.624916,0.0
14,POULTRY,1016.2269439697266,1466.6086,2029.2037169189452,No promotion,XGBoost,1526.5945,-59.98584
14,PREPARED FOODS,851.3478889465332,1356.458,1969.8807863464353,No promotion,XGBoost,1373.811,-17.353027
14,PRODUCE,5448.558799438477,7076.3896,9128.777628051757,No promotion,XGBoost,7386.8364,-310.44678
14,SCHOOL AND OFFICE SUPPLIES,0.0,0.0,154.66612424850464,No promotion,XGBoost,127.45236,-127.45236
14,SEAFOOD,0.1930549800395966,5.075093,94.45650645494462,No promotion,XGBoost,27.757067,-22.681974
15,AUTOMOTIVE,1.6432165980339053,28.944054,125.39773804992437,No promotion,XGBoost,36.639774,-7.6957207
15,BABY CARE,2.5229282617568973,28.743023,116.68036424815655,No promotion,XGBoost,28.743023,0.0
15,BEAUTY,0.4935836374759675,34.61597,151.18825038075448,No promotion,XGBoost,64.69764,-30.081669
15,BEVERAGES,19943.90827949219,26623.643,38759.28796386719,No promotion,XGBoost,29099.057,-2475.414
15,BOOKS,1.5821656495332719,11.057692,85.70078711807727,No promotion,XGBoost,11.057692,0.0
15,BREAD/BAKERY,1877.568745300293,2511.4133,3266.066762145996,No promotion,XGBoost,2725.7222,-214.30884
15,CELEBRATION,2.375080049037934,23.757322,111.43479821681976,No promotion,XGBoost,23.757322,0.0
15,CLEANING,11905.0556640625,13865.315,16327.753171875,No promotion,XGBoost,14321.927,-456.61133
15,DAIRY,4812.468276367188,6107.87,7750.20842578125,No promotion,XGBoost,6332.5625,-224.69238
15,DELI,3636.423573852539,4532.911,5683.189308227539,No promotion,XGBoost,4722.9365,-190.02539
15,EGGS,838.5690994262695,1325.4364,1921.9166220092773,No promotion,XGBoost,1483.0914,-157.65503
15,FROZEN FOODS,578.7075042724609,919.6324,1380.5720283203125,No promotion,XGBoost,980.2685,-60.63611
15,GROCERY I,38243.53193671875,44923.266,57058.91162109375,No promotion,XGBoost,45840.207,-916.9414
15,GROCERY II,15.75466775894165,99.011,244.4780876636505,No promotion,XGBoost,121.46239,-22.451385
15,HARDWARE,2.3996971249580388,15.81051,92.58269131183624,No promotion,XGBoost,15.81051,0.0
15,HOME AND KITCHEN I,44.34539031982422,238.68399,525.7499837875366,No promotion,XGBoost,345.48517,-106.80118
15,HOME AND KITCHEN II,42.73218059539795,201.91347,436.2857599258423,No promotion,XGBoost,230.5637,-28.650238
15,HOME APPLIANCES,1.0109207808971408,10.530269,87.30244943499565,No promotion,XGBoost,10.530269,0.0
15,HOME CARE,2645.925093688965,3523.6523,4645.671705383301,No promotion,XGBoost,3726.4983,-202.84595
15,LADIESWEAR,4.6762495040893555,78.824646,211.3399932384491,No promotion,XGBoost,89.06209,-10.237442
15,LAWN AND GARDEN,1.0109207808971408,9.62578,84.2688752323389,No promotion,XGBoost,9.62578,0.0
15,LINGERIE,2.5235080480575562,38.57931,134.77312835007905,No promotion,XGBoost,38.57931,0.0
15,"LIQUOR,WINE,BEER",178.2559003829956,395.16037,692.2255373001099,No promotion,XGBoost,497.15662,-101.99625
15,MAGAZINES,2.760342597961426,19.083755,100.11410771608352,No promotion,XGBoost,19.083755,0.0
15,MEATS,1551.8523254394531,2148.1765,2846.312096923828,No promotion,XGBoost,2201.134,-52.95752
15,PERSONAL CARE,2203.127743103027,2930.7732,3826.7213733520507,No promotion,XGBoost,3127.7043,-196.93115
15,PET SUPPLIES,2.7162797749042515,17.428083,96.32935118079186,No promotion,XGBoost,17.428083,0.0
15,PLAYERS AND ELECTRONICS,0.24493718147277832,43.870426,156.2671778202057,No promotion,XGBoost,43.870426,0.0
15,POULTRY,1130.918212890625,1727.2423,2425.377984375,No promotion,XGBoost,1792.9907,-65.74841
15,PREPARED FOODS,309.9371910095215,600.90955,1007.9657135009766,No promotion,XGBoost,638.90326,-37.993713
15,PRODUCE,8915.84302998047,11171.07,14238.083173828125,No promotion,XGBoost,11764.474,-593.4033
15,SCHOOL AND OFFICE SUPPLIES,0.0,0.0,341.4330453758239,No promotion,XGBoost,944.6809,-944.6809
15,SEAFOOD,0.37336114645004276,1.207881,78.75966093614697,No promotion,XGBoost,22.570957,-21.363075
16,AUTOMOTIVE,0.7818808376789095,33.900368,133.00287204757333,No promotion,XGBoost,33.900368,0.0
16,BABY CARE,1.808017069101334,8.138383,78.52330751363188,No promotion,XGBoost,8.138383,0.0
16,BEAUTY,2.50047299861908,15.383291,94.54442478716373,No promotion,XGBoost,24.753815,-9.370523
16,BEVERAGES,14533.927236621095,20623.729,31550.22164892578,No promotion,XGBoost,22830.408,-2206.6797
16,BOOKS,1.808017069101334,8.124288,78.50921199023723,No promotion,XGBoost,8.124288,0.0
16,BREAD/BAKERY,1693.0516936035156,2326.8962,3081.5497104492188,No promotion,XGBoost,2538.3242,-211.42798
16,CELEBRATION,2.5852363377809526,54.103302,162.50174760371448,No promotion,XGBoost,54.103302,0.0
16,CLEANING,10883.354870800782,13138.582,16205.595014648437,No promotion,XGBoost,15093.848,-1955.2656
16,DAIRY,3308.9657338867187,4205.453,5355.731468261719,No promotion,XGBoost,4412.6426,-207.18945
16,DELI,1983.759347290039,2655.1243,3466.2956094970705,No promotion,XGBoost,2840.521,-185.39673
16,EGGS,1766.2632840576173,2437.6282,3248.7995462646486,No promotion,XGBoost,2511.5898,-73.96167
16,FROZEN FOODS,296.4314088821411,585.4462,979.4474283065796,No promotion,XGBoost,661.7241,-76.27789
16,GROCERY I,26682.23799140625,33361.973,45497.61767578125,No promotion,XGBoost,35841.168,-2479.1953
16,GROCERY II,2.4369179964065553,64.45312,203.01321152448654,No promotion,XGBoost,97.40948,-32.95636
16,HARDWARE,1.4334157645702366,11.552699,86.19579390287399,No promotion,XGBoost,11.552699,0.0
16,HOME AND KITCHEN I,10.90146017074585,114.30599,283.2876076698303,No promotion,XGBoost,157.10133,-42.79534
16,HOME AND KITCHEN II,26.354673862457275,131.21262,275.6727237701416,No promotion,XGBoost,141.92822,-10.715607
16,HOME APPLIANCES,1.1354623556137087,7.700099,80.21410853117705,No promotion,XGBoost,7.700099,0.0
16,HOME CARE,2117.3064343261717,2807.4316,3646.861819213867,No promotion,XGBoost,2995.0325,-187.60083
16,LADIESWEAR,1.4030540168285373,7.0313864,77.41631014198065,No promotion,XGBoost,7.0313864,0.0
16,LAWN AND GARDEN,1.4030540168285373,7.0313864,77.41631014198065,No promotion,XGBoost,7.0313864,0.0
16,LINGERIE,1.9559011638164523,16.875484,95.7767515271902,No promotion,XGBoost,16.875484,0.0
16,"LIQUOR,WINE,BEER",562.764289855957,921.932,1399.814188720703,No promotion,XGBoost,1070.3145,-148.38245
16,MAGAZINES,2.3414383769035343,13.074114,87.71720955371856,No promotion,XGBoost,13.074114,0.0
16,MEATS,462.2765464782715,766.7158,1193.770320892334,No promotion,XGBoost,806.2145,-39.498657
16,PERSONAL CARE,1529.2465025634765,2163.091,2917.7445194091797,No promotion,XGBoost,2366.3594,-203.26831
16,PET SUPPLIES,1.4747739017009738,16.733837,99.89327500462532,No promotion,XGBoost,16.733837,0.0
16,PLAYERS AND ELECTRONICS,1.9996312946081163,32.9168,125.1123164743185,No promotion,XGBoost,32.9168,0.0
16,POULTRY,692.5629386901855,1069.9734,1564.7982123718261,No promotion,XGBoost,1135.1536,-65.180176
16,PREPARED FOODS,214.50084495544434,438.13876,745.2031078338623,No promotion,XGBoost,454.81845,-16.679688
16,PRODUCE,7243.908538818359,9204.168,11666.606046630859,No promotion,XGBoost,9691.159,-486.9912
16,SCHOOL AND OFFICE SUPPLIES,0.0,0.0,63.997666931152345,No promotion,XGBoost,0.0,0.0
16,SEAFOOD,0.0,0.0,63.997666931152345,No promotion,XGBoost,0.0,0.0
17,AUTOMOTIVE,18.244327068328857,100.760864,229.88027811050415,No promotion,XGBoost,100.760864,0.0
17,BABY CARE,1.1620299041271211,24.362637,113.90933212041855,No promotion,XGBoost,24.362637,0.0
17,BEAUTY,0.9871480464935303,56.34259,207.5945587158203,No promotion,XGBoost,125.2199,-68.87731
17,BEVERAGES,44200.27510078125,50880.01,63015.65478515625,No promotion,XGBoost,55217.816,-4337.8047
17,BOOKS,2.1064710259437565,19.51131,102.67074881196022,No promotion,XGBoost,19.51131,0.0
17,BREAD/BAKERY,4628.962749511719,5791.393,7269.711427246094,No promotion,XGBoost,6003.688,-212.29492
17,CELEBRATION,2.577669382095337,75.68225,204.80166172981262,No promotion,XGBoost,75.68225,0.0
17,CLEANING,14397.877796191406,17538.006,22418.745848144532,No promotion,XGBoost,18251.53,-713.52344
17,DAIRY,10624.972778320312,12585.232,15047.670286132812,No promotion,XGBoost,12963.909,-378.67676
17,DELI,6987.213774047852,8880.988,11261.415546020507,No promotion,XGBoost,9124.3955,-243.40723
17,EGGS,2554.8613033447264,3263.7466,4131.435810913086,No promotion,XGBoost,3357.9146,-94.16797
17,FROZEN FOODS,1175.677848815918,1772.002,2470.137620300293,No promotion,XGBoost,1833.0386,-61.03662
17,GROCERY I,65555.15034492187,72234.88,84370.53002929688,No promotion,XGBoost,74537.51,-2302.625
17,GROCERY II,46.83155632019043,194.21625,405.89238929748535,No promotion,XGBoost,230.35114,-36.134888
17,HARDWARE,1.8144489109516144,25.160393,117.09603953137994,No promotion,XGBoost,25.160393,0.0
17,HOME AND KITCHEN I,45.51990985870361,237.42934,504.49697971343994,No promotion,XGBoost,355.10202,-117.67268
17,HOME AND KITCHEN II,55.339277267456055,243.67746,510.74510192871094,No promotion,XGBoost,279.5826,-35.90515
17,HOME APPLIANCES,1.1656832277774811,23.137308,110.55491675436497,No promotion,XGBoost,23.137308,0.0
17,HOME CARE,4133.145409301758,5162.6045,6476.9026153564455,No promotion,XGBoost,5391.737,-229.13232
17,LADIESWEAR,2.8877977669239048,20.782639,101.8129915997386,No promotion,XGBoost,20.782639,0.0
17,LAWN AND GARDEN,2.1809613049030308,17.382277,98.41262936890125,No promotion,XGBoost,17.382277,0.0
17,LINGERIE,0.0,67.20964,268.7663559913635,No promotion,XGBoost,215.02208,-147.81244
17,"LIQUOR,WINE,BEER",367.8197021484375,677.03485,1101.0335994567872,No promotion,XGBoost,775.4486,-98.41376
17,MAGAZINES,1.4943149089813232,42.160774,152.16857314109802,No promotion,XGBoost,42.160774,0.0
17,MEATS,3545.245351196289,4441.733,5592.011085571289,No promotion,XGBoost,4495.0757,-53.342773
17,PERSONAL CARE,3495.818610229492,4458.7915,5691.080080444336,No promotion,XGBoost,4670.5083,-211.7168
17,PET SUPPLIES,2.350608539581299,34.244003,132.82677431106566,No promotion,XGBoost,34.244003,0.0
17,PLAYERS AND ELECTRONICS,8.825028896331787,92.02139,223.52976274490356,No promotion,XGBoost,92.02139,0.0
17,POULTRY,4666.348035522461,5895.264,7455.59244909668,No promotion,XGBoost,5970.6064,-75.342285
17,PREPARED FOODS,481.01168060302734,785.4509,1212.5054550170898,No promotion,XGBoost,792.82886,-7.3779297
17,PRODUCE,18452.546194140625,24542.348,35468.840606445316,No promotion,XGBoost,25727.922,-1185.5742
17,SCHOOL AND OFFICE SUPPLIES,0.0,0.0,171.97178745269775,No promotion,XGBoost,204.6274,-204.6274
17,SEAFOOD,62.91780233383179,228.63928,463.0115818977356,No promotion,XGBoost,242.58879,-13.949509
18,AUTOMOTIVE,3.0650902628898624,38.336956,135.05050858259202,No promotion,XGBoost,38.336956,0.0
18,BABY CARE,1.6041933834552768,13.921972,90.69415380060673,No promotion,XGBoost,13.921972,0.0
18,BEAUTY,0.0,39.947044,213.3315680027008,No promotion,XGBoost,150.79094,-110.843895
18,BEVERAGES,31463.122757031248,38142.86,50278.50244140625,No promotion,XGBoost,42003.19,-3860.332
18,BOOKS,1.2937315881252291,11.81635,88.5885312706232,No promotion,XGBoost,11.81635,0.0
18,BREAD/BAKERY,8235.867553710938,10196.127,12658.565061523437,No promotion,XGBoost,10446.391,-250.26367
18,CELEBRATION,5.236591577529907,71.53344,191.0970447063446,No promotion,XGBoost,71.53344,0.0
18,CLEANING,7954.971282958984,9915.231,12377.668790771484,No promotion,XGBoost,10380.8125,-465.58105
18,DAIRY,9167.052062988281,11127.312,13589.749570800781,No promotion,XGBoost,11557.746,-430.43457
18,DELI,3088.4512717285156,3947.4182,5041.1787607421875,No promotion,XGBoost,4143.38,-195.96167
18,EGGS,2464.2221705322268,3210.628,4134.8349234619145,No promotion,XGBoost,3316.843,-106.21509
18,FROZEN FOODS,667.6492958068848,1026.817,1504.6991946716307,No promotion,XGBoost,1128.8292,-102.01221
18,GROCERY I,40055.23823554687,46734.973,58870.617919921875,No promotion,XGBoost,49108.844,-2373.871
18,GROCERY II,25.325331687927246,139.7254,310.5323534011841,No promotion,XGBoost,188.83784,-49.112442
18,HARDWARE,0.4186711072921753,14.539635,95.5699873112142,No promotion,XGBoost,14.539635,0.0
18,HOME AND KITCHEN I,275.21614360809326,519.0544,856.1162843704224,No promotion,XGBoost,563.2488,-44.194397
18,HOME AND KITCHEN II,18.022228240966797,162.92416,389.1226329803467,No promotion,XGBoost,268.79138,-105.86722
18,HOME APPLIANCES,2.6296003222465516,14.608706,89.25180164575576,No promotion,XGBoost,14.608706,0.0
18,HOME CARE,2534.7169212036133,3374.9236,4440.425287536621,No promotion,XGBoost,3626.1045,-251.18091
18,LADIESWEAR,24.74019193649292,114.90531,248.80263233184814,No promotion,XGBoost,114.90531,0.0
18,LAWN AND GARDEN,2.61906818151474,51.64147,174.8608777284622,No promotion,XGBoost,71.2682,-19.626732
18,LINGERIE,0.3972446918487549,40.397854,251.25562635064125,No promotion,XGBoost,227.05899,-186.66113
18,"LIQUOR,WINE,BEER",551.6184577941895,892.54333,1353.482981842041,No promotion,XGBoost,1032.4792,-139.93591
18,MAGAZINES,1.1027824342250825,19.055593,104.34411693587899,No promotion,XGBoost,19.055593,0.0
18,MEATS,1427.1943670959472,2042.796,2780.5070091247558,No promotion,XGBoost,2088.6782,-45.882202
18,PERSONAL CARE,2210.4296077270506,2938.0752,3834.023237976074,No promotion,XGBoost,3180.878,-242.80273
18,PET SUPPLIES,1.011872446537018,38.12754,138.8393970489502,No promotion,XGBoost,38.12754,0.0
18,PLAYERS AND ELECTRONICS,0.7418146133422852,64.29988,186.25243663787842,No promotion,XGBoost,64.29988,0.0
18,POULTRY,2635.7617486572267,3419.688,4400.412746948242,No promotion,XGBoost,3493.4336,-73.745605
18,PREPARED FOODS,541.3085021972656,863.9906,1307.9876514282228,No promotion,XGBoost,900.71277,-36.722168
18,PRODUCE,24526.184939453124,30910.953,42442.02198779297,No promotion,XGBoost,33047.18,-2136.2266
18,SCHOOL AND OFFICE SUPPLIES,0.47784996032714844,22.87424,429.9303865432739,No promotion,XGBoost,819.418,-796.54376
18,SEAFOOD,26.468457221984863,142.71188,317.4783799648285,No promotion,XGBoost,167.75256,-25.04068
19,AUTOMOTIVE,1.4947885990142824,53.626846,164.15437562465667,No promotion,XGBoost,53.626846,0.0
19,BABY CARE,1.248299050331116,6.9464817,77.33140537068248,No promotion,XGBoost,6.9464817,0.0
19,BEAUTY,1.4389123141765596,20.778969,133.09307788359,No promotion,XGBoost,74.456116,-53.677147
19,BEVERAGES,31964.985427929685,38644.72,50780.36511230469,No promotion,XGBoost,42502.52,-3857.8008
19,BOOKS,1.0432589530944825,6.2912583,76.67618227349594,No promotion,XGBoost,6.2912583,0.0
19,BREAD/BAKERY,1946.8504651489257,2618.2153,3429.386727355957,No promotion,XGBoost,2822.9128,-204.69751
19,CELEBRATION,0.7824982762336732,47.590862,157.8585254907608,No promotion,XGBoost,47.590862,0.0
19,CLEANING,12172.573694238281,14722.768,18394.356474121094,No promotion,XGBoost,15279.029,-556.2617
19,DAIRY,4733.814588256836,5962.731,7523.059001831055,No promotion,XGBoost,6200.118,-237.3872
19,DELI,3986.9158560791016,5016.3745,6330.673062133789,No promotion,XGBoost,5212.0283,-195.65381
19,EGGS,634.640064239502,1030.2933,1542.0607127380372,No promotion,XGBoost,1144.0226,-113.72925
19,FROZEN FOODS,360.5456352233887,664.9849,1092.0394096374512,No promotion,XGBoost,734.95746,-69.972534
19,GROCERY I,47082.27217109375,53762.008,65897.65185546875,No promotion,XGBoost,56017.086,-2255.0781
19,GROCERY II,333.9847402572632,577.823,914.8848810195923,No promotion,XGBoost,586.28485,-8.461853
19,HARDWARE,2.5986810386180883,10.737537,83.25154725909233,No promotion,XGBoost,10.737537,0.0
19,HOME AND KITCHEN I,43.753750801086426,202.1447,448.34152603149414,No promotion,XGBoost,303.58185,-101.43715
19,HOME AND KITCHEN II,22.042290210723877,127.00677,287.8145422935486,No promotion,XGBoost,159.09685,-32.09008
19,HOME APPLIANCES,1.3565676450729371,7.148842,77.5337657213211,No promotion,XGBoost,7.148842,0.0
19,HOME CARE,2291.007107116699,3018.6526,3914.6007373657226,No promotion,XGBoost,3219.8113,-201.15869
19,LADIESWEAR,7.020202398300171,79.55925,203.9007637500763,No promotion,XGBoost,79.55925,0.0
19,LAWN AND GARDEN,1.3791976213455202,5.352561,73.60839965343476,No promotion,XGBoost,5.352561,0.0
19,LINGERIE,2.143263149261475,41.11316,142.6046161070466,No promotion,XGBoost,41.11316,0.0
19,"LIQUOR,WINE,BEER",351.980263710022,622.7523,999.8109083175659,No promotion,XGBoost,731.67365,-108.921326
19,MAGAZINES,1.3735967516899112,16.709124,97.73947672098875,No promotion,XGBoost,16.709124,0.0
19,MEATS,1568.477596923828,2202.322,2956.9756137695313,No promotion,XGBoost,2240.0552,-37.733154
19,PERSONAL CARE,2245.2945369262693,2972.94,3868.888167175293,No promotion,XGBoost,3187.696,-214.7561
19,PET SUPPLIES,2.5321728825569156,14.031996,92.93326219320298,No promotion,XGBoost,14.031996,0.0
19,PLAYERS AND ELECTRONICS,1.97007874250412,47.17279,155.05150089263915,No promotion,XGBoost,47.17279,0.0
19,POULTRY,1682.8564230651855,2298.4583,3036.169065093994,No promotion,XGBoost,2356.1982,-57.73999
19,PREPARED FOODS,165.7297592163086,362.43387,629.5015182495117,No promotion,XGBoost,362.43387,0.0
19,PRODUCE,5935.238307006836,7696.041,9912.448607299804,No promotion,XGBoost,8018.8975,-322.85645
19,SCHOOL AND OFFICE SUPPLIES,0.0,0.0,420.7002963600158,No promotion,XGBoost,1151.8601,-1151.8601
19,SEAFOOD,0.0,0.0,81.20757808685303,No promotion,XGBoost,19.180227,-19.180227
20,AUTOMOTIVE,10.677411794662476,93.981964,223.1013786792755,No promotion,XGBoost,93.981964,0.0
20,BABY CARE,2.0895256102085114,25.943464,115.75002524256706,No promotion,XGBoost,25.943464,0.0
20,BEAUTY,0.7824928760528564,74.66771,249.43420362472534,No promotion,XGBoost,155.6635,-80.99579
20,BEVERAGES,47298.63618476562,53978.37,66114.01586914062,No promotion,XGBoost,58257.004,-4278.633
20,BOOKS,1.8186601340770723,22.598225,110.01583351194859,No promotion,XGBoost,22.598225,0.0
20,BREAD/BAKERY,6605.967799194336,8366.7705,10583.178099487304,No promotion,XGBoost,8748.931,-382.16016
20,CELEBRATION,14.900517463684082,103.029434,234.5377984046936,No promotion,XGBoost,103.029434,0.0
20,CLEANING,15247.882936523438,20157.814,28666.006804687502,No promotion,XGBoost,21308.658,-1150.8438
20,DAIRY,11012.9082765625,13268.135,16335.148420410156,No promotion,XGBoost,13816.605,-548.4707
20,DELI,9557.709301953126,11812.937,14879.949445800781,No promotion,XGBoost,12197.535,-384.59863
20,EGGS,1444.1190710144042,2078.481,2844.450835723877,No promotion,XGBoost,2188.7156,-110.23462
20,FROZEN FOODS,866.723316192627,1298.8622,1844.514714324951,No promotion,XGBoost,1394.0979,-95.23572
20,GROCERY I,82202.84834296875,88882.586,101018.22802734375,No promotion,XGBoost,91426.4,-2543.8125
20,GROCERY II,43.890098094940186,206.91278,443.11041593551636,No promotion,XGBoost,242.50157,-35.58879
20,HARDWARE,2.876070255041123,26.915676,114.33328554779291,No promotion,XGBoost,26.915676,0.0
20,HOME AND KITCHEN I,203.29626941680908,440.40106,767.4637842178345,No promotion,XGBoost,487.45676,-47.055695
20,HOME AND KITCHEN II,36.65734577178955,228.75473,497.6477155685425,No promotion,XGBoost,330.00208,-101.247345
20,HOME APPLIANCES,2.650774890184403,23.984686,111.40229625999928,No promotion,XGBoost,23.984686,0.0
20,HOME CARE,4498.736295410156,5727.6523,7287.980708984375,No promotion,XGBoost,5978.0273,-250.375
20,LADIESWEAR,13.29733395576477,93.23929,219.96975076198578,No promotion,XGBoost,93.23929,0.0
20,LAWN AND GARDEN,6.225538492202759,88.71313,257.13113379478455,No promotion,XGBoost,165.46962,-76.75649
20,LINGERIE,1.7924761772155762,55.73216,191.64343738555908,No promotion,XGBoost,79.68207,-23.94991
20,"LIQUOR,WINE,BEER",451.4216842651367,792.34656,1253.2862083129883,No promotion,XGBoost,920.3401,-127.99353
20,MAGAZINES,1.7303530752658847,34.34335,133.18598749041558,No promotion,XGBoost,34.34335,0.0
20,MEATS,4500.86800769043,5663.2983,7141.616685424805,No promotion,XGBoost,5747.569,-84.27051
20,PERSONAL CARE,4397.4594704589845,5626.376,7186.703884033203,No promotion,XGBoost,5892.7837,-266.4077
20,PET SUPPLIES,2.0889222621917725,66.96948,191.3109953403473,No promotion,XGBoost,66.96948,0.0
20,PLAYERS AND ELECTRONICS,5.525325298309326,86.34654,215.4659559726715,No promotion,XGBoost,86.34654,0.0
20,POULTRY,4319.200956054688,5548.117,7108.4453696289065,No promotion,XGBoost,5649.2974,-101.180176
20,PREPARED FOODS,620.081428527832,997.4919,1492.3167022094726,No promotion,XGBoost,1012.59283,-15.100952
20,PRODUCE,13244.370265039062,17269.4,23963.866225097656,No promotion,XGBoost,18320.71,-1051.3105
20,SCHOOL AND OFFICE SUPPLIES,0.0,3.611527,352.49794341623783,No promotion,XGBoost,632.193,-628.5815
20,SEAFOOD,63.343448638916016,221.63815,443.3134694099426,No promotion,XGBoost,243.8719,-22.23375
21,AUTOMOTIVE,7.546206712722778,88.196014,217.31542873382568,No promotion,XGBoost,88.196014,0.0
21,BABY CARE,2.0367327600717546,14.069958,90.84213908016682,No promotion,XGBoost,14.069958,0.0
21,BEAUTY,1.3255352973937988,48.844727,189.5339099764824,No promotion,XGBoost,100.291466,-51.44674
21,BEVERAGES,36142.17268378906,42821.906,54957.55236816406,No promotion,XGBoost,48497.65,-5675.742
21,BOOKS,1.2783594220876695,10.128186,84.77128179967403,No promotion,XGBoost,10.128186,0.0
21,BREAD/BAKERY,6214.716334350586,7975.519,10191.926634643554,No promotion,XGBoost,8295.049,-319.5298
21,CELEBRATION,3.231848955154419,72.71477,194.6673288345337,No promotion,XGBoost,72.71477,0.0
21,CLEANING,14341.959425976564,19546.86,28659.625930175782,No promotion,XGBoost,22018.404,-2471.545
21,DAIRY,8678.156219482422,10638.416,13100.853727294922,No promotion,XGBoost,11014.827,-376.41113
21,DELI,4394.416072875977,5556.8467,7035.164750610352,No promotion,XGBoost,5799.9595,-243.1128
21,EGGS,3775.083114013672,4899.993,6321.793546386719,No promotion,XGBoost,5039.462,-139.46875
21,FROZEN FOODS,975.9113508911132,1445.5707,2047.7409943847656,No promotion,XGBoost,1560.4756,-114.90491
21,GROCERY I,57488.20478828125,64167.94,76303.58447265625,No promotion,XGBoost,69555.01,-5387.0664
21,GROCERY II,52.26235580444336,233.92757,504.6458959579468,No promotion,XGBoost,270.5663,-36.63875
21,HARDWARE,2.5998716294765476,14.076076,92.97734188437462,No promotion,XGBoost,14.076076,0.0
21,HOME AND KITCHEN I,283.10904598236084,567.34796,964.4049425125122,No promotion,XGBoost,695.6256,-128.27765
21,HOME AND KITCHEN II,244.17115211486816,535.14355,942.1996746063232,No promotion,XGBoost,638.6481,-103.50452
21,HOME APPLIANCES,1.3628000855445863,9.624231,84.26732661426067,No promotion,XGBoost,9.624231,0.0
21,HOME CARE,4057.0127341308594,5086.4717,6400.769940185547,No promotion,XGBoost,5338.139,-251.66748
21,LADIESWEAR,1.1516833066940309,47.146782,157.4144480586052,No promotion,XGBoost,47.146782,0.0
21,LAWN AND GARDEN,3.00955708026886,30.927822,154.55183359384537,No promotion,XGBoost,81.4095,-50.481678
21,LINGERIE,21.446675300598145,111.46704,245.36436009407043,No promotion,XGBoost,111.46704,0.0
21,"LIQUOR,WINE,BEER",895.7318572998047,1309.6279,1838.3378806152343,No promotion,XGBoost,1491.0707,-181.44275
21,MAGAZINES,1.2172800749540331,24.294361,111.97183632329106,No promotion,XGBoost,24.294361,0.0
21,MEATS,1313.7846603393555,1910.1088,2608.2444318237303,No promotion,XGBoost,1956.1781,-46.069336
21,PERSONAL CARE,3624.625765197754,4635.324,5921.363848571777,No promotion,XGBoost,4894.707,-259.3828
21,PET SUPPLIES,1.441078168153763,31.732357,126.05695659071208,No promotion,XGBoost,31.732357,0.0
21,PLAYERS AND ELECTRONICS,0.996117925643921,49.792576,160.0602409005165,No promotion,XGBoost,49.792576,0.0
21,POULTRY,2077.206139892578,2748.571,3559.7424020996095,No promotion,XGBoost,2836.5752,-88.00415
21,PREPARED FOODS,1684.7937835083007,2299.8782,3026.27267767334,No promotion,XGBoost,2335.6118,-35.733643
21,PRODUCE,17049.776747753906,22254.676,31367.443251953126,No promotion,XGBoost,24090.451,-1835.7754
21,SCHOOL AND OFFICE SUPPLIES,0.3164966225624085,0.7571804,64.7548473238945,No promotion,XGBoost,0.7571804,0.0
21,SEAFOOD,4.206751823425293,69.92033,206.091468667984,No promotion,XGBoost,90.5674,-20.647072
22,AUTOMOTIVE,1.373052564263344,34.072605,132.91524380743505,No promotion,XGBoost,34.072605,0.0
22,BABY CARE,2.1678015887737274,10.220686,82.7346953123808,No promotion,XGBoost,10.220686,0.0
22,BEAUTY,1.3861435920000078,25.245358,132.52169685959817,No promotion,XGBoost,51.585888,-26.34053
22,BEVERAGES,18041.1623078125,24720.898,36856.5419921875,No promotion,XGBoost,27478.496,-2757.5977
22,BOOKS,1.808017069101334,8.124288,78.50921199023723,No promotion,XGBoost,8.124288,0.0
22,BREAD/BAKERY,1811.6239744873046,2445.4685,3200.121991333008,No promotion,XGBoost,2607.8767,-162.4082
22,CELEBRATION,9.557335710525512,83.88127,208.48264471292495,No promotion,XGBoost,83.88127,0.0
22,CLEANING,7570.339996337891,9530.6,11993.03750415039,No promotion,XGBoost,9991.155,-460.55566
22,DAIRY,4527.037912719727,5622.9824,7019.290854614258,No promotion,XGBoost,5875.337,-252.35449
22,DELI,1971.2708311157226,2623.8755,3406.78797064209,No promotion,XGBoost,2818.6343,-194.75879
22,EGGS,514.2104530334473,873.3781,1351.2603518981932,No promotion,XGBoost,984.5762,-111.19806
22,FROZEN FOODS,553.6620864868164,894.587,1355.526610534668,No promotion,XGBoost,960.6777,-66.0907
22,GROCERY I,32640.957962109373,39320.69,51456.337646484375,No promotion,XGBoost,41578.406,-2257.7148
22,GROCERY II,56.79795694351196,187.83105,381.3341679573059,No promotion,XGBoost,216.81497,-28.983917
22,HARDWARE,2.1799504399299625,12.869325,89.64150600135326,No promotion,XGBoost,12.869325,0.0
22,HOME AND KITCHEN I,54.855995178222656,230.47708,483.02239513397217,No promotion,XGBoost,322.71243,-92.23535
22,HOME AND KITCHEN II,41.72976207733154,231.91116,508.97799015045166,No promotion,XGBoost,331.85184,-99.940674
22,HOME APPLIANCES,1.9222345888614658,9.446375,81.96038487255574,No promotion,XGBoost,9.446375,0.0
22,HOME CARE,2042.4870205078125,2751.3723,3619.0615280761717,No promotion,XGBoost,2959.3564,-207.98413
22,LADIESWEAR,3.3792560994625096,19.356892,98.25815928876399,No promotion,XGBoost,19.356892,0.0
22,LAWN AND GARDEN,1.4030540168285373,7.0313864,77.41631014198065,No promotion,XGBoost,7.0313864,0.0
22,LINGERIE,1.8879993915557862,48.417095,161.07371131181716,No promotion,XGBoost,48.417095,0.0
22,"LIQUOR,WINE,BEER",672.8154449462891,1068.4688,1580.2360934448243,No promotion,XGBoost,1239.8981,-171.42932
22,MAGAZINES,2.0870382428169254,18.225094,99.51531180888415,No promotion,XGBoost,18.225094,0.0
22,MEATS,1054.7301979064941,1632.8115,2314.0045945739744,No promotion,XGBoost,1671.4857,-38.674194
22,PERSONAL CARE,1825.7825956420897,2478.3872,3261.299735168457,No promotion,XGBoost,2681.364,-202.9768
22,PET SUPPLIES,2.5363466739654545,17.182976,96.0842427700758,No promotion,XGBoost,17.182976,0.0
22,PLAYERS AND ELECTRONICS,3.7649106979370117,56.141903,168.5386518239975,No promotion,XGBoost,56.141903,0.0
22,POULTRY,1891.2146116943359,2525.059,3279.712628540039,No promotion,XGBoost,2584.5264,-59.467285
22,PREPARED FOODS,308.47261333465576,579.2446,956.3032579421997,No promotion,XGBoost,593.3416,-14.096985
22,PRODUCE,6060.4033492431645,7954.1772,10334.60512121582,No promotion,XGBoost,8421.844,-467.6665
22,SCHOOL AND OFFICE SUPPLIES,0.0,0.0,150.14808654785156,No promotion,XGBoost,173.57686,-173.57686
22,SEAFOOD,0.0399741888046265,1.8067029,72.4514931678772,No promotion,XGBoost,10.03292,-8.226217
23,AUTOMOTIVE,2.054829376935959,23.87099,111.28860101103783,No promotion,XGBoost,23.87099,0.0
23,BABY CARE,1.8694633901119233,12.378296,87.02139077931642,No promotion,XGBoost,12.378296,0.0
23,BEAUTY,0.0,18.959137,191.33668150007725,No promotion,XGBoost,167.20695,-148.24782
23,BEVERAGES,18614.905227734376,25294.64,37430.284912109375,No promotion,XGBoost,26239.52,-944.8789
23,BOOKS,1.8694633901119233,12.378296,87.02139077931642,No promotion,XGBoost,12.378296,0.0
23,BREAD/BAKERY,3487.7882131347656,4384.2754,5534.553947509766,No promotion,XGBoost,4547.282,-163.00684
23,CELEBRATION,119.34759616851807,284.14645,510.34493017196655,No promotion,XGBoost,284.14645,0.0
23,CLEANING,7311.511383056641,9271.771,11734.20889086914,No promotion,XGBoost,9501.995,-230.22363
23,DAIRY,6237.758728027344,8198.019,10660.456235839843,No promotion,XGBoost,8491.346,-293.32715
23,DELI,1553.448143005371,2149.7722,2847.907914489746,No promotion,XGBoost,2329.7778,-180.00562
23,EGGS,196.72874546051025,413.6332,710.6983823776245,No promotion,XGBoost,473.6167,-59.98349
23,FROZEN FOODS,744.2252197265625,1176.3641,1722.0166178588865,No promotion,XGBoost,1235.249,-58.884888
23,GROCERY I,29361.50068671875,36041.234,48176.88037109375,No promotion,XGBoost,36882.19,-840.95703
23,GROCERY II,222.27905464172363,432.45007,719.5160655975342,No promotion,XGBoost,436.30066,-3.850586
23,HARDWARE,2.602767360210419,14.967004,89.61009867340326,No promotion,XGBoost,14.967004,0.0
23,HOME AND KITCHEN I,28.918213844299316,183.81746,411.84126472473145,No promotion,XGBoost,265.78983,-81.97237
23,HOME AND KITCHEN II,0.0,99.055626,349.77559876441956,No promotion,XGBoost,271.25882,-172.20319
23,HOME APPLIANCES,1.7702823340892793,12.838422,87.48151702284812,No promotion,XGBoost,12.838422,0.0
23,HOME CARE,1484.265983581543,2080.59,2778.725755065918,No promotion,XGBoost,2260.9192,-180.3291
23,LADIESWEAR,35.34395122528076,133.99763,270.2839050292969,No promotion,XGBoost,133.99763,0.0
23,LAWN AND GARDEN,2.0958842217922213,26.167383,113.58499253541231,No promotion,XGBoost,26.167383,0.0
23,LINGERIE,1.2640488147735596,33.325546,142.47110367268323,No promotion,XGBoost,53.195778,-19.870232
23,"LIQUOR,WINE,BEER",505.2212600708008,864.3889,1342.2711589355467,No promotion,XGBoost,1059.7386,-195.34973
23,MAGAZINES,3.7855351328849793,42.35907,145.45987901687622,No promotion,XGBoost,42.35907,0.0
23,MEATS,8129.12841003418,9756.959,11809.34723864746,No promotion,XGBoost,9867.849,-110.88965
23,PERSONAL CARE,1786.2290236206054,2420.0735,3174.7270404663086,No promotion,XGBoost,2661.3733,-241.2998
23,PET SUPPLIES,3.2374510645866397,40.174286,141.4058739423752,No promotion,XGBoost,40.174286,0.0
23,PLAYERS AND ELECTRONICS,2.0820538997650146,59.91162,177.08627343177795,No promotion,XGBoost,59.91162,0.0
23,POULTRY,4020.682076171875,5050.141,6364.439282226563,No promotion,XGBoost,5125.4253,-75.28418
23,PREPARED FOODS,223.8041763305664,420.5083,687.5759353637695,No promotion,XGBoost,420.5083,0.0
23,PRODUCE,15078.714955371095,19693.68,27597.2961875,No promotion,XGBoost,20566.838,-873.1582
23,SCHOOL AND OFFICE SUPPLIES,0.0,0.0,63.997666931152345,No promotion,XGBoost,0.0,0.0
23,SEAFOOD,1.349066746234894,11.517884,109.41564039513469,No promotion,XGBoost,49.585285,-38.0674
24,AUTOMOTIVE,2.7673916816711426,46.636063,151.865957736969,No promotion,XGBoost,46.636063,0.0
24,BABY CARE,3.056003797054291,30.000946,121.67672710418701,No promotion,XGBoost,30.000946,0.0
24,BEAUTY,1.2780838012695312,62.010437,250.73565292358398,No promotion,XGBoost,169.60837,-107.59793
24,BEVERAGES,48597.70893867187,55277.445,67413.08862304688,No promotion,XGBoost,57374.402,-2096.957
24,BOOKS,2.3320633411407474,31.582832,125.90743234157563,No promotion,XGBoost,31.582832,0.0
24,BREAD/BAKERY,10250.51123046875,12210.771,14673.20873828125,No promotion,XGBoost,12449.0205,-238.24902
24,CELEBRATION,57.456756591796875,212.61266,438.8111209869385,No promotion,XGBoost,212.61266,0.0
24,CLEANING,14554.465797460938,18874.463,26173.50439355469,No promotion,XGBoost,19390.182,-515.71875
24,DAIRY,15238.074563085938,21032.908,31354.82633935547,No promotion,XGBoost,21821.951,-789.04297
24,DELI,3551.2218068847656,4447.709,5597.987541259766,No promotion,XGBoost,4690.6953,-242.98633
24,EGGS,2926.311760620117,3785.2788,4879.039249633789,No promotion,XGBoost,3841.9048,-56.625977
24,FROZEN FOODS,2028.6786267089844,2718.8037,3558.2340115966795,No promotion,XGBoost,2772.7395,-53.93579
24,GROCERY I,58783.18501289062,65462.92,77598.56469726562,No promotion,XGBoost,67619.08,-2156.1562
24,GROCERY II,305.12735080718994,575.8994,952.9579954147339,No promotion,XGBoost,584.91675,-9.017334
24,HARDWARE,1.3085479497909547,34.915955,133.23885790109634,No promotion,XGBoost,34.915955,0.0
24,HOME AND KITCHEN I,143.39581680297852,367.03372,674.0980796813965,No promotion,XGBoost,474.82922,-107.7955
24,HOME AND KITCHEN II,248.8346939086914,512.8733,879.9327125549316,No promotion,XGBoost,587.90814,-75.03485
24,HOME APPLIANCES,2.9022895574569705,31.74782,125.81255232095718,No promotion,XGBoost,31.74782,0.0
24,HOME CARE,3538.0003865966796,4434.488,5584.76612097168,No promotion,XGBoost,4618.471,-183.9834
24,LADIESWEAR,54.11316251754761,154.9329,291.21918058395386,No promotion,XGBoost,154.9329,0.0
24,LAWN AND GARDEN,323.57403564453125,587.6126,954.6720542907715,No promotion,XGBoost,628.6074,-40.994812
24,LINGERIE,18.931891441345215,113.79832,250.08458423614502,No promotion,XGBoost,113.79832,0.0
24,"LIQUOR,WINE,BEER",1003.3825073242188,1544.9781,2192.28615435791,No promotion,XGBoost,1729.3296,-184.35144
24,MAGAZINES,40.76428508758545,151.05783,303.6917657852173,No promotion,XGBoost,151.05783,0.0
24,MEATS,5505.5084069824225,6800.91,8443.248556396484,No promotion,XGBoost,6926.497,-125.586914
24,PERSONAL CARE,3510.5826925048827,4407.07,5557.348426879883,No promotion,XGBoost,4653.2373,-246.16748
24,PET SUPPLIES,45.92883777618408,202.68195,437.05424308776855,No promotion,XGBoost,202.68195,0.0
24,PLAYERS AND ELECTRONICS,19.538912773132324,117.23649,253.52275705337524,No promotion,XGBoost,117.23649,0.0
24,POULTRY,7011.978942871094,8972.239,11434.676450683593,No promotion,XGBoost,9099.481,-127.24219
24,PREPARED FOODS,1188.5664367675781,1784.8905,2483.026208251953,No promotion,XGBoost,1784.8905,0.0
24,PRODUCE,51361.32295234375,58041.06,70176.70263671875,No promotion,XGBoost,60898.434,-2857.375
24,SCHOOL AND OFFICE SUPPLIES,0.0,0.0,63.997666931152345,No promotion,XGBoost,0.0,0.0
24,SEAFOOD,160.64243602752686,370.81345,657.8794469833374,No promotion,XGBoost,402.78046,-31.96701
25,AUTOMOTIVE,1.8354422807693482,31.59401,129.91691414117813,No promotion,XGBoost,31.59401,0.0
25,BABY CARE,2.55329903960228,10.830613,81.21553733870387,No promotion,XGBoost,10.830613,0.0
25,BEAUTY,0.8824033737182617,22.13875,208.47501365095377,No promotion,XGBoost,228.19452,-206.05577
25,BEVERAGES,21678.61140449219,28358.346,40493.99108886719,No promotion,XGBoost,30511.662,-2153.3164
25,BOOKS,2.271429389715195,10.008158,80.39308204427361,No promotion,XGBoost,10.008158,0.0
25,BREAD/BAKERY,4083.7975667724613,4980.2847,6130.563301147461,No promotion,XGBoost,5145.868,-165.5835
25,CELEBRATION,1.1925694942474365,57.11809,171.90379309654236,No promotion,XGBoost,57.11809,0.0
25,CLEANING,5137.740799926758,6499.6284,8223.976685180663,No promotion,XGBoost,6751.919,-252.29053
25,DAIRY,6101.200834594727,7994.9746,10375.402606567382,No promotion,XGBoost,8339.963,-344.98828
25,DELI,1412.5331726074219,2008.8573,2706.9929440917967,No promotion,XGBoost,2245.097,-236.23962
25,EGGS,1043.285743713379,1603.1243,2267.3747655639645,No promotion,XGBoost,1658.3633,-55.239014
25,FROZEN FOODS,1053.3868986816406,1486.5605,2054.845792541504,No promotion,XGBoost,1546.2546,-59.69409
25,GROCERY I,19594.51533515625,26274.25,38409.89501953125,No promotion,XGBoost,28112.406,-1838.1562
25,GROCERY II,45.700727462768555,213.17094,455.7170829772949,No promotion,XGBoost,223.5394,-10.368454
25,HARDWARE,2.38442374765873,13.639155,88.28225067108869,No promotion,XGBoost,13.639155,0.0
25,HOME AND KITCHEN I,97.77993202209473,281.4296,532.1495771408081,No promotion,XGBoost,315.3391,-33.909515
25,HOME AND KITCHEN II,35.86082601547241,198.58505,442.95652198791504,No promotion,XGBoost,314.04047,-115.455414
25,HOME APPLIANCES,0.6174248278141024,11.425602,88.19778336584568,No promotion,XGBoost,11.425602,0.0
25,HOME CARE,844.1638984680176,1422.2452,2103.438295135498,No promotion,XGBoost,1618.8364,-196.59119
25,LADIESWEAR,1.6912726610898974,8.799822,79.18474567979574,No promotion,XGBoost,8.799822,0.0
25,LAWN AND GARDEN,215.49542617797852,452.60022,779.6629409790039,No promotion,XGBoost,493.13324,-40.53302
25,LINGERIE,1.0669978618621827,42.335907,147.82566610574722,No promotion,XGBoost,42.335907,0.0
25,"LIQUOR,WINE,BEER",1718.9154768066405,2371.5203,3154.432616333008,No promotion,XGBoost,2563.0676,-191.54736
25,MAGAZINES,3.182219982147217,83.26219,214.77055644989014,No promotion,XGBoost,83.26219,0.0
25,MEATS,2460.181075744629,3150.3062,3989.736460632324,No promotion,XGBoost,3220.978,-70.671875
25,PERSONAL CARE,900.1392288208008,1496.4634,2194.5990003051757,No promotion,XGBoost,1733.4952,-237.03186
25,PET SUPPLIES,1.0930588304996491,44.36477,152.2434813439846,No promotion,XGBoost,44.36477,0.0
25,PLAYERS AND ELECTRONICS,1.5123584270477295,68.47356,190.4261131286621,No promotion,XGBoost,68.47356,0.0
25,POULTRY,1916.2645842285156,2550.1091,3304.7626010742188,No promotion,XGBoost,2616.9727,-66.863525
25,PREPARED FOODS,214.28235626220703,424.45337,711.5193672180176,No promotion,XGBoost,424.45337,0.0
25,PRODUCE,16946.051454589844,21855.982,30364.175322753905,No promotion,XGBoost,23164.041,-1308.0586
25,SCHOOL AND OFFICE SUPPLIES,0.0,0.0,63.997666931152345,No promotion,XGBoost,0.0,0.0
25,SEAFOOD,0.0,0.0,89.38141384124756,No promotion,XGBoost,43.88407,-43.88407
26,AUTOMOTIVE,1.8229067087173463,42.710545,148.20030382871627,No promotion,XGBoost,50.08893,-7.3783836
26,BABY CARE,1.4186079442501072,8.219141,78.60406542122364,No promotion,XGBoost,8.219141,0.0
26,BEAUTY,2.616624033451081,11.47177,90.89276959598064,No promotion,XGBoost,27.965157,-16.493385
26,BEVERAGES,13800.245080957031,16350.439,20022.027860839844,No promotion,XGBoost,17079.447,-729.0078
26,BOOKS,1.4186079442501072,8.219141,78.60406542122364,No promotion,XGBoost,8.219141,0.0
26,BREAD/BAKERY,2578.827983886719,3400.2744,4437.517227539062,No promotion,XGBoost,3578.3608,-178.08643
26,CELEBRATION,4.058672189712524,60.915092,178.08974695205688,No promotion,XGBoost,60.915092,0.0
26,CLEANING,5579.802451782227,7207.6333,9260.021280395507,No promotion,XGBoost,7423.6143,-215.98096
26,DAIRY,3211.477255859375,4174.45,5406.738726074219,No promotion,XGBoost,4431.0806,-256.63037
26,DELI,876.1143188476562,1399.4672,2029.832591064453,No promotion,XGBoost,1644.692,-245.22485
26,EGGS,262.92522525787354,506.7635,843.8253660202026,No promotion,XGBoost,577.9475,-71.18402
26,FROZEN FOODS,324.8764247894287,588.91504,955.974443435669,No promotion,XGBoost,637.9432,-49.028137
26,GROCERY I,19527.12695605469,25911.895,37442.96400439453,No promotion,XGBoost,27394.295,-1482.4004
26,GROCERY II,135.91428565979004,332.6184,599.6860446929932,No promotion,XGBoost,356.7481,-24.1297
26,HARDWARE,1.0126591503620148,10.130218,84.77331275716423,No promotion,XGBoost,10.130218,0.0
26,HOME AND KITCHEN I,19.39806890487671,142.89745,346.3997383117676,No promotion,XGBoost,223.63235,-80.73491
26,HOME AND KITCHEN II,1.6276283264160156,82.34229,240.76111602783203,No promotion,XGBoost,110.21073,-27.868439
26,HOME APPLIANCES,1.6617540419101717,9.555267,82.06927685514093,No promotion,XGBoost,9.555267,0.0
26,HOME CARE,826.0042304992676,1276.386,1838.9810034484863,No promotion,XGBoost,1466.2202,-189.83423
26,LADIESWEAR,1.1666607737541201,10.716287,85.35938165560364,No promotion,XGBoost,10.716287,0.0
26,LAWN AND GARDEN,7.043900728225708,80.17763,215.0819230079651,No promotion,XGBoost,97.18483,-17.007202
26,LINGERIE,3.078145068883896,13.505996,88.40895794406534,No promotion,XGBoost,13.505996,0.0
26,"LIQUOR,WINE,BEER",177.20273685455322,461.44165,858.4986333847046,No promotion,XGBoost,652.97473,-191.53308
26,MAGAZINES,0.9188197374343873,10.464647,85.10774303823709,No promotion,XGBoost,10.464647,0.0
26,MEATS,3343.7093010253907,4335.648,5593.42826171875,No promotion,XGBoost,4432.626,-96.97803
26,PERSONAL CARE,1440.4070892333984,2036.7312,2734.8668607177733,No promotion,XGBoost,2255.1118,-218.38062
26,PET SUPPLIES,0.8569718658924104,27.64208,121.44694749712944,No promotion,XGBoost,27.64208,0.0
26,PLAYERS AND ELECTRONICS,1.055680084228516,16.552485,97.58283692151308,No promotion,XGBoost,16.552485,0.0
26,POULTRY,1754.1090084838868,2444.2341,3283.664393371582,No promotion,XGBoost,2523.2178,-78.98364
26,PREPARED FOODS,212.21264266967773,422.38367,709.4496536254883,No promotion,XGBoost,422.38367,0.0
26,PRODUCE,6908.938014038086,8669.74,10886.148314331054,No promotion,XGBoost,9139.198,-469.458
26,SCHOOL AND OFFICE SUPPLIES,0.0,0.0,63.997666931152345,No promotion,XGBoost,0.0,0.0
26,SEAFOOD,0.0,0.0,73.0337423324585,No promotion,XGBoost,11.398957,-11.398957
27,AUTOMOTIVE,3.6563968658447266,80.23716,209.35657024383545,No promotion,XGBoost,80.23716,0.0
27,BABY CARE,1.679347711801529,26.516771,118.192552703619,No promotion,XGBoost,26.516771,0.0
27,BEAUTY,1.7871334910392762,36.244442,218.0626693725586,No promotion,XGBoost,166.28085,-130.0364
27,BEVERAGES,45255.63813789062,51935.375,64071.017822265625,No promotion,XGBoost,53876.832,-1941.457
27,BOOKS,2.6931995391845707,27.911806,117.4585014820099,No promotion,XGBoost,27.911806,0.0
27,BREAD/BAKERY,8459.834045410156,10420.094,12882.531553222656,No promotion,XGBoost,10632.944,-212.85059
27,CELEBRATION,89.57407474517822,284.99146,552.0591020584106,No promotion,XGBoost,284.99146,0.0
27,CLEANING,12815.1680421875,15070.3955,18137.408186035154,No promotion,XGBoost,15446.114,-375.71875
27,DAIRY,13968.071863183593,16518.266,20189.854643066406,No promotion,XGBoost,17079.46,-561.1953
27,DELI,3768.3221197509765,4731.2954,5963.5835899658205,No promotion,XGBoost,4931.584,-200.28857
27,EGGS,3189.253450744629,4029.4602,5094.961817077637,No promotion,XGBoost,4084.0764,-54.61621
27,FROZEN FOODS,1529.414118774414,2182.0188,2964.9312583007813,No promotion,XGBoost,2240.2937,-58.274902
27,GROCERY I,56203.29365546875,62883.027,75018.67333984375,No promotion,XGBoost,64778.527,-1895.5
27,GROCERY II,235.7342710494995,452.63873,749.7039079666138,No promotion,XGBoost,469.46558,-16.826843
27,HARDWARE,1.8705811500549316,41.03239,143.87333130836487,No promotion,XGBoost,41.03239,0.0
27,HOME AND KITCHEN I,271.38948917388916,528.69464,885.7548818588257,No promotion,XGBoost,610.7759,-82.08124
27,HOME AND KITCHEN II,186.99618530273438,477.96857,885.0247077941895,No promotion,XGBoost,605.5625,-127.59393
27,HOME APPLIANCES,1.6813474178314212,27.099728,116.64642385542393,No promotion,XGBoost,27.099728,0.0
27,HOME CARE,3212.468192138672,4175.4414,5407.729662353516,No promotion,XGBoost,4366.5723,-191.13086
27,LADIESWEAR,25.815943002700806,121.1954,255.09271669387817,No promotion,XGBoost,121.1954,0.0
27,LAWN AND GARDEN,301.5431385040283,552.11487,899.1759052276611,No promotion,XGBoost,588.65076,-36.53589
27,LINGERIE,11.788084030151367,99.44046,230.94882488250732,No promotion,XGBoost,99.44046,0.0
27,"LIQUOR,WINE,BEER",1586.511325531006,2258.3936,3080.8813356018068,No promotion,XGBoost,2475.3438,-216.9502
27,MAGAZINES,1.0353925228118896,52.88505,167.67075276374817,No promotion,XGBoost,52.88505,0.0
27,MEATS,3863.1443564453125,4892.603,6206.9015625,No promotion,XGBoost,4965.8486,-73.245605
27,PERSONAL CARE,2950.744444885254,3828.4717,4950.49105657959,No promotion,XGBoost,4060.5146,-232.04297
27,PET SUPPLIES,15.637544631958008,110.08057,246.36683416366577,No promotion,XGBoost,110.08057,0.0
27,PLAYERS AND ELECTRONICS,12.500197649002075,98.28396,229.79232597351074,No promotion,XGBoost,98.28396,0.0
27,POULTRY,5158.780749023437,6587.1543,8393.512370117187,No promotion,XGBoost,6664.916,-77.76172
27,PREPARED FOODS,829.3447380065918,1243.2408,1771.9507613220214,No promotion,XGBoost,1243.2408,0.0
27,PRODUCE,36938.042556835935,43617.777,55753.42224121094,No promotion,XGBoost,45500.992,-1883.2148
27,SCHOOL AND OFFICE SUPPLIES,0.42632247209548957,2.171952,68.29870456457138,No promotion,XGBoost,2.171952,0.0
27,SEAFOOD,50.324079513549805,221.86852,474.4138240814209,No promotion,XGBoost,264.49094,-42.62242
28,AUTOMOTIVE,4.383231163024902,84.764015,216.27238082885742,No promotion,XGBoost,84.764015,0.0
28,BABY CARE,1.7647493422031404,22.063305,109.4809141010046,No promotion,XGBoost,22.063305,0.0
28,BEAUTY,1.4539778232574463,44.434235,191.91527891159058,No promotion,XGBoost,98.6607,-54.226463
28,BEVERAGES,46374.34858710937,53054.082,65189.728271484375,No promotion,XGBoost,58212.332,-5158.25
28,BOOKS,1.7647493422031404,22.063305,109.4809141010046,No promotion,XGBoost,22.063305,0.0
28,BREAD/BAKERY,8745.560101513673,11000.787,14067.800245361328,No promotion,XGBoost,11435.149,-434.3623
28,CELEBRATION,51.350220680236816,223.04224,465.58836936950684,No promotion,XGBoost,223.04224,0.0
28,CLEANING,16074.477199609377,21574.344,31291.68633984375,No promotion,XGBoost,22914.738,-1340.3945
28,DAIRY,13073.249719628906,15623.443,19295.03249951172,No promotion,XGBoost,16372.083,-748.63965
28,DELI,5258.447983764649,6620.336,8344.683869018554,No promotion,XGBoost,6873.299,-252.96289
28,EGGS,3695.9442053222656,4658.9175,5891.2056755371095,No promotion,XGBoost,4781.234,-122.31641
28,FROZEN FOODS,809.5316772460938,1186.9421,1681.7669509277343,No promotion,XGBoost,1245.1167,-58.17456
28,GROCERY I,68108.39448554687,74788.13,86923.77416992188,No promotion,XGBoost,79020.69,-4232.5547
28,GROCERY II,129.5325756072998,333.2821,612.1742792129517,No promotion,XGBoost,364.49362,-31.211517
28,HARDWARE,2.2824100345373157,29.581394,121.51704181134701,No promotion,XGBoost,29.581394,0.0
28,HOME AND KITCHEN I,307.1283311843872,591.36725,988.4242277145386,No promotion,XGBoost,695.48804,-104.12079
28,HOME AND KITCHEN II,121.93175411224365,332.10275,619.1687650680542,No promotion,XGBoost,411.27097,-79.16821
28,HOME APPLIANCES,2.7411490321159366,30.134607,122.33012159541249,No promotion,XGBoost,30.134607,0.0
28,HOME CARE,3849.9358145751953,4879.3945,6193.693020629883,No promotion,XGBoost,5103.26,-223.86523
28,LADIESWEAR,3.2069394886493687,20.011553,101.04190602079034,No promotion,XGBoost,20.011553,0.0
28,LAWN AND GARDEN,9.316628456115723,95.15293,247.78687071800232,No promotion,XGBoost,129.7713,-34.61837
28,LINGERIE,1.583857536315918,70.30933,197.03979563713074,No promotion,XGBoost,70.30933,0.0
28,"LIQUOR,WINE,BEER",511.0007381439209,906.654,1418.4213866424561,No promotion,XGBoost,1041.9185,-135.26447
28,MAGAZINES,1.1514060229063037,31.399076,127.8527609437704,No promotion,XGBoost,31.399076,0.0
28,MEATS,2708.395858154297,3492.322,4473.046856445312,No promotion,XGBoost,3545.0256,-52.703613
28,PERSONAL CARE,4193.330086425782,5222.789,6537.087292480469,No promotion,XGBoost,5486.945,-264.15576
28,PET SUPPLIES,1.4553992748260498,59.47957,179.04317378997803,No promotion,XGBoost,59.47957,0.0
28,PLAYERS AND ELECTRONICS,1.4671258926391602,66.7507,193.48116374015808,No promotion,XGBoost,66.7507,0.0
28,POULTRY,2996.28273236084,3836.4895,4901.991098693848,No promotion,XGBoost,3909.4424,-72.95288
28,PREPARED FOODS,839.880500793457,1272.0194,1817.671898925781,No promotion,XGBoost,1303.8018,-31.782349
28,PRODUCE,21935.559963281252,27435.426,37152.769103515624,No promotion,XGBoost,29194.406,-1758.9805
28,SCHOOL AND OFFICE SUPPLIES,0.0,2.0845566,70.34039487838746,No promotion,XGBoost,2.0845566,0.0
28,SEAFOOD,1.411727821826935,18.448412,112.69037129878998,No promotion,XGBoost,39.5953,-21.146887
29,AUTOMOTIVE,1.3637936115264893,64.18138,186.13393986225128,No promotion,XGBoost,64.18138,0.0
29,BABY CARE,1.912803649902344,17.50306,98.53341269791126,No promotion,XGBoost,17.50306,0.0
29,BEAUTY,0.9517510354518892,32.08441,169.5224008977413,No promotion,XGBoost,92.08662,-60.002205
29,BEVERAGES,38674.791580273435,45354.527,57490.17126464844,No promotion,XGBoost,51236.023,-5881.496
29,BOOKS,2.102511620521546,14.410653,91.18283426761627,No promotion,XGBoost,14.410653,0.0
29,BREAD/BAKERY,7572.1820068359375,9532.441,11994.879514648437,No promotion,XGBoost,9935.778,-403.3369
29,CELEBRATION,34.17933464050293,141.65817,294.292115688324,No promotion,XGBoost,141.65817,0.0
29,CLEANING,12884.892871875,16025.021,20905.760923828126,No promotion,XGBoost,16760.275,-735.2539
29,DAIRY,10446.882855419923,12702.109,15769.122999267578,No promotion,XGBoost,13290.459,-588.3496
29,DELI,3537.11103125,4566.57,5880.868237304688,No promotion,XGBoost,4806.253,-239.6831
29,EGGS,3084.9205653076174,4001.8184,5146.56303527832,No promotion,XGBoost,4112.516,-110.697754
29,FROZEN FOODS,816.3494338989258,1212.0027,1723.770082397461,No promotion,XGBoost,1275.103,-63.10034
29,GROCERY I,55048.97383125,61728.71,73864.353515625,No promotion,XGBoost,64864.434,-3135.7227
29,GROCERY II,171.03687477111816,381.2079,668.2738857269287,No promotion,XGBoost,410.07333,-28.865448
29,HARDWARE,1.4603915989398957,21.449627,109.12710279822349,No promotion,XGBoost,21.449627,0.0
29,HOME AND KITCHEN I,236.7319450378418,500.77054,867.829963684082,No promotion,XGBoost,597.06586,-96.29532
29,HOME AND KITCHEN II,51.76718330383301,224.8293,475.54927158355713,No promotion,XGBoost,277.58713,-52.757828
29,HOME APPLIANCES,2.0801071107387545,19.044773,102.20421104580164,No promotion,XGBoost,19.044773,0.0
29,HOME CARE,3205.670990661621,4149.884,5353.913338195801,No promotion,XGBoost,4349.7646,-199.88086
29,LADIESWEAR,2.2272458732128144,12.837785,87.48088012486696,No promotion,XGBoost,12.837785,0.0
29,LAWN AND GARDEN,2.264030969142914,50.831383,192.78741178512573,No promotion,XGBoost,116.073204,-65.24182
29,LINGERIE,3.4640932083129883,65.13126,187.08382058143616,No promotion,XGBoost,65.13126,0.0
29,"LIQUOR,WINE,BEER",1143.1299368591308,1685.7604,2355.7010796203613,No promotion,XGBoost,1837.7202,-151.95984
29,MAGAZINES,1.6528154790401461,23.155302,110.57291100174189,No promotion,XGBoost,23.155302,0.0
29,MEATS,1370.1951370239258,1966.5193,2664.6549085083007,No promotion,XGBoost,2008.8248,-42.305542
29,PERSONAL CARE,3082.48884967041,3989.1814,5136.692951843262,No promotion,XGBoost,4233.602,-244.42065
29,PET SUPPLIES,2.5141239166259766,53.71403,163.72182774543762,No promotion,XGBoost,53.71403,0.0
29,PLAYERS AND ELECTRONICS,1.444967269897461,57.702473,172.4881739616394,No promotion,XGBoost,57.702473,0.0
29,POULTRY,2526.145455383301,3291.3113,4243.777330993652,No promotion,XGBoost,3371.391,-80.079834
29,PREPARED FOODS,579.992504119873,902.67456,1346.6716533508302,No promotion,XGBoost,965.7501,-63.07556
29,PRODUCE,17470.199854882812,21495.23,28189.695814941406,No promotion,XGBoost,23096.375,-1601.1445
29,SCHOOL AND OFFICE SUPPLIES,0.0,1.1379589,67.26471152156591,No promotion,XGBoost,1.1379589,0.0
29,SEAFOOD,10.437763452529907,64.03411,178.47730555534363,No promotion,XGBoost,82.175735,-18.141624
30,AUTOMOTIVE,1.0439638555049897,27.290966,123.74465044140815,No promotion,XGBoost,27.290966,0.0
30,BABY CARE,0.9330459326505662,10.228563,84.87165892068296,No promotion,XGBoost,10.228563,0.0
30,BEAUTY,2.6020939052104954,15.70636,94.60762661099434,No promotion,XGBoost,15.70636,0.0
30,BEVERAGES,15573.299270703126,22253.035,34388.678955078125,No promotion,XGBoost,25831.55,-3578.5156
30,BOOKS,1.808017069101334,8.315251,78.70017549693584,No promotion,XGBoost,8.315251,0.0
30,BREAD/BAKERY,1862.7977857666015,2515.4026,3298.314925292969,No promotion,XGBoost,2756.2822,-240.87964
30,CELEBRATION,4.3227050542831424,37.884308,132.2089073896408,No promotion,XGBoost,37.884308,0.0
30,CLEANING,11534.695381201172,15854.692,23153.73397729492,No promotion,XGBoost,20601.693,-4747.001
30,DAIRY,3812.974080444336,4709.4614,5859.739814819336,No promotion,XGBoost,5005.6016,-296.14014
30,DELI,1358.5997314453125,1954.9238,2653.0595029296874,No promotion,XGBoost,2146.0188,-191.09497
30,EGGS,1719.89676953125,2372.5015,3155.4139090576173,No promotion,XGBoost,2452.4229,-79.92139
30,FROZEN FOODS,423.4033622741699,727.84265,1154.8971366882324,No promotion,XGBoost,786.33594,-58.493286
30,GROCERY I,22743.784622265626,29423.52,41559.164306640625,No promotion,XGBoost,32541.75,-3118.2305
30,GROCERY II,1.3896282732486727,44.272953,171.14815364480017,No promotion,XGBoost,85.76026,-41.48731
30,HARDWARE,0.598145878314972,9.668101,84.31119644120335,No promotion,XGBoost,9.668101,0.0
30,HOME AND KITCHEN I,6.334046363830566,114.29941,324.15019607543945,No promotion,XGBoost,207.23979,-92.940384
30,HOME AND KITCHEN II,0.9956793785095215,61.385273,196.28957056999207,No promotion,XGBoost,80.62686,-19.241589
30,HOME APPLIANCES,2.27087214589119,10.524724,83.03873345702887,No promotion,XGBoost,10.524724,0.0
30,HOME CARE,1869.6230071411132,2484.7073,3211.1019013061523,No promotion,XGBoost,2667.3713,-182.66406
30,LADIESWEAR,2.0759763658046726,9.541829,82.05583902522922,No promotion,XGBoost,9.541829,0.0
30,LAWN AND GARDEN,1.4030540168285373,7.2223496,77.60727364867925,No promotion,XGBoost,7.2223496,0.0
30,LINGERIE,2.8396054029464723,32.93593,127.52039539813995,No promotion,XGBoost,32.93593,0.0
30,"LIQUOR,WINE,BEER",562.7121696472168,890.17017,1331.111441772461,No promotion,XGBoost,964.31116,-74.14099
30,MAGAZINES,1.0329002857208254,11.884553,88.65673379600048,No promotion,XGBoost,11.884553,0.0
30,MEATS,756.1143455505371,1097.0392,1557.9788695983887,No promotion,XGBoost,1135.1589,-38.11975
30,PERSONAL CARE,1071.1971435546875,1631.0356,2295.286165405273,No promotion,XGBoost,1821.2227,-190.18701
30,PET SUPPLIES,2.6106319308280947,20.667084,103.82652172148228,No promotion,XGBoost,20.667084,0.0
30,PLAYERS AND ELECTRONICS,2.0639829099178315,45.768547,153.6472584068775,No promotion,XGBoost,45.768547,0.0
30,POULTRY,1178.5561828613281,1774.8802,2473.015954345703,No promotion,XGBoost,1847.1024,-72.22217
30,PREPARED FOODS,133.796968460083,330.5011,597.5687274932861,No promotion,XGBoost,370.91156,-40.41046
30,PRODUCE,7930.83497175293,10119.576,13104.579379760742,No promotion,XGBoost,10691.945,-572.36914
30,SCHOOL AND OFFICE SUPPLIES,0.0,0.0,63.997666931152345,No promotion,XGBoost,0.0,0.0
30,SEAFOOD,0.0,0.3341586,81.54173667877913,No promotion,XGBoost,24.656359,-24.3222
31,AUTOMOTIVE,3.776909589767456,84.304985,215.81334805488586,No promotion,XGBoost,84.304985,0.0
31,BABY CARE,1.6559269815683368,23.533064,111.21053842678666,No promotion,XGBoost,23.533064,0.0
31,BEAUTY,1.6347654819488526,44.466206,160.5187541604042,No promotion,XGBoost,53.441498,-8.975292
31,BEVERAGES,41199.04267890625,47878.777,60014.42236328125,No promotion,XGBoost,52253.227,-4374.449
31,BOOKS,2.1398741841316227,20.962456,104.12189279571176,No promotion,XGBoost,20.962456,0.0
31,BREAD/BAKERY,6821.855926513672,8782.115,11244.553434326172,No promotion,XGBoost,9060.88,-278.76465
31,CELEBRATION,38.666680335998535,141.27208,285.73218965530396,No promotion,XGBoost,141.27208,0.0
31,CLEANING,15954.716078808595,21159.615,30272.382583007813,No promotion,XGBoost,22350.03,-1190.4141
31,DAIRY,9791.148327832032,12046.375,15113.388471679687,No promotion,XGBoost,12470.686,-424.31055
31,DELI,3319.333470703125,4215.821,5366.099205078125,No promotion,XGBoost,4427.8335,-212.0127
31,EGGS,3904.42304296875,4933.882,6248.180249023438,No promotion,XGBoost,5037.5,-103.618164
31,FROZEN FOODS,1037.6481285095215,1524.5154,2120.9956510925294,No promotion,XGBoost,1585.5974,-61.08203
31,GROCERY I,64349.68232734375,71029.414,83165.06201171875,No promotion,XGBoost,74369.484,-3340.0703
31,GROCERY II,49.59537315368652,229.07645,483.44710636138916,No promotion,XGBoost,264.97806,-35.90161
31,HARDWARE,2.570085394382477,26.34676,116.15332131832838,No promotion,XGBoost,26.34676,0.0
31,HOME AND KITCHEN I,156.8780975341797,380.516,687.5803604125977,No promotion,XGBoost,445.0332,-64.51721
31,HOME AND KITCHEN II,167.45249938964844,364.15662,631.2242584228516,No promotion,XGBoost,413.13202,-48.975403
31,HOME APPLIANCES,1.8384338796138766,22.378933,107.66745755672454,No promotion,XGBoost,22.378933,0.0
31,HOME CARE,3917.2591619873047,4880.2324,6112.520632202149,No promotion,XGBoost,5102.4746,-222.24219
31,LADIESWEAR,1.65360963344574,32.043682,137.19093734025955,No promotion,XGBoost,44.85397,-12.810287
31,LAWN AND GARDEN,2.0218364715576174,46.289215,183.7272045135498,No promotion,XGBoost,92.117455,-45.82824
31,LINGERIE,11.04307508468628,100.15595,244.61605954170227,No promotion,XGBoost,108.90596,-8.750008
31,"LIQUOR,WINE,BEER",173.23417377471924,417.07242,754.1343145370483,No promotion,XGBoost,554.0447,-136.97226
31,MAGAZINES,2.4056185960769656,32.359283,126.68388284891844,No promotion,XGBoost,32.359283,0.0
31,MEATS,4949.345256835938,6111.776,7590.093934570313,No promotion,XGBoost,6190.526,-78.75
31,PERSONAL CARE,3507.68013671875,4470.6533,5702.941606933594,No promotion,XGBoost,4772.3394,-301.68604
31,PET SUPPLIES,1.061964750289917,48.170147,155.7889939546585,No promotion,XGBoost,48.170147,0.0
31,PLAYERS AND ELECTRONICS,9.326087713241577,85.48627,214.60568070411682,No promotion,XGBoost,85.48627,0.0
31,POULTRY,1515.940414428711,2112.2644,2810.400185913086,No promotion,XGBoost,2179.033,-66.768555
31,PREPARED FOODS,593.2383003234863,934.16315,1395.1028243713379,No promotion,XGBoost,1000.398,-66.23486
31,PRODUCE,19212.091188476563,24122.023,32630.215056640627,No promotion,XGBoost,25848.625,-1726.6016
31,SCHOOL AND OFFICE SUPPLIES,0.3231411933898926,5.41768,78.19155588671565,No promotion,XGBoost,15.499548,-10.081868
31,SEAFOOD,0.3689924895763398,5.5258055,97.03630484938621,No promotion,XGBoost,35.342075,-29.816269
32,AUTOMOTIVE,3.8465289592742926,16.648647,93.68069536089897,No promotion,XGBoost,16.648647,0.0
32,BABY CARE,1.386360424757004,7.3773293,77.76225329488516,No promotion,XGBoost,7.3773293,0.0
32,BEAUTY,2.1086281478405002,11.164843,92.71492740511894,No promotion,XGBoost,28.628399,-17.463556
32,BEVERAGES,12194.6554203125,14744.85,18416.438200195313,No promotion,XGBoost,16793.344,-2048.4941
32,BOOKS,1.386360424757004,7.3773293,77.76225329488516,No promotion,XGBoost,7.3773293,0.0
32,BREAD/BAKERY,1212.7042754516601,1827.7886,2554.183169616699,No promotion,XGBoost,2044.8004,-217.01184
32,CELEBRATION,2.224108421802521,18.19572,101.35515822172165,No promotion,XGBoost,18.19572,0.0
32,CLEANING,8017.548715930176,11091.191,15889.921032043458,No promotion,XGBoost,15480.166,-4388.9746
32,DAIRY,2188.6224362182616,2878.7476,3718.177821105957,No promotion,XGBoost,3081.6733,-202.92578
32,DELI,1061.2730445861816,1639.3544,2320.547441253662,No promotion,XGBoost,1830.1091,-190.75476
32,EGGS,2480.6193450317382,3266.1956,4213.127956237793,No promotion,XGBoost,3322.1538,-55.958252
32,FROZEN FOODS,65.92541217803955,240.14925,484.52072048187256,No promotion,XGBoost,263.86456,-23.715317
32,GROCERY I,16224.270681445314,22314.072,33240.56509375,No promotion,XGBoost,24460.367,-2146.295
32,GROCERY II,3.670796751976013,23.583858,115.176998282969,No promotion,XGBoost,35.57194,-11.988083
32,HARDWARE,1.6994022369384767,8.194387,80.70839695706964,No promotion,XGBoost,8.194387,0.0
32,HOME AND KITCHEN I,11.945502758026123,116.18322,293.338671207428,No promotion,XGBoost,173.21515,-57.03193
32,HOME AND KITCHEN II,0.9842084407806397,30.582882,124.90748056173325,No promotion,XGBoost,30.582882,0.0
32,HOME APPLIANCES,1.0513338923454285,6.3169856,76.70190968289971,No promotion,XGBoost,6.3169856,0.0
32,HOME CARE,907.9636535644531,1467.8021,2132.0526754150387,No promotion,XGBoost,1639.5364,-171.73425
32,LADIESWEAR,1.0513338923454285,6.3169856,76.70190968289971,No promotion,XGBoost,6.3169856,0.0
32,LAWN AND GARDEN,1.0513338923454285,6.3169856,76.70190968289971,No promotion,XGBoost,6.3169856,0.0
32,LINGERIE,1.9341804385185244,8.413849,78.79877309054136,No promotion,XGBoost,8.413849,0.0
32,"LIQUOR,WINE,BEER",363.7316961288452,621.0368,978.0970888137817,No promotion,XGBoost,695.70703,-74.67023
32,MAGAZINES,1.4657515525817872,6.98216,77.36708404794335,No promotion,XGBoost,6.98216,0.0
32,MEATS,769.6333694458008,1147.0438,1641.8686431274414,No promotion,XGBoost,1188.4225,-41.378662
32,PERSONAL CARE,704.3415222167969,1154.7231,1717.3182951660156,No promotion,XGBoost,1361.7975,-207.07434
32,PET SUPPLIES,2.1565784454345707,14.177225,93.07849146574736,No promotion,XGBoost,14.177225,0.0
32,PLAYERS AND ELECTRONICS,0.8421437561511995,16.68235,106.14640360474587,No promotion,XGBoost,28.861887,-12.179537
32,POULTRY,535.0446929931641,875.96954,1336.9092170410156,No promotion,XGBoost,924.34454,-48.375
32,PREPARED FOODS,30.03687071800232,134.34856,298.5522600412369,No promotion,XGBoost,134.34856,0.0
32,PRODUCE,3036.9704536132813,3962.423,5138.193678466797,No promotion,XGBoost,4144.34,-181.91675
32,SCHOOL AND OFFICE SUPPLIES,0.0,0.0,63.997666931152345,No promotion,XGBoost,0.0,0.0
32,SEAFOOD,0.0,0.0,81.20757808685303,No promotion,XGBoost,23.884071,-23.884071
33,AUTOMOTIVE,5.708613395690918,72.96103,194.91359066963196,No promotion,XGBoost,72.96103,0.0
33,BABY CARE,1.6149709165096284,9.60297,82.11698025166989,No promotion,XGBoost,9.60297,0.0
33,BEAUTY,2.455522704124451,24.76343,123.86593223139644,No promotion,XGBoost,47.78746,-23.02403
33,BEVERAGES,24753.68464667969,31433.42,43569.06433105469,No promotion,XGBoost,35797.812,-4364.3926
33,BOOKS,1.6149709165096284,9.60297,82.11698025166989,No promotion,XGBoost,9.60297,0.0
33,BREAD/BAKERY,3107.025939025879,3984.753,5106.772550720215,No promotion,XGBoost,4206.0825,-221.32959
33,CELEBRATION,71.94915580749512,236.60739,462.8058557510376,No promotion,XGBoost,236.60739,0.0
33,CLEANING,13612.597205175782,16457.758,20733.92262109375,No promotion,XGBoost,17058.572,-600.81445
33,DAIRY,5790.95711328125,7352.3022,9322.680206054687,No promotion,XGBoost,7653.3667,-301.06445
33,DELI,2239.351879455566,2966.9973,3862.9455097045898,No promotion,XGBoost,3151.6042,-184.60693
33,EGGS,1941.6402044372558,2576.0022,3341.9719691467285,No promotion,XGBoost,2662.122,-86.11987
33,FROZEN FOODS,705.1641502380371,1046.089,1507.0286742858887,No promotion,XGBoost,1111.8656,-65.77661
33,GROCERY I,41781.3693390625,48461.105,60596.7490234375,No promotion,XGBoost,51091.78,-2630.6758
33,GROCERY II,2.9055386543273927,44.14508,163.853427824378,No promotion,XGBoost,70.97808,-26.833
33,HARDWARE,1.7509937047958377,12.019814,86.66290896236896,No promotion,XGBoost,12.019814,0.0
33,HOME AND KITCHEN I,130.89403438568115,333.56476,610.6315927505493,No promotion,XGBoost,364.9262,-31.36145
33,HOME AND KITCHEN II,50.38457202911377,223.4903,474.21026134490967,No promotion,XGBoost,275.37112,-51.88083
33,HOME APPLIANCES,2.6356976032257085,11.41064,83.92464969009161,No promotion,XGBoost,11.41064,0.0
33,HOME CARE,2714.8236106567383,3555.0303,4620.531976989746,No promotion,XGBoost,3758.9937,-203.96338
33,LADIESWEAR,1.9665700435638431,8.410733,78.79565748125314,No promotion,XGBoost,8.410733,0.0
33,LAWN AND GARDEN,1.9665700435638431,8.410733,78.79565748125314,No promotion,XGBoost,8.410733,0.0
33,LINGERIE,44.78155040740967,151.30972,295.7698230743408,No promotion,XGBoost,151.30972,0.0
33,"LIQUOR,WINE,BEER",314.74217987060547,623.95734,1047.9560771789552,No promotion,XGBoost,720.6651,-96.70776
33,MAGAZINES,2.8918351292610174,18.01831,96.91957720518113,No promotion,XGBoost,18.01831,0.0
33,MEATS,3637.5600958251953,4600.533,5832.821566040039,No promotion,XGBoost,4652.974,-52.440918
33,PERSONAL CARE,2624.162447631836,3370.568,4294.775200561524,No promotion,XGBoost,3585.141,-214.573
33,PET SUPPLIES,2.952159294486046,23.500027,106.65946441590786,No promotion,XGBoost,23.500027,0.0
33,PLAYERS AND ELECTRONICS,5.643100023269653,57.2255,167.23329734802246,No promotion,XGBoost,57.2255,0.0
33,POULTRY,2776.989266418457,3542.1553,4494.621142028808,No promotion,XGBoost,3616.6553,-74.5
33,PREPARED FOODS,267.3718481063843,497.7432,814.806736946106,No promotion,XGBoost,524.06696,-26.323761
33,PRODUCE,17315.745485351563,22225.678,30733.869353515627,No promotion,XGBoost,23635.043,-1409.3652
33,SCHOOL AND OFFICE SUPPLIES,0.0,0.0,63.997666931152345,No promotion,XGBoost,0.0,0.0
33,SEAFOOD,0.0,0.0,73.0337423324585,No promotion,XGBoost,15.452177,-15.452177
34,AUTOMOTIVE,2.376265287399292,52.52295,164.91969799995422,No promotion,XGBoost,52.52295,0.0
34,BABY CARE,3.1617965638637546,28.661127,118.20782160162926,No promotion,XGBoost,28.661127,0.0
34,BEAUTY,0.8476383686065674,41.88173,191.75172543525696,No promotion,XGBoost,118.14696,-76.26523
34,BEVERAGES,30067.300735546873,36747.035,48882.680419921875,No promotion,XGBoost,39951.72,-3204.6836
34,BOOKS,2.8854638278484344,27.931583,117.4782776772976,No promotion,XGBoost,27.931583,0.0
34,BREAD/BAKERY,8179.3763427734375,10139.636,12602.073850585937,No promotion,XGBoost,10473.353,-333.7168
34,CELEBRATION,5.767042636871338,93.18565,235.2568075656891,No promotion,XGBoost,103.64402,-10.458366
34,CLEANING,11467.0283203125,13427.288,15889.725828125,No promotion,XGBoost,13965.234,-537.9463
34,DAIRY,9277.031829833984,11237.292,13699.729337646484,No promotion,XGBoost,11699.311,-462.01855
34,DELI,2934.085884765625,3793.0527,4886.813373779297,No promotion,XGBoost,4010.678,-217.62524
34,EGGS,1545.2617940979003,2179.6238,2945.593558807373,No promotion,XGBoost,2279.355,-99.7312
34,FROZEN FOODS,715.7119903564453,1074.8796,1552.7618892211913,No promotion,XGBoost,1133.4749,-58.595215
34,GROCERY I,54685.26435859375,61365.0,73500.64404296875,No promotion,XGBoost,64224.242,-2859.2422
34,GROCERY II,0.8521702289581299,72.298904,212.9880874156952,No promotion,XGBoost,114.53655,-42.237648
34,HARDWARE,2.3907697200775146,55.79795,168.19469952583313,No promotion,XGBoost,55.79795,0.0
34,HOME AND KITCHEN I,240.45689487457275,511.22894,888.2875394821167,No promotion,XGBoost,588.64667,-77.417725
34,HOME AND KITCHEN II,224.30085277557373,481.606,838.6662454605103,No promotion,XGBoost,553.7314,-72.1254
34,HOME APPLIANCES,2.045363736152649,34.61329,130.80710895061492,No promotion,XGBoost,34.61329,0.0
34,HOME CARE,2688.5137962036133,3528.7205,4594.222162536621,No promotion,XGBoost,3722.7075,-193.98706
34,LADIESWEAR,1.1739685535430908,51.681087,172.2516746520996,No promotion,XGBoost,63.560238,-11.87915
34,LAWN AND GARDEN,7.288858890533447,77.3086,228.5605707168579,No promotion,XGBoost,115.762436,-38.453835
34,LINGERIE,0.6080610752105713,47.199364,157.20716309547424,No promotion,XGBoost,47.199364,0.0
34,"LIQUOR,WINE,BEER",341.3405132293701,645.7798,1072.8342876434326,No promotion,XGBoost,821.75934,-175.97955
34,MAGAZINES,1.5949139595031738,43.888035,149.117928981781,No promotion,XGBoost,43.888035,0.0
34,MEATS,2188.2088864746092,2859.5737,3670.745148681641,No promotion,XGBoost,2909.941,-50.367188
34,PERSONAL CARE,3262.4771627197265,4158.9644,5309.242897094727,No promotion,XGBoost,4408.6685,-249.7041
34,PET SUPPLIES,1.241983413696289,76.17137,202.9018359184265,No promotion,XGBoost,76.17137,0.0
34,PLAYERS AND ELECTRONICS,3.524388074874878,78.71262,207.83203601837158,No promotion,XGBoost,78.71262,0.0
34,POULTRY,1720.058735534668,2353.9033,3108.556752380371,No promotion,XGBoost,2427.2607,-73.35742
34,PREPARED FOODS,287.182559967041,551.2211,918.2805786132812,No promotion,XGBoost,577.28296,-26.061829
34,PRODUCE,9681.20131875,12231.3955,15902.984098632813,No promotion,XGBoost,12934.371,-702.9756
34,SCHOOL AND OFFICE SUPPLIES,0.9231813371181489,6.793961,77.17888523936271,No promotion,XGBoost,6.793961,0.0
34,SEAFOOD,0.0,3.5793667,76.35324268341064,No promotion,XGBoost,16.384996,-12.80563
35,AUTOMOTIVE,2.9437101602554323,44.284664,150.03429265022277,No promotion,XGBoost,51.80577,-7.5211067
35,BABY CARE,1.6208409249782565,7.72905,78.11397398561239,No promotion,XGBoost,7.72905,0.0
35,BEAUTY,1.2608402550220492,10.481588,103.45670083463192,No promotion,XGBoost,56.542114,-46.060524
35,BEVERAGES,15078.384695117189,21168.186,32094.679107421875,No promotion,XGBoost,23825.389,-2657.2031
35,BOOKS,1.6208409249782565,7.72905,78.11397398561239,No promotion,XGBoost,7.72905,0.0
35,BREAD/BAKERY,920.0024070739746,1461.5981,2108.906054107666,No promotion,XGBoost,1648.1771,-186.57898
35,CELEBRATION,1.806409138441086,30.6192,135.5065858900547,No promotion,XGBoost,42.871117,-12.251917
35,CLEANING,6102.765740722656,7797.0825,9931.48030517578,No promotion,XGBoost,8220.259,-423.17627
35,DAIRY,2295.5642573242185,3041.97,3966.1770102539062,No promotion,XGBoost,3248.8096,-206.8396
35,DELI,863.0972061157227,1422.9357,2087.1862279663083,No promotion,XGBoost,1614.731,-191.79529
35,EGGS,1663.734071105957,2335.0989,3146.2703333129884,No promotion,XGBoost,2465.214,-130.11523
35,FROZEN FOODS,422.07677364349365,756.2682,1207.2086717300415,No promotion,XGBoost,816.24207,-59.973877
35,GROCERY I,21807.667923046876,28487.402,40623.047607421875,No promotion,XGBoost,30761.848,-2274.4453
35,GROCERY II,1.7172880172729492,57.26571,198.96186864376068,No promotion,XGBoost,103.6573,-46.391594
35,HARDWARE,1.2858140349388125,6.8528633,77.23778750672936,No promotion,XGBoost,6.8528633,0.0
35,HOME AND KITCHEN I,23.09486484527588,142.03764,335.5407700538635,No promotion,XGBoost,206.53171,-64.494064
35,HOME AND KITCHEN II,10.617837524414062,81.107285,225.45226184129714,No promotion,XGBoost,117.13324,-36.025955
35,HOME APPLIANCES,2.335434496402741,9.955154,82.46916453614831,No promotion,XGBoost,9.955154,0.0
35,HOME CARE,1070.7383651733398,1667.0625,2365.1981366577147,No promotion,XGBoost,1840.115,-173.05249
35,LADIESWEAR,1.2858140349388125,6.668706,77.05363001599908,No promotion,XGBoost,6.668706,0.0
35,LAWN AND GARDEN,1.2858140349388125,6.668706,77.05363001599908,No promotion,XGBoost,6.668706,0.0
35,LINGERIE,0.6515942335128786,8.865012,83.50810732543468,No promotion,XGBoost,8.865012,0.0
35,"LIQUOR,WINE,BEER",353.52506828308105,662.74023,1086.7389655914308,No promotion,XGBoost,814.10614,-151.3659
35,MAGAZINES,1.4884005665779116,11.0684185,85.71151354014873,No promotion,XGBoost,11.0684185,0.0
35,MEATS,2625.9021113891604,3353.5476,4249.495741638184,No promotion,XGBoost,3398.9539,-45.40625
35,PERSONAL CARE,783.6964530944824,1307.0493,1937.4147253112792,No promotion,XGBoost,1519.4547,-212.4054
35,PET SUPPLIES,1.6384616374969485,14.914209,95.944561201334,No promotion,XGBoost,14.914209,0.0
35,PLAYERS AND ELECTRONICS,2.0415213197469715,15.771923,96.80227589905262,No promotion,XGBoost,15.771923,0.0
35,POULTRY,492.80822372436523,815.4903,1259.4873729553224,No promotion,XGBoost,906.25684,-90.76654
35,PREPARED FOODS,113.53171062469482,304.24304,563.1368608474731,No promotion,XGBoost,329.49365,-25.25061
35,PRODUCE,5631.708512329102,6993.596,8717.944397583007,No promotion,XGBoost,7497.0947,-503.49854
35,SCHOOL AND OFFICE SUPPLIES,0.0,0.0,63.997666931152345,No promotion,XGBoost,0.0,0.0
35,SEAFOOD,0.0,0.0,63.997666931152345,No promotion,XGBoost,0.0,0.0
36,AUTOMOTIVE,1.4553322792053223,39.691433,142.53237438201904,No promotion,XGBoost,39.691433,0.0
36,BABY CARE,2.0154335200786595,16.071882,94.97314816117287,No promotion,XGBoost,16.071882,0.0
36,BEAUTY,2.011589112877846,25.547283,134.95270836651326,No promotion,XGBoost,66.11026,-40.562977
36,BEVERAGES,37259.79389960937,43939.527,56075.173583984375,No promotion,XGBoost,48110.79,-4171.2617
36,BOOKS,2.102511620521546,14.410653,91.18283426761627,No promotion,XGBoost,14.410653,0.0
36,BREAD/BAKERY,5602.679591186524,7363.482,9579.889891479492,No promotion,XGBoost,7632.7695,-269.2876
36,CELEBRATION,27.28486919403076,126.068665,262.35493659973145,No promotion,XGBoost,126.068665,0.0
36,CLEANING,12068.577270507812,14028.837,16491.274778320312,No promotion,XGBoost,14559.767,-530.9297
36,DAIRY,8377.778106689453,10338.038,12800.475614501953,No promotion,XGBoost,10735.951,-397.9131
36,DELI,2679.3476798095703,3538.3147,4632.075168823242,No promotion,XGBoost,3724.126,-185.81128
36,EGGS,1753.9896268920897,2406.5942,3189.506766418457,No promotion,XGBoost,2500.9197,-94.32544
36,FROZEN FOODS,1066.7401526794433,1499.3965,2056.365298675537,No promotion,XGBoost,1543.338,-43.94153
36,GROCERY I,51252.21138007812,57931.945,70067.59106445312,No promotion,XGBoost,60936.5,-3004.5547
36,GROCERY II,3.8890576362609863,88.10408,227.78628087043762,No promotion,XGBoost,108.304634,-20.200554
36,HARDWARE,4.169592928886414,19.229599,98.13086470365523,No promotion,XGBoost,19.229599,0.0
36,HOME AND KITCHEN I,65.83242702484131,253.32524,522.2182235717773,No promotion,XGBoost,336.52347,-83.19823
36,HOME AND KITCHEN II,6.6037917137146,100.7202,318.74482321739197,No promotion,XGBoost,193.49347,-92.77327
36,HOME APPLIANCES,2.7186335742473604,13.878145,88.52124063521623,No promotion,XGBoost,13.878145,0.0
36,HOME CARE,2483.412059814453,3304.8586,4342.101303466797,No promotion,XGBoost,3471.0942,-166.2356
36,LADIESWEAR,2.2272458732128144,12.837785,87.48088012486696,No promotion,XGBoost,12.837785,0.0
36,LAWN AND GARDEN,228.40459632873535,465.5094,792.5721111297607,No promotion,XGBoost,495.46567,-29.956268
36,LINGERIE,2.068388319015503,46.051018,153.9297283053398,No promotion,XGBoost,46.051018,0.0
36,"LIQUOR,WINE,BEER",480.78031730651855,821.7052,1282.64484135437,No promotion,XGBoost,982.6188,-160.91357
36,MAGAZINES,2.386329519748688,22.966085,110.38369566947222,No promotion,XGBoost,22.966085,0.0
36,MEATS,2780.715093322754,3583.4014,4592.385214294433,No promotion,XGBoost,3637.3472,-53.9458
36,PERSONAL CARE,2534.739837036133,3318.666,4299.390835327148,No promotion,XGBoost,3523.2195,-204.55347
36,PET SUPPLIES,2.881206297874451,31.615843,123.55149021148682,No promotion,XGBoost,31.615843,0.0
36,PLAYERS AND ELECTRONICS,1.7573063731193543,52.163303,164.81992135047912,No promotion,XGBoost,52.163303,0.0
36,POULTRY,1360.484375,1956.8085,2654.944146484375,No promotion,XGBoost,2025.5503,-68.74182
36,PREPARED FOODS,314.61247730255127,612.3183,1029.37362575531,No promotion,XGBoost,659.585,-47.266724
36,PRODUCE,17220.60733798828,21540.605,28839.64593408203,No promotion,XGBoost,22785.781,-1245.1758
36,SCHOOL AND OFFICE SUPPLIES,0.0,0.0,63.997666931152345,No promotion,XGBoost,0.0,0.0
36,SEAFOOD,0.0,0.0,89.38141384124756,No promotion,XGBoost,29.861393,-29.861393
37,AUTOMOTIVE,1.3817112445831299,51.616787,164.0135362148285,No promotion,XGBoost,51.616787,0.0
37,BABY CARE,1.8622194766998292,22.228931,109.64654032886028,No promotion,XGBoost,22.228931,0.0
37,BEAUTY,0.0,50.41959,301.1395616531372,No promotion,XGBoost,257.02032,-206.60074
37,BEVERAGES,40255.84272773437,46935.58,59071.222412109375,No promotion,XGBoost,48691.203,-1755.625
37,BOOKS,1.8622194766998292,22.228931,109.64654032886028,No promotion,XGBoost,22.228931,0.0
37,BREAD/BAKERY,7078.425628662109,9038.686,11501.123136474609,No promotion,XGBoost,9218.825,-180.13965
37,CELEBRATION,15.835669994354248,100.27699,229.39640426635742,No promotion,XGBoost,100.27699,0.0
37,CLEANING,13861.324939746093,17001.453,21882.19299169922,No promotion,XGBoost,17478.441,-476.98828
37,DAIRY,12704.195495605469,14664.455,17126.89300341797,No promotion,XGBoost,15116.309,-451.85352
37,DELI,1908.3782409057617,2523.4626,3249.8571350708007,No promotion,XGBoost,2723.0752,-199.61255
37,EGGS,1606.769889831543,2203.094,2901.229661315918,No promotion,XGBoost,2255.017,-51.923096
37,FROZEN FOODS,1484.5643768310547,2080.8884,2779.0241483154296,No promotion,XGBoost,2121.4893,-40.60083
37,GROCERY I,52491.56684882812,59171.3,71306.94653320312,No promotion,XGBoost,61895.293,-2723.9922
37,GROCERY II,551.6051826477051,856.04443,1283.0989570617676,No promotion,XGBoost,867.449,-11.404541
37,HARDWARE,3.0193910241127018,30.234755,122.17040165662766,No promotion,XGBoost,30.234755,0.0
37,HOME AND KITCHEN I,193.0152463912964,463.7873,840.8458909988403,No promotion,XGBoost,557.90063,-94.11334
37,HOME AND KITCHEN II,206.48207664489746,475.29657,839.3002181854248,No promotion,XGBoost,579.22424,-103.92767
37,HOME APPLIANCES,3.1712970346212392,23.443632,108.99202301055193,No promotion,XGBoost,23.443632,0.0
37,HOME CARE,3233.910359741211,4130.3975,5280.676094116211,No promotion,XGBoost,4338.373,-207.97559
37,LADIESWEAR,203.17767810821533,419.8621,716.927282333374,No promotion,XGBoost,419.8621,0.0
37,LAWN AND GARDEN,80.63402462005615,282.7866,559.8534078598022,No promotion,XGBoost,323.15414,-40.367554
37,LINGERIE,0.9086392641067507,35.56531,136.53703565597533,No promotion,XGBoost,35.56531,0.0
37,"LIQUOR,WINE,BEER",1103.63623046875,1699.9603,2398.096001953125,No promotion,XGBoost,1877.5352,-177.57483
37,MAGAZINES,11.729913234710693,101.30507,237.59134101867676,No promotion,XGBoost,101.30507,0.0
37,MEATS,2912.1620903320313,3733.6086,4770.851333984375,No promotion,XGBoost,3807.564,-73.95532
37,PERSONAL CARE,3153.899159790039,4050.3865,5200.664894165039,No promotion,XGBoost,4279.247,-228.8606
37,PET SUPPLIES,6.948915004730225,92.56698,226.46429753303528,No promotion,XGBoost,92.56698,0.0
37,PLAYERS AND ELECTRONICS,34.66081666946411,135.48056,271.76683473587036,No promotion,XGBoost,135.48056,0.0
37,POULTRY,3519.401799560547,4415.889,5566.167533935547,No promotion,XGBoost,4485.897,-70.00781
37,PREPARED FOODS,695.6255187988281,1000.0648,1427.1192932128906,No promotion,XGBoost,1000.0648,0.0
37,PRODUCE,35595.2150421875,42274.95,54410.5947265625,No promotion,XGBoost,43880.543,-1605.5938
37,SCHOOL AND OFFICE SUPPLIES,0.0,0.0,63.997666931152345,No promotion,XGBoost,0.0,0.0
37,SEAFOOD,2.31071994304657,29.528036,140.46017277240753,No promotion,XGBoost,62.80937,-33.281334
38,AUTOMOTIVE,3.605177164077759,70.300026,192.2525815963745,No promotion,XGBoost,70.300026,0.0
38,BABY CARE,2.069827222824097,24.377512,111.7951216250658,No promotion,XGBoost,24.377512,0.0
38,BEAUTY,0.39174437522888184,69.029945,292.83945417404175,No promotion,XGBoost,235.84361,-166.81366
38,BEVERAGES,38393.60664375,45073.344,57208.986328125,No promotion,XGBoost,47200.81,-2127.4648
38,BOOKS,2.069827222824097,24.377512,111.7951216250658,No promotion,XGBoost,24.377512,0.0
38,BREAD/BAKERY,5921.504206665039,7682.3066,9898.714506958007,No promotion,XGBoost,7860.4604,-178.15381
38,CELEBRATION,59.24251461029053,208.23799,418.0887813568115,No promotion,XGBoost,208.23799,0.0
38,CLEANING,14288.229676269531,17723.326,23208.64036425781,No promotion,XGBoost,18335.584,-612.2578
38,DAIRY,11504.385314941406,13464.6455,15927.082822753906,No promotion,XGBoost,13813.732,-349.0869
38,DELI,1968.1722561645508,2658.2974,3497.727641052246,No promotion,XGBoost,2855.065,-196.76758
38,EGGS,1047.2406692504883,1607.0791,2271.329691101074,No promotion,XGBoost,1662.6488,-55.569702
38,FROZEN FOODS,1213.952507019043,1810.2766,2508.412278503418,No promotion,XGBoost,1857.6083,-47.331665
38,GROCERY I,55100.6447296875,61780.38,73916.0244140625,No promotion,XGBoost,64055.047,-2274.668
38,GROCERY II,221.45770454406738,438.36215,735.4273414611816,No promotion,XGBoost,438.36215,0.0
38,HARDWARE,2.3985140800476077,33.125523,129.5792072892189,No promotion,XGBoost,33.125523,0.0
38,HOME AND KITCHEN I,264.8351640701294,525.12286,879.1273141708374,No promotion,XGBoost,624.76227,-99.639404
38,HOME AND KITCHEN II,596.287956237793,937.2128,1398.1524802856445,No promotion,XGBoost,1079.944,-142.73114
38,HOME APPLIANCES,2.815007641911507,23.117798,108.40632247403263,No promotion,XGBoost,23.117798,0.0
38,HOME CARE,3982.5142326660157,5144.945,6623.262910400391,No promotion,XGBoost,5342.2173,-197.27246
38,LADIESWEAR,247.92233657836914,471.56024,778.6245994567871,No promotion,XGBoost,471.56024,0.0
38,LAWN AND GARDEN,53.8538932800293,217.20818,463.404993057251,No promotion,XGBoost,283.01984,-65.81166
38,LINGERIE,7.694509267807007,92.966064,226.86338067054749,No promotion,XGBoost,92.966064,0.0
38,"LIQUOR,WINE,BEER",1880.6993697509765,2453.33,3171.395498718262,No promotion,XGBoost,2641.8389,-188.50879
38,MAGAZINES,13.975582599639893,105.35083,241.63710403442383,No promotion,XGBoost,105.35083,0.0
38,MEATS,1932.4038359375,2566.2483,3320.901852783203,No promotion,XGBoost,2638.0542,-71.80591
38,PERSONAL CARE,4707.820691772461,5936.737,7497.06510534668,No promotion,XGBoost,6226.9414,-290.2046
38,PET SUPPLIES,3.6679069995880127,84.68543,218.58275246620178,No promotion,XGBoost,84.68543,0.0
38,PLAYERS AND ELECTRONICS,27.621493339538574,124.797325,261.08359241485596,No promotion,XGBoost,124.797325,0.0
38,POULTRY,1547.2140913085937,2199.8188,2982.731230834961,No promotion,XGBoost,2267.6514,-67.83252
38,PREPARED FOODS,763.9202346801758,1159.5735,1671.340883178711,No promotion,XGBoost,1159.5735,0.0
38,PRODUCE,25836.3419953125,32516.078,44651.7216796875,No promotion,XGBoost,34158.395,-1642.3164
38,SCHOOL AND OFFICE SUPPLIES,0.0,0.0,63.997666931152345,No promotion,XGBoost,0.0,0.0
38,SEAFOOD,37.12364959716797,200.85815,437.05579566955566,No promotion,XGBoost,237.30487,-36.446716
39,AUTOMOTIVE,7.474044322967529,92.8911,226.78841423988342,No promotion,XGBoost,99.31225,-6.42115
39,BABY CARE,2.1241960465908054,26.502172,113.91978169232607,No promotion,XGBoost,26.502172,0.0
39,BEAUTY,1.4109437227249146,43.760513,188.10549191236495,No promotion,XGBoost,111.4272,-67.66669
39,BEVERAGES,53987.90888984375,60667.645,72803.28857421875,No promotion,XGBoost,66187.66,-5520.0117
39,BOOKS,1.2713262081146242,23.500814,110.91842333227396,No promotion,XGBoost,23.500814,0.0
39,BREAD/BAKERY,10839.035949707031,12799.296,15261.733457519531,No promotion,XGBoost,13155.331,-356.03516
39,CELEBRATION,20.811042308807373,112.58886,248.87513065338135,No promotion,XGBoost,112.58886,0.0
39,CLEANING,17899.386831347656,23989.188,34915.68124365235,No promotion,XGBoost,25525.611,-1536.4238
39,DAIRY,9976.716857910156,11936.977,14399.414365722656,No promotion,XGBoost,12465.012,-528.03516
39,DELI,3039.15287689209,3916.8801,5038.899488586426,No promotion,XGBoost,4134.012,-217.13208
39,EGGS,5524.402410864258,7704.706,11160.77046838379,No promotion,XGBoost,8399.801,-695.0947
39,FROZEN FOODS,889.0215835571289,1339.4033,1901.9983565063476,No promotion,XGBoost,1420.6036,-81.20032
39,GROCERY I,76337.514846875,83017.25,95152.89453125,No promotion,XGBoost,88420.09,-5402.8438
39,GROCERY II,293.76454067230225,551.0697,908.1299333572388,No promotion,XGBoost,584.08887,-33.019165
39,HARDWARE,2.2224138498306276,31.631054,125.6957866281271,No promotion,XGBoost,31.631054,0.0
39,HOME AND KITCHEN I,88.28986644744873,295.37567,582.4416847229004,No promotion,XGBoost,391.7704,-96.394714
39,HOME AND KITCHEN II,48.23955154418945,239.87393,506.9415760040283,No promotion,XGBoost,366.8445,-126.97058
39,HOME APPLIANCES,1.4762731373310092,25.55599,115.36255203187466,No promotion,XGBoost,25.55599,0.0
39,HOME CARE,4768.374678955079,6063.777,7706.11482836914,No promotion,XGBoost,6314.277,-250.5
39,LADIESWEAR,31.92850685119629,139.93227,292.5662064552307,No promotion,XGBoost,139.93227,0.0
39,LAWN AND GARDEN,47.435951232910156,217.29617,459.8423137664795,No promotion,XGBoost,259.13663,-41.840454
39,LINGERIE,6.1451263427734375,107.946724,342.31902289390564,No promotion,XGBoost,303.38232,-195.43561
39,"LIQUOR,WINE,BEER",711.5719680786133,1143.7108,1689.3633662109373,No promotion,XGBoost,1278.2098,-134.49902
39,MAGAZINES,1.2176740169525146,53.41559,168.20129132270813,No promotion,XGBoost,53.41559,0.0
39,MEATS,2225.8137296142577,2897.1787,3708.349991821289,No promotion,XGBoost,2941.0525,-43.87378
39,PERSONAL CARE,4077.700862915039,5240.1313,6718.449540649414,No promotion,XGBoost,5508.4536,-268.32227
39,PET SUPPLIES,8.731069087982178,86.577774,213.30823516845703,No promotion,XGBoost,86.577774,0.0
39,PLAYERS AND ELECTRONICS,39.4792160987854,138.22827,274.51454496383667,No promotion,XGBoost,138.22827,0.0
39,POULTRY,3218.3201682128906,4077.287,5171.0476572265625,No promotion,XGBoost,4154.7275,-77.44043
39,PREPARED FOODS,587.4006767272949,891.83997,1318.8944511413574,No promotion,XGBoost,916.122,-24.282043
39,PRODUCE,23167.818191601564,29847.555,41983.19787597656,No promotion,XGBoost,31829.205,-1981.6504
39,SCHOOL AND OFFICE SUPPLIES,0.0,4.009402,256.55471563339233,No promotion,XGBoost,277.9649,-273.9555
39,SEAFOOD,65.63759994506836,237.26508,479.81120777130127,No promotion,XGBoost,258.1966,-20.931519
40,AUTOMOTIVE,1.4739110469818115,53.828556,168.61425828933716,No promotion,XGBoost,53.828556,0.0
40,BABY CARE,0.9977802067995072,25.168337,114.71503251567484,No promotion,XGBoost,25.168337,0.0
40,BEAUTY,0.35683655738830566,40.598232,191.850201100111,No promotion,XGBoost,126.14994,-85.55171
40,BEVERAGES,57153.77851875,63833.516,75969.158203125,No promotion,XGBoost,68848.516,-5015.0
40,BOOKS,0.9843355357646943,22.264723,109.68233190849423,No promotion,XGBoost,22.264723,0.0
40,BREAD/BAKERY,5069.893599853516,6365.2954,8007.6337492675775,No promotion,XGBoost,6619.4946,-254.19922
40,CELEBRATION,91.67925548553467,285.615,552.6826171875,No promotion,XGBoost,285.615,0.0
40,CLEANING,19948.67920214844,26333.447,37864.51625048828,No promotion,XGBoost,28824.695,-2491.248
40,DAIRY,8658.206909179688,10618.467,13080.904416992187,No promotion,XGBoost,10984.76,-366.29297
40,DELI,4045.310889282227,5008.284,6240.5723594970705,No promotion,XGBoost,5235.84,-227.55566
40,EGGS,2128.9725888671874,2800.3374,3611.508851074219,No promotion,XGBoost,2885.2827,-84.94531
40,FROZEN FOODS,788.8388671875,1148.0066,1625.888766052246,No promotion,XGBoost,1197.3402,-49.33362
40,GROCERY I,77251.74385078125,83931.48,96067.12353515625,No promotion,XGBoost,87595.19,-3663.711
40,GROCERY II,46.23717021942139,197.07498,415.0996046066284,No promotion,XGBoost,230.71043,-33.635452
40,HARDWARE,2.945182991027832,31.648535,125.7132671430707,No promotion,XGBoost,31.648535,0.0
40,HOME AND KITCHEN I,305.0011291503906,569.03973,936.0991477966309,No promotion,XGBoost,645.52234,-76.482605
40,HOME AND KITCHEN II,83.7988977432251,276.44473,543.5123748779297,No promotion,XGBoost,313.0453,-36.600555
40,HOME APPLIANCES,0.7250383913516999,22.01279,111.55948559343815,No promotion,XGBoost,22.01279,0.0
40,HOME CARE,5053.4234460449225,6348.825,7991.163595458985,No promotion,XGBoost,6552.09,-203.26465
40,LADIESWEAR,1.1070809185504915,20.101498,105.39002226889133,No promotion,XGBoost,20.101498,0.0
40,LAWN AND GARDEN,1.1070809185504915,20.341595,105.63011958301067,No promotion,XGBoost,20.341595,0.0
40,LINGERIE,23.80322504043579,118.9187,263.37880659103394,No promotion,XGBoost,118.9187,0.0
40,"LIQUOR,WINE,BEER",472.38087272644043,813.3057,1274.245396774292,No promotion,XGBoost,959.3228,-146.01709
40,MAGAZINES,0.4458041191101074,33.237495,134.20921607762574,No promotion,XGBoost,33.237495,0.0
40,MEATS,1656.2970352172852,2252.621,2950.75680670166,No promotion,XGBoost,2294.0383,-41.417236
40,PERSONAL CARE,4105.049779296875,5001.537,6151.815513671875,No promotion,XGBoost,5208.582,-207.04492
40,PET SUPPLIES,2.0743383526802064,44.209244,149.69900557994842,No promotion,XGBoost,44.209244,0.0
40,PLAYERS AND ELECTRONICS,5.463145971298218,88.56441,220.07277417182922,No promotion,XGBoost,88.56441,0.0
40,POULTRY,2423.8988583984374,3095.2637,3906.435120605469,No promotion,XGBoost,3166.2896,-71.02588
40,PREPARED FOODS,545.8177146911621,850.25696,1277.3114891052246,No promotion,XGBoost,870.4748,-20.217834
40,PRODUCE,16631.361341503907,20361.424,26451.314665527345,No promotion,XGBoost,21611.646,-1250.2227
40,SCHOOL AND OFFICE SUPPLIES,0.0,0.0,63.997666931152345,No promotion,XGBoost,0.0,0.0
40,SEAFOOD,2.166073715686798,22.407623,128.82172185778617,No promotion,XGBoost,45.977646,-23.570023
41,AUTOMOTIVE,3.546323776245117,79.956825,214.86112189292908,No promotion,XGBoost,100.50206,-20.545235
41,BABY CARE,2.925233101844788,16.029696,92.80187571048737,No promotion,XGBoost,16.029696,0.0
41,BEAUTY,0.0,62.165447,296.5377461910248,No promotion,XGBoost,237.68793,-175.52248
41,BEVERAGES,39593.00044257812,46272.734,58408.380126953125,No promotion,XGBoost,48617.047,-2344.3125
41,BOOKS,2.925233101844788,15.999281,92.7714616060257,No promotion,XGBoost,15.999281,0.0
41,BREAD/BAKERY,6340.810301147461,8234.584,10615.012073120117,No promotion,XGBoost,8419.96,-185.37598
41,CELEBRATION,42.92690706253052,177.38483,370.88795232772827,No promotion,XGBoost,177.38483,0.0
41,CLEANING,15155.949696582033,19770.914,27674.530928710938,No promotion,XGBoost,20786.436,-1015.5215
41,DAIRY,10311.11353779297,12566.341,15633.353681640625,No promotion,XGBoost,12967.998,-401.65723
41,DELI,3103.0119177856445,4047.2249,5251.254265319824,No promotion,XGBoost,4281.5444,-234.31958
41,EGGS,1683.4527174682617,2317.297,3071.950734313965,No promotion,XGBoost,2376.2434,-58.94629
41,FROZEN FOODS,1816.6408872680663,2469.2456,3252.1580267944337,No promotion,XGBoost,2494.7458,-25.500244
41,GROCERY I,54927.15400703125,61606.89,73742.53369140625,No promotion,XGBoost,63908.29,-2301.3984
41,GROCERY II,348.0889701843262,625.5944,1012.6522407531738,No promotion,XGBoost,640.0993,-14.504883
41,HARDWARE,2.0641341447830204,24.70387,112.12148047983646,No promotion,XGBoost,24.70387,0.0
41,HOME AND KITCHEN I,171.55568408966064,387.8276,684.8927783966064,No promotion,XGBoost,460.2645,-72.43689
41,HOME AND KITCHEN II,213.74860191345215,423.91962,710.9856128692627,No promotion,XGBoost,423.91962,0.0
41,HOME APPLIANCES,4.245810621976853,17.905329,92.5484235420823,No promotion,XGBoost,17.905329,0.0
41,HOME CARE,3226.437415161133,4189.4106,5421.698885375977,No promotion,XGBoost,4390.633,-201.22217
41,LADIESWEAR,208.3208065032959,418.4669,705.5328903198242,No promotion,XGBoost,418.4669,0.0
41,LAWN AND GARDEN,70.37859439849854,260.42407,531.1423873901367,No promotion,XGBoost,298.31262,-37.88855
41,LINGERIE,17.285274028778076,114.80019,251.08646297454834,No promotion,XGBoost,114.80019,0.0
41,"LIQUOR,WINE,BEER",1105.641599975586,1647.7546,2306.378994873047,No promotion,XGBoost,1849.1774,-201.42273
41,MAGAZINES,12.282785892486572,99.207275,235.4935483932495,No promotion,XGBoost,99.207275,0.0
41,MEATS,2809.1985591430666,3536.844,4432.79218939209,No promotion,XGBoost,3612.2522,-75.4082
41,PERSONAL CARE,4941.338489868164,6436.1978,8324.565846801757,No promotion,XGBoost,6816.877,-380.6792
41,PET SUPPLIES,40.13017416000366,147.80856,300.4425024986267,No promotion,XGBoost,147.80856,0.0
41,PLAYERS AND ELECTRONICS,10.271939277648926,95.2129,226.72126388549805,No promotion,XGBoost,95.2129,0.0
41,POULTRY,2497.7055352783204,3281.6316,4262.356533569336,No promotion,XGBoost,3341.9746,-60.343018
41,PREPARED FOODS,453.8062629699707,758.24554,1185.3000373840332,No promotion,XGBoost,758.24554,0.0
41,PRODUCE,27972.917800976564,34652.652,46788.29748535156,No promotion,XGBoost,36154.797,-1502.1445
41,SCHOOL AND OFFICE SUPPLIES,0.0,0.0,63.997666931152345,No promotion,XGBoost,0.0,0.0
41,SEAFOOD,1.7761131882667542,18.47758,125.41141116917133,No promotion,XGBoost,60.031197,-41.55362
42,AUTOMOTIVE,1.830951589345932,37.582108,138.81369777321817,No promotion,XGBoost,37.582108,0.0
42,BABY CARE,2.8858279347419744,16.038687,92.81086713075638,No promotion,XGBoost,16.038687,0.0
42,BEAUTY,0.0,41.13298,259.15760865807533,No promotion,XGBoost,207.34575,-166.21277
42,BEVERAGES,38047.15400703125,44726.89,56862.53369140625,No promotion,XGBoost,46674.145,-1947.2539
42,BOOKS,2.8858279347419744,16.038687,92.81086713075638,No promotion,XGBoost,16.038687,0.0
42,BREAD/BAKERY,6694.584289550781,8654.844,11117.281797363281,No promotion,XGBoost,8810.296,-155.45215
42,CELEBRATION,21.869406700134277,114.60317,256.674325466156,No promotion,XGBoost,114.60317,0.0
42,CLEANING,11949.099243164062,13909.359,16371.796750976562,No promotion,XGBoost,14224.61,-315.25098
42,DAIRY,12181.213574414063,14436.44,17503.45371826172,No promotion,XGBoost,14841.59,-405.1494
42,DELI,2176.6814295654294,2923.0872,3847.294182495117,No promotion,XGBoost,3131.6116,-208.52441
42,EGGS,1809.3431975097656,2443.1877,3197.8412143554688,No promotion,XGBoost,2494.246,-51.05835
42,FROZEN FOODS,1335.3546600341797,1931.6787,2629.8144315185546,No promotion,XGBoost,1978.7731,-47.09436
42,GROCERY I,48328.83296210937,55008.566,67144.21264648438,No promotion,XGBoost,57676.184,-2667.6172
42,GROCERY II,257.34000968933105,507.9117,854.9727764129639,No promotion,XGBoost,519.30615,-11.39444
42,HARDWARE,0.2706835389137269,22.065239,109.48284851014614,No promotion,XGBoost,22.065239,0.0
42,HOME AND KITCHEN I,225.0627613067627,435.23376,722.2997722625732,No promotion,XGBoost,462.14395,-26.910187
42,HOME AND KITCHEN II,84.62705612182617,258.05148,506.0736417770386,No promotion,XGBoost,328.02402,-69.972534
42,HOME APPLIANCES,3.5176090061664587,16.341616,93.11379685997963,No promotion,XGBoost,16.341616,0.0
42,HOME CARE,2905.222344116211,3764.1892,4857.949833129883,No promotion,XGBoost,3969.9148,-205.72559
42,LADIESWEAR,156.57153701782227,364.52548,651.5914812088013,No promotion,XGBoost,364.52548,0.0
42,LAWN AND GARDEN,279.6683282852173,550.44037,927.4989728927612,No promotion,XGBoost,585.89056,-35.450195
42,LINGERIE,0.7854162514209748,62.883034,222.568706458807,No promotion,XGBoost,150.4835,-87.60047
42,"LIQUOR,WINE,BEER",747.9157752990723,1198.2975,1760.892548248291,No promotion,XGBoost,1371.1642,-172.8667
42,MAGAZINES,9.796385049819946,82.57967,206.9211802482605,No promotion,XGBoost,82.57967,0.0
42,MEATS,3113.3567282714844,3972.3237,5066.084217285156,No promotion,XGBoost,4046.602,-74.27832
42,PERSONAL CARE,2996.6684103393554,3874.3955,4996.4150220336915,No promotion,XGBoost,4112.0103,-237.61475
42,PET SUPPLIES,7.13434100151062,85.3344,214.45381331443787,No promotion,XGBoost,85.3344,0.0
42,PLAYERS AND ELECTRONICS,8.695142269134521,89.206924,218.3263397216797,No promotion,XGBoost,89.206924,0.0
42,POULTRY,3181.3498526000976,4059.077,5181.096464294434,No promotion,XGBoost,4127.6636,-68.58667
42,PREPARED FOODS,461.52435302734375,765.9636,1193.0181274414062,No promotion,XGBoost,765.9636,0.0
42,PRODUCE,35433.91535957031,42113.65,54249.29504394531,No promotion,XGBoost,43691.99,-1578.3398
42,SCHOOL AND OFFICE SUPPLIES,0.0,0.0,63.997666931152345,No promotion,XGBoost,0.0,0.0
42,SEAFOOD,53.03410339355469,219.58423,455.7818727493286,No promotion,XGBoost,258.37073,-38.7865
43,AUTOMOTIVE,3.010456085205078,54.181545,168.96724557876587,No promotion,XGBoost,61.702637,-7.5210915
43,BABY CARE,2.540149688720703,25.706701,113.12431102991104,No promotion,XGBoost,25.706701,0.0
43,BEAUTY,0.5547568559646607,42.93943,192.06231400966644,No promotion,XGBoost,120.52134,-77.58191
43,BEVERAGES,72130.87373359375,78810.61,90946.25341796875,No promotion,XGBoost,84462.17,-5651.5625
43,BOOKS,2.540149688720703,25.497019,112.91462761163712,No promotion,XGBoost,25.497019,0.0
43,BREAD/BAKERY,7340.647033691406,9300.907,11763.344541503906,No promotion,XGBoost,9617.363,-316.45605
43,CELEBRATION,96.68426132202148,287.10922,554.1768503189087,No promotion,XGBoost,287.10922,0.0
43,CLEANING,15099.808680566406,19124.84,25819.304640625,No promotion,XGBoost,20023.023,-898.1836
43,DAIRY,9111.443328857422,11071.703,13534.140836669922,No promotion,XGBoost,11527.744,-456.04102
43,DELI,3590.5975393066406,4487.085,5637.363273681641,No promotion,XGBoost,4726.0054,-238.92041
43,EGGS,2830.7220471801757,3587.333,4508.773167907715,No promotion,XGBoost,3695.6228,-108.289795
43,FROZEN FOODS,572.7330780029297,931.90076,1409.7829768676756,No promotion,XGBoost,1038.0696,-106.16882
43,GROCERY I,70782.42085273437,77462.16,89597.80053710938,No promotion,XGBoost,81319.56,-3857.4062
43,GROCERY II,30.685328483581543,139.27205,291.90598726272583,No promotion,XGBoost,176.60391,-37.331863
43,HARDWARE,1.7021890223026277,24.349752,111.76736192405224,No promotion,XGBoost,24.349752,0.0
43,HOME AND KITCHEN I,33.263872146606445,198.31326,440.8594036102295,No promotion,XGBoost,312.4172,-114.10394
43,HOME AND KITCHEN II,58.84341239929199,228.7192,471.2653284072876,No promotion,XGBoost,257.43048,-28.711288
43,HOME APPLIANCES,1.7326036036014558,23.659834,111.07744400203228,No promotion,XGBoost,23.659834,0.0
43,HOME CARE,3031.320876159668,3909.048,5031.067487854004,No promotion,XGBoost,4119.0303,-209.98218
43,LADIESWEAR,1.7021890223026277,23.445263,110.8628727644682,No promotion,XGBoost,23.445263,0.0
43,LAWN AND GARDEN,20.433213710784912,115.26222,286.0691809654236,No promotion,XGBoost,176.52776,-61.265533
43,LINGERIE,3.6133323788642886,33.88294,125.81858579218388,No promotion,XGBoost,33.88294,0.0
43,"LIQUOR,WINE,BEER",957.5815223083496,1371.995,1912.0212934875487,No promotion,XGBoost,1544.2195,-172.22449
43,MAGAZINES,3.582826352119446,49.597603,152.6984097123146,No promotion,XGBoost,49.597603,0.0
43,MEATS,2566.545299560547,3387.9917,4425.2345432128905,No promotion,XGBoost,3435.8123,-47.820557
43,PERSONAL CARE,3589.339362182617,4552.3125,5784.600832397461,No promotion,XGBoost,4763.79,-211.47754
43,PET SUPPLIES,3.469659870862961,49.87159,155.36135089993476,No promotion,XGBoost,49.87159,0.0
43,PLAYERS AND ELECTRONICS,2.59057457447052,44.020878,147.38155395984649,No promotion,XGBoost,44.020878,0.0
43,POULTRY,3038.1560783691407,3859.6025,4896.845322021484,No promotion,XGBoost,3929.9722,-70.36963
43,PREPARED FOODS,1333.6917343139648,1930.0159,2628.1515057983397,No promotion,XGBoost,1962.7715,-32.755615
43,PRODUCE,16168.950599707032,20488.947,27787.98919580078,No promotion,XGBoost,21740.945,-1251.998
43,SCHOOL AND OFFICE SUPPLIES,0.0,7.065364,79.57937378883362,No promotion,XGBoost,7.065364,0.0
43,SEAFOOD,0.0,0.0,63.997666931152345,No promotion,XGBoost,0.0,0.0
44,AUTOMOTIVE,86.22410106658936,262.24893,506.62040519714355,No promotion,XGBoost,269.37485,-7.1259155
44,BABY CARE,3.0916997671127318,27.934618,115.87195969820023,No promotion,XGBoost,27.934618,0.0
44,BEAUTY,45.9751091003418,234.6443,505.3626365661621,No promotion,XGBoost,360.34174,-125.69743
44,BEVERAGES,145488.5021515625,152168.23,164303.8818359375,No promotion,XGBoost,164848.16,-12679.922
44,BOOKS,3.0916997671127318,27.934618,115.87195969820023,No promotion,XGBoost,27.934618,0.0
44,BREAD/BAKERY,21066.453933789064,27746.19,39881.83361816406,No promotion,XGBoost,28352.834,-606.64453
44,CELEBRATION,325.39982414245605,602.90533,989.9630947113037,No promotion,XGBoost,610.02344,-7.118103
44,CLEANING,36994.25715644531,43673.992,55809.63684082031,No promotion,XGBoost,45126.68,-1452.6875
44,DAIRY,35347.61958320312,42027.355,54162.999267578125,No promotion,XGBoost,43433.94,-1406.5859
44,DELI,7760.1130660400395,9653.887,12034.314838012695,No promotion,XGBoost,10009.394,-355.50684
44,EGGS,8746.826414428711,10640.601,13021.028186401367,No promotion,XGBoost,10751.039,-110.43848
44,FROZEN FOODS,6135.144735351562,7696.4897,9666.867828125,No promotion,XGBoost,7782.5547,-86.06494
44,GROCERY I,150528.0255890625,157207.77,169343.4052734375,No promotion,XGBoost,172850.44,-15642.672
44,GROCERY II,1155.9527130126953,1752.2769,2450.41248449707,No promotion,XGBoost,1761.5664,-9.289551
44,HARDWARE,5.610353416204452,54.106247,160.1157382309437,No promotion,XGBoost,54.106247,0.0
44,HOME AND KITCHEN I,1481.6696090698242,2077.9937,2776.129380554199,No promotion,XGBoost,2182.0603,-104.06665
44,HOME AND KITCHEN II,1350.0648345947266,1946.3889,2644.5246060791014,No promotion,XGBoost,2072.2788,-125.88989
44,HOME APPLIANCES,2.2202561885118484,29.272982,119.59927692711354,No promotion,XGBoost,29.272982,0.0
44,HOME CARE,10268.343274121095,12523.57,15590.58341796875,No promotion,XGBoost,12788.579,-265.0088
44,LADIESWEAR,267.38444805145264,583.33307,1017.330971321106,No promotion,XGBoost,827.59906,-244.26599
44,LAWN AND GARDEN,210.63613605499268,427.5406,724.6057729721069,No promotion,XGBoost,462.3884,-34.84781
44,LINGERIE,0.0,151.13818,510.02378511428833,No promotion,XGBoost,542.1914,-391.05322
44,"LIQUOR,WINE,BEER",4363.292461425781,5525.7227,7004.0411391601565,No promotion,XGBoost,5779.5977,-253.875
44,MAGAZINES,220.89020347595215,444.5281,751.5924663543701,No promotion,XGBoost,444.5281,0.0
44,MEATS,12231.435047167968,15371.563,20252.303099121094,No promotion,XGBoost,15623.667,-252.10352
44,PERSONAL CARE,7860.182768188477,9753.957,12134.384540161132,No promotion,XGBoost,10129.656,-375.69922
44,PET SUPPLIES,596.6860122680664,919.3681,1363.3651614990235,No promotion,XGBoost,919.3681,0.0
44,PLAYERS AND ELECTRONICS,354.43023586273193,611.73535,968.7956285476685,No promotion,XGBoost,614.61316,-2.8778076
44,POULTRY,16259.767359765625,20284.797,26979.26331982422,No promotion,XGBoost,20625.025,-340.22852
44,PREPARED FOODS,4205.023381591797,5101.5107,6251.789115966797,No promotion,XGBoost,5101.5107,0.0
44,PRODUCE,137923.49287421876,144603.23,156738.87255859375,No promotion,XGBoost,159424.28,-14821.047
44,SCHOOL AND OFFICE SUPPLIES,2.367730140686035,275.6405,929.8918535003661,No promotion,XGBoost,1675.8789,-1400.2384
44,SEAFOOD,1088.570484161377,1630.1661,2277.4741311950684,No promotion,XGBoost,1669.0626,-38.896484
45,AUTOMOTIVE,74.34557914733887,219.91823,429.7690258026123,No promotion,XGBoost,219.91823,0.0
45,BABY CARE,2.666715919971466,27.342953,115.02042805254459,No promotion,XGBoost,27.342953,0.0
45,BEAUTY,14.265034675598145,158.88757,409.60753870010376,No promotion,XGBoost,314.4402,-155.55261
45,BEVERAGES,144803.1916046875,151482.92,163618.5712890625,No promotion,XGBoost,162252.03,-10769.109
45,BOOKS,2.697130471467972,27.373367,115.0508426040411,No promotion,XGBoost,27.373367,0.0
45,BREAD/BAKERY,15512.177125976563,20422.11,28930.300994140627,No promotion,XGBoost,20933.188,-511.07812
45,CELEBRATION,249.74224376678467,466.6467,763.7118806838989,No promotion,XGBoost,466.6467,0.0
45,CLEANING,36935.54866035156,43615.285,55750.92834472656,No promotion,XGBoost,45129.637,-1514.3516
45,DAIRY,30937.077346875,37616.812,49752.45703125,No promotion,XGBoost,38860.176,-1243.3633
45,DELI,10220.385437011719,12180.6455,14643.082944824218,No promotion,XGBoost,12577.558,-396.9121
45,EGGS,5158.861496948242,6520.749,8245.097382202148,No promotion,XGBoost,6599.48,-78.73096
45,FROZEN FOODS,4239.167646118164,5468.084,7028.412059692383,No promotion,XGBoost,5540.8164,-72.73242
45,GROCERY I,156461.43476875,163141.17,175276.814453125,No promotion,XGBoost,180312.97,-17171.797
45,GROCERY II,1743.949362121582,2359.0337,3085.428256286621,No promotion,XGBoost,2367.3994,-8.365723
45,HARDWARE,2.5716894030570985,39.191704,142.29251012802123,No promotion,XGBoost,39.191704,0.0
45,HOME AND KITCHEN I,711.8291473388672,1089.2396,1584.0644210205078,No promotion,XGBoost,1168.4524,-79.21277
45,HOME AND KITCHEN II,757.5392265319824,1262.6493,1876.0721239318846,No promotion,XGBoost,1418.7921,-156.14282
45,HOME APPLIANCES,2.195156264305115,36.072094,134.91473244428636,No promotion,XGBoost,36.072094,0.0
45,HOME CARE,9545.276898388673,11800.504,14867.517042236328,No promotion,XGBoost,12108.139,-307.63477
45,LADIESWEAR,212.7915496826172,490.29703,877.3548202514648,No promotion,XGBoost,722.98193,-232.6849
45,LAWN AND GARDEN,368.9342288970947,632.97284,1000.032247543335,No promotion,XGBoost,681.31854,-48.345703
45,LINGERIE,2.831581783294678,62.235867,211.6186153411865,No promotion,XGBoost,113.28965,-51.053783
45,"LIQUOR,WINE,BEER",2732.3576946411135,3526.489,4504.447060729981,No promotion,XGBoost,3756.3286,-229.8396
45,MAGAZINES,71.41811847686768,248.53835,499.258318901062,No promotion,XGBoost,248.53835,0.0
45,MEATS,15028.186841992188,18758.25,24848.140166015626,No promotion,XGBoost,19163.852,-405.60156
45,PERSONAL CARE,9610.577588085938,11865.805,14932.817731933594,No promotion,XGBoost,12263.075,-397.2705
45,PET SUPPLIES,203.69127941131592,427.3292,734.3935422897339,No promotion,XGBoost,427.3292,0.0
45,PLAYERS AND ELECTRONICS,240.9253330230713,464.56323,771.6275959014893,No promotion,XGBoost,464.56323,0.0
45,POULTRY,16744.634889648438,21654.566,30162.758757812502,No promotion,XGBoost,21958.695,-304.1289
45,PREPARED FOODS,3229.3167044677734,4088.2837,5182.044193481445,No promotion,XGBoost,4088.2837,0.0
45,PRODUCE,95499.268753125,102179.01,114314.6484375,No promotion,XGBoost,105343.2,-3164.1953
45,SCHOOL AND OFFICE SUPPLIES,737.2186171264648,1179.3754,1934.0288516845703,No promotion,XGBoost,2287.5054,-1108.13
45,SEAFOOD,912.9473266601562,1326.8434,1855.553349975586,No promotion,XGBoost,1356.4254,-29.582031
46,AUTOMOTIVE,45.91683483123779,163.04866,323.85643577575684,No promotion,XGBoost,163.04866,0.0
46,BABY CARE,0.6640920639038086,21.050894,108.46850275993347,No promotion,XGBoost,21.050894,0.0
46,BEAUTY,32.77067947387695,220.08057,497.1473798751831,No promotion,XGBoost,387.96964,-167.88907
46,BEVERAGES,96220.3380890625,102900.08,115035.7177734375,No promotion,XGBoost,105801.09,-2901.0156
46,BOOKS,0.931478774547577,23.914343,111.33195316791534,No promotion,XGBoost,23.914343,0.0
46,BREAD/BAKERY,13420.552771582032,16265.714,20541.8781875,No promotion,XGBoost,16622.312,-356.59863
46,CELEBRATION,71.94943714141846,232.82408,459.02255058288574,No promotion,XGBoost,232.82408,0.0
46,CLEANING,34220.88813789062,40900.625,53036.267822265625,No promotion,XGBoost,42368.902,-1468.2773
46,DAIRY,20376.9923859375,27056.729,39192.3720703125,No promotion,XGBoost,28278.465,-1221.7363
46,DELI,11022.331189160157,13277.559,16344.571333007812,No promotion,XGBoost,13698.901,-421.34277
46,EGGS,1918.525735229492,2589.8906,3401.0619974365236,No promotion,XGBoost,2657.77,-67.879395
46,FROZEN FOODS,3081.666942626953,3903.1135,4940.356186279297,No promotion,XGBoost,3964.4973,-61.38379
46,GROCERY I,144653.69013984376,151333.42,163469.06982421875,No promotion,XGBoost,166786.52,-15453.094
46,GROCERY II,444.60689544677734,749.04614,1176.1006698608398,No promotion,XGBoost,761.32513,-12.278992
46,HARDWARE,1.9097863972187044,32.83452,131.93702238202096,No promotion,XGBoost,32.83452,0.0
46,HOME AND KITCHEN I,365.98589611053467,636.75793,1013.8165407180786,No promotion,XGBoost,659.6031,-22.845154
46,HOME AND KITCHEN II,216.13729000091553,446.50864,763.5721788406372,No promotion,XGBoost,537.8355,-91.32687
46,HOME APPLIANCES,1.4676227986812593,27.291862,119.48737522959709,No promotion,XGBoost,27.291862,0.0
46,HOME CARE,8942.80859375,10903.068,13365.5061015625,No promotion,XGBoost,11201.694,-298.62598
46,LADIESWEAR,230.29070377349854,514.52966,911.5866003036499,No promotion,XGBoost,755.31415,-240.78448
46,LAWN AND GARDEN,236.65237522125244,480.49063,817.5525159835815,No promotion,XGBoost,530.12805,-49.63742
46,LINGERIE,0.2937490940093994,88.96393,387.29084277153015,No promotion,XGBoost,374.53293,-285.569
46,"LIQUOR,WINE,BEER",1234.6333395690917,1850.235,2587.9459815979003,No promotion,XGBoost,2075.4775,-225.24255
46,MAGAZINES,19.236705780029297,98.812225,225.5426893234253,No promotion,XGBoost,98.812225,0.0
46,MEATS,14137.11388017578,17277.242,22157.981932128907,No promotion,XGBoost,17610.262,-333.01953
46,PERSONAL CARE,10347.337689404298,12602.564,15669.577833251953,No promotion,XGBoost,12964.117,-361.55273
46,PET SUPPLIES,194.21653175354004,411.121,708.1861686706543,No promotion,XGBoost,411.121,0.0
46,PLAYERS AND ELECTRONICS,376.7653112411499,647.53735,1024.5959558486938,No promotion,XGBoost,652.8151,-5.277771
46,POULTRY,11263.504175195312,13813.698,17485.286955078125,No promotion,XGBoost,13972.6,-158.90137
46,PREPARED FOODS,1763.633602783203,2397.478,3152.1316196289063,No promotion,XGBoost,2397.478,0.0
46,PRODUCE,39765.027908398435,46444.76,58580.40759277344,No promotion,XGBoost,47804.184,-1359.4219
46,SCHOOL AND OFFICE SUPPLIES,203.41642443847655,348.6944,1001.6924940872192,No promotion,XGBoost,1614.4402,-1265.7458
46,SEAFOOD,522.4773025512695,826.91656,1253.971076965332,No promotion,XGBoost,869.0569,-42.14032
47,AUTOMOTIVE,59.55102729797363,193.3634,378.69268226623535,No promotion,XGBoost,193.3634,0.0
47,BABY CARE,1.0015592336654664,19.350513,102.50995136499405,No promotion,XGBoost,19.350513,0.0
47,BEAUTY,34.852505683898926,218.5307,487.4236879348755,No promotion,XGBoost,381.33356,-162.80286
47,BEVERAGES,133971.54072578126,140651.28,152786.92041015625,No promotion,XGBoost,150173.6,-9522.3125
47,BOOKS,1.0015592336654664,19.504255,102.66369343996048,No promotion,XGBoost,19.504255,0.0
47,BREAD/BAKERY,14854.257411035156,18879.287,25573.75337109375,No promotion,XGBoost,19290.352,-411.06445
47,CELEBRATION,242.38834857940674,459.29282,756.357985496521,No promotion,XGBoost,459.29282,0.0
47,CLEANING,33882.454177929685,40562.188,52697.83386230469,No promotion,XGBoost,41883.38,-1321.1914
47,DAIRY,30276.83601386719,36956.57,49092.21569824219,No promotion,XGBoost,38046.152,-1089.582
47,DELI,9600.246276855469,11560.506,14022.943784667968,No promotion,XGBoost,11939.482,-378.97656
47,EGGS,4961.586637207031,6190.503,7750.83105078125,No promotion,XGBoost,6271.2383,-80.73535
47,FROZEN FOODS,3549.381018676758,4512.354,5744.642488891602,No promotion,XGBoost,4569.591,-57.236816
47,GROCERY I,148711.46260078126,155391.2,167526.84228515625,No promotion,XGBoost,171278.36,-15887.156
47,GROCERY II,594.0500946044922,916.7322,1360.7292438354493,No promotion,XGBoost,922.6797,-5.94751
47,HARDWARE,2.3268345952033997,30.688953,123.14433375597,No promotion,XGBoost,30.688953,0.0
47,HOME AND KITCHEN I,608.3123474121094,967.48004,1445.3622462768553,No promotion,XGBoost,1060.2188,-92.73871
47,HOME AND KITCHEN II,789.9418830871582,1258.5664,1838.1040308532715,No promotion,XGBoost,1382.7803,-124.21387
47,HOME APPLIANCES,2.2922543764114383,31.546822,124.00220133960246,No promotion,XGBoost,31.546822,0.0
47,HOME CARE,9483.861633300781,11444.121,13906.559141113281,No promotion,XGBoost,11721.43,-277.3086
47,LADIESWEAR,241.77213382720947,526.01105,923.0680303573608,No promotion,XGBoost,757.3111,-231.30005
47,LAWN AND GARDEN,282.22071266174316,546.2593,913.3187313079834,No promotion,XGBoost,590.6717,-44.412415
47,LINGERIE,0.6854108929634095,46.79139,233.8308903336525,No promotion,XGBoost,183.43546,-136.64407
47,"LIQUOR,WINE,BEER",2358.619581237793,3067.505,3935.194088806152,No promotion,XGBoost,3320.1633,-252.65845
47,MAGAZINES,42.14873933792114,166.33412,335.3157343864441,No promotion,XGBoost,166.33412,0.0
47,MEATS,13636.17446328125,16186.369,19857.957243164063,No promotion,XGBoost,16487.75,-301.38086
47,PERSONAL CARE,9965.781140332032,12221.008,15288.021284179687,No promotion,XGBoost,12623.964,-402.95605
47,PET SUPPLIES,181.59249782562256,391.06943,678.135425567627,No promotion,XGBoost,391.06943,0.0
47,PLAYERS AND ELECTRONICS,274.65027046203613,498.28818,805.3525333404541,No promotion,XGBoost,498.28818,0.0
47,POULTRY,15380.805104296876,19995.77,27899.38633642578,No promotion,XGBoost,20306.502,-310.73242
47,PREPARED FOODS,2824.3509178466797,3645.7974,4683.040161499023,No promotion,XGBoost,3645.7974,0.0
47,PRODUCE,85395.41255195312,92075.15,104210.79223632812,No promotion,XGBoost,94535.25,-2460.1016
47,SCHOOL AND OFFICE SUPPLIES,0.0,29.363636,659.7290185766219,No promotion,XGBoost,1457.9279,-1428.5642
47,SEAFOOD,605.148624420166,982.5591,1477.3838981018066,No promotion,XGBoost,1023.23755,-40.678467
48,AUTOMOTIVE,45.352389335632324,169.0416,338.0232057571411,No promotion,XGBoost,178.30305,-9.261459
48,BABY CARE,2.139546310901642,22.906128,108.19465228766202,No promotion,XGBoost,22.906128,0.0
48,BEAUTY,44.206892013549805,247.72441,534.7904071807861,No promotion,XGBoost,413.43393,-165.70952
48,BEVERAGES,71838.60395820312,78518.336,90653.98364257812,No promotion,XGBoost,80991.48,-2473.1406
48,BOOKS,2.139546310901642,22.906128,108.19465228766202,No promotion,XGBoost,22.906128,0.0
48,BREAD/BAKERY,11371.156079296876,13626.383,16693.39622314453,No promotion,XGBoost,13927.334,-300.95117
48,CELEBRATION,167.93126106262207,371.36884,648.4356460571289,No promotion,XGBoost,371.36884,0.0
48,CLEANING,28756.38056953125,35436.117,47571.76025390625,No promotion,XGBoost,37101.695,-1665.5781
48,DAIRY,16423.962892578125,21333.895,29842.08676074219,No promotion,XGBoost,22217.77,-883.875
48,DELI,8648.409606933594,10608.669,13071.107114746093,No promotion,XGBoost,11016.375,-407.70605
48,EGGS,1455.6045866088866,2108.2092,2891.121726135254,No promotion,XGBoost,2175.5486,-67.339355
48,FROZEN FOODS,2477.3732875366213,3205.0188,4100.966917785645,No promotion,XGBoost,3265.413,-60.394287
48,GROCERY I,127896.99482734375,134576.73,146712.37451171875,No promotion,XGBoost,141600.98,-7024.25
48,GROCERY II,452.7921142578125,757.2314,1184.285888671875,No promotion,XGBoost,757.2314,0.0
48,HARDWARE,2.015170150995255,28.568008,118.63443576395511,No promotion,XGBoost,28.568008,0.0
48,HOME AND KITCHEN I,254.72646713256836,518.7651,885.8244857788086,No promotion,XGBoost,588.3706,-69.60553
48,HOME AND KITCHEN II,408.11052417755127,742.30194,1193.242422264099,No promotion,XGBoost,899.42,-157.11804
48,HOME APPLIANCES,1.443658870458603,29.65,124.23446599440649,No promotion,XGBoost,29.65,0.0
48,HOME CARE,7850.894500732422,9811.154,12273.592008544922,No promotion,XGBoost,10104.824,-293.66992
48,LADIESWEAR,217.3897466659546,501.62866,898.685643196106,No promotion,XGBoost,743.3347,-241.70605
48,LAWN AND GARDEN,42.23433256149292,176.65297,398.3282814025879,No promotion,XGBoost,241.79521,-65.14224
48,LINGERIE,3.764179617166519,37.880207,132.4646736085415,No promotion,XGBoost,37.880207,0.0
48,"LIQUOR,WINE,BEER",1193.8786207885742,1791.2375,2512.005888000488,No promotion,XGBoost,2018.8959,-227.65833
48,MAGAZINES,8.084844589233398,75.56678,197.51933789253235,No promotion,XGBoost,75.56678,0.0
48,MEATS,12316.238745703125,15161.4,19437.564161621092,No promotion,XGBoost,15506.957,-345.55664
48,PERSONAL CARE,9993.073559765626,12248.301,15315.313703613281,No promotion,XGBoost,12631.303,-383.00195
48,PET SUPPLIES,172.11108589172363,382.92255,671.8138990402222,No promotion,XGBoost,382.92255,0.0
48,PLAYERS AND ELECTRONICS,195.02874565124512,418.66666,725.7310085296631,No promotion,XGBoost,431.4167,-12.7500305
48,POULTRY,11332.920495996093,13883.114,17554.703275878906,No promotion,XGBoost,14071.749,-188.63477
48,PREPARED FOODS,1126.1756439208984,1540.0718,2068.781667236328,No promotion,XGBoost,1540.0718,0.0
48,PRODUCE,24814.62751777344,31494.363,43630.00720214844,No promotion,XGBoost,33227.992,-1733.6289
48,SCHOOL AND OFFICE SUPPLIES,0.0,20.108747,623.5323771705627,No promotion,XGBoost,1351.5991,-1331.4904
48,SEAFOOD,189.04040336608887,423.8702,750.9329147338867,No promotion,XGBoost,468.95685,-45.08664
49,AUTOMOTIVE,37.88486099243164,142.69507,287.1551733016968,No promotion,XGBoost,142.69507,0.0
49,BABY CARE,4.639301806688309,32.423973,122.23053297400475,No promotion,XGBoost,32.423973,0.0
49,BEAUTY,6.900721549987793,141.66614,392.3861074447632,No promotion,XGBoost,285.06375,-143.39761
49,BEVERAGES,108326.1544953125,115005.89,127141.5341796875,No promotion,XGBoost,119908.91,-4903.0156
49,BOOKS,4.639301806688309,32.423973,122.23053297400475,No promotion,XGBoost,32.423973,0.0
49,BREAD/BAKERY,14802.463332226564,20007.363,29120.129836425782,No promotion,XGBoost,20502.99,-495.62695
49,CELEBRATION,162.03496646881104,377.62344,674.6886196136475,No promotion,XGBoost,377.62344,0.0
49,CLEANING,26557.702468945314,33237.438,45373.08215332031,No promotion,XGBoost,34020.51,-783.0742
49,DAIRY,30776.396194531248,37456.133,49591.77587890625,No promotion,XGBoost,38431.758,-975.625
49,DELI,6179.096368164062,7873.413,10007.810932617187,No promotion,XGBoost,8210.206,-336.79297
49,EGGS,6443.187893554687,8270.477,10568.8939296875,No promotion,XGBoost,8356.85,-86.37305
49,FROZEN FOODS,4915.6095743408205,6277.4976,8001.845459594727,No promotion,XGBoost,6343.495,-65.99756
49,GROCERY I,120742.13056953126,127421.87,139557.51025390625,No promotion,XGBoost,133776.88,-6355.008
49,GROCERY II,718.9278297424316,1041.6099,1485.6069789733888,No promotion,XGBoost,1050.6096,-8.999756
49,HARDWARE,1.8585326671600342,43.15435,150.77319598197937,No promotion,XGBoost,43.15435,0.0
49,HOME AND KITCHEN I,682.2945823669434,1041.4623,1519.3444812316893,No promotion,XGBoost,1114.1829,-72.72058
49,HOME AND KITCHEN II,439.9809322357178,744.4202,1171.4747066497803,No promotion,XGBoost,885.53656,-141.11633
49,HOME APPLIANCES,2.0380269646644593,41.3002,146.78996024131774,No promotion,XGBoost,41.3002,0.0
49,HOME CARE,6650.724302612305,8544.498,10924.92607458496,No promotion,XGBoost,8817.318,-272.8203
49,LADIESWEAR,26.275543212890625,248.64233,575.7050495147705,No promotion,XGBoost,497.96594,-249.32361
49,LAWN AND GARDEN,276.084792137146,533.38995,890.4501848220825,No promotion,XGBoost,573.0078,-39.61786
49,LINGERIE,11.093927383422852,154.09885,434.8163528442383,No promotion,XGBoost,375.5368,-221.43796
49,"LIQUOR,WINE,BEER",3050.4840205688474,4119.1133,5456.137084899902,No promotion,XGBoost,4349.304,-230.19092
49,MAGAZINES,74.19231414794922,243.18375,485.7298746109009,No promotion,XGBoost,243.18375,0.0
49,MEATS,11598.030176171875,14148.225,17819.812956054688,No promotion,XGBoost,14407.864,-259.63965
49,PERSONAL CARE,6651.949552856446,8545.724,10926.151324829101,No promotion,XGBoost,8870.532,-324.8086
49,PET SUPPLIES,80.35995197296143,271.97217,539.0398101806641,No promotion,XGBoost,271.97217,0.0
49,PLAYERS AND ELECTRONICS,222.9474973678589,433.1185,720.1845083236694,No promotion,XGBoost,433.1185,0.0
49,POULTRY,14690.381775878906,18125.479,23610.792463867187,No promotion,XGBoost,18406.895,-281.41602
49,PREPARED FOODS,3116.2365560913086,3993.9636,5115.983167785645,No promotion,XGBoost,3993.9636,0.0
49,PRODUCE,115436.4904328125,122116.23,134251.8701171875,No promotion,XGBoost,130285.79,-8169.5625
49,SCHOOL AND OFFICE SUPPLIES,314.68064721679684,497.31287,1155.9371651916504,No promotion,XGBoost,1809.4941,-1312.1813
49,SEAFOOD,746.2076454162598,1105.3754,1583.2575442810057,No promotion,XGBoost,1140.3792,-35.003784
50,AUTOMOTIVE,30.745885610580444,130.28384,278.1398859024048,No promotion,XGBoost,130.28384,0.0
50,BABY CARE,1.2357667207717897,21.049574,106.33809782462194,No promotion,XGBoost,21.049574,0.0
50,BEAUTY,12.312518119812012,165.72891,426.448055267334,No promotion,XGBoost,330.3143,-164.58539
50,BEVERAGES,68014.95039375,74694.69,86830.330078125,No promotion,XGBoost,77020.52,-2325.836
50,BOOKS,2.292838025093079,22.326986,107.6155110140331,No promotion,XGBoost,22.326986,0.0
50,BREAD/BAKERY,8189.5792236328125,10149.839,12612.276731445312,No promotion,XGBoost,10396.226,-246.38672
50,CELEBRATION,263.96289443969727,501.0677,828.1304092407227,No promotion,XGBoost,501.0677,0.0
50,CLEANING,23002.3126984375,29682.047,41817.6923828125,No promotion,XGBoost,30650.803,-968.75586
50,DAIRY,15825.685267480469,19850.715,26545.181227539062,No promotion,XGBoost,20542.387,-691.6719
50,DELI,6516.756953247071,8277.56,10493.967253540039,No promotion,XGBoost,8562.381,-284.8213
50,EGGS,1283.9583854675293,1862.0397,2543.2327821350095,No promotion,XGBoost,1927.2977,-65.25806
50,FROZEN FOODS,1944.2102352905274,2634.3354,3473.7656201782224,No promotion,XGBoost,2695.0635,-60.728027
50,GROCERY I,100826.6642609375,107506.4,119642.0439453125,No promotion,XGBoost,111091.47,-3585.0703
50,GROCERY II,1203.6689376831055,1763.5074,2427.757959533691,No promotion,XGBoost,1776.7145,-13.207031
50,HARDWARE,3.347569835186005,28.066391,115.48399969283491,No promotion,XGBoost,28.066391,0.0
50,HOME AND KITCHEN I,494.1481590270996,798.5874,1225.641933441162,No promotion,XGBoost,856.97046,-58.383057
50,HOME AND KITCHEN II,396.70555877685547,701.14484,1128.199333190918,No promotion,XGBoost,789.002,-87.85718
50,HOME APPLIANCES,5.409104585647583,29.233915,116.91139057874679,No promotion,XGBoost,29.233915,0.0
50,HOME CARE,6217.918940551758,7978.7217,10195.129240844726,No promotion,XGBoost,8176.236,-197.51416
50,LADIESWEAR,176.79740715026855,472.5457,876.5460525360107,No promotion,XGBoost,654.493,-181.9473
50,LAWN AND GARDEN,16.201202154159546,95.97196,246.21694779396057,No promotion,XGBoost,152.98341,-57.01145
50,LINGERIE,2.3759937405586244,45.42533,151.17495704889296,No promotion,XGBoost,45.42533,0.0
50,"LIQUOR,WINE,BEER",1433.2140210571288,2104.5789,2915.7502832641603,No promotion,XGBoost,2298.496,-193.91724
50,MAGAZINES,19.647093296051025,121.3764,274.0103440284729,No promotion,XGBoost,121.3764,0.0
50,MEATS,7800.673734985352,9694.447,12074.875506958007,No promotion,XGBoost,9846.097,-151.64941
50,PERSONAL CARE,6798.224180541993,8691.998,11072.425952514648,No promotion,XGBoost,9014.446,-322.44824
50,PET SUPPLIES,59.278319358825684,187.84045,364.9959011077881,No promotion,XGBoost,187.84045,0.0
50,PLAYERS AND ELECTRONICS,199.04791259765625,409.21893,696.2849235534668,No promotion,XGBoost,409.21893,0.0
50,POULTRY,5679.9946772460935,7108.368,8914.726298339843,No promotion,XGBoost,7202.864,-94.495605
50,PREPARED FOODS,752.8330383300781,1130.2435,1625.0683120117187,No promotion,XGBoost,1130.2435,0.0
50,PRODUCE,29919.783523632814,36599.52,48735.16320800781,No promotion,XGBoost,37642.684,-1043.1641
50,SCHOOL AND OFFICE SUPPLIES,0.0,8.689409,595.1704662704467,No promotion,XGBoost,1300.4248,-1291.7354
50,SEAFOOD,66.29718112945557,222.35474,460.3777256011963,No promotion,XGBoost,269.60352,-47.24878
51,AUTOMOTIVE,4.73975944519043,80.32237,209.4417827129364,No promotion,XGBoost,80.32237,0.0
51,BABY CARE,1.8132525682449343,17.569643,98.59999542981386,No promotion,XGBoost,17.569643,0.0
51,BEAUTY,0.808596134185791,49.758335,263.0050573348999,No promotion,XGBoost,216.50296,-166.74463
51,BEVERAGES,66747.73530585937,73427.47,85563.11499023438,No promotion,XGBoost,76159.14,-2731.6719
51,BOOKS,2.2255368292331696,18.356012,99.38636388927698,No promotion,XGBoost,18.356012,0.0
51,BREAD/BAKERY,12173.073742871095,14428.301,17495.313886718748,No promotion,XGBoost,14700.708,-272.40723
51,CELEBRATION,16.4259934425354,104.762505,238.6598219871521,No promotion,XGBoost,104.762505,0.0
51,CLEANING,18065.56383330078,24155.365,35081.85824560547,No promotion,XGBoost,24967.95,-812.584
51,DAIRY,19588.816165039065,25973.584,37504.65321337891,No promotion,XGBoost,26868.064,-894.48047
51,DELI,3315.780019165039,4212.2676,5362.545753540039,No promotion,XGBoost,4491.965,-279.69727
51,EGGS,4689.104990356445,5785.05,7181.357932250977,No promotion,XGBoost,5864.2114,-79.16162
51,FROZEN FOODS,3369.60485748291,4247.332,5369.351469177246,No promotion,XGBoost,4333.7144,-86.382324
51,GROCERY I,76761.07319648437,83440.81,95576.45288085938,No promotion,XGBoost,86106.86,-2666.0469
51,GROCERY II,415.9296293258667,713.63544,1130.6907777786255,No promotion,XGBoost,713.63544,0.0
51,HARDWARE,2.041053766012192,23.552254,111.22972916662692,No promotion,XGBoost,23.552254,0.0
51,HOME AND KITCHEN I,345.8511152267456,616.62317,993.6817598342896,No promotion,XGBoost,688.6897,-72.06653
51,HOME AND KITCHEN II,344.744779586792,649.184,1076.2385540008545,No promotion,XGBoost,769.84015,-120.65613
51,HOME APPLIANCES,2.1008458673954014,26.928629,118.86427682042122,No promotion,XGBoost,26.928629,0.0
51,HOME CARE,4625.630976074219,5721.5757,7117.88391796875,No promotion,XGBoost,5958.3228,-236.74707
51,LADIESWEAR,2.077377772331238,46.067413,151.55717483758926,No promotion,XGBoost,46.067413,0.0
51,LAWN AND GARDEN,420.1729326248169,736.1216,1170.1194558944703,No promotion,XGBoost,784.8366,-48.715027
51,LINGERIE,3.94069504737854,83.429375,214.9377384185791,No promotion,XGBoost,83.429375,0.0
51,"LIQUOR,WINE,BEER",1534.4182370605467,2205.7832,3016.9544992675783,No promotion,XGBoost,2405.854,-200.0708
51,MAGAZINES,32.234660625457764,136.29517,280.7552762031555,No promotion,XGBoost,136.29517,0.0
51,MEATS,8222.51832294922,10477.745,13544.758466796875,No promotion,XGBoost,10700.422,-222.67676
51,PERSONAL CARE,3755.613196411133,4718.5864,5950.874666625977,No promotion,XGBoost,4980.923,-262.33643
51,PET SUPPLIES,66.41692733764648,248.4122,507.3060026168823,No promotion,XGBoost,248.4122,0.0
51,PLAYERS AND ELECTRONICS,20.798760414123535,125.048485,285.85626125335693,No promotion,XGBoost,134.0514,-9.002922
51,POULTRY,13369.177637109375,15919.372,19590.960416992188,No promotion,XGBoost,17651.986,-1732.6143
51,PREPARED FOODS,1344.2943801879883,1940.6184,2638.754151672363,No promotion,XGBoost,1941.786,-1.1676025
51,PRODUCE,77713.30830390625,84393.05,96528.68798828125,No promotion,XGBoost,88306.32,-3913.2734
51,SCHOOL AND OFFICE SUPPLIES,0.0,3.4946866,71.75052478313447,No promotion,XGBoost,3.4946866,0.0
51,SEAFOOD,430.5435256958008,734.9828,1162.0373001098633,No promotion,XGBoost,773.4815,-38.49872
52,AUTOMOTIVE,38.05359125137329,152.35387,313.1616473197937,No promotion,XGBoost,152.35387,0.0
52,BABY CARE,3.2767541408538823,28.14756,117.95412129163742,No promotion,XGBoost,28.14756,0.0
52,BEAUTY,0.3624749183654785,72.198265,306.5705621242523,No promotion,XGBoost,267.181,-194.98273
52,BEVERAGES,62778.77485664062,69458.51,81594.15454101562,No promotion,XGBoost,72037.51,-2579.0
52,BOOKS,3.2767541408538823,28.14756,117.95412129163742,No promotion,XGBoost,28.14756,0.0
52,BREAD/BAKERY,10725.017578125,12685.277,15147.7150859375,No promotion,XGBoost,12941.856,-256.5791
52,CELEBRATION,40.22627353668213,144.53285,288.992959022522,No promotion,XGBoost,144.53285,0.0
52,CLEANING,19653.32002265625,26333.055,38468.69970703125,No promotion,XGBoost,27285.367,-952.3125
52,DAIRY,14624.042786621094,18059.139,23544.453474609374,No promotion,XGBoost,18719.424,-660.28516
52,DELI,4593.149399780274,5955.037,7679.385285034179,No promotion,XGBoost,6292.92,-337.8828
52,EGGS,2514.5780480957033,3298.5042,4279.229046386718,No promotion,XGBoost,3368.5151,-70.01099
52,FROZEN FOODS,3747.74528125,4910.176,6388.493958984375,No promotion,XGBoost,4977.133,-66.95703
52,GROCERY I,86600.5353546875,93280.27,105415.9150390625,No promotion,XGBoost,96077.1,-2796.8281
52,GROCERY II,650.1780433654785,954.6173,1381.671817779541,No promotion,XGBoost,966.6201,-12.002808
52,HARDWARE,2.6892788410186768,51.32512,161.3329155445099,No promotion,XGBoost,51.32512,0.0
52,HOME AND KITCHEN I,461.45361328125,765.8929,1192.9473876953125,No promotion,XGBoost,838.9895,-73.09662
52,HOME AND KITCHEN II,367.37109184265137,671.81036,1098.8648662567139,No promotion,XGBoost,819.9656,-148.15521
52,HOME APPLIANCES,3.264203864336014,35.047638,129.11236955523492,No promotion,XGBoost,35.047638,0.0
52,HOME CARE,4655.6791191406255,5818.1094,7296.427796875,No promotion,XGBoost,6042.596,-224.48682
52,LADIESWEAR,24.51376485824585,120.92456,257.2108280658722,No promotion,XGBoost,120.92456,0.0
52,LAWN AND GARDEN,600.1318664550781,959.29956,1437.181765319824,No promotion,XGBoost,1007.7106,-48.41101
52,LINGERIE,17.090346813201904,110.38191,246.66818404197693,No promotion,XGBoost,110.38191,0.0
52,"LIQUOR,WINE,BEER",2625.815557495117,3334.701,4202.390065063477,No promotion,XGBoost,3547.6504,-212.94946
52,MAGAZINES,31.517672538757324,129.36806,265.6543288230896,No promotion,XGBoost,129.36806,0.0
52,MEATS,6273.365990966797,7967.6826,10102.080555419921,No promotion,XGBoost,8118.9214,-151.23877
52,PERSONAL CARE,4335.528041870118,5497.9585,6976.276719604492,No promotion,XGBoost,5799.724,-301.76562
52,PET SUPPLIES,49.42192459106445,195.12025,404.9710445404053,No promotion,XGBoost,195.12025,0.0
52,PLAYERS AND ELECTRONICS,116.20921516418457,311.36743,578.4350843429565,No promotion,XGBoost,311.36743,0.0
52,POULTRY,6165.339257568359,7859.656,9994.053822021484,No promotion,XGBoost,7986.8794,-127.22363
52,PREPARED FOODS,1374.2171096801758,1970.5413,2668.6768811645507,No promotion,XGBoost,1970.5413,0.0
52,PRODUCE,67082.53608710937,73762.27,85897.91577148438,No promotion,XGBoost,76952.336,-3190.0625
52,SCHOOL AND OFFICE SUPPLIES,1.3345245480537415,9.571232,82.34510725289583,No promotion,XGBoost,9.571232,0.0
52,SEAFOOD,2.7802653521299363,35.742947,151.71285261809825,No promotion,XGBoost,82.794914,-47.051968
53,AUTOMOTIVE,13.896538257598877,96.74329,228.25166201591492,No promotion,XGBoost,96.74329,0.0
53,BABY CARE,0.34093291461467756,9.288207,83.93130258321762,No promotion,XGBoost,9.288207,0.0
53,BEAUTY,1.1200598001480104,36.299183,191.46681494712828,No promotion,XGBoost,118.15324,-81.85405
53,BEVERAGES,29831.722366406248,36511.457,48647.10205078125,No promotion,XGBoost,38358.496,-1847.0391
53,BOOKS,0.31051807999610914,9.108939,83.7520344465971,No promotion,XGBoost,9.108939,0.0
53,BREAD/BAKERY,6224.647703491211,8118.422,10498.849475463867,No promotion,XGBoost,8326.84,-208.41797
53,CELEBRATION,12.46129322052002,89.86676,214.20827412605286,No promotion,XGBoost,89.86676,0.0
53,CLEANING,13562.790210742187,16702.918,21583.658262695313,No promotion,XGBoost,17181.889,-478.9707
53,DAIRY,7181.746276855469,9142.006,11604.443784667968,No promotion,XGBoost,9558.247,-416.2412
53,DELI,3170.3831717529297,4029.35,5123.1106607666015,No promotion,XGBoost,4275.448,-246.09814
53,EGGS,1023.5672950744629,1565.163,2212.4709421081543,No promotion,XGBoost,1637.6996,-72.53662
53,FROZEN FOODS,1500.589901611328,2134.4343,2889.0879184570313,No promotion,XGBoost,2202.8794,-68.44507
53,GROCERY I,45021.6251984375,51701.36,63837.0048828125,No promotion,XGBoost,54329.62,-2628.2617
53,GROCERY II,55.00678730010986,197.60414,399.28109645843506,No promotion,XGBoost,216.13434,-18.530197
53,HARDWARE,2.9465648174285892,15.785693,94.68695952892304,No promotion,XGBoost,15.785693,0.0
53,HOME AND KITCHEN I,175.8110752105713,399.44897,706.5133380889893,No promotion,XGBoost,487.75275,-88.30377
53,HOME AND KITCHEN II,214.74943733215332,438.38733,745.4517002105713,No promotion,XGBoost,496.46014,-58.072815
53,HOME APPLIANCES,0.12472680807113651,9.083369,85.85555025935173,No promotion,XGBoost,9.083369,0.0
53,HOME CARE,2695.7946494750977,3536.0015,4601.503015808105,No promotion,XGBoost,3737.641,-201.63965
53,LADIESWEAR,2.5790677428245545,49.662197,159.92986199855804,No promotion,XGBoost,49.662197,0.0
53,LAWN AND GARDEN,44.1852502822876,146.30406,308.9371886253357,No promotion,XGBoost,198.45184,-52.14778
53,LINGERIE,1.8755924701690674,50.580013,162.97676157951355,No promotion,XGBoost,50.580013,0.0
53,"LIQUOR,WINE,BEER",946.1499214172363,1433.0172,2029.497444000244,No promotion,XGBoost,1638.8446,-205.8274
53,MAGAZINES,3.5334233045578007,27.738121,115.41559664011001,No promotion,XGBoost,27.738121,0.0
53,MEATS,3705.880547241211,4735.3394,6049.637753295899,No promotion,XGBoost,4829.3677,-94.02832
53,PERSONAL CARE,3056.208718017578,3915.1755,5008.93620703125,No promotion,XGBoost,4143.303,-228.12769
53,PET SUPPLIES,0.7190412759780884,49.01821,157.41665445566179,No promotion,XGBoost,49.01821,0.0
53,PLAYERS AND ELECTRONICS,1.9284262657165527,64.65124,181.82589173316956,No promotion,XGBoost,64.65124,0.0
53,POULTRY,2681.981731750488,3409.6272,4305.575361999512,No promotion,XGBoost,3481.7534,-72.12622
53,PREPARED FOODS,633.7671852111816,956.4493,1400.4463344421388,No promotion,XGBoost,956.4493,0.0
53,PRODUCE,25895.48249824219,32575.219,44710.86218261719,No promotion,XGBoost,34176.508,-1601.2891
53,SCHOOL AND OFFICE SUPPLIES,0.0,0.0,63.997666931152345,No promotion,XGBoost,0.0,0.0
53,SEAFOOD,0.0,0.0,89.38141384124756,No promotion,XGBoost,45.99706,-45.99706
54,AUTOMOTIVE,1.5221464395523072,51.481083,164.13769916296005,No promotion,XGBoost,51.481083,0.0
54,BABY CARE,1.0444523692131045,10.693469,85.33656398802995,No promotion,XGBoost,10.693469,0.0
54,BEAUTY,1.7167217373847963,19.209997,104.75838745832444,No promotion,XGBoost,28.196402,-8.986404
54,BEVERAGES,42732.28388984375,49412.02,61547.66357421875,No promotion,XGBoost,54800.42,-5388.4023
54,BOOKS,1.0444523692131045,10.693469,85.33656398802995,No promotion,XGBoost,10.693469,0.0
54,BREAD/BAKERY,3034.1970221557617,3978.41,5182.4393696899415,No promotion,XGBoost,4171.7305,-193.32056
54,CELEBRATION,1.1449834764003755,30.563248,145.7535555690527,No promotion,XGBoost,73.61901,-43.055763
54,CLEANING,13832.221082714845,17562.283,23652.174406738282,No promotion,XGBoost,18343.664,-781.38086
54,DAIRY,3183.0202322387695,4060.7473,5182.7668439331055,No promotion,XGBoost,4309.5894,-248.84204
54,DELI,3007.004540161133,3865.9714,4959.732029174805,No promotion,XGBoost,4070.9495,-204.97803
54,EGGS,686.7784614562988,1064.189,1559.0137351379394,No promotion,XGBoost,1162.2404,-98.05139
54,FROZEN FOODS,362.16480350494385,646.40375,1043.4607000350952,No promotion,XGBoost,706.0325,-59.628723
54,GROCERY I,43517.80146796875,50197.535,62333.18115234375,No promotion,XGBoost,52830.35,-2632.8164
54,GROCERY II,1.9570932388305664,71.92531,217.39239692687988,No promotion,XGBoost,99.75492,-27.829613
54,HARDWARE,1.5097519755363467,13.154263,89.9264430552721,No promotion,XGBoost,13.154263,0.0
54,HOME AND KITCHEN I,142.82142448425293,357.86917,656.7597007751465,No promotion,XGBoost,428.15356,-70.28439
54,HOME AND KITCHEN II,34.01132917404175,145.07297,305.8807473182678,No promotion,XGBoost,163.27232,-18.199356
54,HOME APPLIANCES,0.4629095613956452,10.218924,86.99110456556082,No promotion,XGBoost,10.218924,0.0
54,HOME CARE,2933.720262878418,3773.927,4839.428629211426,No promotion,XGBoost,3972.2012,-198.27417
54,LADIESWEAR,0.47893195152282725,9.278131,83.9212257027626,No promotion,XGBoost,9.278131,0.0
54,LAWN AND GARDEN,0.47893195152282725,9.278131,83.9212257027626,No promotion,XGBoost,9.278131,0.0
54,LINGERIE,2.823745715618134,33.7371,125.93261054158211,No promotion,XGBoost,33.7371,0.0
54,"LIQUOR,WINE,BEER",304.9722213745117,609.4115,1036.4659957885742,No promotion,XGBoost,771.3096,-161.89807
54,MAGAZINES,0.4485096752643586,15.123655,96.15400712490082,No promotion,XGBoost,15.123655,0.0
54,MEATS,470.1044044494629,774.5437,1201.5981788635254,No promotion,XGBoost,813.06714,-38.523438
54,PERSONAL CARE,2259.91184967041,2950.037,3789.4672345581052,No promotion,XGBoost,3140.3787,-190.34155
54,PET SUPPLIES,0.9234875321388245,14.291555,95.32190732955932,No promotion,XGBoost,14.291555,0.0
54,PLAYERS AND ELECTRONICS,1.697289538383484,26.27824,116.08480192068964,No promotion,XGBoost,26.27824,0.0
54,POULTRY,689.7877769470215,1030.7126,1491.652300994873,No promotion,XGBoost,1078.8679,-48.155273
54,PREPARED FOODS,896.8030853271484,1292.4563,1804.2237338256837,No promotion,XGBoost,1292.4563,0.0
54,PRODUCE,8955.286163330078,10915.546,13377.983671142578,No promotion,XGBoost,11524.96,-609.41406
54,SCHOOL AND OFFICE SUPPLIES,0.0,0.0,63.997666931152345,No promotion,XGBoost,0.0,0.0
54,SEAFOOD,0.0,0.049794648,73.08353698030115,No promotion,XGBoost,15.935525,-15.885731
1,AUTOMOTIVE,2.221064567565918,74.97394,199.3154444694519,Current,XGBoost,74.97394,0.0
1,BABY CARE,1.4218222200870516,9.1222725,81.63628170061857,Current,XGBoost,9.1222725,0.0
1,BEAUTY,28.5976244866848,116.14535,243.13567495942115,Current,XGBoost,116.14535,0.0
1,BEVERAGES,28933.644949023437,35023.445,45949.93936132813,Current,XGBoost,35023.445,0.0
1,BOOKS,3.7220517039299015,13.75259,86.26659992039204,Current,XGBoost,13.75259,0.0
1,BREAD/BAKERY,4660.920501098633,5785.8306,7207.63093347168,Current,XGBoost,5785.8306,0.0
1,CELEBRATION,82.66803169250488,266.99005,525.8838558197021,Current,XGBoost,266.99005,0.0
1,CLEANING,9040.132809326173,10867.421,13165.838845458984,Current,XGBoost,10867.421,0.0
1,DAIRY,9684.7436796875,11512.032,13810.449715820312,Current,XGBoost,11512.032,0.0
1,DELI,1657.6673622131348,2235.7485,2916.941758880615,Current,XGBoost,2235.7485,0.0
1,EGGS,1673.7570571899414,2270.081,2968.2168286743163,Current,XGBoost,2270.081,0.0
1,FROZEN FOODS,1440.5371780395508,2000.3756,2664.6261998901364,Current,XGBoost,2000.3756,0.0
1,GROCERY I,35806.86638457031,41896.668,52823.160796875,Current,XGBoost,41896.668,0.0
1,GROCERY II,166.3948049545288,369.83237,646.8991899490356,Current,XGBoost,369.83237,0.0
1,HARDWARE,3.687576654553414,17.838299,96.73956463634967,Current,XGBoost,17.838299,0.0
1,HOME AND KITCHEN I,270.23073863983154,487.1352,784.2003755569458,Current,XGBoost,487.1352,0.0
1,HOME AND KITCHEN II,284.4745988845825,528.31287,865.3747396469116,Current,XGBoost,528.31287,0.0
1,HOME APPLIANCES,2.525651133060456,13.234737,87.87783279120922,Current,XGBoost,13.234737,0.0
1,HOME CARE,2237.3312069702147,2927.4563,3766.88659185791,Current,XGBoost,2927.4563,0.0
1,LADIESWEAR,11.654845714569092,107.198204,243.48447227478027,Current,XGBoost,107.198204,0.0
1,LAWN AND GARDEN,86.01388311386108,263.79517,516.3404688835144,Current,XGBoost,263.79517,0.0
1,LINGERIE,4.421344518661499,72.41276,196.75427150726318,Current,XGBoost,72.41276,0.0
1,"LIQUOR,WINE,BEER",1013.1015625,1499.9689,2096.449085083008,Current,XGBoost,1499.9689,0.0
1,MAGAZINES,1.960808515548706,58.575947,175.7506022453308,Current,XGBoost,58.575947,0.0
1,MEATS,3764.3288994140626,4756.2676,6014.047860107422,Current,XGBoost,4756.2676,0.0
1,PERSONAL CARE,1833.7270568237304,2448.8113,3175.2059509887695,Current,XGBoost,2448.8113,0.0
1,PET SUPPLIES,1.8165948748588563,46.504875,154.38358888626098,Current,XGBoost,46.504875,0.0
1,PLAYERS AND ELECTRONICS,5.96527886390686,92.02165,234.09280347824097,Current,XGBoost,92.02165,0.0
1,POULTRY,4432.6672341308595,5491.0913,6830.881930664063,Current,XGBoost,5491.0913,0.0
1,PREPARED FOODS,582.5561027526855,886.99536,1314.049877166748,Current,XGBoost,886.99536,0.0
1,PRODUCE,32702.411428515625,38792.21,49718.705840820316,Current,XGBoost,38792.21,0.0
1,SCHOOL AND OFFICE SUPPLIES,0.0,0.0,63.997666931152345,Current,XGBoost,0.0,0.0
1,SEAFOOD,92.76904487609863,289.40375,566.4705638885498,Current,XGBoost,289.40375,0.0
2,AUTOMOTIVE,2.533548593521118,65.63858,185.2021827697754,Current,XGBoost,65.63858,0.0
2,BABY CARE,2.322161158919335,17.034428,95.93569465177133,Current,XGBoost,17.034428,0.0
2,BEAUTY,55.347907066345215,200.96294,410.8137288093567,Current,XGBoost,200.96294,0.0
2,BEVERAGES,45024.83784492187,51704.574,63840.217529296875,Current,XGBoost,51704.574,0.0
2,BOOKS,2.322161158919335,17.034428,95.93569465177133,Current,XGBoost,17.034428,0.0
2,BREAD/BAKERY,9066.064025878906,11026.324,13488.761533691406,Current,XGBoost,11026.324,0.0
2,CELEBRATION,49.78520917892456,155.64517,300.1052813529968,Current,XGBoost,155.64517,0.0
2,CLEANING,13943.424756054688,16198.651,19265.664899902342,Current,XGBoost,16198.651,0.0
2,DAIRY,12699.236523632813,14954.464,18021.476667480467,Current,XGBoost,14954.464,0.0
2,DELI,2990.5060294799805,3830.7126,4896.214395812988,Current,XGBoost,3830.7126,0.0
2,EGGS,2325.828927368164,2997.1938,3808.3651895751955,Current,XGBoost,2997.1938,0.0
2,FROZEN FOODS,1389.258918762207,1985.583,2683.718690246582,Current,XGBoost,1985.583,0.0
2,GROCERY I,63227.33174140625,69907.07,82042.71142578125,Current,XGBoost,69907.07,0.0
2,GROCERY II,504.3788757324219,808.8181,1235.8726501464844,Current,XGBoost,808.8181,0.0
2,HARDWARE,2.605749517679215,23.46161,108.75013441443443,Current,XGBoost,23.46161,0.0
2,HOME AND KITCHEN I,171.4655418395996,372.2988,643.6120372619629,Current,XGBoost,372.2988,0.0
2,HOME AND KITCHEN II,397.3847484588623,706.5999,1130.598645767212,Current,XGBoost,706.5999,0.0
2,HOME APPLIANCES,2.4035626053810124,20.83637,103.9958078570664,Current,XGBoost,20.83637,0.0
2,HOME CARE,3703.0093740234374,4599.4966,5749.775108398438,Current,XGBoost,4599.4966,0.0
2,LADIESWEAR,202.38485145568848,412.55585,699.621862411499,Current,XGBoost,412.55585,0.0
2,LAWN AND GARDEN,119.78068923950195,298.42963,544.6264476776123,Current,XGBoost,298.42963,0.0
2,LINGERIE,51.68878364562988,188.02237,395.4842095375061,Current,XGBoost,188.02237,0.0
2,"LIQUOR,WINE,BEER",1156.3335723876953,1606.7152,2169.310345336914,Current,XGBoost,1606.7152,0.0
2,MAGAZINES,5.284388303756714,79.82538,206.55584168434143,Current,XGBoost,79.82538,0.0
2,MEATS,6328.671265942383,8118.4976,10611.441258911133,Current,XGBoost,8118.4976,0.0
2,PERSONAL CARE,3586.073073425293,4463.8003,5585.819685119629,Current,XGBoost,4463.8003,0.0
2,PET SUPPLIES,7.488555431365967,88.45188,219.96024775505066,Current,XGBoost,88.45188,0.0
2,PLAYERS AND ELECTRONICS,4.9070048332214355,85.07359,214.19301056861877,Current,XGBoost,85.07359,0.0
2,POULTRY,6383.32564831543,8144.128,10360.535948608398,Current,XGBoost,8144.128,0.0
2,PREPARED FOODS,1134.6332359313965,1712.7145,2393.9076325988767,Current,XGBoost,1712.7145,0.0
2,PRODUCE,33115.429275585935,39795.164,51930.80895996094,Current,XGBoost,39795.164,0.0
2,SCHOOL AND OFFICE SUPPLIES,0.0,0.0,63.997666931152345,Current,XGBoost,0.0,0.0
2,SEAFOOD,205.00928401947021,433.62408,750.6876163482666,Current,XGBoost,433.62408,0.0
3,AUTOMOTIVE,26.194159030914307,131.62965,284.26359128952026,Current,XGBoost,131.62965,0.0
3,BABY CARE,1.5633393049240114,39.062836,142.42351145744323,Current,XGBoost,39.062836,0.0
3,BEAUTY,128.89919757843018,313.4082,564.1281671524048,Current,XGBoost,313.4082,0.0
3,BEVERAGES,134145.81513984376,140825.55,152961.19482421875,Current,XGBoost,140825.55,0.0
3,BOOKS,3.8545896410942078,32.69912,124.89463245868683,Current,XGBoost,32.69912,0.0
3,BREAD/BAKERY,15961.979456933594,19987.01,26681.475416992187,Current,XGBoost,19987.01,0.0
3,CELEBRATION,446.58927154541016,724.0947,1111.1525421142578,Current,XGBoost,724.0947,0.0
3,CLEANING,27499.716751171876,34179.453,46315.096435546875,Current,XGBoost,34179.453,0.0
3,DAIRY,28606.030471875,35285.766,47421.41015625,Current,XGBoost,35285.766,0.0
3,DELI,5258.376542114258,6620.264,8344.612427368163,Current,XGBoost,6620.264,0.0
3,EGGS,6480.289028808594,8307.577,10605.995064941406,Current,XGBoost,8307.577,0.0
3,FROZEN FOODS,4831.484418579102,6060.401,7620.728832153321,Current,XGBoost,6060.401,0.0
3,GROCERY I,125985.126175,132664.86,144800.505859375,Current,XGBoost,132664.86,0.0
3,GROCERY II,985.2132301330566,1490.3234,2103.746127532959,Current,XGBoost,1490.3234,0.0
3,HARDWARE,1.5491135120391846,51.830376,164.22712683677673,Current,XGBoost,51.830376,0.0
3,HOME AND KITCHEN I,609.4803228378296,907.18616,1324.2414712905884,Current,XGBoost,907.18616,0.0
3,HOME AND KITCHEN II,666.6831207275391,971.1224,1398.1768951416016,Current,XGBoost,971.1224,0.0
3,HOME APPLIANCES,0.7448773384094238,41.37236,148.99120700359344,Current,XGBoost,41.37236,0.0
3,HOME CARE,7035.562132202149,8929.336,11309.763904174804,Current,XGBoost,8929.336,0.0
3,LADIESWEAR,421.0801591873169,705.3191,1102.3760557174683,Current,XGBoost,705.3191,0.0
3,LAWN AND GARDEN,656.7886657714844,979.4707,1423.4678150024415,Current,XGBoost,979.4707,0.0
3,LINGERIE,190.95086765289307,419.57892,736.6424436569214,Current,XGBoost,419.57892,0.0
3,"LIQUOR,WINE,BEER",2938.608985595703,3713.98,4663.679229003907,Current,XGBoost,3713.98,0.0
3,MAGAZINES,119.20247650146484,310.6016,577.6692314147949,Current,XGBoost,310.6016,0.0
3,MEATS,10569.220422753906,13119.415,16791.00320263672,Current,XGBoost,13119.415,0.0
3,PERSONAL CARE,6971.097380004883,8864.871,11245.299151977539,Current,XGBoost,8864.871,0.0
3,PET SUPPLIES,69.0095911026001,253.98766,512.8814601898193,Current,XGBoost,253.98766,0.0
3,PLAYERS AND ELECTRONICS,110.05318355560303,305.8025,572.8701391220093,Current,XGBoost,305.8025,0.0
3,POULTRY,15383.008631738281,19408.04,26102.504591796875,Current,XGBoost,19408.04,0.0
3,PREPARED FOODS,3268.2412923583984,4164.7285,5315.007026733399,Current,XGBoost,4164.7285,0.0
3,PRODUCE,121714.749221875,128394.484,140530.12890625,Current,XGBoost,128394.484,0.0
3,SCHOOL AND OFFICE SUPPLIES,2.5439961314201356,12.830515,85.60439054965973,Current,XGBoost,12.830515,0.0
3,SEAFOOD,872.8558387756348,1286.752,1815.4618620910644,Current,XGBoost,1286.752,0.0
4,AUTOMOTIVE,1.978635311126709,40.08405,142.9249894618988,Current,XGBoost,40.08405,0.0
4,BABY CARE,1.8752375006675723,19.602467,102.76190408021212,Current,XGBoost,19.602467,0.0
4,BEAUTY,69.63297915458679,215.49706,428.74377727508545,Current,XGBoost,215.49706,0.0
4,BEVERAGES,36938.27729804687,43618.01,55753.656982421875,Current,XGBoost,43618.01,0.0
4,BOOKS,2.427894181013108,21.268581,106.81697164922953,Current,XGBoost,21.268581,0.0
4,BREAD/BAKERY,5230.271441162109,6658.645,8465.003062255859,Current,XGBoost,6658.645,0.0
4,CELEBRATION,14.010515689849854,102.46862,236.3659372329712,Current,XGBoost,102.46862,0.0
4,CLEANING,11974.227429394532,14229.454,17296.46757324219,Current,XGBoost,14229.454,0.0
4,DAIRY,11237.202649121095,13492.43,16559.442792968748,Current,XGBoost,13492.43,0.0
4,DELI,2781.412459716797,3565.3386,4546.063458007812,Current,XGBoost,3565.3386,0.0
4,EGGS,1802.3403975219726,2436.1848,3190.838414367676,Current,XGBoost,2436.1848,0.0
4,FROZEN FOODS,1089.1565284729004,1630.7522,2278.060175506592,Current,XGBoost,1630.7522,0.0
4,GROCERY I,49967.5275421875,56647.26,68782.9072265625,Current,XGBoost,56647.26,0.0
4,GROCERY II,194.58576774597168,402.61365,689.6796503067017,Current,XGBoost,402.61365,0.0
4,HARDWARE,2.7104849100112918,29.228775,120.90455518960952,Current,XGBoost,29.228775,0.0
4,HOME AND KITCHEN I,91.54238891601562,258.89093,488.74006271362305,Current,XGBoost,258.89093,0.0
4,HOME AND KITCHEN II,65.02125358581543,199.77582,385.1051092147827,Current,XGBoost,199.77582,0.0
4,HOME APPLIANCES,1.4344220936298373,22.124325,107.41284892559051,Current,XGBoost,22.124325,0.0
4,HOME CARE,3319.882283569336,4216.3696,5366.648017944336,Current,XGBoost,4216.3696,0.0
4,LADIESWEAR,124.85150146484375,325.17334,602.240159034729,Current,XGBoost,325.17334,0.0
4,LAWN AND GARDEN,96.30044841766357,283.62827,552.5212450027466,Current,XGBoost,283.62827,0.0
4,LINGERIE,1.24182525575161,25.523092,117.45873965099454,Current,XGBoost,25.523092,0.0
4,"LIQUOR,WINE,BEER",1153.0923156738281,1566.9884,2095.6983389892575,Current,XGBoost,1566.9884,0.0
4,MAGAZINES,2.8352644443511963,69.236664,191.1892249584198,Current,XGBoost,69.236664,0.0
4,MEATS,4989.878168457031,6085.8228,7482.131110351563,Current,XGBoost,6085.8228,0.0
4,PERSONAL CARE,2996.1522665405273,3873.8794,4995.898878234863,Current,XGBoost,3873.8794,0.0
4,PET SUPPLIES,4.895336151123047,81.34661,210.46602249145508,Current,XGBoost,81.34661,0.0
4,PLAYERS AND ELECTRONICS,10.943414688110352,97.35834,233.64461040496826,Current,XGBoost,97.35834,0.0
4,POULTRY,5373.68119909668,6735.569,8459.917084350585,Current,XGBoost,6735.569,0.0
4,PREPARED FOODS,370.0364685058594,674.4757,1101.5302429199219,Current,XGBoost,674.4757,0.0
4,PRODUCE,30630.5392609375,37310.273,49445.9189453125,Current,XGBoost,37310.273,0.0
4,SCHOOL AND OFFICE SUPPLIES,0.0,0.0,63.997666931152345,Current,XGBoost,0.0,0.0
4,SEAFOOD,106.49337673187256,304.48495,583.3771276473999,Current,XGBoost,304.48495,0.0
5,AUTOMOTIVE,3.355433738231659,46.146595,151.63635573387145,Current,XGBoost,46.146595,0.0
5,BABY CARE,55.2410434961319,82.60995,179.9440932124853,Current,XGBoost,82.60995,0.0
5,BEAUTY,60.53431701660156,218.45642,444.6548888683319,Current,XGBoost,218.45642,0.0
5,BEVERAGES,24225.564895703126,30905.3,43040.944580078125,Current,XGBoost,30905.3,0.0
5,BOOKS,1.4472893953323367,8.843585,81.35759458392859,Current,XGBoost,8.843585,0.0
5,BREAD/BAKERY,4880.783670776367,5976.7285,7373.036612670899,Current,XGBoost,5976.7285,0.0
5,CELEBRATION,60.637611389160156,226.127,468.673134803772,Current,XGBoost,226.127,0.0
5,CLEANING,13766.409423828125,15726.669,18189.106931640625,Current,XGBoost,15726.669,0.0
5,DAIRY,7436.1026611328125,9396.362,11858.800168945312,Current,XGBoost,9396.362,0.0
5,DELI,2888.0628560791015,3784.55,4934.828590454102,Current,XGBoost,3784.55,0.0
5,EGGS,947.8369483947754,1452.947,2066.3698457946775,Current,XGBoost,1452.947,0.0
5,FROZEN FOODS,1090.122142791748,1595.2322,2208.65504019165,Current,XGBoost,1595.2322,0.0
5,GROCERY I,43514.67622382812,50194.41,62330.055908203125,Current,XGBoost,50194.41,0.0
5,GROCERY II,673.0630836486816,1032.2307,1510.1129825134276,Current,XGBoost,1032.2307,0.0
5,HARDWARE,1.5052942216396334,11.921131,86.56422666311263,Current,XGBoost,11.921131,0.0
5,HOME AND KITCHEN I,233.9070529937744,450.81152,747.8766899108887,Current,XGBoost,450.81152,0.0
5,HOME AND KITCHEN II,113.7906265258789,296.86514,555.7589597702026,Current,XGBoost,296.86514,0.0
5,HOME APPLIANCES,2.2274531424045567,11.244419,83.75842899158597,Current,XGBoost,11.244419,0.0
5,HOME CARE,3048.0291799316406,3944.5166,5094.794914306641,Current,XGBoost,3944.5166,0.0
5,LADIESWEAR,38.47166204452515,157.23404,326.21565103530884,Current,XGBoost,157.23404,0.0
5,LAWN AND GARDEN,27.551817417144775,113.34482,258.8119020462036,Current,XGBoost,113.34482,0.0
5,LINGERIE,9.713953018188477,90.62604,222.13440036773682,Current,XGBoost,90.62604,0.0
5,"LIQUOR,WINE,BEER",644.5418815612793,1003.70953,1481.5917804260253,Current,XGBoost,1003.70953,0.0
5,MAGAZINES,2.2166211366653443,51.321285,163.97790018320083,Current,XGBoost,51.321285,0.0
5,MEATS,3193.5184530029296,4090.0059,5240.28418737793,Current,XGBoost,4090.0059,0.0
5,PERSONAL CARE,3185.2408956298827,4081.7283,5232.006630004883,Current,XGBoost,4081.7283,0.0
5,PET SUPPLIES,3.121918606758118,33.981453,132.8240908265114,Current,XGBoost,33.981453,0.0
5,PLAYERS AND ELECTRONICS,3.4537487030029297,59.616837,176.7914891242981,Current,XGBoost,59.616837,0.0
5,POULTRY,2987.3913259887695,3865.1184,4987.1379376831055,Current,XGBoost,3865.1184,0.0
5,PREPARED FOODS,386.61584758758545,684.32166,1101.3769960403442,Current,XGBoost,684.32166,0.0
5,PRODUCE,19301.350344726565,25686.117,37217.18739306641,Current,XGBoost,25686.117,0.0
5,SCHOOL AND OFFICE SUPPLIES,0.0,0.0,63.997666931152345,Current,XGBoost,0.0,0.0
5,SEAFOOD,19.563337218761443,65.64142,174.96419743746517,Current,XGBoost,65.64142,0.0
6,AUTOMOTIVE,1.4997141361236572,62.289337,186.63084864616394,Current,XGBoost,62.289337,0.0
6,BABY CARE,2.3162365853786473,15.012638,91.78481947025284,Current,XGBoost,15.012638,0.0
6,BEAUTY,52.937907218933105,182.56712,367.89640831947327,Current,XGBoost,182.56712,0.0
6,BEVERAGES,52031.04292304687,58710.777,70846.42260742188,Current,XGBoost,58710.777,0.0
6,BOOKS,2.162494450807572,14.37169,91.14387040631846,Current,XGBoost,14.37169,0.0
6,BREAD/BAKERY,7497.0966796875,9457.356,11919.7941875,Current,XGBoost,9457.356,0.0
6,CELEBRATION,40.80778884887695,160.2169,329.19852352142334,Current,XGBoost,160.2169,0.0
6,CLEANING,15857.469387109377,21357.336,31074.67852734375,Current,XGBoost,21357.336,0.0
6,DAIRY,14602.13310625,17742.262,22623.001158203126,Current,XGBoost,17742.262,0.0
6,DELI,4824.854840942383,6053.771,7614.099254516602,Current,XGBoost,6053.771,0.0
6,EGGS,2413.554153137207,3103.6792,3943.109538024902,Current,XGBoost,3103.6792,0.0
6,FROZEN FOODS,1892.677073486328,2545.2817,3328.1942130126954,Current,XGBoost,2545.2817,0.0
6,GROCERY I,72999.24018867187,79678.98,91814.61987304688,Current,XGBoost,79678.98,0.0
6,GROCERY II,325.97417545318604,569.81244,906.8743162155151,Current,XGBoost,569.81244,0.0
6,HARDWARE,2.567098227143288,20.97389,102.00424211025238,Current,XGBoost,20.97389,0.0
6,HOME AND KITCHEN I,368.96421909332275,626.26935,983.3296117782593,Current,XGBoost,626.26935,0.0
6,HOME AND KITCHEN II,523.5730476379395,828.0123,1255.066822052002,Current,XGBoost,828.0123,0.0
6,HOME APPLIANCES,2.050502479076386,14.235322,91.00750270858407,Current,XGBoost,14.235322,0.0
6,HOME CARE,4858.4372962646485,5954.382,7350.69023815918,Current,XGBoost,5954.382,0.0
6,LADIESWEAR,230.65746879577637,454.29538,761.3597316741943,Current,XGBoost,454.29538,0.0
6,LAWN AND GARDEN,88.89932060241699,256.30978,492.50741481781006,Current,XGBoost,256.30978,0.0
6,LINGERIE,179.6079273223877,388.34085,677.232180595398,Current,XGBoost,388.34085,0.0
6,"LIQUOR,WINE,BEER",1179.4323272705078,1629.814,2192.4091002197265,Current,XGBoost,1629.814,0.0
6,MAGAZINES,7.557640552520752,73.52474,193.08834981918335,Current,XGBoost,73.52474,0.0
6,MEATS,6382.7431271972655,8077.0596,10211.45769165039,Current,XGBoost,8077.0596,0.0
6,PERSONAL CARE,4394.609995239258,5490.5547,6886.862937133789,Current,XGBoost,5490.5547,0.0
6,PET SUPPLIES,9.014862060546875,94.49635,230.78262329101562,Current,XGBoost,94.49635,0.0
6,PLAYERS AND ELECTRONICS,48.0669846534729,164.37352,325.18129873275757,Current,XGBoost,164.37352,0.0
6,POULTRY,7801.029844604493,9694.804,12075.231616577148,Current,XGBoost,9694.804,0.0
6,PREPARED FOODS,1017.4216117858887,1449.5605,1995.2130099182127,Current,XGBoost,1449.5605,0.0
6,PRODUCE,35698.2716828125,42378.008,54513.6513671875,Current,XGBoost,42378.008,0.0
6,SCHOOL AND OFFICE SUPPLIES,0.0,0.0,63.997666931152345,Current,XGBoost,0.0,0.0
6,SEAFOOD,343.39184856414795,627.6308,1024.6877450942993,Current,XGBoost,627.6308,0.0
7,AUTOMOTIVE,1.4747285842895508,60.331028,179.89463329315186,Current,XGBoost,60.331028,0.0
7,BABY CARE,2.534302079677582,26.591415,116.13811024427415,Current,XGBoost,26.591415,0.0
7,BEAUTY,77.60205078125,238.66403,464.8624937534332,Current,XGBoost,238.66403,0.0
7,BEVERAGES,58499.77534492187,65179.51,77315.15502929688,Current,XGBoost,65179.51,0.0
7,BOOKS,2.8120283722877506,27.045557,116.5922522187233,Current,XGBoost,27.045557,0.0
7,BREAD/BAKERY,9751.487976074219,11711.748,14174.185483886718,Current,XGBoost,11711.748,0.0
7,CELEBRATION,64.50990962982178,246.37758,505.2713842391968,Current,XGBoost,246.37758,0.0
7,CLEANING,15074.758375195313,18804.822,24894.71169921875,Current,XGBoost,18804.822,0.0
7,DAIRY,16372.11843496094,21871.984,31589.32757519531,Current,XGBoost,21871.984,0.0
7,DELI,2504.765536010742,3251.1711,4175.37828894043,Current,XGBoost,3251.1711,0.0
7,EGGS,3891.8783468017577,4788.3657,5938.644081176758,Current,XGBoost,4788.3657,0.0
7,FROZEN FOODS,2988.6097921142577,3885.0972,5035.375526489258,Current,XGBoost,3885.0972,0.0
7,GROCERY I,59010.16181953125,65689.9,77825.54150390625,Current,XGBoost,65689.9,0.0
7,GROCERY II,325.39977645874023,629.83905,1056.8935508728027,Current,XGBoost,629.83905,0.0
7,HARDWARE,2.1130738258361816,50.389732,160.39753079414368,Current,XGBoost,50.389732,0.0
7,HOME AND KITCHEN I,458.379412651062,760.86115,1174.860683998108,Current,XGBoost,760.86115,0.0
7,HOME AND KITCHEN II,266.38814544677734,516.95984,864.0209121704102,Current,XGBoost,516.95984,0.0
7,HOME APPLIANCES,1.5935081958770754,32.171917,128.36573548316954,Current,XGBoost,32.171917,0.0
7,HOME CARE,3422.1385701904296,4318.626,5468.90430456543,Current,XGBoost,4318.626,0.0
7,LADIESWEAR,54.15129375457764,219.15054,461.6966714859009,Current,XGBoost,219.15054,0.0
7,LAWN AND GARDEN,295.60459327697754,546.1763,893.2373600006104,Current,XGBoost,546.1763,0.0
7,LINGERIE,96.87372851371765,254.88814,478.6976442337036,Current,XGBoost,254.88814,0.0
7,"LIQUOR,WINE,BEER",2144.2684612426756,2853.1538,3720.842968811035,Current,XGBoost,2853.1538,0.0
7,MAGAZINES,27.364559173583984,127.174126,263.46039724349976,Current,XGBoost,127.174126,0.0
7,MEATS,6455.915615722656,8283.204,10581.621651855468,Current,XGBoost,8283.204,0.0
7,PERSONAL CARE,3331.1553853759765,4227.6426,5377.921119750977,Current,XGBoost,4227.6426,0.0
7,PET SUPPLIES,2.2357630729675293,75.17262,201.90308380126953,Current,XGBoost,75.17262,0.0
7,PLAYERS AND ELECTRONICS,35.679444313049316,142.20325,286.6633448600769,Current,XGBoost,142.20325,0.0
7,POULTRY,9165.232788085938,11125.492,13587.930295898437,Current,XGBoost,11125.492,0.0
7,PREPARED FOODS,1609.424819946289,2205.749,2903.884591430664,Current,XGBoost,2205.749,0.0
7,PRODUCE,75761.8371125,82441.57,94577.216796875,Current,XGBoost,82441.57,0.0
7,SCHOOL AND OFFICE SUPPLIES,0.0,0.0,63.997666931152345,Current,XGBoost,0.0,0.0
7,SEAFOOD,335.58050632476807,592.8856,949.9458990097046,Current,XGBoost,592.8856,0.0
8,AUTOMOTIVE,4.470723390579224,84.68687,218.58418774604797,Current,XGBoost,84.68687,0.0
8,BABY CARE,3.4263708114624025,35.275703,131.46952290534972,Current,XGBoost,35.275703,0.0
8,BEAUTY,70.20968770980835,236.21898,470.5912775993347,Current,XGBoost,236.21898,0.0
8,BEVERAGES,68589.64790351562,75269.38,87405.02758789062,Current,XGBoost,75269.38,0.0
8,BOOKS,4.596723067760468,32.692093,124.36787407398224,Current,XGBoost,32.692093,0.0
8,BREAD/BAKERY,12251.167419433594,14211.427,16673.864927246093,Current,XGBoost,14211.427,0.0
8,CELEBRATION,93.71363258361816,283.25098,550.3186054229736,Current,XGBoost,283.25098,0.0
8,CLEANING,16348.20509248047,21553.104,30665.871596679688,Current,XGBoost,21553.104,0.0
8,DAIRY,18368.240163867187,24458.041,35384.53457617188,Current,XGBoost,24458.041,0.0
8,DELI,4025.4085607910156,4988.382,6220.6700310058595,Current,XGBoost,4988.382,0.0
8,EGGS,4410.543315917969,5572.9736,7051.291993652344,Current,XGBoost,5572.9736,0.0
8,FROZEN FOODS,2153.7988948974607,2862.684,3730.37340246582,Current,XGBoost,2862.684,0.0
8,GROCERY I,76348.87275703125,83028.61,95164.25244140625,Current,XGBoost,83028.61,0.0
8,GROCERY II,318.10159492492676,568.6733,915.7343616485596,Current,XGBoost,568.6733,0.0
8,HARDWARE,2.6710002422332764,63.66118,183.2247850894928,Current,XGBoost,63.66118,0.0
8,HOME AND KITCHEN I,475.83309268951416,791.78174,1225.7796159591676,Current,XGBoost,791.78174,0.0
8,HOME AND KITCHEN II,480.0512590408325,777.7571,1194.8124074935913,Current,XGBoost,777.7571,0.0
8,HOME APPLIANCES,1.519096350669861,40.59983,143.70063832998275,Current,XGBoost,40.59983,0.0
8,HOME CARE,5142.571971923829,6305.0024,7783.320649658203,Current,XGBoost,6305.0024,0.0
8,LADIESWEAR,294.2129735946655,524.58435,841.6478624343872,Current,XGBoost,524.58435,0.0
8,LAWN AND GARDEN,317.771653175354,575.0768,932.1370458602905,Current,XGBoost,575.0768,0.0
8,LINGERIE,202.9837999343872,404.38882,681.4556522369385,Current,XGBoost,404.38882,0.0
8,"LIQUOR,WINE,BEER",1780.0833676757811,2451.4482,3262.6196298828127,Current,XGBoost,2451.4482,0.0
8,MAGAZINES,60.2302360534668,237.33163,496.2254409790039,Current,XGBoost,237.33163,0.0
8,MEATS,6263.905204467774,7891.736,9944.124033081054,Current,XGBoost,7891.736,0.0
8,PERSONAL CARE,4657.635875732422,5820.0664,7298.384553466797,Current,XGBoost,5820.0664,0.0
8,PET SUPPLIES,117.9097671508789,313.35532,580.4229688644409,Current,XGBoost,313.35532,0.0
8,PLAYERS AND ELECTRONICS,76.77877712249756,270.5598,537.6274614334106,Current,XGBoost,270.5598,0.0
8,POULTRY,8766.20053100586,10726.46,13188.898038818359,Current,XGBoost,10726.46,0.0
8,PREPARED FOODS,1810.5477552490233,2463.1523,3246.0648947753907,Current,XGBoost,2463.1523,0.0
8,PRODUCE,70782.27534492187,77462.01,89597.65502929688,Current,XGBoost,77462.01,0.0
8,SCHOOL AND OFFICE SUPPLIES,0.0,3.5730023,71.82884063720704,Current,XGBoost,3.5730023,0.0
8,SEAFOOD,424.84870433807373,722.5545,1139.6098527908325,Current,XGBoost,722.5545,0.0
9,AUTOMOTIVE,49.24991416931152,149.30988,285.59614992141724,Current,XGBoost,149.30988,0.0
9,BABY CARE,2.428717517852783,28.887207,120.82285442352295,Current,XGBoost,28.887207,0.0
9,BEAUTY,49.118435859680176,209.72575,435.92421436309814,Current,XGBoost,209.72575,0.0
9,BEVERAGES,52525.07173164062,59204.805,71340.45141601562,Current,XGBoost,59204.805,0.0
9,BOOKS,3.181211167573929,26.587683,114.00529177486897,Current,XGBoost,26.587683,0.0
9,BREAD/BAKERY,7587.139709472656,9547.399,12009.837217285156,Current,XGBoost,9547.399,0.0
9,CELEBRATION,127.30664730072021,320.72235,591.4406747817993,Current,XGBoost,320.72235,0.0
9,CLEANING,21035.05762011719,27419.826,38950.89466845703,Current,XGBoost,27419.826,0.0
9,DAIRY,12586.168347363282,14841.3955,17908.408491210936,Current,XGBoost,14841.3955,0.0
9,DELI,7727.968658447266,9688.229,12150.666166259765,Current,XGBoost,9688.229,0.0
9,EGGS,2968.2096888427736,3714.6155,4638.822441772461,Current,XGBoost,3714.6155,0.0
9,FROZEN FOODS,1200.2844314575195,1760.1229,2424.373453308105,Current,XGBoost,1760.1229,0.0
9,GROCERY I,106095.96601875,112775.7,124911.345703125,Current,XGBoost,112775.7,0.0
9,GROCERY II,91.11172389984131,221.17781,406.5070915222168,Current,XGBoost,221.17781,0.0
9,HARDWARE,2.1115033626556396,34.139645,132.46254988610744,Current,XGBoost,34.139645,0.0
9,HOME AND KITCHEN I,490.8879919052124,788.5938,1205.6491403579712,Current,XGBoost,788.5938,0.0
9,HOME AND KITCHEN II,334.86400413513184,612.3695,999.4272747039795,Current,XGBoost,612.3695,0.0
9,HOME APPLIANCES,2.28678988814354,28.251509,118.05807007104158,Current,XGBoost,28.251509,0.0
9,HOME CARE,6033.624871582031,7727.9414,9862.339436035156,Current,XGBoost,7727.9414,0.0
9,LADIESWEAR,69.2893419265747,207.66376,401.1668758392334,Current,XGBoost,207.66376,0.0
9,LAWN AND GARDEN,36.77646350860596,146.57297,314.9909715652466,Current,XGBoost,146.57297,0.0
9,LINGERIE,115.04579067230225,285.1253,525.282472372055,Current,XGBoost,285.1253,0.0
9,"LIQUOR,WINE,BEER",654.5293579101562,1013.697,1491.5792567749022,Current,XGBoost,1013.697,0.0
9,MAGAZINES,0.7713916301727295,47.53066,157.53845643997192,Current,XGBoost,47.53066,0.0
9,MEATS,4953.7899011230475,6249.192,7891.530050537109,Current,XGBoost,6249.192,0.0
9,PERSONAL CARE,6005.609853759765,7566.955,9537.332946533203,Current,XGBoost,7566.955,0.0
9,PET SUPPLIES,6.561671495437622,88.30265,219.81101655960083,Current,XGBoost,88.30265,0.0
9,PLAYERS AND ELECTRONICS,17.78210163116455,107.08462,246.7668216228485,Current,XGBoost,107.08462,0.0
9,POULTRY,5592.756032958984,7154.101,9124.479125732421,Current,XGBoost,7154.101,0.0
9,PREPARED FOODS,1218.0094451904297,1814.3335,2512.4692166748046,Current,XGBoost,1814.3335,0.0
9,PRODUCE,21856.176076953125,27945.977,38872.470489257816,Current,XGBoost,27945.977,0.0
9,SCHOOL AND OFFICE SUPPLIES,718.028904914856,1052.2203,1503.1608030014038,Current,XGBoost,1052.2203,0.0
9,SEAFOOD,94.66755867004395,270.7414,515.1128768920898,Current,XGBoost,270.7414,0.0
10,AUTOMOTIVE,2.5316771924495702,11.273772,83.78778218925,Current,XGBoost,11.273772,0.0
10,BABY CARE,0.8234040319919587,4.6558895,72.91172806322575,Current,XGBoost,4.6558895,0.0
10,BEAUTY,32.18088437318802,92.048386,198.8374736452475,Current,XGBoost,92.048386,0.0
10,BEVERAGES,15976.585012500002,22066.387,32992.87942480469,Current,XGBoost,22066.387,0.0
10,BOOKS,0.8234040319919587,4.6558895,72.91172806322575,Current,XGBoost,4.6558895,0.0
10,BREAD/BAKERY,1188.311378479004,1784.6355,2482.771149963379,Current,XGBoost,1784.6355,0.0
10,CELEBRATION,1.9768580406904221,23.655588,108.94411232173442,Current,XGBoost,23.655588,0.0
10,CLEANING,9373.6650390625,11333.925,13796.362546875,Current,XGBoost,11333.925,0.0
10,DAIRY,4154.941611328125,5117.9146,6350.203081542969,Current,XGBoost,5117.9146,0.0
10,DELI,3360.216252685547,4256.7036,5406.981987060547,Current,XGBoost,4256.7036,0.0
10,EGGS,455.1394958496094,746.1119,1153.1680183410645,Current,XGBoost,746.1119,0.0
10,FROZEN FOODS,250.22107219696045,480.5924,797.6559610366821,Current,XGBoost,480.5924,0.0
10,GROCERY I,34842.69868476562,41522.434,53658.078369140625,Current,XGBoost,41522.434,0.0
10,GROCERY II,23.166351318359375,109.66475,252.7428834438324,Current,XGBoost,109.66475,0.0
10,HARDWARE,0.7807756543159485,4.2856045,72.5414427831769,Current,XGBoost,4.2856045,0.0
10,HOME AND KITCHEN I,46.23339366912842,176.18323,361.512508392334,Current,XGBoost,176.18323,0.0
10,HOME AND KITCHEN II,10.81482065320015,81.460625,212.853862708807,Current,XGBoost,81.460625,0.0
10,HOME APPLIANCES,0.1711748361587525,5.4185524,75.80347645580768,Current,XGBoost,5.4185524,0.0
10,HOME CARE,2303.2106990966795,3012.096,3879.785206665039,Current,XGBoost,3012.096,0.0
10,LADIESWEAR,2.270193159580231,15.409762,92.18194312602282,Current,XGBoost,15.409762,0.0
10,LAWN AND GARDEN,0.33370583057403574,3.8081198,72.06395813971758,Current,XGBoost,3.8081198,0.0
10,LINGERIE,1.7061019957065584,8.696855,79.08177878260612,Current,XGBoost,8.696855,0.0
10,"LIQUOR,WINE,BEER",89.72940301895142,260.81345,495.1857376098633,Current,XGBoost,260.81345,0.0
10,MAGAZINES,1.618252992630005,8.700551,81.21456094533205,Current,XGBoost,8.700551,0.0
10,MEATS,1946.0147673339843,2579.8594,3334.5127841796875,Current,XGBoost,2579.8594,0.0
10,PERSONAL CARE,2219.29905670166,2909.424,3748.8544415893552,Current,XGBoost,2909.424,0.0
10,PET SUPPLIES,2.276748925447464,12.813206,87.45630044341087,Current,XGBoost,12.813206,0.0
10,PLAYERS AND ELECTRONICS,2.8490321874618534,36.265125,132.9786749124527,Current,XGBoost,36.265125,0.0
10,POULTRY,1668.6803099365234,2302.525,3057.1783267822266,Current,XGBoost,2302.525,0.0
10,PREPARED FOODS,202.21727561950684,412.38828,699.4542865753174,Current,XGBoost,412.38828,0.0
10,PRODUCE,3475.4712423095702,4371.9585,5522.23697668457,Current,XGBoost,4371.9585,0.0
10,SCHOOL AND OFFICE SUPPLIES,364.1507682800293,532.2593,777.4824680671692,Current,XGBoost,532.2593,0.0
10,SEAFOOD,1.769749641418457,8.070984,76.58668851852417,Current,XGBoost,8.070984,0.0
11,AUTOMOTIVE,7.077768325805664,89.821526,223.7188413143158,Current,XGBoost,89.821526,0.0
11,BABY CARE,1.5086403608322145,32.822376,129.01619548797606,Current,XGBoost,32.822376,0.0
11,BEAUTY,30.38149929046631,138.36032,308.34891963005066,Current,XGBoost,138.36032,0.0
11,BEVERAGES,71073.08686835937,77752.82,89888.46655273438,Current,XGBoost,77752.82,0.0
11,BOOKS,3.181211167573929,26.587683,114.00529177486897,Current,XGBoost,26.587683,0.0
11,BREAD/BAKERY,9732.213439941406,11692.474,14154.910947753906,Current,XGBoost,11692.474,0.0
11,CELEBRATION,205.3444128036499,415.5154,702.5814237594604,Current,XGBoost,415.5154,0.0
11,CLEANING,25639.480300976564,32319.215,44454.85998535156,Current,XGBoost,32319.215,0.0
11,DAIRY,9531.136047363281,11491.3955,13953.833555175781,Current,XGBoost,11491.3955,0.0
11,DELI,6845.407806396484,8805.668,11268.105314208984,Current,XGBoost,8805.668,0.0
11,EGGS,2741.178704284668,3506.3447,4458.810579895019,Current,XGBoost,3506.3447,0.0
11,FROZEN FOODS,1073.8364944458008,1560.7037,2157.1840170288087,Current,XGBoost,1560.7037,0.0
11,GROCERY I,117151.83467109375,123831.57,135967.21435546875,Current,XGBoost,123831.57,0.0
11,GROCERY II,309.05637645721436,552.89465,889.9565172195435,Current,XGBoost,552.89465,0.0
11,HARDWARE,2.743241894245148,31.402802,125.46753542423248,Current,XGBoost,31.402802,0.0
11,HOME AND KITCHEN I,260.7447729110718,504.583,841.6449136734009,Current,XGBoost,504.583,0.0
11,HOME AND KITCHEN II,131.33692359924316,318.52057,577.4143772125244,Current,XGBoost,318.52057,0.0
11,HOME APPLIANCES,3.1986952960491184,30.238714,122.17436062693596,Current,XGBoost,30.238714,0.0
11,HOME CARE,6382.542295776368,8276.316,10656.744067749023,Current,XGBoost,8276.316,0.0
11,LADIESWEAR,90.79389381408691,238.17152,439.84848403930664,Current,XGBoost,238.17152,0.0
11,LAWN AND GARDEN,1.4741267025470735,43.117104,148.60686356425285,Current,XGBoost,43.117104,0.0
11,LINGERIE,4.760836124420166,92.34036,228.6266324520111,Current,XGBoost,92.34036,0.0
11,"LIQUOR,WINE,BEER",537.9973917007446,853.946,1287.943914970398,Current,XGBoost,853.946,0.0
11,MAGAZINES,1.541745662689209,46.690205,156.69800233840942,Current,XGBoost,46.690205,0.0
11,MEATS,8669.826110839844,10630.086,13092.523618652343,Current,XGBoost,10630.086,0.0
11,PERSONAL CARE,5470.996689819336,6832.8843,8557.232575073242,Current,XGBoost,6832.8843,0.0
11,PET SUPPLIES,1.6847901344299316,47.246284,157.25408387184143,Current,XGBoost,47.246284,0.0
11,PLAYERS AND ELECTRONICS,54.002662658691406,190.94292,384.4460325241089,Current,XGBoost,190.94292,0.0
11,POULTRY,5129.788225830078,6558.1616,8364.519846923828,Current,XGBoost,6558.1616,0.0
11,PREPARED FOODS,1012.3795394897461,1608.7036,2306.839310974121,Current,XGBoost,1608.7036,0.0
11,PRODUCE,19673.95849902344,26058.727,37589.79554736328,Current,XGBoost,26058.727,0.0
11,SCHOOL AND OFFICE SUPPLIES,348.9984722137451,586.1033,913.1659870147705,Current,XGBoost,586.1033,0.0
11,SEAFOOD,42.271074056625366,148.38667,304.41654896736145,Current,XGBoost,148.38667,0.0
12,AUTOMOTIVE,4.2132347345352175,39.45984,138.04260809421538,Current,XGBoost,39.45984,0.0
12,BABY CARE,1.7587494492530824,6.097953,74.35379115268589,Current,XGBoost,6.097953,0.0
12,BEAUTY,17.107791498303413,60.06784,157.56098973825573,Current,XGBoost,60.06784,0.0
12,BEVERAGES,22125.951004101564,28805.686,40941.33068847656,Current,XGBoost,28805.686,0.0
12,BOOKS,1.7587494492530824,6.097953,74.35379115268589,Current,XGBoost,6.097953,0.0
12,BREAD/BAKERY,2336.7381007080076,3083.1438,4007.3508536376953,Current,XGBoost,3083.1438,0.0
12,CELEBRATION,14.469228982925415,91.818756,226.72305345535278,Current,XGBoost,91.818756,0.0
12,CLEANING,10909.456909179688,12869.717,15332.154416992187,Current,XGBoost,12869.717,0.0
12,DAIRY,5937.446101196289,7698.2485,9914.656401489257,Current,XGBoost,7698.2485,0.0
12,DELI,3168.7867025146484,4065.2742,5215.552436889649,Current,XGBoost,4065.2742,0.0
12,EGGS,761.7536125183105,1120.9213,1598.8035113830565,Current,XGBoost,1120.9213,0.0
12,FROZEN FOODS,357.7899007797241,628.56195,1005.6205453872681,Current,XGBoost,628.56195,0.0
12,GROCERY I,41357.9748078125,48037.71,60173.3544921875,Current,XGBoost,48037.71,0.0
12,GROCERY II,52.23200869560242,163.35316,321.7719931602478,Current,XGBoost,163.35316,0.0
12,HARDWARE,1.1813286244869234,11.977201,86.62029719948768,Current,XGBoost,11.977201,0.0
12,HOME AND KITCHEN I,96.49033164978027,266.43494,508.9810619354248,Current,XGBoost,266.43494,0.0
12,HOME AND KITCHEN II,63.84962177276611,197.94301,383.2722864151001,Current,XGBoost,197.94301,0.0
12,HOME APPLIANCES,1.5547353923320772,5.7484407,74.00427930951119,Current,XGBoost,5.7484407,0.0
12,HOME CARE,2336.3081538085935,3082.7139,4006.9209067382812,Current,XGBoost,3082.7139,0.0
12,LADIESWEAR,0.8914000988006592,64.86222,186.8147795200348,Current,XGBoost,64.86222,0.0
12,LAWN AND GARDEN,1.1464866638183595,5.11985,73.3756886959076,Current,XGBoost,5.11985,0.0
12,LINGERIE,107.84927248954773,275.7316,513.4998133182526,Current,XGBoost,275.7316,0.0
12,"LIQUOR,WINE,BEER",482.3343629837036,766.5733,1163.630259513855,Current,XGBoost,766.5733,0.0
12,MAGAZINES,3.460090708732605,12.671306,83.05622969865799,Current,XGBoost,12.671306,0.0
12,MEATS,1897.9170653076171,2531.7615,3286.4150821533203,Current,XGBoost,2531.7615,0.0
12,PERSONAL CARE,2250.461095825195,2959.3464,3827.0356033935545,Current,XGBoost,2959.3464,0.0
12,PET SUPPLIES,3.066382390260697,13.865996,88.5090914428234,Current,XGBoost,13.865996,0.0
12,PLAYERS AND ELECTRONICS,3.6539167523384095,46.92433,150.02513859272003,Current,XGBoost,46.92433,0.0
12,POULTRY,2045.7258971557617,2660.8103,3387.2047913208007,Current,XGBoost,2660.8103,0.0
12,PREPARED FOODS,250.32876586914062,473.96667,781.0310287475586,Current,XGBoost,473.96667,0.0
12,PRODUCE,5088.4602181396485,6317.3765,7877.7046317138675,Current,XGBoost,6317.3765,0.0
12,SCHOOL AND OFFICE SUPPLIES,290.6242914199829,455.13794,713.3558928489686,Current,XGBoost,455.13794,0.0
12,SEAFOOD,1.433199405670166,14.035667,87.06941022872925,Current,XGBoost,14.035667,0.0
13,AUTOMOTIVE,6.417360681295395,34.378017,126.8333961315453,Current,XGBoost,34.378017,0.0
13,BABY CARE,1.2882019370794298,5.178194,73.43403256833554,Current,XGBoost,5.178194,0.0
13,BEAUTY,8.580894428491593,37.57991,129.7754259184003,Current,XGBoost,37.57991,0.0
13,BEVERAGES,19532.43135078125,26212.166,38347.81103515625,Current,XGBoost,26212.166,0.0
13,BOOKS,1.2882019370794298,5.178194,73.43403256833554,Current,XGBoost,5.178194,0.0
13,BREAD/BAKERY,1688.02685546875,2284.351,2982.486626953125,Current,XGBoost,2284.351,0.0
13,CELEBRATION,2.876593589782715,52.42686,164.8236105442047,Current,XGBoost,52.42686,0.0
13,CLEANING,9848.368286132812,11808.628,14271.065793945312,Current,XGBoost,11808.628,0.0
13,DAIRY,3897.387366333008,4860.3604,6092.648836547852,Current,XGBoost,4860.3604,0.0
13,DELI,2114.003161437988,2766.608,3549.5203009643556,Current,XGBoost,2766.608,0.0
13,EGGS,617.4514465332031,921.8907,1348.9452209472656,Current,XGBoost,921.8907,0.0
13,FROZEN FOODS,295.3132514953613,532.418,859.4807662963867,Current,XGBoost,532.418,0.0
13,GROCERY I,39095.4728546875,45775.207,57910.8525390625,Current,XGBoost,45775.207,0.0
13,GROCERY II,67.24196147918701,195.59123,372.7466793060303,Current,XGBoost,195.59123,0.0
13,HARDWARE,0.7710854887962342,5.204501,73.46033912301064,Current,XGBoost,5.204501,0.0
13,HOME AND KITCHEN I,78.11856365203857,239.60672,459.4566869735718,Current,XGBoost,239.60672,0.0
13,HOME AND KITCHEN II,46.992857933044434,216.40082,450.77312088012695,Current,XGBoost,216.40082,0.0
13,HOME APPLIANCES,0.608554494380951,5.139658,75.52458221018314,Current,XGBoost,5.139658,0.0
13,HOME CARE,1971.438490234375,2586.5227,3312.917384399414,Current,XGBoost,2586.5227,0.0
13,LADIESWEAR,1.6563179433345796,10.397797,85.04089242815971,Current,XGBoost,10.397797,0.0
13,LAWN AND GARDEN,0.7710854887962342,4.3304243,72.58626287579537,Current,XGBoost,4.3304243,0.0
13,LINGERIE,1.7353304564952852,14.177007,93.07827365547419,Current,XGBoost,14.177007,0.0
13,"LIQUOR,WINE,BEER",378.18946647644043,642.228,1009.2874851226807,Current,XGBoost,642.228,0.0
13,MAGAZINES,1.852785295248032,10.140989,84.7840847665444,Current,XGBoost,10.140989,0.0
13,MEATS,2048.238996826172,2663.3232,3389.717890991211,Current,XGBoost,2663.3232,0.0
13,PERSONAL CARE,2308.9723905029296,2980.3374,3791.508652709961,Current,XGBoost,2980.3374,0.0
13,PET SUPPLIES,1.815537387132645,9.774844,80.15976817505434,Current,XGBoost,9.774844,0.0
13,PLAYERS AND ELECTRONICS,3.287685489654541,64.433304,181.8678273320198,Current,XGBoost,64.433304,0.0
13,POULTRY,1148.663688659668,1672.0166,2302.3819608764647,Current,XGBoost,1672.0166,0.0
13,PREPARED FOODS,152.65384006500244,343.36517,602.2589902877808,Current,XGBoost,343.36517,0.0
13,PRODUCE,2616.893471740723,3382.0593,4334.525347351074,Current,XGBoost,3382.0593,0.0
13,SCHOOL AND OFFICE SUPPLIES,640.9823150634766,901.8741,1243.3071527366637,Current,XGBoost,901.8741,0.0
13,SEAFOOD,1.1597247123718262,11.084607,84.1183496952057,Current,XGBoost,11.084607,0.0
14,AUTOMOTIVE,4.148133671283722,46.823574,148.05516296923162,Current,XGBoost,46.823574,0.0
14,BABY CARE,1.752194392681122,13.183527,89.95570769906044,Current,XGBoost,13.183527,0.0
14,BEAUTY,10.106478214263916,67.695885,186.13738249838352,Current,XGBoost,67.695885,0.0
14,BEVERAGES,18327.592727734376,25007.328,37142.972412109375,Current,XGBoost,25007.328,0.0
14,BOOKS,1.752194392681122,13.183527,89.95570769906044,Current,XGBoost,13.183527,0.0
14,BREAD/BAKERY,2141.1057341918945,2756.19,3482.5846283569335,Current,XGBoost,2756.19,0.0
14,CELEBRATION,18.23276948928833,111.51499,247.801260471344,Current,XGBoost,111.51499,0.0
14,CLEANING,14387.120850585938,17822.217,23307.531538574218,Current,XGBoost,17822.217,0.0
14,DAIRY,5371.296255126953,6932.641,8903.01934790039,Current,XGBoost,6932.641,0.0
14,DELI,3653.5205892333984,4550.008,5700.286323608399,Current,XGBoost,4550.008,0.0
14,EGGS,417.76256275177,715.4684,1132.5237112045288,Current,XGBoost,715.4684,0.0
14,FROZEN FOODS,480.855673789978,778.5615,1195.6168222427368,Current,XGBoost,778.5615,0.0
14,GROCERY I,41350.846878125,48030.582,60166.2265625,Current,XGBoost,48030.582,0.0
14,GROCERY II,77.92803716659546,222.61298,424.28993558883667,Current,XGBoost,222.61298,0.0
14,HARDWARE,1.6863043785095218,15.223429,94.12469568997622,Current,XGBoost,15.223429,0.0
14,HOME AND KITCHEN I,113.46878290176392,291.26105,543.806351184845,Current,XGBoost,291.26105,0.0
14,HOME AND KITCHEN II,79.26292991638184,242.74023,477.1125240325928,Current,XGBoost,242.74023,0.0
14,HOME APPLIANCES,2.117094147205353,13.35684,90.12902118265629,Current,XGBoost,13.35684,0.0
14,HOME CARE,2846.015487060547,3629.9417,4610.666485351562,Current,XGBoost,3629.9417,0.0
14,LADIESWEAR,1.8920409560203555,19.357536,102.51697508692742,Current,XGBoost,19.357536,0.0
14,LAWN AND GARDEN,2.050622129440308,11.751612,86.3947069555521,Current,XGBoost,11.751612,0.0
14,LINGERIE,3.3358988702297214,30.912107,118.58958392441272,Current,XGBoost,30.912107,0.0
14,"LIQUOR,WINE,BEER",206.53537559509277,429.56134,736.6257057189941,Current,XGBoost,429.56134,0.0
14,MAGAZINES,1.29326508641243,21.171232,108.58884137496352,Current,XGBoost,21.171232,0.0
14,MEATS,3505.930498474121,4516.6294,5802.668581848145,Current,XGBoost,4516.6294,0.0
14,PERSONAL CARE,3469.8057454833984,4366.293,5516.571479858399,Current,XGBoost,4366.293,0.0
14,PET SUPPLIES,0.8673091292381288,23.377464,113.18402548134327,Current,XGBoost,23.377464,0.0
14,PLAYERS AND ELECTRONICS,1.3918154358863832,45.624916,151.37454117536544,Current,XGBoost,45.624916,0.0
14,POULTRY,1076.2128143310547,1526.5945,2089.1895872802734,Current,XGBoost,1526.5945,0.0
14,PREPARED FOODS,868.7009925842285,1373.811,1987.2338899841307,Current,XGBoost,1373.811,0.0
14,PRODUCE,5759.005454711914,7386.8364,9439.224283325195,Current,XGBoost,7386.8364,0.0
14,SCHOOL AND OFFICE SUPPLIES,42.60459518432617,127.45236,282.1184863090515,Current,XGBoost,127.45236,0.0
14,SEAFOOD,4.862166231870651,27.757067,117.13848059773446,Current,XGBoost,27.757067,0.0
15,AUTOMOTIVE,3.1054248690605166,36.639774,133.09345905780793,Current,XGBoost,36.639774,0.0
15,BABY CARE,2.5229282617568973,28.743023,116.68036424815655,Current,XGBoost,28.743023,0.0
15,BEAUTY,11.519390064477921,64.69764,181.26991977095605,Current,XGBoost,64.69764,0.0
15,BEVERAGES,22419.320755078126,29099.057,41234.700439453125,Current,XGBoost,29099.057,0.0
15,BOOKS,1.5821656495332719,11.057692,85.70078711807727,Current,XGBoost,11.057692,0.0
15,BREAD/BAKERY,2091.877682373047,2725.7222,3480.37569921875,Current,XGBoost,2725.7222,0.0
15,CELEBRATION,2.375080049037934,23.757322,111.43479821681976,Current,XGBoost,23.757322,0.0
15,CLEANING,12361.666870117188,14321.927,16784.364377929687,Current,XGBoost,14321.927,0.0
15,DAIRY,5037.160567626954,6332.5625,7974.900717041016,Current,XGBoost,6332.5625,0.0
15,DELI,3826.4490255126952,4722.9365,5873.214759887695,Current,XGBoost,4722.9365,0.0
15,EGGS,996.2241134643555,1483.0914,2079.5716360473634,Current,XGBoost,1483.0914,0.0
15,FROZEN FOODS,639.3436241149902,980.2685,1441.2081481628418,Current,XGBoost,980.2685,0.0
15,GROCERY I,39160.47138984375,45840.207,57975.85107421875,Current,XGBoost,45840.207,0.0
15,GROCERY II,27.243102550506592,121.46239,266.92947363853455,Current,XGBoost,121.46239,0.0
15,HARDWARE,2.3996971249580388,15.81051,92.58269131183624,Current,XGBoost,15.81051,0.0
15,HOME AND KITCHEN I,144.53139400482178,345.48517,632.5511569976807,Current,XGBoost,345.48517,0.0
15,HOME AND KITCHEN II,68.47898197174072,230.5637,464.93600273132324,Current,XGBoost,230.5637,0.0
15,HOME APPLIANCES,1.0109207808971408,10.530269,87.30244943499565,Current,XGBoost,10.530269,0.0
15,HOME CARE,2848.771117248535,3726.4983,4848.517728942871,Current,XGBoost,3726.4983,0.0
15,LADIESWEAR,8.24293041229248,89.06209,221.5774323940277,Current,XGBoost,89.06209,0.0
15,LAWN AND GARDEN,1.0109207808971408,9.62578,84.2688752323389,Current,XGBoost,9.62578,0.0
15,LINGERIE,2.5235080480575562,38.57931,134.77312835007905,Current,XGBoost,38.57931,0.0
15,"LIQUOR,WINE,BEER",280.25217151641846,497.15662,794.2218084335327,Current,XGBoost,497.15662,0.0
15,MAGAZINES,2.760342597961426,19.083755,100.11410771608352,Current,XGBoost,19.083755,0.0
15,MEATS,1604.809959411621,2201.134,2899.269730895996,Current,XGBoost,2201.134,0.0
15,PERSONAL CARE,2400.058864929199,3127.7043,4023.6524951782226,Current,XGBoost,3127.7043,0.0
15,PET SUPPLIES,2.7162797749042515,17.428083,96.32935118079186,Current,XGBoost,17.428083,0.0
15,PLAYERS AND ELECTRONICS,0.24493718147277832,43.870426,156.2671778202057,Current,XGBoost,43.870426,0.0
15,POULTRY,1196.666633605957,1792.9907,2491.126405090332,Current,XGBoost,1792.9907,0.0
15,PREPARED FOODS,347.9308662414551,638.90326,1045.9593887329102,Current,XGBoost,638.90326,0.0
15,PRODUCE,9509.24635029297,11764.474,14831.486494140625,Current,XGBoost,11764.474,0.0
15,SCHOOL AND OFFICE SUPPLIES,683.7891387939453,944.6809,1286.1139764671325,Current,XGBoost,944.6809,0.0
15,SEAFOOD,3.7712889075279237,22.570957,100.12273756340146,Current,XGBoost,22.570957,0.0
16,AUTOMOTIVE,0.7818808376789095,33.900368,133.00287204757333,Current,XGBoost,33.900368,0.0
16,BABY CARE,1.808017069101334,8.138383,78.52330751363188,Current,XGBoost,8.138383,0.0
16,BEAUTY,6.73266408443451,24.753815,103.91494692862034,Current,XGBoost,24.753815,0.0
16,BEVERAGES,16740.606618945312,22830.408,33756.90103125,Current,XGBoost,22830.408,0.0
16,BOOKS,1.808017069101334,8.124288,78.50921199023723,Current,XGBoost,8.124288,0.0
16,BREAD/BAKERY,1904.479794189453,2538.3242,3292.9778110351563,Current,XGBoost,2538.3242,0.0
16,CELEBRATION,2.5852363377809526,54.103302,162.50174760371448,Current,XGBoost,54.103302,0.0
16,CLEANING,12838.620434765626,15093.848,18160.86057861328,Current,XGBoost,15093.848,0.0
16,DAIRY,3516.1551717529296,4412.6426,5562.92090612793,Current,XGBoost,4412.6426,0.0
16,DELI,2169.156091064453,2840.521,3651.6923532714845,Current,XGBoost,2840.521,0.0
16,EGGS,1840.2248700561524,2511.5898,3322.7611322631838,Current,XGBoost,2511.5898,0.0
16,FROZEN FOODS,372.70930767059326,661.7241,1055.7253270950318,Current,XGBoost,661.7241,0.0
16,GROCERY I,29161.43232734375,35841.168,47976.81201171875,Current,XGBoost,35841.168,0.0
16,GROCERY II,18.98272297382355,97.40948,235.9695723414421,Current,XGBoost,97.40948,0.0
16,HARDWARE,1.4334157645702366,11.552699,86.19579390287399,Current,XGBoost,11.552699,0.0
16,HOME AND KITCHEN I,35.31621503829956,157.10133,326.0829424858093,Current,XGBoost,157.10133,0.0
16,HOME AND KITCHEN II,35.57148313522339,141.92822,286.3883218765259,Current,XGBoost,141.92822,0.0
16,HOME APPLIANCES,1.1354623556137087,7.700099,80.21410853117705,Current,XGBoost,7.700099,0.0
16,HOME CARE,2304.9073635864256,2995.0325,3834.462748474121,Current,XGBoost,2995.0325,0.0
16,LADIESWEAR,1.4030540168285373,7.0313864,77.41631014198065,Current,XGBoost,7.0313864,0.0
16,LAWN AND GARDEN,1.4030540168285373,7.0313864,77.41631014198065,Current,XGBoost,7.0313864,0.0
16,LINGERIE,1.9559011638164523,16.875484,95.7767515271902,Current,XGBoost,16.875484,0.0
16,"LIQUOR,WINE,BEER",711.1467323303223,1070.3145,1548.1966311950682,Current,XGBoost,1070.3145,0.0
16,MAGAZINES,2.3414383769035343,13.074114,87.71720955371856,Current,XGBoost,13.074114,0.0
16,MEATS,501.7752113342285,806.2145,1233.268985748291,Current,XGBoost,806.2145,0.0
16,PERSONAL CARE,1732.5148588867187,2366.3594,3121.012875732422,Current,XGBoost,2366.3594,0.0
16,PET SUPPLIES,1.4747739017009738,16.733837,99.89327500462532,Current,XGBoost,16.733837,0.0
16,PLAYERS AND ELECTRONICS,1.9996312946081163,32.9168,125.1123164743185,Current,XGBoost,32.9168,0.0
16,POULTRY,757.7430953979492,1135.1536,1629.9783690795898,Current,XGBoost,1135.1536,0.0
16,PREPARED FOODS,231.18056106567383,454.81845,761.8828239440918,Current,XGBoost,454.81845,0.0
16,PRODUCE,7730.8994140625,9691.159,12153.596921875,Current,XGBoost,9691.159,0.0
16,SCHOOL AND OFFICE SUPPLIES,0.0,0.0,63.997666931152345,Current,XGBoost,0.0,0.0
16,SEAFOOD,0.0,0.0,63.997666931152345,Current,XGBoost,0.0,0.0
17,AUTOMOTIVE,18.244327068328857,100.760864,229.88027811050415,Current,XGBoost,100.760864,0.0
17,BABY CARE,1.1620299041271211,24.362637,113.90933212041855,Current,XGBoost,24.362637,0.0
17,BEAUTY,29.846556425094604,125.2199,276.47186827659607,Current,XGBoost,125.2199,0.0
17,BEVERAGES,48538.08149726562,55217.816,67353.46118164062,Current,XGBoost,55217.816,0.0
17,BOOKS,2.1064710259437565,19.51131,102.67074881196022,Current,XGBoost,19.51131,0.0
17,BREAD/BAKERY,4841.257579833985,6003.688,7482.00625756836,Current,XGBoost,6003.688,0.0
17,CELEBRATION,2.577669382095337,75.68225,204.80166172981262,Current,XGBoost,75.68225,0.0
17,CLEANING,15111.40001298828,18251.53,23132.268064941407,Current,XGBoost,18251.53,0.0
17,DAIRY,11003.649597167969,12963.909,15426.347104980468,Current,XGBoost,12963.909,0.0
17,DELI,7230.621183715821,9124.3955,11504.822955688476,Current,XGBoost,9124.3955,0.0
17,EGGS,2649.0292186889646,3357.9146,4225.6037262573245,Current,XGBoost,3357.9146,0.0
17,FROZEN FOODS,1236.7145309448242,1833.0386,2531.174302429199,Current,XGBoost,1833.0386,0.0
17,GROCERY I,67857.76948554687,74537.51,86673.14916992188,Current,XGBoost,74537.51,0.0
17,GROCERY II,79.57758140563965,230.35114,442.0272693634033,Current,XGBoost,230.35114,0.0
17,HARDWARE,1.8144489109516144,25.160393,117.09603953137994,Current,XGBoost,25.160393,0.0
17,HOME AND KITCHEN I,161.8778419494629,355.10202,622.169659614563,Current,XGBoost,355.10202,0.0
17,HOME AND KITCHEN II,90.29062938690186,279.5826,546.650242805481,Current,XGBoost,279.5826,0.0
17,HOME APPLIANCES,1.1656832277774811,23.137308,110.55491675436497,Current,XGBoost,23.137308,0.0
17,HOME CARE,4362.278130249024,5391.737,6706.035336303711,Current,XGBoost,5391.737,0.0
17,LADIESWEAR,2.8877977669239048,20.782639,101.8129915997386,Current,XGBoost,20.782639,0.0
17,LAWN AND GARDEN,2.1809613049030308,17.382277,98.41262936890125,Current,XGBoost,17.382277,0.0
17,LINGERIE,85.32448291778564,215.02208,416.57879543304443,Current,XGBoost,215.02208,0.0
17,"LIQUOR,WINE,BEER",466.233434677124,775.4486,1199.4473319854737,Current,XGBoost,775.4486,0.0
17,MAGAZINES,1.4943149089813232,42.160774,152.16857314109802,Current,XGBoost,42.160774,0.0
17,MEATS,3598.5884298095702,4495.0757,5645.35416418457,Current,XGBoost,4495.0757,0.0
17,PERSONAL CARE,3707.5350256347656,4670.5083,5902.7964958496095,Current,XGBoost,4670.5083,0.0
17,PET SUPPLIES,2.350608539581299,34.244003,132.82677431106566,Current,XGBoost,34.244003,0.0
17,PLAYERS AND ELECTRONICS,8.825028896331787,92.02139,223.52976274490356,Current,XGBoost,92.02139,0.0
17,POULTRY,4741.69016809082,5970.6064,7530.934581665039,Current,XGBoost,5970.6064,0.0
17,PREPARED FOODS,488.38959884643555,792.82886,1219.883373260498,Current,XGBoost,792.82886,0.0
17,PRODUCE,19638.121511523437,25727.922,36654.41592382813,Current,XGBoost,25727.922,0.0
17,SCHOOL AND OFFICE SUPPLIES,109.92234230041504,204.6274,376.59918880462646,Current,XGBoost,204.6274,0.0
17,SEAFOOD,76.86731481552124,242.58879,476.96109437942505,Current,XGBoost,242.58879,0.0
18,AUTOMOTIVE,3.0650902628898624,38.336956,135.05050858259202,Current,XGBoost,38.336956,0.0
18,BABY CARE,1.6041933834552768,13.921972,90.69415380060673,Current,XGBoost,13.921972,0.0
18,BEAUTY,42.40909385681152,150.79094,324.1754674911499,Current,XGBoost,150.79094,0.0
18,BEVERAGES,35323.456253125,42003.19,54138.8359375,Current,XGBoost,42003.19,0.0
18,BOOKS,1.2937315881252291,11.81635,88.5885312706232,Current,XGBoost,11.81635,0.0
18,BREAD/BAKERY,8486.130676269531,10446.391,12908.828184082031,Current,XGBoost,10446.391,0.0
18,CELEBRATION,5.236591577529907,71.53344,191.0970447063446,Current,XGBoost,71.53344,0.0
18,CLEANING,8420.552276611328,10380.8125,12843.249784423828,Current,XGBoost,10380.8125,0.0
18,DAIRY,9597.486450195312,11557.746,14020.183958007812,Current,XGBoost,11557.746,0.0
18,DELI,3284.4132010498047,4143.38,5237.1406900634765,Current,XGBoost,4143.38,0.0
18,EGGS,2570.4372126464846,3316.843,4241.049965576172,Current,XGBoost,3316.843,0.0
18,FROZEN FOODS,769.6615600585938,1128.8292,1606.7114589233397,Current,XGBoost,1128.8292,0.0
18,GROCERY I,42429.10664375,49108.844,61244.486328125,Current,XGBoost,49108.844,0.0
18,GROCERY II,63.80427169799805,188.83784,359.64479637145996,Current,XGBoost,188.83784,0.0
18,HARDWARE,0.4186711072921753,14.539635,95.5699873112142,Current,XGBoost,14.539635,0.0
18,HOME AND KITCHEN I,319.4105501174927,563.2488,900.3106908798218,Current,XGBoost,563.2488,0.0
18,HOME AND KITCHEN II,103.62008476257324,268.79138,494.98984813690186,Current,XGBoost,268.79138,0.0
18,HOME APPLIANCES,2.6296003222465516,14.608706,89.25180164575576,Current,XGBoost,14.608706,0.0
18,HOME CARE,2785.89779888916,3626.1045,4691.606165222168,Current,XGBoost,3626.1045,0.0
18,LADIESWEAR,24.74019193649292,114.90531,248.80263233184814,Current,XGBoost,114.90531,0.0
18,LAWN AND GARDEN,11.014853513240814,71.2682,194.4876062631607,Current,XGBoost,71.2682,0.0
18,LINGERIE,82.39972710609436,227.05899,437.9167561531067,Current,XGBoost,227.05899,0.0
18,"LIQUOR,WINE,BEER",691.5543518066406,1032.4792,1493.4188758544922,Current,XGBoost,1032.4792,0.0
18,MAGAZINES,1.1027824342250825,19.055593,104.34411693587899,Current,XGBoost,19.055593,0.0
18,MEATS,1473.0764624328613,2088.6782,2826.38910446167,Current,XGBoost,2088.6782,0.0
18,PERSONAL CARE,2453.232448913574,3180.878,4076.8260791625976,Current,XGBoost,3180.878,0.0
18,PET SUPPLIES,1.011872446537018,38.12754,138.8393970489502,Current,XGBoost,38.12754,0.0
18,PLAYERS AND ELECTRONICS,0.7418146133422852,64.29988,186.25243663787842,Current,XGBoost,64.29988,0.0
18,POULTRY,2709.5076135253908,3493.4336,4474.158611816406,Current,XGBoost,3493.4336,0.0
18,PREPARED FOODS,578.0306854248047,900.71277,1344.7098346557618,Current,XGBoost,900.71277,0.0
18,PRODUCE,26662.41235644531,33047.18,44578.24940478516,Current,XGBoost,33047.18,0.0
18,SCHOOL AND OFFICE SUPPLIES,528.445650100708,819.418,1226.474172592163,Current,XGBoost,819.418,0.0
18,SEAFOOD,49.68567085266113,167.75256,342.5190646648407,Current,XGBoost,167.75256,0.0
19,AUTOMOTIVE,1.4947885990142824,53.626846,164.15437562465667,Current,XGBoost,53.626846,0.0
19,BABY CARE,1.248299050331116,6.9464817,77.33140537068248,Current,XGBoost,6.9464817,0.0
19,BEAUTY,20.647221487760543,74.456116,186.77022679150105,Current,XGBoost,74.456116,0.0
19,BEVERAGES,35822.78486640625,42502.52,54638.16455078125,Current,XGBoost,42502.52,0.0
19,BOOKS,1.0432589530944825,6.2912583,76.67618227349594,Current,XGBoost,6.2912583,0.0
19,BREAD/BAKERY,2151.547967285156,2822.9128,3634.0842294921877,Current,XGBoost,2822.9128,0.0
19,CELEBRATION,0.7824982762336732,47.590862,157.8585254907608,Current,XGBoost,47.590862,0.0
19,CLEANING,12728.834680566406,15279.029,18950.61746044922,Current,XGBoost,15279.029,0.0
19,DAIRY,4971.2019173583985,6200.118,7760.4463309326175,Current,XGBoost,6200.118,0.0
19,DELI,4182.569573120118,5212.0283,6526.326779174805,Current,XGBoost,5212.0283,0.0
19,EGGS,748.3693466186523,1144.0226,1655.7899951171876,Current,XGBoost,1144.0226,0.0
19,FROZEN FOODS,430.51819610595703,734.95746,1162.0119705200195,Current,XGBoost,734.95746,0.0
19,GROCERY I,49337.35005195312,56017.086,68152.72973632812,Current,XGBoost,56017.086,0.0
19,GROCERY II,342.44661235809326,586.28485,923.3467531204224,Current,XGBoost,586.28485,0.0
19,HARDWARE,2.5986810386180883,10.737537,83.25154725909233,Current,XGBoost,10.737537,0.0
19,HOME AND KITCHEN I,126.18237018585205,303.58185,549.7786750793457,Current,XGBoost,303.58185,0.0
19,HOME AND KITCHEN II,40.691102504730225,159.09685,319.90462493896484,Current,XGBoost,159.09685,0.0
19,HOME APPLIANCES,1.3565676450729371,7.148842,77.5337657213211,Current,XGBoost,7.148842,0.0
19,HOME CARE,2492.1656764526365,3219.8113,4115.7593067016605,Current,XGBoost,3219.8113,0.0
19,LADIESWEAR,7.020202398300171,79.55925,203.9007637500763,Current,XGBoost,79.55925,0.0
19,LAWN AND GARDEN,1.3791976213455202,5.352561,73.60839965343476,Current,XGBoost,5.352561,0.0
19,LINGERIE,2.143263149261475,41.11316,142.6046161070466,Current,XGBoost,41.11316,0.0
19,"LIQUOR,WINE,BEER",460.9015951156616,731.67365,1108.7322397232056,Current,XGBoost,731.67365,0.0
19,MAGAZINES,1.3735967516899112,16.709124,97.73947672098875,Current,XGBoost,16.709124,0.0
19,MEATS,1606.210735961914,2240.0552,2994.708752807617,Current,XGBoost,2240.0552,0.0
19,PERSONAL CARE,2460.050609924316,3187.696,4083.6442401733398,Current,XGBoost,3187.696,0.0
19,PET SUPPLIES,2.5321728825569156,14.031996,92.93326219320298,Current,XGBoost,14.031996,0.0
19,PLAYERS AND ELECTRONICS,1.97007874250412,47.17279,155.05150089263915,Current,XGBoost,47.17279,0.0
19,POULTRY,1740.5965048522949,2356.1982,3093.9091468811034,Current,XGBoost,2356.1982,0.0
19,PREPARED FOODS,165.7297592163086,362.43387,629.5015182495117,Current,XGBoost,362.43387,0.0
19,PRODUCE,6258.094996459961,8018.8975,10235.30529675293,Current,XGBoost,8018.8975,0.0
19,SCHOOL AND OFFICE SUPPLIES,816.4277877807617,1151.8601,1572.5603885231017,Current,XGBoost,1151.8601,0.0
19,SEAFOOD,2.4364590644836426,19.180227,100.38780584335328,Current,XGBoost,19.180227,0.0
20,AUTOMOTIVE,10.677411794662476,93.981964,223.1013786792755,Current,XGBoost,93.981964,0.0
20,BABY CARE,2.0895256102085114,25.943464,115.75002524256706,Current,XGBoost,25.943464,0.0
20,BEAUTY,38.79264760017395,155.6635,330.4299919605255,Current,XGBoost,155.6635,0.0
20,BEVERAGES,51577.26802070312,58257.004,70392.64770507812,Current,XGBoost,58257.004,0.0
20,BOOKS,1.8186601340770723,22.598225,110.01583351194859,Current,XGBoost,22.598225,0.0
20,BREAD/BAKERY,6988.12789440918,8748.931,10965.338194702148,Current,XGBoost,8748.931,0.0
20,CELEBRATION,14.900517463684082,103.029434,234.5377984046936,Current,XGBoost,103.029434,0.0
20,CLEANING,16398.725893066407,21308.658,29816.84976123047,Current,XGBoost,21308.658,0.0
20,DAIRY,11561.378308300782,13816.605,16883.618452148436,Current,XGBoost,13816.605,0.0
20,DELI,9942.308239941407,12197.535,15264.548383789062,Current,XGBoost,12197.535,0.0
20,EGGS,1554.3536062316894,2188.7156,2954.685370941162,Current,XGBoost,2188.7156,0.0
20,FROZEN FOODS,961.9590797424316,1394.0979,1939.7504778747557,Current,XGBoost,1394.0979,0.0
20,GROCERY I,84746.66572578125,91426.4,103562.04541015625,Current,XGBoost,91426.4,0.0
20,GROCERY II,79.47889852523804,242.50157,478.6992163658142,Current,XGBoost,242.50157,0.0
20,HARDWARE,2.876070255041123,26.915676,114.33328554779291,Current,XGBoost,26.915676,0.0
20,HOME AND KITCHEN I,250.35196781158447,487.45676,814.5194826126099,Current,XGBoost,487.45676,0.0
20,HOME AND KITCHEN II,134.06279850006104,330.00208,598.8950538635254,Current,XGBoost,330.00208,0.0
20,HOME APPLIANCES,2.650774890184403,23.984686,111.40229625999928,Current,XGBoost,23.984686,0.0
20,HOME CARE,4749.1113411865235,5978.0273,7538.3557547607425,Current,XGBoost,5978.0273,0.0
20,LADIESWEAR,13.29733395576477,93.23929,219.96975076198578,Current,XGBoost,93.23929,0.0
20,LAWN AND GARDEN,55.531057596206665,165.46962,333.8876299858093,Current,XGBoost,165.46962,0.0
20,LINGERIE,8.975141048431396,79.68207,215.59334301948547,Current,XGBoost,79.68207,0.0
20,"LIQUOR,WINE,BEER",579.4151878356934,920.3401,1381.279711883545,Current,XGBoost,920.3401,0.0
20,MAGAZINES,1.7303530752658847,34.34335,133.18598749041558,Current,XGBoost,34.34335,0.0
20,MEATS,4585.13851550293,5747.569,7225.887193237305,Current,XGBoost,5747.569,0.0
20,PERSONAL CARE,4663.867292114258,5892.7837,7453.111705688477,Current,XGBoost,5892.7837,0.0
20,PET SUPPLIES,2.0889222621917725,66.96948,191.3109953403473,Current,XGBoost,66.96948,0.0
20,PLAYERS AND ELECTRONICS,5.525325298309326,86.34654,215.4659559726715,Current,XGBoost,86.34654,0.0
20,POULTRY,4420.381269165039,5649.2974,7209.625682739258,Current,XGBoost,5649.2974,0.0
20,PREPARED FOODS,635.1823692321777,1012.59283,1507.4176429138183,Current,XGBoost,1012.59283,0.0
20,PRODUCE,14295.6802015625,18320.71,25015.176161621093,Current,XGBoost,18320.71,0.0
20,SCHOOL AND OFFICE SUPPLIES,380.88059759140015,632.193,981.0793814659119,Current,XGBoost,632.193,0.0
20,SEAFOOD,85.57719802856445,243.8719,465.54721879959106,Current,XGBoost,243.8719,0.0
21,AUTOMOTIVE,7.546206712722778,88.196014,217.31542873382568,Current,XGBoost,88.196014,0.0
21,BABY CARE,2.0367327600717546,14.069958,90.84213908016682,Current,XGBoost,14.069958,0.0
21,BEAUTY,17.696081161499023,100.291466,240.98064613342285,Current,XGBoost,100.291466,0.0
21,BEVERAGES,41817.91206367187,48497.65,60633.291748046875,Current,XGBoost,48497.65,0.0
21,BOOKS,1.2783594220876695,10.128186,84.77128179967403,Current,XGBoost,10.128186,0.0
21,BREAD/BAKERY,6534.246790893555,8295.049,10511.457091186523,Current,XGBoost,8295.049,0.0
21,CELEBRATION,3.231848955154419,72.71477,194.6673288345337,Current,XGBoost,72.71477,0.0
21,CLEANING,16813.50599580078,22018.404,31131.1725,Current,XGBoost,22018.404,0.0
21,DAIRY,9054.56753540039,11014.827,13477.26504321289,Current,XGBoost,11014.827,0.0
21,DELI,4637.528835327149,5799.9595,7278.277513061524,Current,XGBoost,5799.9595,0.0
21,EGGS,3914.552092895508,5039.462,6461.262525268555,Current,XGBoost,5039.462,0.0
21,FROZEN FOODS,1090.816219970703,1560.4756,2162.6458634643554,Current,XGBoost,1560.4756,0.0
21,GROCERY I,62875.27070625,69555.01,81690.650390625,Current,XGBoost,69555.01,0.0
21,GROCERY II,87.6788558959961,270.5663,541.2846517562866,Current,XGBoost,270.5663,0.0
21,HARDWARE,2.5998716294765476,14.076076,92.97734188437462,Current,XGBoost,14.076076,0.0
21,HOME AND KITCHEN I,411.38671588897705,695.6256,1092.6826124191284,Current,XGBoost,695.6256,0.0
21,HOME AND KITCHEN II,347.6757106781006,638.6481,1045.7042331695557,Current,XGBoost,638.6481,0.0
21,HOME APPLIANCES,1.3628000855445863,9.624231,84.26732661426067,Current,XGBoost,9.624231,0.0
21,HOME CARE,4308.680275634766,5338.139,6652.437481689453,Current,XGBoost,5338.139,0.0
21,LADIESWEAR,1.1516833066940309,47.146782,157.4144480586052,Current,XGBoost,47.146782,0.0
21,LAWN AND GARDEN,22.20425922870636,81.4095,205.033509516716,Current,XGBoost,81.4095,0.0
21,LINGERIE,21.446675300598145,111.46704,245.36436009407043,Current,XGBoost,111.46704,0.0
21,"LIQUOR,WINE,BEER",1077.1745567321777,1491.0707,2019.7805800476074,Current,XGBoost,1491.0707,0.0
21,MAGAZINES,1.2172800749540331,24.294361,111.97183632329106,Current,XGBoost,24.294361,0.0
21,MEATS,1359.85400390625,1956.1781,2654.313775390625,Current,XGBoost,1956.1781,0.0
21,PERSONAL CARE,3884.0081809692383,4894.707,6180.746264343262,Current,XGBoost,4894.707,0.0
21,PET SUPPLIES,1.441078168153763,31.732357,126.05695659071208,Current,XGBoost,31.732357,0.0
21,PLAYERS AND ELECTRONICS,0.996117925643921,49.792576,160.0602409005165,Current,XGBoost,49.792576,0.0
21,POULTRY,2165.210290283203,2836.5752,3647.7465524902345,Current,XGBoost,2836.5752,0.0
21,PREPARED FOODS,1720.5275328979492,2335.6118,3062.006427062988,Current,XGBoost,2335.6118,0.0
21,PRODUCE,18885.55140595703,24090.451,33203.21791015625,Current,XGBoost,24090.451,0.0
21,SCHOOL AND OFFICE SUPPLIES,0.3164966225624085,0.7571804,64.7548473238945,Current,XGBoost,0.7571804,0.0
21,SEAFOOD,15.601175308227539,90.5674,226.73853859901428,Current,XGBoost,90.5674,0.0
22,AUTOMOTIVE,1.373052564263344,34.072605,132.91524380743505,Current,XGBoost,34.072605,0.0
22,BABY CARE,2.1678015887737274,10.220686,82.7346953123808,Current,XGBoost,10.220686,0.0
22,BEAUTY,7.420918372273445,51.585888,158.86222850680352,Current,XGBoost,51.585888,0.0
22,BEVERAGES,20798.76033027344,27478.496,39614.14001464844,Current,XGBoost,27478.496,0.0
22,BOOKS,1.808017069101334,8.124288,78.50921199023723,Current,XGBoost,8.124288,0.0
22,BREAD/BAKERY,1974.0323149414062,2607.8767,3362.5303317871094,Current,XGBoost,2607.8767,0.0
22,CELEBRATION,9.557335710525512,83.88127,208.48264471292495,Current,XGBoost,83.88127,0.0
22,CLEANING,8030.8956298828125,9991.155,12453.593137695312,Current,XGBoost,9991.155,0.0
22,DAIRY,4779.39234387207,5875.337,7271.645285766602,Current,XGBoost,5875.337,0.0
22,DELI,2166.02949810791,2818.6343,3601.5466376342774,Current,XGBoost,2818.6343,0.0
22,EGGS,625.4084815979004,984.5762,1462.4583804626463,Current,XGBoost,984.5762,0.0
22,FROZEN FOODS,619.7527770996094,960.6777,1421.617301147461,Current,XGBoost,960.6777,0.0
22,GROCERY I,34898.6720734375,41578.406,53714.0517578125,Current,XGBoost,41578.406,0.0
22,GROCERY II,81.21925497055054,216.81497,410.3180956840515,Current,XGBoost,216.81497,0.0
22,HARDWARE,2.1799504399299625,12.869325,89.64150600135326,Current,XGBoost,12.869325,0.0
22,HOME AND KITCHEN I,140.08420085906982,322.71243,575.2577438354492,Current,XGBoost,322.71243,0.0
22,HOME AND KITCHEN II,133.39913845062256,331.85184,608.9186697006226,Current,XGBoost,331.85184,0.0
22,HOME APPLIANCES,1.9222345888614658,9.446375,81.96038487255574,Current,XGBoost,9.446375,0.0
22,HOME CARE,2250.4712429199217,2959.3564,3827.045750488281,Current,XGBoost,2959.3564,0.0
22,LADIESWEAR,3.3792560994625096,19.356892,98.25815928876399,Current,XGBoost,19.356892,0.0
22,LAWN AND GARDEN,1.4030540168285373,7.0313864,77.41631014198065,Current,XGBoost,7.0313864,0.0
22,LINGERIE,1.8879993915557862,48.417095,161.07371131181716,Current,XGBoost,48.417095,0.0
22,"LIQUOR,WINE,BEER",844.2447471618652,1239.8981,1751.6653956604005,Current,XGBoost,1239.8981,0.0
22,MAGAZINES,2.0870382428169254,18.225094,99.51531180888415,Current,XGBoost,18.225094,0.0
22,MEATS,1093.4043998718262,1671.4857,2352.6787965393064,Current,XGBoost,1671.4857,0.0
22,PERSONAL CARE,2028.7593565063476,2681.364,3464.276496032715,Current,XGBoost,2681.364,0.0
22,PET SUPPLIES,2.5363466739654545,17.182976,96.0842427700758,Current,XGBoost,17.182976,0.0
22,PLAYERS AND ELECTRONICS,3.7649106979370117,56.141903,168.5386518239975,Current,XGBoost,56.141903,0.0
22,POULTRY,1950.6818968505859,2584.5264,3339.179913696289,Current,XGBoost,2584.5264,0.0
22,PREPARED FOODS,322.5695924758911,593.3416,970.4002370834351,Current,XGBoost,593.3416,0.0
22,PRODUCE,6528.0696090087895,8421.844,10802.271380981445,Current,XGBoost,8421.844,0.0
22,SCHOOL AND OFFICE SUPPLIES,93.07937335968018,173.57686,323.7249507904053,Current,XGBoost,173.57686,0.0
22,SEAFOOD,1.9649572134017945,10.03292,80.67771043777466,Current,XGBoost,10.03292,0.0
23,AUTOMOTIVE,2.054829376935959,23.87099,111.28860101103783,Current,XGBoost,23.87099,0.0
23,BABY CARE,1.8694633901119233,12.378296,87.02139077931642,Current,XGBoost,12.378296,0.0
23,BEAUTY,50.2388801574707,167.20695,339.5844991207123,Current,XGBoost,167.20695,0.0
23,BEVERAGES,19559.78425605469,26239.52,38375.16394042969,Current,XGBoost,26239.52,0.0
23,BOOKS,1.8694633901119233,12.378296,87.02139077931642,Current,XGBoost,12.378296,0.0
23,BREAD/BAKERY,3650.794927001953,4547.282,5697.560661376953,Current,XGBoost,4547.282,0.0
23,CELEBRATION,119.34759616851807,284.14645,510.34493017196655,Current,XGBoost,284.14645,0.0
23,CLEANING,7541.735168457031,9501.995,11964.432676269531,Current,XGBoost,9501.995,0.0
23,DAIRY,6531.085479736328,8491.346,10953.782987548828,Current,XGBoost,8491.346,0.0
23,DELI,1733.4538040161133,2329.7778,3027.913575500488,Current,XGBoost,2329.7778,0.0
23,EGGS,256.7122526168823,473.6167,770.6818895339966,Current,XGBoost,473.6167,0.0
23,FROZEN FOODS,803.1101570129395,1235.249,1780.9015551452635,Current,XGBoost,1235.249,0.0
23,GROCERY I,30202.454422070314,36882.19,49017.83410644531,Current,XGBoost,36882.19,0.0
23,GROCERY II,226.12966346740723,436.30066,723.3666744232178,Current,XGBoost,436.30066,0.0
23,HARDWARE,2.602767360210419,14.967004,89.61009867340326,Current,XGBoost,14.967004,0.0
23,HOME AND KITCHEN I,103.53237724304199,265.78983,493.8136262893677,Current,XGBoost,265.78983,0.0
23,HOME AND KITCHEN II,90.95223426818848,271.25882,521.9787921905518,Current,XGBoost,271.25882,0.0
23,HOME APPLIANCES,1.7702823340892793,12.838422,87.48151702284812,Current,XGBoost,12.838422,0.0
23,HOME CARE,1664.5951080322266,2260.9192,2959.0548795166014,Current,XGBoost,2260.9192,0.0
23,LADIESWEAR,35.34395122528076,133.99763,270.2839050292969,Current,XGBoost,133.99763,0.0
23,LAWN AND GARDEN,2.0958842217922213,26.167383,113.58499253541231,Current,XGBoost,26.167383,0.0
23,LINGERIE,8.193120241165161,53.195778,162.34133434742688,Current,XGBoost,53.195778,0.0
23,"LIQUOR,WINE,BEER",700.5709800720215,1059.7386,1537.6208789367674,Current,XGBoost,1059.7386,0.0
23,MAGAZINES,3.7855351328849793,42.35907,145.45987901687622,Current,XGBoost,42.35907,0.0
23,MEATS,8240.017692260742,9867.849,11920.236520874023,Current,XGBoost,9867.849,0.0
23,PERSONAL CARE,2027.5288817138671,2661.3733,3416.0268985595703,Current,XGBoost,2661.3733,0.0
23,PET SUPPLIES,3.2374510645866397,40.174286,141.4058739423752,Current,XGBoost,40.174286,0.0
23,PLAYERS AND ELECTRONICS,2.0820538997650146,59.91162,177.08627343177795,Current,XGBoost,59.91162,0.0
23,POULTRY,4095.9665,5125.4253,6439.723706054688,Current,XGBoost,5125.4253,0.0
23,PREPARED FOODS,223.8041763305664,420.5083,687.5759353637695,Current,XGBoost,420.5083,0.0
23,PRODUCE,15951.87242607422,20566.838,28470.453658203125,Current,XGBoost,20566.838,0.0
23,SCHOOL AND OFFICE SUPPLIES,0.0,0.0,63.997666931152345,Current,XGBoost,0.0,0.0
23,SEAFOOD,16.79146672487259,49.585285,147.48304168507457,Current,XGBoost,49.585285,0.0
24,AUTOMOTIVE,2.7673916816711426,46.636063,151.865957736969,Current,XGBoost,46.636063,0.0
24,BABY CARE,3.056003797054291,30.000946,121.67672710418701,Current,XGBoost,30.000946,0.0
24,BEAUTY,45.24784183502197,169.60837,358.33358669281006,Current,XGBoost,169.60837,0.0
24,BEVERAGES,50694.6681671875,57374.402,69510.0478515625,Current,XGBoost,57374.402,0.0
24,BOOKS,2.3320633411407474,31.582832,125.90743234157563,Current,XGBoost,31.582832,0.0
24,BREAD/BAKERY,10488.760498046875,12449.0205,14911.458005859375,Current,XGBoost,12449.0205,0.0
24,CELEBRATION,57.456756591796875,212.61266,438.8111209869385,Current,XGBoost,212.61266,0.0
24,CLEANING,15070.184303320313,19390.182,26689.22289941406,Current,XGBoost,19390.182,0.0
24,DAIRY,16027.118020117188,21821.951,32143.86979638672,Current,XGBoost,21821.951,0.0
24,DELI,3794.207753540039,4690.6953,5840.973487915039,Current,XGBoost,4690.6953,0.0
24,EGGS,2982.937920288086,3841.9048,4935.665409301758,Current,XGBoost,3841.9048,0.0
24,FROZEN FOODS,2082.6144100952147,2772.7395,3612.16979498291,Current,XGBoost,2772.7395,0.0
24,GROCERY I,60939.33930976562,67619.08,79754.71899414062,Current,XGBoost,67619.08,0.0
24,GROCERY II,314.14470386505127,584.91675,961.9753484725952,Current,XGBoost,584.91675,0.0
24,HARDWARE,1.3085479497909547,34.915955,133.23885790109634,Current,XGBoost,34.915955,0.0
24,HOME AND KITCHEN I,251.1913242340088,474.82922,781.8935871124268,Current,XGBoost,474.82922,0.0
24,HOME AND KITCHEN II,323.86956787109375,587.90814,954.967586517334,Current,XGBoost,587.90814,0.0
24,HOME APPLIANCES,2.9022895574569705,31.74782,125.81255232095718,Current,XGBoost,31.74782,0.0
24,HOME CARE,3721.9836171875,4618.471,5768.7493515625,Current,XGBoost,4618.471,0.0
24,LADIESWEAR,54.11316251754761,154.9329,291.21918058395386,Current,XGBoost,154.9329,0.0
24,LAWN AND GARDEN,364.56884384155273,628.6074,995.666862487793,Current,XGBoost,628.6074,0.0
24,LINGERIE,18.931891441345215,113.79832,250.08458423614502,Current,XGBoost,113.79832,0.0
24,"LIQUOR,WINE,BEER",1187.7339363098145,1729.3296,2376.637583343506,Current,XGBoost,1729.3296,0.0
24,MAGAZINES,40.76428508758545,151.05783,303.6917657852173,Current,XGBoost,151.05783,0.0
24,MEATS,5631.0953210449225,6926.497,8568.835470458984,Current,XGBoost,6926.497,0.0
24,PERSONAL CARE,3756.749760986328,4653.2373,5803.515495361328,Current,XGBoost,4653.2373,0.0
24,PET SUPPLIES,45.92883777618408,202.68195,437.05424308776855,Current,XGBoost,202.68195,0.0
24,PLAYERS AND ELECTRONICS,19.538912773132324,117.23649,253.52275705337524,Current,XGBoost,117.23649,0.0
24,POULTRY,7139.221618652344,9099.481,11561.919126464843,Current,XGBoost,9099.481,0.0
24,PREPARED FOODS,1188.5664367675781,1784.8905,2483.026208251953,Current,XGBoost,1784.8905,0.0
24,PRODUCE,54218.69697578125,60898.434,73034.07666015625,Current,XGBoost,60898.434,0.0
24,SCHOOL AND OFFICE SUPPLIES,0.0,0.0,63.997666931152345,Current,XGBoost,0.0,0.0
24,SEAFOOD,192.6094446182251,402.78046,689.8464555740356,Current,XGBoost,402.78046,0.0
25,AUTOMOTIVE,1.8354422807693482,31.59401,129.91691414117813,Current,XGBoost,31.59401,0.0
25,BABY CARE,2.55329903960228,10.830613,81.21553733870387,Current,XGBoost,10.830613,0.0
25,BEAUTY,97.2586350440979,228.19452,414.5307823419571,Current,XGBoost,228.19452,0.0
25,BEVERAGES,23831.9279328125,30511.662,42647.3076171875,Current,XGBoost,30511.662,0.0
25,BOOKS,2.271429389715195,10.008158,80.39308204427361,Current,XGBoost,10.008158,0.0
25,BREAD/BAKERY,4249.380910278321,5145.868,6296.14664465332,Current,XGBoost,5145.868,0.0
25,CELEBRATION,1.1925694942474365,57.11809,171.90379309654236,Current,XGBoost,57.11809,0.0
25,CLEANING,5390.030991577149,6751.919,8476.266876831054,Current,XGBoost,6751.919,0.0
25,DAIRY,6446.18890222168,8339.963,10720.390674194336,Current,XGBoost,8339.963,0.0
25,DELI,1648.7727127075195,2245.097,2943.2324841918944,Current,XGBoost,2245.097,0.0
25,EGGS,1098.5247421264648,1658.3633,2322.6137639770504,Current,XGBoost,1658.3633,0.0
25,FROZEN FOODS,1113.0810057373046,1546.2546,2114.539899597168,Current,XGBoost,1546.2546,0.0
25,GROCERY I,21432.6701203125,28112.406,40248.0498046875,Current,XGBoost,28112.406,0.0
25,GROCERY II,56.06917381286621,223.5394,466.0855293273926,Current,XGBoost,223.5394,0.0
25,HARDWARE,2.38442374765873,13.639155,88.28225067108869,Current,XGBoost,13.639155,0.0
25,HOME AND KITCHEN I,130.62054634094238,315.3391,566.0590877532959,Current,XGBoost,315.3391,0.0
25,HOME AND KITCHEN II,135.6480097770691,314.04047,558.4119458198547,Current,XGBoost,314.04047,0.0
25,HOME APPLIANCES,0.6174248278141024,11.425602,88.19778336584568,Current,XGBoost,11.425602,0.0
25,HOME CARE,1040.755168914795,1618.8364,2300.029565582275,Current,XGBoost,1618.8364,0.0
25,LADIESWEAR,1.6912726610898974,8.799822,79.18474567979574,Current,XGBoost,8.799822,0.0
25,LAWN AND GARDEN,256.02844619750977,493.13324,820.1959609985352,Current,XGBoost,493.13324,0.0
25,LINGERIE,1.0669978618621827,42.335907,147.82566610574722,Current,XGBoost,42.335907,0.0
25,"LIQUOR,WINE,BEER",1910.462847717285,2563.0676,3345.9799872436524,Current,XGBoost,2563.0676,0.0
25,MAGAZINES,3.182219982147217,83.26219,214.77055644989014,Current,XGBoost,83.26219,0.0
25,MEATS,2530.852889709473,3220.978,4060.4082745971677,Current,XGBoost,3220.978,0.0
25,PERSONAL CARE,1137.1711654663086,1733.4952,2431.6309369506835,Current,XGBoost,1733.4952,0.0
25,PET SUPPLIES,1.0930588304996491,44.36477,152.2434813439846,Current,XGBoost,44.36477,0.0
25,PLAYERS AND ELECTRONICS,1.5123584270477295,68.47356,190.4261131286621,Current,XGBoost,68.47356,0.0
25,POULTRY,1983.1280638427734,2616.9727,3371.6260806884766,Current,XGBoost,2616.9727,0.0
25,PREPARED FOODS,214.28235626220703,424.45337,711.5193672180176,Current,XGBoost,424.45337,0.0
25,PRODUCE,18254.108766601563,23164.041,31672.232634765624,Current,XGBoost,23164.041,0.0
25,SCHOOL AND OFFICE SUPPLIES,0.0,0.0,63.997666931152345,Current,XGBoost,0.0,0.0
25,SEAFOOD,19.296058654785156,43.88407,133.26548709869385,Current,XGBoost,43.88407,0.0
26,AUTOMOTIVE,7.025077080726623,50.08893,155.57869032621383,Current,XGBoost,50.08893,0.0
26,BABY CARE,1.4186079442501072,8.219141,78.60406542122364,Current,XGBoost,8.219141,0.0
26,BEAUTY,8.448195135593416,27.965157,107.38615599870681,Current,XGBoost,27.965157,0.0
26,BEVERAGES,14529.252893457031,17079.447,20751.035673339844,Current,XGBoost,17079.447,0.0
26,BOOKS,1.4186079442501072,8.219141,78.60406542122364,Current,XGBoost,8.219141,0.0
26,BREAD/BAKERY,2756.9143333740235,3578.3608,4615.603577026367,Current,XGBoost,3578.3608,0.0
26,CELEBRATION,4.058672189712524,60.915092,178.08974695205688,Current,XGBoost,60.915092,0.0
26,CLEANING,5795.783347778321,7423.6143,9476.002176391601,Current,XGBoost,7423.6143,0.0
26,DAIRY,3468.1072149658203,4431.0806,5663.368685180664,Current,XGBoost,4431.0806,0.0
26,DELI,1121.3391647338867,1644.692,2275.0574369506835,Current,XGBoost,1644.692,0.0
26,EGGS,334.10924243927,577.9475,915.0093832015991,Current,XGBoost,577.9475,0.0
26,FROZEN FOODS,373.9045867919922,637.9432,1005.0026054382324,Current,XGBoost,637.9432,0.0
26,GROCERY I,21009.52685839844,27394.295,38925.36390673828,Current,XGBoost,27394.295,0.0
26,GROCERY II,160.0440034866333,356.7481,623.8157625198364,Current,XGBoost,356.7481,0.0
26,HARDWARE,1.0126591503620148,10.130218,84.77331275716423,Current,XGBoost,10.130218,0.0
26,HOME AND KITCHEN I,78.12313604354858,223.63235,427.13464879989624,Current,XGBoost,223.63235,0.0
26,HOME AND KITCHEN II,9.943094253540039,110.21073,268.6295540332794,Current,XGBoost,110.21073,0.0
26,HOME APPLIANCES,1.6617540419101717,9.555267,82.06927685514093,Current,XGBoost,9.555267,0.0
26,HOME CARE,1015.8385696411133,1466.2202,2028.815342590332,Current,XGBoost,1466.2202,0.0
26,LADIESWEAR,1.1666607737541201,10.716287,85.35938165560364,Current,XGBoost,10.716287,0.0
26,LAWN AND GARDEN,13.494341135025024,97.18483,232.08912754058838,Current,XGBoost,97.18483,0.0
26,LINGERIE,3.078145068883896,13.505996,88.40895794406534,Current,XGBoost,13.505996,0.0
26,"LIQUOR,WINE,BEER",368.73579502105713,652.97473,1050.0316915512085,Current,XGBoost,652.97473,0.0
26,MAGAZINES,0.9188197374343873,10.464647,85.10774303823709,Current,XGBoost,10.464647,0.0
26,MEATS,3440.687389404297,4432.626,5690.406350097656,Current,XGBoost,4432.626,0.0
26,PERSONAL CARE,1658.7878036499023,2255.1118,2953.247575134277,Current,XGBoost,2255.1118,0.0
26,PET SUPPLIES,0.8569718658924104,27.64208,121.44694749712944,Current,XGBoost,27.64208,0.0
26,PLAYERS AND ELECTRONICS,1.055680084228516,16.552485,97.58283692151308,Current,XGBoost,16.552485,0.0
26,POULTRY,1833.0926052856446,2523.2178,3362.6479901733396,Current,XGBoost,2523.2178,0.0
26,PREPARED FOODS,212.21264266967773,422.38367,709.4496536254883,Current,XGBoost,422.38367,0.0
26,PRODUCE,7378.396204956055,9139.198,11355.606505249023,Current,XGBoost,9139.198,0.0
26,SCHOOL AND OFFICE SUPPLIES,0.0,0.0,63.997666931152345,Current,XGBoost,0.0,0.0
26,SEAFOOD,0.024500370025634766,11.398957,84.43269958496094,Current,XGBoost,11.398957,0.0
27,AUTOMOTIVE,3.6563968658447266,80.23716,209.35657024383545,Current,XGBoost,80.23716,0.0
27,BABY CARE,1.679347711801529,26.516771,118.192552703619,Current,XGBoost,26.516771,0.0
27,BEAUTY,47.28377941846848,166.28085,348.09907565116885,Current,XGBoost,166.28085,0.0
27,BEVERAGES,47197.09834296875,53876.832,66012.47802734375,Current,XGBoost,53876.832,0.0
27,BOOKS,2.6931995391845707,27.911806,117.4585014820099,Current,XGBoost,27.911806,0.0
27,BREAD/BAKERY,8672.68472290039,10632.944,13095.38223071289,Current,XGBoost,10632.944,0.0
27,CELEBRATION,89.57407474517822,284.99146,552.0591020584106,Current,XGBoost,284.99146,0.0
27,CLEANING,13190.887219433595,15446.114,18513.127363281248,Current,XGBoost,15446.114,0.0
27,DAIRY,14529.267663964843,17079.46,20751.050443847656,Current,XGBoost,17079.46,0.0
27,DELI,3968.6106481933593,4931.584,6163.872118408203,Current,XGBoost,4931.584,0.0
27,EGGS,3243.869661682129,4084.0764,5149.578028015137,Current,XGBoost,4084.0764,0.0
27,FROZEN FOODS,1587.6890745239257,2240.2937,3023.206214050293,Current,XGBoost,2240.2937,0.0
27,GROCERY I,58098.79145820312,64778.527,76914.17114257812,Current,XGBoost,64778.527,0.0
27,GROCERY II,252.5611219406128,469.46558,766.530758857727,Current,XGBoost,469.46558,0.0
27,HARDWARE,1.8705811500549316,41.03239,143.87333130836487,Current,XGBoost,41.03239,0.0
27,HOME AND KITCHEN I,353.47075176239014,610.7759,967.8361444473267,Current,XGBoost,610.7759,0.0
27,HOME AND KITCHEN II,314.5901412963867,605.5625,1012.6186637878418,Current,XGBoost,605.5625,0.0
27,HOME APPLIANCES,1.6813474178314212,27.099728,116.64642385542393,Current,XGBoost,27.099728,0.0
27,HOME CARE,3403.599051513672,4366.5723,5598.860521728516,Current,XGBoost,4366.5723,0.0
27,LADIESWEAR,25.815943002700806,121.1954,255.09271669387817,Current,XGBoost,121.1954,0.0
27,LAWN AND GARDEN,338.07905197143555,588.65076,935.7118186950684,Current,XGBoost,588.65076,0.0
27,LINGERIE,11.788084030151367,99.44046,230.94882488250732,Current,XGBoost,99.44046,0.0
27,"LIQUOR,WINE,BEER",1803.461406402588,2475.3438,3297.831416473389,Current,XGBoost,2475.3438,0.0
27,MAGAZINES,1.0353925228118896,52.88505,167.67075276374817,Current,XGBoost,52.88505,0.0
27,MEATS,3936.38983984375,4965.8486,6280.147045898438,Current,XGBoost,4965.8486,0.0
27,PERSONAL CARE,3182.7876119995117,4060.5146,5182.534223693848,Current,XGBoost,4060.5146,0.0
27,PET SUPPLIES,15.637544631958008,110.08057,246.36683416366577,Current,XGBoost,110.08057,0.0
27,PLAYERS AND ELECTRONICS,12.500197649002075,98.28396,229.79232597351074,Current,XGBoost,98.28396,0.0
27,POULTRY,5236.542559326172,6664.916,8471.274180419921,Current,XGBoost,6664.916,0.0
27,PREPARED FOODS,829.3447380065918,1243.2408,1771.9507613220214,Current,XGBoost,1243.2408,0.0
27,PRODUCE,38821.255935742185,45500.992,57636.63562011719,Current,XGBoost,45500.992,0.0
27,SCHOOL AND OFFICE SUPPLIES,0.42632247209548957,2.171952,68.29870456457138,Current,XGBoost,2.171952,0.0
27,SEAFOOD,88.12702178955078,264.49094,517.0362396240234,Current,XGBoost,264.49094,0.0
28,AUTOMOTIVE,4.383231163024902,84.764015,216.27238082885742,Current,XGBoost,84.764015,0.0
28,BABY CARE,1.7647493422031404,22.063305,109.4809141010046,Current,XGBoost,22.063305,0.0
28,BEAUTY,17.09224820137024,98.6607,246.1417429447174,Current,XGBoost,98.6607,0.0
28,BEVERAGES,51532.59834296875,58212.332,70347.97802734375,Current,XGBoost,58212.332,0.0
28,BOOKS,1.7647493422031404,22.063305,109.4809141010046,Current,XGBoost,22.063305,0.0
28,BREAD/BAKERY,9179.92243671875,11435.149,14502.162580566406,Current,XGBoost,11435.149,0.0
28,CELEBRATION,51.350220680236816,223.04224,465.58836936950684,Current,XGBoost,223.04224,0.0
28,CLEANING,17414.872951562502,22914.738,32632.082091796874,Current,XGBoost,22914.738,0.0
28,DAIRY,13821.888757714843,16372.083,20043.671537597656,Current,XGBoost,16372.083,0.0
28,DELI,5511.411026977539,6873.299,8597.646912231445,Current,XGBoost,6873.299,0.0
28,EGGS,3818.2608862304687,4781.234,6013.522356445313,Current,XGBoost,4781.234,0.0
28,FROZEN FOODS,867.7061767578125,1245.1167,1739.941450439453,Current,XGBoost,1245.1167,0.0
28,GROCERY I,72340.94990546875,79020.69,91156.32958984375,Current,XGBoost,79020.69,0.0
28,GROCERY II,160.74409675598145,364.49362,643.3858003616333,Current,XGBoost,364.49362,0.0
28,HARDWARE,2.2824100345373157,29.581394,121.51704181134701,Current,XGBoost,29.581394,0.0
28,HOME AND KITCHEN I,411.249135017395,695.48804,1092.5450315475464,Current,XGBoost,695.48804,0.0
28,HOME AND KITCHEN II,201.09994220733643,411.27097,698.336953163147,Current,XGBoost,411.27097,0.0
28,HOME APPLIANCES,2.7411490321159366,30.134607,122.33012159541249,Current,XGBoost,30.134607,0.0
28,HOME CARE,4073.8008505859375,5103.26,6417.558056640625,Current,XGBoost,5103.26,0.0
28,LADIESWEAR,3.2069394886493687,20.011553,101.04190602079034,Current,XGBoost,20.011553,0.0
28,LAWN AND GARDEN,27.886515617370605,129.7713,282.4052505493164,Current,XGBoost,129.7713,0.0
28,LINGERIE,1.583857536315918,70.30933,197.03979563713074,Current,XGBoost,70.30933,0.0
28,"LIQUOR,WINE,BEER",646.2651710510254,1041.9185,1553.6858195495606,Current,XGBoost,1041.9185,0.0
28,MAGAZINES,1.1514060229063037,31.399076,127.8527609437704,Current,XGBoost,31.399076,0.0
28,MEATS,2761.0995324707033,3545.0256,4525.750530761718,Current,XGBoost,3545.0256,0.0
28,PERSONAL CARE,4457.486138061524,5486.945,6801.243344116211,Current,XGBoost,5486.945,0.0
28,PET SUPPLIES,1.4553992748260498,59.47957,179.04317378997803,Current,XGBoost,59.47957,0.0
28,PLAYERS AND ELECTRONICS,1.4671258926391602,66.7507,193.48116374015808,Current,XGBoost,66.7507,0.0
28,POULTRY,3069.2355674438477,3909.4424,4974.943933776855,Current,XGBoost,3909.4424,0.0
28,PREPARED FOODS,871.6628303527832,1303.8018,1849.4542284851073,Current,XGBoost,1303.8018,0.0
28,PRODUCE,23694.539455468752,29194.406,38911.748595703124,Current,XGBoost,29194.406,0.0
28,SCHOOL AND OFFICE SUPPLIES,0.0,2.0845566,70.34039487838746,Current,XGBoost,2.0845566,0.0
28,SEAFOOD,8.366636669635772,39.5953,133.83725669384003,Current,XGBoost,39.5953,0.0
29,AUTOMOTIVE,1.3637936115264893,64.18138,186.13393986225128,Current,XGBoost,64.18138,0.0
29,BABY CARE,1.912803649902344,17.50306,98.53341269791126,Current,XGBoost,17.50306,0.0
29,BEAUTY,20.49186925292015,92.08662,229.52460543513297,Current,XGBoost,92.08662,0.0
29,BEVERAGES,44556.28633125,51236.023,63371.666015625,Current,XGBoost,51236.023,0.0
29,BOOKS,2.102511620521546,14.410653,91.18283426761627,Current,XGBoost,14.410653,0.0
29,BREAD/BAKERY,7975.518096923828,9935.778,12398.215604736328,Current,XGBoost,9935.778,0.0
29,CELEBRATION,34.17933464050293,141.65817,294.292115688324,Current,XGBoost,141.65817,0.0
29,CLEANING,13620.147510546874,16760.275,21641.0155625,Current,XGBoost,16760.275,0.0
29,DAIRY,11035.232373242188,13290.459,16357.472517089844,Current,XGBoost,13290.459,0.0
29,DELI,3776.7939536132812,4806.253,6120.551159667969,Current,XGBoost,4806.253,0.0
29,EGGS,3195.6185938720705,4112.516,5257.261063842773,Current,XGBoost,4112.516,0.0
29,FROZEN FOODS,879.449779510498,1275.103,1786.8704280090333,Current,XGBoost,1275.103,0.0
29,GROCERY I,58184.6994171875,64864.434,77000.0791015625,Current,XGBoost,64864.434,0.0
29,GROCERY II,199.90232467651367,410.07333,697.1393356323242,Current,XGBoost,410.07333,0.0
29,HARDWARE,1.4603915989398957,21.449627,109.12710279822349,Current,XGBoost,21.449627,0.0
29,HOME AND KITCHEN I,333.027250289917,597.06586,964.1252689361572,Current,XGBoost,597.06586,0.0
29,HOME AND KITCHEN II,100.34560298919678,277.58713,528.307110786438,Current,XGBoost,277.58713,0.0
29,HOME APPLIANCES,2.0801071107387545,19.044773,102.20421104580164,Current,XGBoost,19.044773,0.0
29,HOME CARE,3405.5519415893555,4349.7646,5553.794289123535,Current,XGBoost,4349.7646,0.0
29,LADIESWEAR,2.2272458732128144,12.837785,87.48088012486696,Current,XGBoost,12.837785,0.0
29,LAWN AND GARDEN,34.6544747710228,116.073204,258.0292335510254,Current,XGBoost,116.073204,0.0
29,LINGERIE,3.4640932083129883,65.13126,187.08382058143616,Current,XGBoost,65.13126,0.0
29,"LIQUOR,WINE,BEER",1295.0896765441894,1837.7202,2507.66081930542,Current,XGBoost,1837.7202,0.0
29,MAGAZINES,1.6528154790401461,23.155302,110.57291100174189,Current,XGBoost,23.155302,0.0
29,MEATS,1412.5006942749023,2008.8248,2706.960465759277,Current,XGBoost,2008.8248,0.0
29,PERSONAL CARE,3326.909488708496,4233.602,5381.113590881348,Current,XGBoost,4233.602,0.0
29,PET SUPPLIES,2.5141239166259766,53.71403,163.72182774543762,Current,XGBoost,53.71403,0.0
29,PLAYERS AND ELECTRONICS,1.444967269897461,57.702473,172.4881739616394,Current,XGBoost,57.702473,0.0
29,POULTRY,2606.2252283325197,3371.391,4323.857103942871,Current,XGBoost,3371.391,0.0
29,PREPARED FOODS,643.0680313110352,965.7501,1409.7471805419923,Current,XGBoost,965.7501,0.0
29,PRODUCE,19071.344019921875,23096.375,29790.83997998047,Current,XGBoost,23096.375,0.0
29,SCHOOL AND OFFICE SUPPLIES,0.0,1.1379589,67.26471152156591,Current,XGBoost,1.1379589,0.0
29,SEAFOOD,21.564954042434692,82.175735,196.61893167495728,Current,XGBoost,82.175735,0.0
30,AUTOMOTIVE,1.0439638555049897,27.290966,123.74465044140815,Current,XGBoost,27.290966,0.0
30,BABY CARE,0.9330459326505662,10.228563,84.87165892068296,Current,XGBoost,10.228563,0.0
30,BEAUTY,2.6020939052104954,15.70636,94.60762661099434,Current,XGBoost,15.70636,0.0
30,BEVERAGES,19151.815628125,25831.55,37967.1953125,Current,XGBoost,25831.55,0.0
30,BOOKS,1.808017069101334,8.315251,78.70017549693584,Current,XGBoost,8.315251,0.0
30,BREAD/BAKERY,2103.67744732666,2756.2822,3539.1945868530274,Current,XGBoost,2756.2822,0.0
30,CELEBRATION,4.3227050542831424,37.884308,132.2089073896408,Current,XGBoost,37.884308,0.0
30,CLEANING,16281.69510654297,20601.693,27900.733702636717,Current,XGBoost,20601.693,0.0
30,DAIRY,4109.114186645508,5005.6016,6155.879921020508,Current,XGBoost,5005.6016,0.0
30,DELI,1549.694694519043,2146.0188,2844.154466003418,Current,XGBoost,2146.0188,0.0
30,EGGS,1799.8182172851562,2452.4229,3235.3353568115235,Current,XGBoost,2452.4229,0.0
30,FROZEN FOODS,481.8966369628906,786.33594,1213.3904113769531,Current,XGBoost,786.33594,0.0
30,GROCERY I,25862.01374824219,32541.75,44677.39343261719,Current,XGBoost,32541.75,0.0
30,GROCERY II,25.513058525323867,85.76026,212.63546763062476,Current,XGBoost,85.76026,0.0
30,HARDWARE,0.598145878314972,9.668101,84.31119644120335,Current,XGBoost,9.668101,0.0
30,HOME AND KITCHEN I,58.210214614868164,207.23979,417.0905876159668,Current,XGBoost,207.23979,0.0
30,HOME AND KITCHEN II,7.293331623077393,80.62686,215.53115677833557,Current,XGBoost,80.62686,0.0
30,HOME APPLIANCES,2.27087214589119,10.524724,83.03873345702887,Current,XGBoost,10.524724,0.0
30,HOME CARE,2052.2870848999023,2667.3713,3393.7659790649413,Current,XGBoost,2667.3713,0.0
30,LADIESWEAR,2.0759763658046726,9.541829,82.05583902522922,Current,XGBoost,9.541829,0.0
30,LAWN AND GARDEN,1.4030540168285373,7.2223496,77.60727364867925,Current,XGBoost,7.2223496,0.0
30,LINGERIE,2.8396054029464723,32.93593,127.52039539813995,Current,XGBoost,32.93593,0.0
30,"LIQUOR,WINE,BEER",636.8532047271729,964.31116,1405.252476852417,Current,XGBoost,964.31116,0.0
30,MAGAZINES,1.0329002857208254,11.884553,88.65673379600048,Current,XGBoost,11.884553,0.0
30,MEATS,794.2341041564941,1135.1589,1596.0986282043457,Current,XGBoost,1135.1589,0.0
30,PERSONAL CARE,1261.3841552734375,1821.2227,2485.473177124023,Current,XGBoost,1821.2227,0.0
30,PET SUPPLIES,2.6106319308280947,20.667084,103.82652172148228,Current,XGBoost,20.667084,0.0
30,PLAYERS AND ELECTRONICS,2.0639829099178315,45.768547,153.6472584068775,Current,XGBoost,45.768547,0.0
30,POULTRY,1250.7782821655273,1847.1024,2545.238053649902,Current,XGBoost,1847.1024,0.0
30,PREPARED FOODS,174.2074375152588,370.91156,637.9791965484619,Current,XGBoost,370.91156,0.0
30,PRODUCE,8503.20426496582,10691.945,13676.948672973633,Current,XGBoost,10691.945,0.0
30,SCHOOL AND OFFICE SUPPLIES,0.0,0.0,63.997666931152345,Current,XGBoost,0.0,0.0
30,SEAFOOD,6.952510833740234,24.656359,105.86393663436175,Current,XGBoost,24.656359,0.0
31,AUTOMOTIVE,3.776909589767456,84.304985,215.81334805488586,Current,XGBoost,84.304985,0.0
31,BABY CARE,1.6559269815683368,23.533064,111.21053842678666,Current,XGBoost,23.533064,0.0
31,BEAUTY,3.96932110786438,53.441498,169.49404612779617,Current,XGBoost,53.441498,0.0
31,BEVERAGES,45573.49189765625,52253.227,64388.87158203125,Current,XGBoost,52253.227,0.0
31,BOOKS,2.1398741841316227,20.962456,104.12189279571176,Current,XGBoost,20.962456,0.0
31,BREAD/BAKERY,7100.619812011719,9060.88,11523.317319824218,Current,XGBoost,9060.88,0.0
31,CELEBRATION,38.666680335998535,141.27208,285.73218965530396,Current,XGBoost,141.27208,0.0
31,CLEANING,17145.131056835937,22350.03,31462.797561035157,Current,XGBoost,22350.03,0.0
31,DAIRY,10215.45808125,12470.686,15537.698225097656,Current,XGBoost,12470.686,0.0
31,DELI,3531.3463338623046,4427.8335,5578.112068237305,Current,XGBoost,4427.8335,0.0
31,EGGS,4008.0410239257812,5037.5,6351.798229980469,Current,XGBoost,5037.5,0.0
31,FROZEN FOODS,1098.7301406860352,1585.5974,2182.077663269043,Current,XGBoost,1585.5974,0.0
31,GROCERY I,67689.7521515625,74369.484,86505.1318359375,Current,XGBoost,74369.484,0.0
31,GROCERY II,84.13731956481934,264.97806,519.3487195968628,Current,XGBoost,264.97806,0.0
31,HARDWARE,2.570085394382477,26.34676,116.15332131832838,Current,XGBoost,26.34676,0.0
31,HOME AND KITCHEN I,221.3952922821045,445.0332,752.0975551605225,Current,XGBoost,445.0332,0.0
31,HOME AND KITCHEN II,216.4278907775879,413.13202,680.199649810791,Current,XGBoost,413.13202,0.0
31,HOME APPLIANCES,1.8384338796138766,22.378933,107.66745755672454,Current,XGBoost,22.378933,0.0
31,HOME CARE,4139.501517333984,5102.4746,6334.762987548828,Current,XGBoost,5102.4746,0.0
31,LADIESWEAR,4.262219786643982,44.85397,150.0012224316597,Current,XGBoost,44.85397,0.0
31,LAWN AND GARDEN,20.193557929992675,92.117455,229.5554434776306,Current,XGBoost,92.117455,0.0
31,LINGERIE,13.377630710601807,108.90596,253.36606526374817,Current,XGBoost,108.90596,0.0
31,"LIQUOR,WINE,BEER",310.20641231536865,554.0447,891.1065530776978,Current,XGBoost,554.0447,0.0
31,MAGAZINES,2.4056185960769656,32.359283,126.68388284891844,Current,XGBoost,32.359283,0.0
31,MEATS,5028.095317871094,6190.526,7668.843995605469,Current,XGBoost,6190.526,0.0
31,PERSONAL CARE,3809.3660498046875,4772.3394,6004.627520019531,Current,XGBoost,4772.3394,0.0
31,PET SUPPLIES,1.061964750289917,48.170147,155.7889939546585,Current,XGBoost,48.170147,0.0
31,PLAYERS AND ELECTRONICS,9.326087713241577,85.48627,214.60568070411682,Current,XGBoost,85.48627,0.0
31,POULTRY,1582.7089157104492,2179.033,2877.168687194824,Current,XGBoost,2179.033,0.0
31,PREPARED FOODS,659.4731330871582,1000.398,1461.3376571350097,Current,XGBoost,1000.398,0.0
31,PRODUCE,20938.693239257813,25848.625,34356.81710742188,Current,XGBoost,25848.625,0.0
31,SCHOOL AND OFFICE SUPPLIES,4.145976161956787,15.499548,88.27342377901077,Current,XGBoost,15.499548,0.0
31,SEAFOOD,7.676702183485031,35.342075,126.85257400870323,Current,XGBoost,35.342075,0.0
32,AUTOMOTIVE,3.8465289592742926,16.648647,93.68069536089897,Current,XGBoost,16.648647,0.0
32,BABY CARE,1.386360424757004,7.3773293,77.76225329488516,Current,XGBoost,7.3773293,0.0
32,BEAUTY,8.499365681409836,28.628399,110.17848393321037,Current,XGBoost,28.628399,0.0
32,BEVERAGES,14243.149377832031,16793.344,20464.932157714844,Current,XGBoost,16793.344,0.0
32,BOOKS,1.386360424757004,7.3773293,77.76225329488516,Current,XGBoost,7.3773293,0.0
32,BREAD/BAKERY,1429.7161696777343,2044.8004,2771.1950638427734,Current,XGBoost,2044.8004,0.0
32,CELEBRATION,2.224108421802521,18.19572,101.35515822172165,Current,XGBoost,18.19572,0.0
32,CLEANING,12406.522966723633,15480.166,20278.895282836915,Current,XGBoost,15480.166,0.0
32,DAIRY,2391.5481869506834,3081.6733,3921.1035718383787,Current,XGBoost,3081.6733,0.0
32,DELI,1252.027889251709,1830.1091,2511.302285919189,Current,XGBoost,1830.1091,0.0
32,EGGS,2536.5774596557617,3322.1538,4269.086070861817,Current,XGBoost,3322.1538,0.0
32,FROZEN FOODS,89.64073085784912,263.86456,508.23603916168213,Current,XGBoost,263.86456,0.0
32,GROCERY I,18370.565847460937,24460.367,35386.86025976563,Current,XGBoost,24460.367,0.0
32,GROCERY II,6.0053523778915405,35.57194,127.16508307605982,Current,XGBoost,35.57194,0.0
32,HARDWARE,1.6994022369384767,8.194387,80.70839695706964,Current,XGBoost,8.194387,0.0
32,HOME AND KITCHEN I,45.87017869949341,173.21515,350.37060546875,Current,XGBoost,173.21515,0.0
32,HOME AND KITCHEN II,0.9842084407806397,30.582882,124.90748056173325,Current,XGBoost,30.582882,0.0
32,HOME APPLIANCES,1.0513338923454285,6.3169856,76.70190968289971,Current,XGBoost,6.3169856,0.0
32,HOME CARE,1079.697898864746,1639.5364,2303.7869207153317,Current,XGBoost,1639.5364,0.0
32,LADIESWEAR,1.0513338923454285,6.3169856,76.70190968289971,Current,XGBoost,6.3169856,0.0
32,LAWN AND GARDEN,1.0513338923454285,6.3169856,76.70190968289971,Current,XGBoost,6.3169856,0.0
32,LINGERIE,1.9341804385185244,8.413849,78.79877309054136,Current,XGBoost,8.413849,0.0
32,"LIQUOR,WINE,BEER",438.4018964767456,695.70703,1052.7672891616821,Current,XGBoost,695.70703,0.0
32,MAGAZINES,1.4657515525817872,6.98216,77.36708404794335,Current,XGBoost,6.98216,0.0
32,MEATS,811.012077331543,1188.4225,1683.2473510131836,Current,XGBoost,1188.4225,0.0
32,PERSONAL CARE,911.4157485961914,1361.7975,1924.39252154541,Current,XGBoost,1361.7975,0.0
32,PET SUPPLIES,2.1565784454345707,14.177225,93.07849146574736,Current,XGBoost,14.177225,0.0
32,PLAYERS AND ELECTRONICS,4.077314120531082,28.861887,118.32594209313393,Current,XGBoost,28.861887,0.0
32,POULTRY,583.4196586608887,924.34454,1385.2841827087402,Current,XGBoost,924.34454,0.0
32,PREPARED FOODS,30.03687071800232,134.34856,298.5522600412369,Current,XGBoost,134.34856,0.0
32,PRODUCE,3218.8870338134766,4144.34,5320.110258666992,Current,XGBoost,4144.34,0.0
32,SCHOOL AND OFFICE SUPPLIES,0.0,0.0,63.997666931152345,Current,XGBoost,0.0,0.0
32,SEAFOOD,7.2345685958862305,23.884071,105.09164848327637,Current,XGBoost,23.884071,0.0
33,AUTOMOTIVE,5.708613395690918,72.96103,194.91359066963196,Current,XGBoost,72.96103,0.0
33,BABY CARE,1.6149709165096284,9.60297,82.11698025166989,Current,XGBoost,9.60297,0.0
33,BEAUTY,9.363079714775086,47.78746,146.88996580392123,Current,XGBoost,47.78746,0.0
33,BEVERAGES,29118.077468945314,35797.812,47933.45715332031,Current,XGBoost,35797.812,0.0
33,BOOKS,1.6149709165096284,9.60297,82.11698025166989,Current,XGBoost,9.60297,0.0
33,BREAD/BAKERY,3328.3552084350586,4206.0825,5328.101820129395,Current,XGBoost,4206.0825,0.0
33,CELEBRATION,71.94915580749512,236.60739,462.8058557510376,Current,XGBoost,236.60739,0.0
33,CLEANING,14213.41007138672,17058.572,21334.735487304686,Current,XGBoost,17058.572,0.0
33,DAIRY,6092.021688476562,7653.3667,9623.74478125,Current,XGBoost,7653.3667,0.0
33,DELI,2423.9588283081052,3151.6042,4047.552458557129,Current,XGBoost,3151.6042,0.0
33,EGGS,2027.7600851135253,2662.122,3428.091849822998,Current,XGBoost,2662.122,0.0
33,FROZEN FOODS,770.9407119750977,1111.8656,1572.8052360229492,Current,XGBoost,1111.8656,0.0
33,GROCERY I,44412.046096875,51091.78,63227.42578125,Current,XGBoost,51091.78,0.0
33,GROCERY II,15.779663181304931,70.97808,190.68642824590205,Current,XGBoost,70.97808,0.0
33,HARDWARE,1.7509937047958377,12.019814,86.66290896236896,Current,XGBoost,12.019814,0.0
33,HOME AND KITCHEN I,162.2554578781128,364.9262,641.993016242981,Current,XGBoost,364.9262,0.0
33,HOME AND KITCHEN II,97.89914131164551,275.37112,526.0910987854004,Current,XGBoost,275.37112,0.0
33,HOME APPLIANCES,2.6356976032257085,11.41064,83.92464969009161,Current,XGBoost,11.41064,0.0
33,HOME CARE,2918.7869895629883,3758.9937,4824.495355895996,Current,XGBoost,3758.9937,0.0
33,LADIESWEAR,1.9665700435638431,8.410733,78.79565748125314,Current,XGBoost,8.410733,0.0
33,LAWN AND GARDEN,1.9665700435638431,8.410733,78.79565748125314,Current,XGBoost,8.410733,0.0
33,LINGERIE,44.78155040740967,151.30972,295.7698230743408,Current,XGBoost,151.30972,0.0
33,"LIQUOR,WINE,BEER",411.4499206542969,720.6651,1144.6638179626466,Current,XGBoost,720.6651,0.0
33,MAGAZINES,2.8918351292610174,18.01831,96.91957720518113,Current,XGBoost,18.01831,0.0
33,MEATS,3690.000983276367,4652.974,5885.262453491211,Current,XGBoost,4652.974,0.0
33,PERSONAL CARE,2838.7353236083986,3585.141,4509.348076538086,Current,XGBoost,3585.141,0.0
33,PET SUPPLIES,2.952159294486046,23.500027,106.65946441590786,Current,XGBoost,23.500027,0.0
33,PLAYERS AND ELECTRONICS,5.643100023269653,57.2255,167.23329734802246,Current,XGBoost,57.2255,0.0
33,POULTRY,2851.489434265137,3616.6553,4569.121309875488,Current,XGBoost,3616.6553,0.0
33,PREPARED FOODS,293.695595741272,524.06696,841.1304845809937,Current,XGBoost,524.06696,0.0
33,PRODUCE,18725.110963867188,23635.043,32143.234832031252,Current,XGBoost,23635.043,0.0
33,SCHOOL AND OFFICE SUPPLIES,0.0,0.0,63.997666931152345,Current,XGBoost,0.0,0.0
33,SEAFOOD,2.8497085571289062,15.452177,88.485919380188,Current,XGBoost,15.452177,0.0
34,AUTOMOTIVE,2.376265287399292,52.52295,164.91969799995422,Current,XGBoost,52.52295,0.0
34,BABY CARE,3.1617965638637546,28.661127,118.20782160162926,Current,XGBoost,28.661127,0.0
34,BEAUTY,30.08971905708313,118.14696,268.0169515609741,Current,XGBoost,118.14696,0.0
34,BEVERAGES,33271.98335273437,39951.72,52087.363037109375,Current,XGBoost,39951.72,0.0
34,BOOKS,2.8854638278484344,27.931583,117.4782776772976,Current,XGBoost,27.931583,0.0
34,BREAD/BAKERY,8513.092712402344,10473.353,12935.790220214843,Current,XGBoost,10473.353,0.0
34,CELEBRATION,12.285132884979248,103.64402,245.71517300605774,Current,XGBoost,103.64402,0.0
34,CLEANING,12004.974487304688,13965.234,16427.671995117187,Current,XGBoost,13965.234,0.0
34,DAIRY,9739.050598144531,11699.311,14161.748105957031,Current,XGBoost,11699.311,0.0
34,DELI,3151.711083129883,4010.678,5104.438572143555,Current,XGBoost,4010.678,0.0
34,EGGS,1644.9931249694823,2279.355,3045.324889678955,Current,XGBoost,2279.355,0.0
34,FROZEN FOODS,774.3071975708008,1133.4749,1611.3570964355467,Current,XGBoost,1133.4749,0.0
34,GROCERY I,57544.50874335937,64224.242,76359.88842773438,Current,XGBoost,64224.242,0.0
34,GROCERY II,30.315795183181763,114.53655,255.22573399543762,Current,XGBoost,114.53655,0.0
34,HARDWARE,2.3907697200775146,55.79795,168.19469952583313,Current,XGBoost,55.79795,0.0
34,HOME AND KITCHEN I,317.8746213912964,588.64667,965.7052659988403,Current,XGBoost,588.64667,0.0
34,HOME AND KITCHEN II,296.4262456893921,553.7314,910.7916383743286,Current,XGBoost,553.7314,0.0
34,HOME APPLIANCES,2.045363736152649,34.61329,130.80710895061492,Current,XGBoost,34.61329,0.0
34,HOME CARE,2882.5007194213867,3722.7075,4788.209085754394,Current,XGBoost,3722.7075,0.0
34,LADIESWEAR,6.816749811172485,63.560238,184.1308240890503,Current,XGBoost,63.560238,0.0
34,LAWN AND GARDEN,24.117604732513428,115.762436,267.0144064426422,Current,XGBoost,115.762436,0.0
34,LINGERIE,0.6080610752105713,47.199364,157.20716309547424,Current,XGBoost,47.199364,0.0
34,"LIQUOR,WINE,BEER",517.3200645446777,821.75934,1248.8138389587402,Current,XGBoost,821.75934,0.0
34,MAGAZINES,1.5949139595031738,43.888035,149.117928981781,Current,XGBoost,43.888035,0.0
34,MEATS,2238.5759366455077,2909.941,3721.112198852539,Current,XGBoost,2909.941,0.0
34,PERSONAL CARE,3512.181355834961,4408.6685,5558.947090209961,Current,XGBoost,4408.6685,0.0
34,PET SUPPLIES,1.241983413696289,76.17137,202.9018359184265,Current,XGBoost,76.17137,0.0
34,PLAYERS AND ELECTRONICS,3.524388074874878,78.71262,207.83203601837158,Current,XGBoost,78.71262,0.0
34,POULTRY,1793.4162947387695,2427.2607,3181.9143115844727,Current,XGBoost,2427.2607,0.0
34,PREPARED FOODS,313.2443542480469,577.28296,944.3423728942871,Current,XGBoost,577.28296,0.0
34,PRODUCE,10384.176477441406,12934.371,16605.95925732422,Current,XGBoost,12934.371,0.0
34,SCHOOL AND OFFICE SUPPLIES,0.9231813371181489,6.793961,77.17888523936271,Current,XGBoost,6.793961,0.0
34,SEAFOOD,5.61717963218689,16.384996,89.1588730096817,Current,XGBoost,16.384996,0.0
35,AUTOMOTIVE,5.577068161964417,51.80577,157.55539865493773,Current,XGBoost,51.80577,0.0
35,BABY CARE,1.6208409249782565,7.72905,78.11397398561239,Current,XGBoost,7.72905,0.0
35,BEAUTY,18.076846438646317,56.542114,149.51722646057607,Current,XGBoost,56.542114,0.0
35,BEVERAGES,17735.587087695312,23825.389,34751.8815,Current,XGBoost,23825.389,0.0
35,BOOKS,1.6208409249782565,7.72905,78.11397398561239,Current,XGBoost,7.72905,0.0
35,BREAD/BAKERY,1106.581470489502,1648.1771,2295.4851175231934,Current,XGBoost,1648.1771,0.0
35,CELEBRATION,4.140964764356614,42.871117,147.75850325226784,Current,XGBoost,42.871117,0.0
35,CLEANING,6525.942529052734,8220.259,10354.657093505859,Current,XGBoost,8220.259,0.0
35,DAIRY,2502.4037958984372,3248.8096,4173.016548828125,Current,XGBoost,3248.8096,0.0
35,DELI,1054.8924255371094,1614.731,2278.981447387695,Current,XGBoost,1614.731,0.0
35,EGGS,1793.8492902221678,2465.214,3276.3855524291994,Current,XGBoost,2465.214,0.0
35,FROZEN FOODS,482.0506315231323,816.24207,1267.1825296096802,Current,XGBoost,816.24207,0.0
35,GROCERY I,24082.11238105469,30761.848,42897.49206542969,Current,XGBoost,30761.848,0.0
35,GROCERY II,25.56154441833496,103.6573,245.35346496105194,Current,XGBoost,103.6573,0.0
35,HARDWARE,1.2858140349388125,6.8528633,77.23778750672936,Current,XGBoost,6.8528633,0.0
35,HOME AND KITCHEN I,66.89356517791748,206.53171,400.034827709198,Current,XGBoost,206.53171,0.0
35,HOME AND KITCHEN II,29.185994720458986,117.13324,261.4782165646553,Current,XGBoost,117.13324,0.0
35,HOME APPLIANCES,2.335434496402741,9.955154,82.46916453614831,Current,XGBoost,9.955154,0.0
35,HOME CARE,1243.7909545898438,1840.115,2538.2507260742186,Current,XGBoost,1840.115,0.0
35,LADIESWEAR,1.2858140349388125,6.668706,77.05363001599908,Current,XGBoost,6.668706,0.0
35,LAWN AND GARDEN,1.2858140349388125,6.668706,77.05363001599908,Current,XGBoost,6.668706,0.0
35,LINGERIE,0.6515942335128786,8.865012,83.50810732543468,Current,XGBoost,8.865012,0.0
35,"LIQUOR,WINE,BEER",504.8909740447998,814.10614,1238.1048713531495,Current,XGBoost,814.10614,0.0
35,MAGAZINES,1.4884005665779116,11.0684185,85.71151354014873,Current,XGBoost,11.0684185,0.0
35,MEATS,2671.3083613891604,3398.9539,4294.901991638184,Current,XGBoost,3398.9539,0.0
35,PERSONAL CARE,996.1018218994141,1519.4547,2149.820094116211,Current,XGBoost,1519.4547,0.0
35,PET SUPPLIES,1.6384616374969485,14.914209,95.944561201334,Current,XGBoost,14.914209,0.0
35,PLAYERS AND ELECTRONICS,2.0415213197469715,15.771923,96.80227589905262,Current,XGBoost,15.771923,0.0
35,POULTRY,583.5747375488281,906.25684,1350.2538867797853,Current,XGBoost,906.25684,0.0
35,PREPARED FOODS,138.78230571746826,329.49365,588.3874559402466,Current,XGBoost,329.49365,0.0
35,PRODUCE,6135.207169555664,7497.0947,9221.44305480957,Current,XGBoost,7497.0947,0.0
35,SCHOOL AND OFFICE SUPPLIES,0.0,0.0,63.997666931152345,Current,XGBoost,0.0,0.0
35,SEAFOOD,0.0,0.0,63.997666931152345,Current,XGBoost,0.0,0.0
36,AUTOMOTIVE,1.4553322792053223,39.691433,142.53237438201904,Current,XGBoost,39.691433,0.0
36,BABY CARE,2.0154335200786595,16.071882,94.97314816117287,Current,XGBoost,16.071882,0.0
36,BEAUTY,15.525475564599038,66.11026,175.51568520367147,Current,XGBoost,66.11026,0.0
36,BEVERAGES,41431.05439765625,48110.79,60246.43408203125,Current,XGBoost,48110.79,0.0
36,BOOKS,2.102511620521546,14.410653,91.18283426761627,Current,XGBoost,14.410653,0.0
36,BREAD/BAKERY,5871.9671278076175,7632.7695,9849.177428100586,Current,XGBoost,7632.7695,0.0
36,CELEBRATION,27.28486919403076,126.068665,262.35493659973145,Current,XGBoost,126.068665,0.0
36,CLEANING,12599.506774902344,14559.767,17022.204282714843,Current,XGBoost,14559.767,0.0
36,DAIRY,8775.691497802734,10735.951,13198.389005615234,Current,XGBoost,10735.951,0.0
36,DELI,2865.159142211914,3724.126,4817.886631225586,Current,XGBoost,3724.126,0.0
36,EGGS,1848.315028198242,2500.9197,3283.8321677246095,Current,XGBoost,2500.9197,0.0
36,FROZEN FOODS,1110.6817496643066,1543.338,2100.3068956604,Current,XGBoost,1543.338,0.0
36,GROCERY I,54256.76509101562,60936.5,73072.14477539062,Current,XGBoost,60936.5,0.0
36,GROCERY II,19.530137538909912,108.304634,247.98683762550354,Current,XGBoost,108.304634,0.0
36,HARDWARE,4.169592928886414,19.229599,98.13086470365523,Current,XGBoost,19.229599,0.0
36,HOME AND KITCHEN I,145.74043369293213,336.52347,605.4164600372314,Current,XGBoost,336.52347,0.0
36,HOME AND KITCHEN II,39.345576763153076,193.49347,411.51810121536255,Current,XGBoost,193.49347,0.0
36,HOME APPLIANCES,2.7186335742473604,13.878145,88.52124063521623,Current,XGBoost,13.878145,0.0
36,HOME CARE,2649.6477165527344,3471.0942,4508.336960205078,Current,XGBoost,3471.0942,0.0
36,LADIESWEAR,2.2272458732128144,12.837785,87.48088012486696,Current,XGBoost,12.837785,0.0
36,LAWN AND GARDEN,258.3608703613281,495.46567,822.5283851623535,Current,XGBoost,495.46567,0.0
36,LINGERIE,2.068388319015503,46.051018,153.9297283053398,Current,XGBoost,46.051018,0.0
36,"LIQUOR,WINE,BEER",641.6938781738281,982.6188,1443.5584022216797,Current,XGBoost,982.6188,0.0
36,MAGAZINES,2.386329519748688,22.966085,110.38369566947222,Current,XGBoost,22.966085,0.0
36,MEATS,2834.6607415161134,3637.3472,4646.330862487793,Current,XGBoost,3637.3472,0.0
36,PERSONAL CARE,2739.293288574219,3523.2195,4503.944286865234,Current,XGBoost,3523.2195,0.0
36,PET SUPPLIES,2.881206297874451,31.615843,123.55149021148682,Current,XGBoost,31.615843,0.0
36,PLAYERS AND ELECTRONICS,1.7573063731193543,52.163303,164.81992135047912,Current,XGBoost,52.163303,0.0
36,POULTRY,1429.2261352539062,2025.5503,2723.685906738281,Current,XGBoost,2025.5503,0.0
36,PREPARED FOODS,361.87918186187744,659.585,1076.6403303146362,Current,XGBoost,659.585,0.0
36,PRODUCE,18465.783668554686,22785.781,30084.822264648436,Current,XGBoost,22785.781,0.0
36,SCHOOL AND OFFICE SUPPLIES,0.0,0.0,63.997666931152345,Current,XGBoost,0.0,0.0
36,SEAFOOD,6.223089218139648,29.861393,119.24280586242676,Current,XGBoost,29.861393,0.0
37,AUTOMOTIVE,1.3817112445831299,51.616787,164.0135362148285,Current,XGBoost,51.616787,0.0
37,BABY CARE,1.8622194766998292,22.228931,109.64654032886028,Current,XGBoost,22.228931,0.0
37,BEAUTY,77.90397262573242,257.02032,507.740291595459,Current,XGBoost,257.02032,0.0
37,BEVERAGES,42011.46846015625,48691.203,60826.84814453125,Current,XGBoost,48691.203,0.0
37,BOOKS,1.8622194766998292,22.228931,109.64654032886028,Current,XGBoost,22.228931,0.0
37,BREAD/BAKERY,7258.565612792969,9218.825,11681.263120605468,Current,XGBoost,9218.825,0.0
37,CELEBRATION,15.835669994354248,100.27699,229.39640426635742,Current,XGBoost,100.27699,0.0
37,CLEANING,14338.312427539062,17478.441,22359.180479492188,Current,XGBoost,17478.441,0.0
37,DAIRY,13156.049255371094,15116.309,17578.746763183593,Current,XGBoost,15116.309,0.0
37,DELI,2107.990866027832,2723.0752,3449.469760192871,Current,XGBoost,2723.0752,0.0
37,EGGS,1658.6930923461914,2255.017,2953.1528638305663,Current,XGBoost,2255.017,0.0
37,FROZEN FOODS,1525.1652221679688,2121.4893,2819.6249936523436,Current,XGBoost,2121.4893,0.0
37,GROCERY I,55215.55732734375,61895.293,74030.93701171875,Current,XGBoost,61895.293,0.0
37,GROCERY II,563.0097045898438,867.449,1294.5034790039062,Current,XGBoost,867.449,0.0
37,HARDWARE,3.0193910241127018,30.234755,122.17040165662766,Current,XGBoost,30.234755,0.0
37,HOME AND KITCHEN I,287.1285982131958,557.90063,934.9592428207397,Current,XGBoost,557.90063,0.0
37,HOME AND KITCHEN II,310.4097537994385,579.22424,943.2278953399658,Current,XGBoost,579.22424,0.0
37,HOME APPLIANCES,3.1712970346212392,23.443632,108.99202301055193,Current,XGBoost,23.443632,0.0
37,HOME CARE,3441.8856252441406,4338.373,5488.651359619141,Current,XGBoost,4338.373,0.0
37,LADIESWEAR,203.17767810821533,419.8621,716.927282333374,Current,XGBoost,419.8621,0.0
37,LAWN AND GARDEN,121.0015811920166,323.15414,600.2209644317627,Current,XGBoost,323.15414,0.0
37,LINGERIE,0.9086392641067507,35.56531,136.53703565597533,Current,XGBoost,35.56531,0.0
37,"LIQUOR,WINE,BEER",1281.2110214233398,1877.5352,2575.6707929077147,Current,XGBoost,1877.5352,0.0
37,MAGAZINES,11.729913234710693,101.30507,237.59134101867676,Current,XGBoost,101.30507,0.0
37,MEATS,2986.117534667969,3807.564,4844.806778320312,Current,XGBoost,3807.564,0.0
37,PERSONAL CARE,3382.7599080810546,4279.247,5429.525642456055,Current,XGBoost,4279.247,0.0
37,PET SUPPLIES,6.948915004730225,92.56698,226.46429753303528,Current,XGBoost,92.56698,0.0
37,PLAYERS AND ELECTRONICS,34.66081666946411,135.48056,271.76683473587036,Current,XGBoost,135.48056,0.0
37,POULTRY,3589.409673095703,4485.897,5636.175407470703,Current,XGBoost,4485.897,0.0
37,PREPARED FOODS,695.6255187988281,1000.0648,1427.1192932128906,Current,XGBoost,1000.0648,0.0
37,PRODUCE,37200.8068390625,43880.543,56016.1865234375,Current,XGBoost,43880.543,0.0
37,SCHOOL AND OFFICE SUPPLIES,0.0,0.0,63.997666931152345,Current,XGBoost,0.0,0.0
37,SEAFOOD,14.5087256193161,62.80937,173.74150639772415,Current,XGBoost,62.80937,0.0
38,AUTOMOTIVE,3.605177164077759,70.300026,192.2525815963745,Current,XGBoost,70.300026,0.0
38,BABY CARE,2.069827222824097,24.377512,111.7951216250658,Current,XGBoost,24.377512,0.0
38,BEAUTY,78.16877436637878,235.84361,459.6531300544739,Current,XGBoost,235.84361,0.0
38,BEVERAGES,40521.07368476562,47200.81,59336.453369140625,Current,XGBoost,47200.81,0.0
38,BOOKS,2.069827222824097,24.377512,111.7951216250658,Current,XGBoost,24.377512,0.0
38,BREAD/BAKERY,6099.657740600586,7860.4604,10076.868040893554,Current,XGBoost,7860.4604,0.0
38,CELEBRATION,59.24251461029053,208.23799,418.0887813568115,Current,XGBoost,208.23799,0.0
38,CLEANING,14900.487427734375,18335.584,23820.898115722655,Current,XGBoost,18335.584,0.0
38,DAIRY,11853.472717285156,13813.732,16276.170225097656,Current,XGBoost,13813.732,0.0
38,DELI,2164.9398648071287,2855.065,3694.495249694824,Current,XGBoost,2855.065,0.0
38,EGGS,1102.8103332519531,1662.6488,2326.8993551025387,Current,XGBoost,1662.6488,0.0
38,FROZEN FOODS,1261.284194946289,1857.6083,2555.743966430664,Current,XGBoost,1857.6083,0.0
38,GROCERY I,57375.31245429687,64055.047,76190.69213867188,Current,XGBoost,64055.047,0.0
38,GROCERY II,221.45770454406738,438.36215,735.4273414611816,Current,XGBoost,438.36215,0.0
38,HARDWARE,2.3985140800476077,33.125523,129.5792072892189,Current,XGBoost,33.125523,0.0
38,HOME AND KITCHEN I,362.6812047958374,624.76227,978.766720375061,Current,XGBoost,624.76227,0.0
38,HOME AND KITCHEN II,739.0191535949707,1079.944,1540.8836776428222,Current,XGBoost,1079.944,0.0
38,HOME APPLIANCES,2.815007641911507,23.117798,108.40632247403263,Current,XGBoost,23.117798,0.0
38,HOME CARE,4179.786953002929,5342.2173,6820.535630737305,Current,XGBoost,5342.2173,0.0
38,LADIESWEAR,247.92233657836914,471.56024,778.6245994567871,Current,XGBoost,471.56024,0.0
38,LAWN AND GARDEN,106.24024200439453,283.01984,529.2166681289673,Current,XGBoost,283.01984,0.0
38,LINGERIE,7.694509267807007,92.966064,226.86338067054749,Current,XGBoost,92.966064,0.0
38,"LIQUOR,WINE,BEER",2069.2081473693847,2641.8389,3359.90427633667,Current,XGBoost,2641.8389,0.0
38,MAGAZINES,13.975582599639893,105.35083,241.63710403442383,Current,XGBoost,105.35083,0.0
38,MEATS,2004.2096373291015,2638.0542,3392.7076541748047,Current,XGBoost,2638.0542,0.0
38,PERSONAL CARE,4998.025037475586,6226.9414,7787.269451049805,Current,XGBoost,6226.9414,0.0
38,PET SUPPLIES,3.6679069995880127,84.68543,218.58275246620178,Current,XGBoost,84.68543,0.0
38,PLAYERS AND ELECTRONICS,27.621493339538574,124.797325,261.08359241485596,Current,XGBoost,124.797325,0.0
38,POULTRY,1615.046557434082,2267.6514,3050.5636969604493,Current,XGBoost,2267.6514,0.0
38,PREPARED FOODS,763.9202346801758,1159.5735,1671.340883178711,Current,XGBoost,1159.5735,0.0
38,PRODUCE,27478.660598828126,34158.395,46294.040283203125,Current,XGBoost,34158.395,0.0
38,SCHOOL AND OFFICE SUPPLIES,0.0,0.0,63.997666931152345,Current,XGBoost,0.0,0.0
38,SEAFOOD,70.97091770172119,237.30487,473.5025177001953,Current,XGBoost,237.30487,0.0
39,AUTOMOTIVE,11.378316402435303,99.31225,233.20956683158875,Current,XGBoost,99.31225,0.0
39,BABY CARE,2.1241960465908054,26.502172,113.91978169232607,Current,XGBoost,26.502172,0.0
39,BEAUTY,25.75698826313019,111.4272,255.77218154668807,Current,XGBoost,111.4272,0.0
39,BEVERAGES,59507.92280585937,66187.66,78323.30249023438,Current,XGBoost,66187.66,0.0
39,BOOKS,1.2713262081146242,23.500814,110.91842333227396,Current,XGBoost,23.500814,0.0
39,BREAD/BAKERY,11195.071472167969,13155.331,15617.768979980468,Current,XGBoost,13155.331,0.0
39,CELEBRATION,20.811042308807373,112.58886,248.87513065338135,Current,XGBoost,112.58886,0.0
39,CLEANING,19435.81108671875,25525.611,36452.10549902344,Current,XGBoost,25525.611,0.0
39,DAIRY,10504.751708984375,12465.012,14927.449216796875,Current,XGBoost,12465.012,0.0
39,DELI,3256.285216369629,4134.012,5256.031828063965,Current,XGBoost,4134.012,0.0
39,EGGS,6219.497549414063,8399.801,11855.865606933594,Current,XGBoost,8399.801,0.0
39,FROZEN FOODS,970.2220153808594,1420.6036,1983.198788330078,Current,XGBoost,1420.6036,0.0
39,GROCERY I,81740.35908515625,88420.09,100555.73876953125,Current,XGBoost,88420.09,0.0
39,GROCERY II,326.78372859954834,584.08887,941.1491212844849,Current,XGBoost,584.08887,0.0
39,HARDWARE,2.2224138498306276,31.631054,125.6957866281271,Current,XGBoost,31.631054,0.0
39,HOME AND KITCHEN I,182.0420684814453,391.7704,678.8363828659058,Current,XGBoost,391.7704,0.0
39,HOME AND KITCHEN II,170.14038372039795,366.8445,633.9121427536011,Current,XGBoost,366.8445,0.0
39,HOME APPLIANCES,1.4762731373310092,25.55599,115.36255203187466,Current,XGBoost,25.55599,0.0
39,HOME CARE,5018.874953613282,6314.277,7956.615103027343,Current,XGBoost,6314.277,0.0
39,LADIESWEAR,31.92850685119629,139.93227,292.5662064552307,Current,XGBoost,139.93227,0.0
39,LAWN AND GARDEN,87.3815689086914,259.13663,501.6827669143677,Current,XGBoost,259.13663,0.0
39,LINGERIE,131.6903533935547,303.38232,537.7546143531799,Current,XGBoost,303.38232,0.0
39,"LIQUOR,WINE,BEER",846.0709037780762,1278.2098,1823.8623019104002,Current,XGBoost,1278.2098,0.0
39,MAGAZINES,1.2176740169525146,53.41559,168.20129132270813,Current,XGBoost,53.41559,0.0
39,MEATS,2269.6875241699217,2941.0525,3752.2237863769533,Current,XGBoost,2941.0525,0.0
39,PERSONAL CARE,4346.023159057618,5508.4536,6986.771836791992,Current,XGBoost,5508.4536,0.0
39,PET SUPPLIES,8.731069087982178,86.577774,213.30823516845703,Current,XGBoost,86.577774,0.0
39,PLAYERS AND ELECTRONICS,39.4792160987854,138.22827,274.51454496383667,Current,XGBoost,138.22827,0.0
39,POULTRY,3295.760399536133,4154.7275,5248.487888549805,Current,XGBoost,4154.7275,0.0
39,PREPARED FOODS,611.6827659606934,916.122,1343.1765403747559,Current,XGBoost,916.122,0.0
39,PRODUCE,25149.47041328125,31829.205,43964.85009765625,Current,XGBoost,31829.205,0.0
39,SCHOOL AND OFFICE SUPPLIES,96.20770502090454,277.9649,530.5102105140686,Current,XGBoost,277.9649,0.0
39,SEAFOOD,86.56911277770996,258.1966,500.74272060394287,Current,XGBoost,258.1966,0.0
40,AUTOMOTIVE,1.4739110469818115,53.828556,168.61425828933716,Current,XGBoost,53.828556,0.0
40,BABY CARE,0.9977802067995072,25.168337,114.71503251567484,Current,XGBoost,25.168337,0.0
40,BEAUTY,30.406513452529907,126.14994,277.40191173553467,Current,XGBoost,126.14994,0.0
40,BEVERAGES,62168.77778632812,68848.516,80984.15747070312,Current,XGBoost,68848.516,0.0
40,BOOKS,0.9843355357646943,22.264723,109.68233190849423,Current,XGBoost,22.264723,0.0
40,BREAD/BAKERY,5324.092727050782,6619.4946,8261.832876464843,Current,XGBoost,6619.4946,0.0
40,CELEBRATION,91.67925548553467,285.615,552.6826171875,Current,XGBoost,285.615,0.0
40,CLEANING,22439.927371093752,28824.695,40355.764419433595,Current,XGBoost,28824.695,0.0
40,DAIRY,9024.500427246094,10984.76,13447.197935058593,Current,XGBoost,10984.76,0.0
40,DELI,4272.86666015625,5235.84,6468.128130371094,Current,XGBoost,5235.84,0.0
40,EGGS,2213.9179318847655,2885.2827,3696.454194091797,Current,XGBoost,2885.2827,0.0
40,FROZEN FOODS,838.172550201416,1197.3402,1675.222449066162,Current,XGBoost,1197.3402,0.0
40,GROCERY I,80915.44990546875,87595.19,99730.82958984375,Current,XGBoost,87595.19,0.0
40,GROCERY II,79.87263298034668,230.71043,448.7350673675537,Current,XGBoost,230.71043,0.0
40,HARDWARE,2.945182991027832,31.648535,125.7132671430707,Current,XGBoost,31.648535,0.0
40,HOME AND KITCHEN I,381.4837398529053,645.52234,1012.5817584991455,Current,XGBoost,645.52234,0.0
40,HOME AND KITCHEN II,120.39945793151855,313.0453,580.1129350662231,Current,XGBoost,313.0453,0.0
40,HOME APPLIANCES,0.7250383913516999,22.01279,111.55948559343815,Current,XGBoost,22.01279,0.0
40,HOME CARE,5256.687941894532,6552.09,8194.428091308593,Current,XGBoost,6552.09,0.0
40,LADIESWEAR,1.1070809185504915,20.101498,105.39002226889133,Current,XGBoost,20.101498,0.0
40,LAWN AND GARDEN,1.1070809185504915,20.341595,105.63011958301067,Current,XGBoost,20.341595,0.0
40,LINGERIE,23.80322504043579,118.9187,263.37880659103394,Current,XGBoost,118.9187,0.0
40,"LIQUOR,WINE,BEER",618.3979377746582,959.3228,1420.2624618225097,Current,XGBoost,959.3228,0.0
40,MAGAZINES,0.4458041191101074,33.237495,134.20921607762574,Current,XGBoost,33.237495,0.0
40,MEATS,1697.7141952514648,2294.0383,2992.1739667358397,Current,XGBoost,2294.0383,0.0
40,PERSONAL CARE,4312.094884277344,5208.582,6358.860618652344,Current,XGBoost,5208.582,0.0
40,PET SUPPLIES,2.0743383526802064,44.209244,149.69900557994842,Current,XGBoost,44.209244,0.0
40,PLAYERS AND ELECTRONICS,5.463145971298218,88.56441,220.07277417182922,Current,XGBoost,88.56441,0.0
40,POULTRY,2494.9247983398436,3166.2896,3977.461060546875,Current,XGBoost,3166.2896,0.0
40,PREPARED FOODS,566.0355186462402,870.4748,1297.5292930603027,Current,XGBoost,870.4748,0.0
40,PRODUCE,17881.583509472657,21611.646,27701.536833496095,Current,XGBoost,21611.646,0.0
40,SCHOOL AND OFFICE SUPPLIES,0.0,0.0,63.997666931152345,Current,XGBoost,0.0,0.0
40,SEAFOOD,7.3593691945075985,45.977646,152.39174625873565,Current,XGBoost,45.977646,0.0
41,AUTOMOTIVE,18.72341823577881,100.50206,235.40635991096497,Current,XGBoost,100.50206,0.0
41,BABY CARE,2.925233101844788,16.029696,92.80187571048737,Current,XGBoost,16.029696,0.0
41,BEAUTY,69.20592975616455,237.68793,472.06023120880127,Current,XGBoost,237.68793,0.0
41,BEVERAGES,41937.31050117187,48617.047,60752.690185546875,Current,XGBoost,48617.047,0.0
41,BOOKS,2.925233101844788,15.999281,92.7714616060257,Current,XGBoost,15.999281,0.0
41,BREAD/BAKERY,6526.185514770508,8419.96,10800.387286743164,Current,XGBoost,8419.96,0.0
41,CELEBRATION,42.92690706253052,177.38483,370.88795232772827,Current,XGBoost,177.38483,0.0
41,CLEANING,16171.471303027345,20786.436,28690.05253515625,Current,XGBoost,20786.436,0.0
41,DAIRY,10712.771313671876,12967.998,16035.011457519531,Current,XGBoost,12967.998,0.0
41,DELI,3337.3317572631836,4281.5444,5485.574104797363,Current,XGBoost,4281.5444,0.0
41,EGGS,1742.3989226074218,2376.2434,3130.896939453125,Current,XGBoost,2376.2434,0.0
41,FROZEN FOODS,1842.1412077026366,2494.7458,3277.658347229004,Current,XGBoost,2494.7458,0.0
41,GROCERY I,57228.55244453125,63908.29,76043.93212890625,Current,XGBoost,63908.29,0.0
41,GROCERY II,362.5937976837158,640.0993,1027.1570682525635,Current,XGBoost,640.0993,0.0
41,HARDWARE,2.0641341447830204,24.70387,112.12148047983646,Current,XGBoost,24.70387,0.0
41,HOME AND KITCHEN I,243.99259662628174,460.2645,757.3296909332275,Current,XGBoost,460.2645,0.0
41,HOME AND KITCHEN II,213.74860191345215,423.91962,710.9856128692627,Current,XGBoost,423.91962,0.0
41,HOME APPLIANCES,4.245810621976853,17.905329,92.5484235420823,Current,XGBoost,17.905329,0.0
41,HOME CARE,3427.659888305664,4390.633,5622.921358520508,Current,XGBoost,4390.633,0.0
41,LADIESWEAR,208.3208065032959,418.4669,705.5328903198242,Current,XGBoost,418.4669,0.0
41,LAWN AND GARDEN,107.46647357940674,298.31262,569.0309429168701,Current,XGBoost,298.31262,0.0
41,LINGERIE,17.285274028778076,114.80019,251.08646297454834,Current,XGBoost,114.80019,0.0
41,"LIQUOR,WINE,BEER",1307.064337097168,1849.1774,2507.801731994629,Current,XGBoost,1849.1774,0.0
41,MAGAZINES,12.282785892486572,99.207275,235.4935483932495,Current,XGBoost,99.207275,0.0
41,MEATS,2884.606640197754,3612.2522,4508.200270446778,Current,XGBoost,3612.2522,0.0
41,PERSONAL CARE,5322.01759753418,6816.877,8705.244954467773,Current,XGBoost,6816.877,0.0
41,PET SUPPLIES,40.13017416000366,147.80856,300.4425024986267,Current,XGBoost,147.80856,0.0
41,PLAYERS AND ELECTRONICS,10.271939277648926,95.2129,226.72126388549805,Current,XGBoost,95.2129,0.0
41,POULTRY,2558.0485375976564,3341.9746,4322.699535888672,Current,XGBoost,3341.9746,0.0
41,PREPARED FOODS,453.8062629699707,758.24554,1185.3000373840332,Current,XGBoost,758.24554,0.0
41,PRODUCE,29475.06221015625,36154.797,48290.44189453125,Current,XGBoost,36154.797,0.0
41,SCHOOL AND OFFICE SUPPLIES,0.0,0.0,63.997666931152345,Current,XGBoost,0.0,0.0
41,SEAFOOD,18.741716063022615,60.031197,166.96502864658834,Current,XGBoost,60.031197,0.0
42,AUTOMOTIVE,1.830951589345932,37.582108,138.81369777321817,Current,XGBoost,37.582108,0.0
42,BABY CARE,2.8858279347419744,16.038687,92.81086713075638,Current,XGBoost,16.038687,0.0
42,BEAUTY,57.13923358917236,207.34575,425.37038111686707,Current,XGBoost,207.34575,0.0
42,BEVERAGES,39994.41059882812,46674.145,58809.790283203125,Current,XGBoost,46674.145,0.0
42,BOOKS,2.8858279347419744,16.038687,92.81086713075638,Current,XGBoost,16.038687,0.0
42,BREAD/BAKERY,6850.036102294922,8810.296,11272.733610107422,Current,XGBoost,8810.296,0.0
42,CELEBRATION,21.869406700134277,114.60317,256.674325466156,Current,XGBoost,114.60317,0.0
42,CLEANING,12264.350280761719,14224.61,16687.04778857422,Current,XGBoost,14224.61,0.0
42,DAIRY,12586.362988476563,14841.59,17908.60313232422,Current,XGBoost,14841.59,0.0
42,DELI,2385.205767333984,3131.6116,4055.818520263672,Current,XGBoost,3131.6116,0.0
42,EGGS,1860.4015928955077,2494.246,3248.899609741211,Current,XGBoost,2494.246,0.0
42,FROZEN FOODS,1382.4489974975586,1978.7731,2676.9087689819335,Current,XGBoost,1978.7731,0.0
42,GROCERY I,50996.4494171875,57676.184,69811.8291015625,Current,XGBoost,57676.184,0.0
42,GROCERY II,268.73448181152344,519.30615,866.3672485351562,Current,XGBoost,519.30615,0.0
42,HARDWARE,0.2706835389137269,22.065239,109.48284851014614,Current,XGBoost,22.065239,0.0
42,HOME AND KITCHEN I,251.97293663024902,462.14395,749.2099475860596,Current,XGBoost,462.14395,0.0
42,HOME AND KITCHEN II,148.40650463104248,328.02402,576.0461940765381,Current,XGBoost,328.02402,0.0
42,HOME APPLIANCES,3.5176090061664587,16.341616,93.11379685997963,Current,XGBoost,16.341616,0.0
42,HOME CARE,3110.9477622070312,3969.9148,5063.675251220703,Current,XGBoost,3969.9148,0.0
42,LADIESWEAR,156.57153701782227,364.52548,651.5914812088013,Current,XGBoost,364.52548,0.0
42,LAWN AND GARDEN,315.11852741241455,585.89056,962.9491720199585,Current,XGBoost,585.89056,0.0
42,LINGERIE,47.87624133229256,150.4835,310.169176286459,Current,XGBoost,150.4835,0.0
42,"LIQUOR,WINE,BEER",920.7825050354004,1371.1642,1933.759277984619,Current,XGBoost,1371.1642,0.0
42,MAGAZINES,9.796385049819946,82.57967,206.9211802482605,Current,XGBoost,82.57967,0.0
42,MEATS,3187.635170654297,4046.602,5140.362659667969,Current,XGBoost,4046.602,0.0
42,PERSONAL CARE,3234.283309020996,4112.0103,5234.029920715332,Current,XGBoost,4112.0103,0.0
42,PET SUPPLIES,7.13434100151062,85.3344,214.45381331443787,Current,XGBoost,85.3344,0.0
42,PLAYERS AND ELECTRONICS,8.695142269134521,89.206924,218.3263397216797,Current,XGBoost,89.206924,0.0
42,POULTRY,3249.9365225219726,4127.6636,5249.683134216309,Current,XGBoost,4127.6636,0.0
42,PREPARED FOODS,461.52435302734375,765.9636,1193.0181274414062,Current,XGBoost,765.9636,0.0
42,PRODUCE,37012.2541046875,43691.99,55827.6337890625,Current,XGBoost,43691.99,0.0
42,SCHOOL AND OFFICE SUPPLIES,0.0,0.0,63.997666931152345,Current,XGBoost,0.0,0.0
42,SEAFOOD,87.88879203796387,258.37073,494.5683784484863,Current,XGBoost,258.37073,0.0
43,AUTOMOTIVE,6.345054626464844,61.702637,176.48833918571472,Current,XGBoost,61.702637,0.0
43,BABY CARE,2.540149688720703,25.706701,113.12431102991104,Current,XGBoost,25.706701,0.0
43,BEAUTY,30.526432728767396,120.52134,269.64422038793566,Current,XGBoost,120.52134,0.0
43,BEVERAGES,77782.43501289062,84462.17,96597.81469726562,Current,XGBoost,84462.17,0.0
43,BOOKS,2.540149688720703,25.497019,112.91462761163712,Current,XGBoost,25.497019,0.0
43,BREAD/BAKERY,7657.10400390625,9617.363,12079.80151171875,Current,XGBoost,9617.363,0.0
43,CELEBRATION,96.68426132202148,287.10922,554.1768503189087,Current,XGBoost,287.10922,0.0
43,CLEANING,15997.99221328125,20023.023,26717.488173339843,Current,XGBoost,20023.023,0.0
43,DAIRY,9567.48486328125,11527.744,13990.18237109375,Current,XGBoost,11527.744,0.0
43,DELI,3829.5179036865234,4726.0054,5876.283638061524,Current,XGBoost,4726.0054,0.0
43,EGGS,2939.011948913574,3695.6228,4617.0630696411135,Current,XGBoost,3695.6228,0.0
43,FROZEN FOODS,678.9018745422363,1038.0696,1515.9517734069823,Current,XGBoost,1038.0696,0.0
43,GROCERY I,74639.8293,81319.56,93455.208984375,Current,XGBoost,81319.56,0.0
43,GROCERY II,64.89742755889893,176.60391,329.23785066604614,Current,XGBoost,176.60391,0.0
43,HARDWARE,1.7021890223026277,24.349752,111.76736192405224,Current,XGBoost,24.349752,0.0
43,HOME AND KITCHEN I,134.73163318634033,312.4172,554.9633512496948,Current,XGBoost,312.4172,0.0
43,HOME AND KITCHEN II,86.90878009796143,257.43048,499.97662448883057,Current,XGBoost,257.43048,0.0
43,HOME APPLIANCES,1.7326036036014558,23.659834,111.07744400203228,Current,XGBoost,23.659834,0.0
43,HOME CARE,3241.3032369995117,4119.0303,5241.049848693848,Current,XGBoost,4119.0303,0.0
43,LADIESWEAR,1.7021890223026277,23.445263,110.8628727644682,Current,XGBoost,23.445263,0.0
43,LAWN AND GARDEN,54.956944942474365,176.52776,347.334707736969,Current,XGBoost,176.52776,0.0
43,LINGERIE,3.6133323788642886,33.88294,125.81858579218388,Current,XGBoost,33.88294,0.0
43,"LIQUOR,WINE,BEER",1129.8059714660644,1544.2195,2084.245742645264,Current,XGBoost,1544.2195,0.0
43,MAGAZINES,3.582826352119446,49.597603,152.6984097123146,Current,XGBoost,49.597603,0.0
43,MEATS,2614.3657036132813,3435.8123,4473.054947265625,Current,XGBoost,3435.8123,0.0
43,PERSONAL CARE,3800.816824951172,4763.79,5996.078295166016,Current,XGBoost,4763.79,0.0
43,PET SUPPLIES,3.469659870862961,49.87159,155.36135089993476,Current,XGBoost,49.87159,0.0
43,PLAYERS AND ELECTRONICS,2.59057457447052,44.020878,147.38155395984649,Current,XGBoost,44.020878,0.0
43,POULTRY,3108.525737792969,3929.9722,4967.214981445312,Current,XGBoost,3929.9722,0.0
43,PREPARED FOODS,1366.4473876953125,1962.7715,2660.9071591796874,Current,XGBoost,1962.7715,0.0
43,PRODUCE,17420.947242773436,21740.945,29039.985838867186,Current,XGBoost,21740.945,0.0
43,SCHOOL AND OFFICE SUPPLIES,0.0,7.065364,79.57937378883362,Current,XGBoost,7.065364,0.0
43,SEAFOOD,0.0,0.0,63.997666931152345,Current,XGBoost,0.0,0.0
44,AUTOMOTIVE,93.35001468658447,269.37485,513.7463188171387,Current,XGBoost,269.37485,0.0
44,BABY CARE,3.0916997671127318,27.934618,115.87195969820023,Current,XGBoost,27.934618,0.0
44,BEAUTY,162.15625667572021,360.34174,631.0600500106812,Current,XGBoost,360.34174,0.0
44,BEVERAGES,158168.428909375,164848.16,176983.80859375,Current,XGBoost,164848.16,0.0
44,BOOKS,3.0916997671127318,27.934618,115.87195969820023,Current,XGBoost,27.934618,0.0
44,BREAD/BAKERY,21673.099563671876,28352.834,40488.479248046875,Current,XGBoost,28352.834,0.0
44,CELEBRATION,332.51795768737793,610.02344,997.0812282562256,Current,XGBoost,610.02344,0.0
44,CLEANING,38446.94270332031,45126.68,57262.32238769531,Current,XGBoost,45126.68,0.0
44,DAIRY,36754.20552070312,43433.94,55569.585205078125,Current,XGBoost,43433.94,0.0
44,DELI,8115.6199019775395,10009.394,12389.821673950195,Current,XGBoost,10009.394,0.0
44,EGGS,8857.265257202149,10751.039,13131.467029174804,Current,XGBoost,10751.039,0.0
44,FROZEN FOODS,6221.209737792969,7782.5547,9752.932830566406,Current,XGBoost,7782.5547,0.0
44,GROCERY I,166170.706253125,172850.44,184986.0859375,Current,XGBoost,172850.44,0.0
44,GROCERY II,1165.2423400878906,1761.5664,2459.7021115722655,Current,XGBoost,1761.5664,0.0
44,HARDWARE,5.610353416204452,54.106247,160.1157382309437,Current,XGBoost,54.106247,0.0
44,HOME AND KITCHEN I,1585.7362213134766,2182.0603,2880.1959927978514,Current,XGBoost,2182.0603,0.0
44,HOME AND KITCHEN II,1475.954689025879,2072.2788,2770.414460510254,Current,XGBoost,2072.2788,0.0
44,HOME APPLIANCES,2.2202561885118484,29.272982,119.59927692711354,Current,XGBoost,29.272982,0.0
44,HOME CARE,10533.351880078126,12788.579,15855.592023925781,Current,XGBoost,12788.579,0.0
44,LADIESWEAR,511.6504545211792,827.59906,1261.5969777908326,Current,XGBoost,827.59906,0.0
44,LAWN AND GARDEN,245.48394870758057,462.3884,759.4535856246948,Current,XGBoost,462.3884,0.0
44,LINGERIE,284.3585042953491,542.1914,901.0770082473755,Current,XGBoost,542.1914,0.0
44,"LIQUOR,WINE,BEER",4617.167217285156,5779.5977,7257.9158950195315,Current,XGBoost,5779.5977,0.0
44,MAGAZINES,220.89020347595215,444.5281,751.5924663543701,Current,XGBoost,444.5281,0.0
44,MEATS,12483.538318652343,15623.667,20504.40637060547,Current,XGBoost,15623.667,0.0
44,PERSONAL CARE,8235.882200561524,10129.656,12510.08397253418,Current,XGBoost,10129.656,0.0
44,PET SUPPLIES,596.6860122680664,919.3681,1363.3651614990235,Current,XGBoost,919.3681,0.0
44,PLAYERS AND ELECTRONICS,357.30802631378174,614.61316,971.6734189987183,Current,XGBoost,614.61316,0.0
44,POULTRY,16599.99563125,20625.025,27319.491591308593,Current,XGBoost,20625.025,0.0
44,PREPARED FOODS,4205.023381591797,5101.5107,6251.789115966797,Current,XGBoost,5101.5107,0.0
44,PRODUCE,152744.550003125,159424.28,171559.9296875,Current,XGBoost,159424.28,0.0
44,SCHOOL AND OFFICE SUPPLIES,1122.7738485336304,1675.8789,2330.1302444229123,Current,XGBoost,1675.8789,0.0
44,SEAFOOD,1127.4669075012207,1669.0626,2316.370554534912,Current,XGBoost,1669.0626,0.0
45,AUTOMOTIVE,74.34557914733887,219.91823,429.7690258026123,Current,XGBoost,219.91823,0.0
45,BABY CARE,2.666715919971466,27.342953,115.02042805254459,Current,XGBoost,27.342953,0.0
45,BEAUTY,129.72161960601807,314.4402,565.1601610183716,Current,XGBoost,314.4402,0.0
45,BEVERAGES,155572.30342109376,162252.03,174387.68310546875,Current,XGBoost,162252.03,0.0
45,BOOKS,2.697130471467972,27.373367,115.0508426040411,Current,XGBoost,27.373367,0.0
45,BREAD/BAKERY,16023.254945800782,20933.188,29441.378813964846,Current,XGBoost,20933.188,0.0
45,CELEBRATION,249.74224376678467,466.6467,763.7118806838989,Current,XGBoost,466.6467,0.0
45,CLEANING,38449.900955273435,45129.637,57265.28063964844,Current,XGBoost,45129.637,0.0
45,DAIRY,32180.438797070314,38860.176,50995.81848144531,Current,XGBoost,38860.176,0.0
45,DELI,10617.29736328125,12577.558,15039.99487109375,Current,XGBoost,12577.558,0.0
45,EGGS,5237.592362426758,6599.48,8323.828247680663,Current,XGBoost,6599.48,0.0
45,FROZEN FOODS,4311.900113769531,5540.8164,7101.14452734375,Current,XGBoost,5540.8164,0.0
45,GROCERY I,173633.2326203125,180312.97,192448.6123046875,Current,XGBoost,180312.97,0.0
45,GROCERY II,1752.3150466308593,2367.3994,3093.7939407958984,Current,XGBoost,2367.3994,0.0
45,HARDWARE,2.5716894030570985,39.191704,142.29251012802123,Current,XGBoost,39.191704,0.0
45,HOME AND KITCHEN I,791.0419006347656,1168.4524,1663.2771743164062,Current,XGBoost,1168.4524,0.0
45,HOME AND KITCHEN II,913.6820335388184,1418.7921,2032.2149309387205,Current,XGBoost,1418.7921,0.0
45,HOME APPLIANCES,2.195156264305115,36.072094,134.91473244428636,Current,XGBoost,36.072094,0.0
45,HOME CARE,9852.91169453125,12108.139,15175.151838378906,Current,XGBoost,12108.139,0.0
45,LADIESWEAR,445.47643280029297,722.98193,1110.0397033691406,Current,XGBoost,722.98193,0.0
45,LAWN AND GARDEN,417.27996253967285,681.31854,1048.377981185913,Current,XGBoost,681.31854,0.0
45,LINGERIE,25.0289475440979,113.28965,262.67240138053893,Current,XGBoost,113.28965,0.0
45,"LIQUOR,WINE,BEER",2962.197446838379,3756.3286,4734.2868129272465,Current,XGBoost,3756.3286,0.0
45,MAGAZINES,71.41811847686768,248.53835,499.258318901062,Current,XGBoost,248.53835,0.0
45,MEATS,15433.788038281251,19163.852,25253.74136230469,Current,XGBoost,19163.852,0.0
45,PERSONAL CARE,10007.848584179688,12263.075,15330.088728027344,Current,XGBoost,12263.075,0.0
45,PET SUPPLIES,203.69127941131592,427.3292,734.3935422897339,Current,XGBoost,427.3292,0.0
45,PLAYERS AND ELECTRONICS,240.9253330230713,464.56323,771.6275959014893,Current,XGBoost,464.56323,0.0
45,POULTRY,17048.763551757813,21958.695,30466.887419921877,Current,XGBoost,21958.695,0.0
45,PREPARED FOODS,3229.3167044677734,4088.2837,5182.044193481445,Current,XGBoost,4088.2837,0.0
45,PRODUCE,98663.46748359375,105343.2,117478.84716796875,Current,XGBoost,105343.2,0.0
45,SCHOOL AND OFFICE SUPPLIES,1653.6608092041015,2287.5054,3042.1588260498047,Current,XGBoost,2287.5054,0.0
45,SEAFOOD,942.5292892456055,1356.4254,1885.135312561035,Current,XGBoost,1356.4254,0.0
46,AUTOMOTIVE,45.91683483123779,163.04866,323.85643577575684,Current,XGBoost,163.04866,0.0
46,BABY CARE,0.6640920639038086,21.050894,108.46850275993347,Current,XGBoost,21.050894,0.0
46,BEAUTY,187.53729915618896,387.96964,665.0364418029785,Current,XGBoost,387.96964,0.0
46,BEVERAGES,99121.36103828125,105801.09,117936.74072265625,Current,XGBoost,105801.09,0.0
46,BOOKS,0.931478774547577,23.914343,111.33195316791534,Current,XGBoost,23.914343,0.0
46,BREAD/BAKERY,13777.15177060547,16622.312,20898.477186523436,Current,XGBoost,16622.312,0.0
46,CELEBRATION,71.94943714141846,232.82408,459.02255058288574,Current,XGBoost,232.82408,0.0
46,CLEANING,35689.1681671875,42368.902,54504.5478515625,Current,XGBoost,42368.902,0.0
46,DAIRY,21598.728836132814,28278.465,40414.10852050781,Current,XGBoost,28278.465,0.0
46,DELI,11443.67438984375,13698.901,16765.914533691404,Current,XGBoost,13698.901,0.0
46,EGGS,1986.4050229492186,2657.77,3468.94128515625,Current,XGBoost,2657.77,0.0
46,FROZEN FOODS,3143.0507622070313,3964.4973,5001.740005859375,Current,XGBoost,3964.4973,0.0
46,GROCERY I,160106.77803046876,166786.52,178922.15771484375,Current,XGBoost,166786.52,0.0
46,GROCERY II,456.8858871459961,761.32513,1188.3796615600586,Current,XGBoost,761.32513,0.0
46,HARDWARE,1.9097863972187044,32.83452,131.93702238202096,Current,XGBoost,32.83452,0.0
46,HOME AND KITCHEN I,388.83105182647705,659.6031,1036.661696434021,Current,XGBoost,659.6031,0.0
46,HOME AND KITCHEN II,307.46415996551514,537.8355,854.8990488052368,Current,XGBoost,537.8355,0.0
46,HOME APPLIANCES,1.4676227986812593,27.291862,119.48737522959709,Current,XGBoost,27.291862,0.0
46,HOME CARE,9241.434692382812,11201.694,13664.132200195312,Current,XGBoost,11201.694,0.0
46,LADIESWEAR,471.0752420425415,755.31415,1152.3711385726929,Current,XGBoost,755.31415,0.0
46,LAWN AND GARDEN,286.28979778289795,530.12805,867.189938545227,Current,XGBoost,530.12805,0.0
46,LINGERIE,163.77067685127258,374.53293,672.859857082367,Current,XGBoost,374.53293,0.0
46,"LIQUOR,WINE,BEER",1459.8758398742675,2075.4775,2813.188481903076,Current,XGBoost,2075.4775,0.0
46,MAGAZINES,19.236705780029297,98.812225,225.5426893234253,Current,XGBoost,98.812225,0.0
46,MEATS,14470.13292314453,17610.262,22491.000975097657,Current,XGBoost,17610.262,0.0
46,PERSONAL CARE,10708.890118603516,12964.117,16031.130262451172,Current,XGBoost,12964.117,0.0
46,PET SUPPLIES,194.21653175354004,411.121,708.1861686706543,Current,XGBoost,411.121,0.0
46,PLAYERS AND ELECTRONICS,382.0431127548218,652.8151,1029.8737573623657,Current,XGBoost,652.8151,0.0
46,POULTRY,11422.405542382812,13972.6,17644.188322265625,Current,XGBoost,13972.6,0.0
46,PREPARED FOODS,1763.633602783203,2397.478,3152.1316196289063,Current,XGBoost,2397.478,0.0
46,PRODUCE,41124.450271679685,47804.184,59939.82995605469,Current,XGBoost,47804.184,0.0
46,SCHOOL AND OFFICE SUPPLIES,1090.0524565429687,1614.4402,2267.4382244873045,Current,XGBoost,1614.4402,0.0
46,SEAFOOD,564.6176147460938,869.0569,1296.1113891601562,Current,XGBoost,869.0569,0.0
47,AUTOMOTIVE,59.55102729797363,193.3634,378.69268226623535,Current,XGBoost,193.3634,0.0
47,BABY CARE,1.0015592336654664,19.350513,102.50995136499405,Current,XGBoost,19.350513,0.0
47,BEAUTY,184.0368938446045,381.33356,650.2265300750732,Current,XGBoost,381.33356,0.0
47,BEVERAGES,143493.8634796875,150173.6,162309.2431640625,Current,XGBoost,150173.6,0.0
47,BOOKS,1.0015592336654664,19.504255,102.66369343996048,Current,XGBoost,19.504255,0.0
47,BREAD/BAKERY,15265.320521386719,19290.352,25984.816481445312,Current,XGBoost,19290.352,0.0
47,CELEBRATION,242.38834857940674,459.29282,756.357985496521,Current,XGBoost,459.29282,0.0
47,CLEANING,35203.642166210935,41883.38,54019.02185058594,Current,XGBoost,41883.38,0.0
47,DAIRY,31366.41609199219,38046.152,50181.79577636719,Current,XGBoost,38046.152,0.0
47,DELI,9979.222961425781,11939.482,14401.920469238281,Current,XGBoost,11939.482,0.0
47,EGGS,5042.321927734375,6271.2383,7831.566341308594,Current,XGBoost,6271.2383,0.0
47,FROZEN FOODS,3606.6177435302734,4569.591,5801.879213745117,Current,XGBoost,4569.591,0.0
47,GROCERY I,164598.620315625,171278.36,183414.0,Current,XGBoost,171278.36,0.0
47,GROCERY II,599.9975814819336,922.6797,1366.6767307128907,Current,XGBoost,922.6797,0.0
47,HARDWARE,2.3268345952033997,30.688953,123.14433375597,Current,XGBoost,30.688953,0.0
47,HOME AND KITCHEN I,701.0510139465332,1060.2188,1538.1009128112792,Current,XGBoost,1060.2188,0.0
47,HOME AND KITCHEN II,914.1558418273926,1382.7803,1962.317989593506,Current,XGBoost,1382.7803,0.0
47,HOME APPLIANCES,2.2922543764114383,31.546822,124.00220133960246,Current,XGBoost,31.546822,0.0
47,HOME CARE,9761.169616699219,11721.43,14183.867124511718,Current,XGBoost,11721.43,0.0
47,LADIESWEAR,473.07218647003174,757.3111,1154.368083000183,Current,XGBoost,757.3111,0.0
47,LAWN AND GARDEN,326.6330795288086,590.6717,957.7310981750488,Current,XGBoost,590.6717,0.0
47,LINGERIE,64.27238122224807,183.43546,370.47495636940005,Current,XGBoost,183.43546,0.0
47,"LIQUOR,WINE,BEER",2611.2780208740237,3320.1633,4187.852528442383,Current,XGBoost,3320.1633,0.0
47,MAGAZINES,42.14873933792114,166.33412,335.3157343864441,Current,XGBoost,166.33412,0.0
47,MEATS,13937.554895410156,16487.75,20159.33767529297,Current,XGBoost,16487.75,0.0
47,PERSONAL CARE,10368.737256054688,12623.964,15690.977399902344,Current,XGBoost,12623.964,0.0
47,PET SUPPLIES,181.59249782562256,391.06943,678.135425567627,Current,XGBoost,391.06943,0.0
47,PLAYERS AND ELECTRONICS,274.65027046203613,498.28818,805.3525333404541,Current,XGBoost,498.28818,0.0
47,POULTRY,15691.536427539064,20306.502,28210.11765966797,Current,XGBoost,20306.502,0.0
47,PREPARED FOODS,2824.3509178466797,3645.7974,4683.040161499023,Current,XGBoost,3645.7974,0.0
47,PRODUCE,87855.5177765625,94535.25,106670.8974609375,Current,XGBoost,94535.25,0.0
47,SCHOOL AND OFFICE SUPPLIES,934.5749435424805,1457.9279,2088.2932157592772,Current,XGBoost,1457.9279,0.0
47,SEAFOOD,645.8270950317383,1023.23755,1518.0623687133789,Current,XGBoost,1023.23755,0.0
48,AUTOMOTIVE,54.61385726928711,178.30305,347.2846736907959,Current,XGBoost,178.30305,0.0
48,BABY CARE,2.139546310901642,22.906128,108.19465228766202,Current,XGBoost,22.906128,0.0
48,BEAUTY,207.64021110534668,413.43393,700.499942779541,Current,XGBoost,413.43393,0.0
48,BEVERAGES,74311.73799140625,80991.48,93127.11767578125,Current,XGBoost,80991.48,0.0
48,BOOKS,2.139546310901642,22.906128,108.19465228766202,Current,XGBoost,22.906128,0.0
48,BREAD/BAKERY,11672.107068066407,13927.334,16994.34721191406,Current,XGBoost,13927.334,0.0
48,CELEBRATION,167.93126106262207,371.36884,648.4356460571289,Current,XGBoost,371.36884,0.0
48,CLEANING,30421.961868359376,37101.695,49237.341552734375,Current,XGBoost,37101.695,0.0
48,DAIRY,17307.837099121094,22217.77,30725.96096728516,Current,XGBoost,22217.77,0.0
48,DELI,9056.115325927734,11016.375,13478.812833740234,Current,XGBoost,11016.375,0.0
48,EGGS,1522.9438505249022,2175.5486,2958.4609900512696,Current,XGBoost,2175.5486,0.0
48,FROZEN FOODS,2537.76751361084,3265.413,4161.361143859864,Current,XGBoost,3265.413,0.0
48,GROCERY I,134921.2443390625,141600.98,153736.6240234375,Current,XGBoost,141600.98,0.0
48,GROCERY II,452.7921142578125,757.2314,1184.285888671875,Current,XGBoost,757.2314,0.0
48,HARDWARE,2.015170150995255,28.568008,118.63443576395511,Current,XGBoost,28.568008,0.0
48,HOME AND KITCHEN I,324.33203315734863,588.3706,955.4300518035889,Current,XGBoost,588.3706,0.0
48,HOME AND KITCHEN II,565.2285432815552,899.42,1350.360441368103,Current,XGBoost,899.42,0.0
48,HOME APPLIANCES,1.443658870458603,29.65,124.23446599440649,Current,XGBoost,29.65,0.0
48,HOME CARE,8144.564605712891,10104.824,12567.26211352539,Current,XGBoost,10104.824,0.0
48,LADIESWEAR,459.0958070755005,743.3347,1140.3917036056519,Current,XGBoost,743.3347,0.0
48,LAWN AND GARDEN,83.33213663101196,241.79521,463.47052907943726,Current,XGBoost,241.79521,0.0
48,LINGERIE,3.764179617166519,37.880207,132.4646736085415,Current,XGBoost,37.880207,0.0
48,"LIQUOR,WINE,BEER",1421.5369612426757,2018.8959,2739.6642284545896,Current,XGBoost,2018.8959,0.0
48,MAGAZINES,8.084844589233398,75.56678,197.51933789253235,Current,XGBoost,75.56678,0.0
48,MEATS,12661.795691503907,15506.957,19783.121107421874,Current,XGBoost,15506.957,0.0
48,PERSONAL CARE,10376.075329785157,12631.303,15698.315473632812,Current,XGBoost,12631.303,0.0
48,PET SUPPLIES,172.11108589172363,382.92255,671.8138990402222,Current,XGBoost,382.92255,0.0
48,PLAYERS AND ELECTRONICS,207.77878379821777,431.4167,738.4810466766357,Current,XGBoost,431.4167,0.0
48,POULTRY,11521.554773339843,14071.749,17743.337553222656,Current,XGBoost,14071.749,0.0
48,PREPARED FOODS,1126.1756439208984,1540.0718,2068.781667236328,Current,XGBoost,1540.0718,0.0
48,PRODUCE,26548.2589875,33227.992,45363.638671875,Current,XGBoost,33227.992,0.0
48,SCHOOL AND OFFICE SUPPLIES,853.2224760055542,1351.5991,1955.0227474441526,Current,XGBoost,1351.5991,0.0
48,SEAFOOD,234.12704849243164,468.95685,796.0195598602295,Current,XGBoost,468.95685,0.0
49,AUTOMOTIVE,37.88486099243164,142.69507,287.1551733016968,Current,XGBoost,142.69507,0.0
49,BABY CARE,4.639301806688309,32.423973,122.23053297400475,Current,XGBoost,32.423973,0.0
49,BEAUTY,101.98116970062256,285.06375,535.7837362289429,Current,XGBoost,285.06375,0.0
49,BEVERAGES,113229.16963203125,119908.91,132044.54931640625,Current,XGBoost,119908.91,0.0
49,BOOKS,4.639301806688309,32.423973,122.23053297400475,Current,XGBoost,32.423973,0.0
49,BREAD/BAKERY,15298.09132294922,20502.99,29615.757827148438,Current,XGBoost,20502.99,0.0
49,CELEBRATION,162.03496646881104,377.62344,674.6886196136475,Current,XGBoost,377.62344,0.0
49,CLEANING,27340.776321484376,34020.51,46156.156005859375,Current,XGBoost,34020.51,0.0
49,DAIRY,31752.023880078123,38431.758,50567.403564453125,Current,XGBoost,38431.758,0.0
49,DELI,6515.889336914062,8210.206,10344.603901367187,Current,XGBoost,8210.206,0.0
49,EGGS,6529.561794921875,8356.85,10655.267831054687,Current,XGBoost,8356.85,0.0
49,FROZEN FOODS,4981.607193969727,6343.495,8067.843079223633,Current,XGBoost,6343.495,0.0
49,GROCERY I,127097.14521796875,133776.88,145912.52490234375,Current,XGBoost,133776.88,0.0
49,GROCERY II,727.9275703430176,1050.6096,1494.6067195739747,Current,XGBoost,1050.6096,0.0
49,HARDWARE,1.8585326671600342,43.15435,150.77319598197937,Current,XGBoost,43.15435,0.0
49,HOME AND KITCHEN I,755.0151443481445,1114.1829,1592.0650432128905,Current,XGBoost,1114.1829,0.0
49,HOME AND KITCHEN II,581.0972785949707,885.53656,1312.5910530090332,Current,XGBoost,885.53656,0.0
49,HOME APPLIANCES,2.0380269646644593,41.3002,146.78996024131774,Current,XGBoost,41.3002,0.0
49,HOME CARE,6923.544340454102,8817.318,11197.746112426757,Current,XGBoost,8817.318,0.0
49,LADIESWEAR,260.86113929748535,497.96594,825.0286540985107,Current,XGBoost,497.96594,0.0
49,LAWN AND GARDEN,315.7026643753052,573.0078,930.0680570602417,Current,XGBoost,573.0078,0.0
49,LINGERIE,170.61788940429688,375.5368,656.2543087005615,Current,XGBoost,375.5368,0.0
49,"LIQUOR,WINE,BEER",3280.6747249145506,4349.304,5686.327789245605,Current,XGBoost,4349.304,0.0
49,MAGAZINES,74.19231414794922,243.18375,485.7298746109009,Current,XGBoost,243.18375,0.0
49,MEATS,11857.670129785156,14407.864,18079.45290966797,Current,XGBoost,14407.864,0.0
49,PERSONAL CARE,6976.758512817383,8870.532,11250.960284790039,Current,XGBoost,8870.532,0.0
49,PET SUPPLIES,80.35995197296143,271.97217,539.0398101806641,Current,XGBoost,271.97217,0.0
49,PLAYERS AND ELECTRONICS,222.9474973678589,433.1185,720.1845083236694,Current,XGBoost,433.1185,0.0
49,POULTRY,14971.799622558594,18406.895,23892.210310546874,Current,XGBoost,18406.895,0.0
49,PREPARED FOODS,3116.2365560913086,3993.9636,5115.983167785645,Current,XGBoost,3993.9636,0.0
49,PRODUCE,123606.050003125,130285.79,142421.4296875,Current,XGBoost,130285.79,0.0
49,SCHOOL AND OFFICE SUPPLIES,1267.3810981140136,1809.4941,2468.1184930114746,Current,XGBoost,1809.4941,0.0
49,SEAFOOD,781.2115135192871,1140.3792,1618.261412384033,Current,XGBoost,1140.3792,0.0
50,AUTOMOTIVE,30.745885610580444,130.28384,278.1398859024048,Current,XGBoost,130.28384,0.0
50,BABY CARE,1.2357667207717897,21.049574,106.33809782462194,Current,XGBoost,21.049574,0.0
50,BEAUTY,138.8622932434082,330.3143,591.0334606170654,Current,XGBoost,330.3143,0.0
50,BEVERAGES,70340.788284375,77020.52,89156.16796875,Current,XGBoost,77020.52,0.0
50,BOOKS,2.292838025093079,22.326986,107.6155110140331,Current,XGBoost,22.326986,0.0
50,BREAD/BAKERY,8435.965637207031,10396.226,12858.663145019531,Current,XGBoost,10396.226,0.0
50,CELEBRATION,263.96289443969727,501.0677,828.1304092407227,Current,XGBoost,501.0677,0.0
50,CLEANING,23971.066726757814,30650.803,42786.44641113281,Current,XGBoost,30650.803,0.0
50,DAIRY,16517.357203515625,20542.387,27236.85316357422,Current,XGBoost,20542.387,0.0
50,DELI,6801.5787000732425,8562.381,10778.78900036621,Current,XGBoost,8562.381,0.0
50,EGGS,1349.2164726257324,1927.2977,2608.4908692932127,Current,XGBoost,1927.2977,0.0
50,FROZEN FOODS,2004.9384075927735,2695.0635,3534.4937924804685,Current,XGBoost,2695.0635,0.0
50,GROCERY I,104411.7326203125,111091.47,123227.1123046875,Current,XGBoost,111091.47,0.0
50,GROCERY II,1216.8760070800781,1776.7145,2440.9650289306637,Current,XGBoost,1776.7145,0.0
50,HARDWARE,3.347569835186005,28.066391,115.48399969283491,Current,XGBoost,28.066391,0.0
50,HOME AND KITCHEN I,552.5311889648438,856.97046,1284.0249633789062,Current,XGBoost,856.97046,0.0
50,HOME AND KITCHEN II,484.56274032592773,789.002,1216.0565147399902,Current,XGBoost,789.002,0.0
50,HOME APPLIANCES,5.409104585647583,29.233915,116.91139057874679,Current,XGBoost,29.233915,0.0
50,HOME CARE,6415.433314331055,8176.236,10392.643614624023,Current,XGBoost,8176.236,0.0
50,LADIESWEAR,358.7446975708008,654.493,1058.493342956543,Current,XGBoost,654.493,0.0
50,LAWN AND GARDEN,55.073753118515015,152.98341,303.2284059524536,Current,XGBoost,152.98341,0.0
50,LINGERIE,2.3759937405586244,45.42533,151.17495704889296,Current,XGBoost,45.42533,0.0
50,"LIQUOR,WINE,BEER",1627.1312573852538,2298.496,3109.6675195922853,Current,XGBoost,2298.496,0.0
50,MAGAZINES,19.647093296051025,121.3764,274.0103440284729,Current,XGBoost,121.3764,0.0
50,MEATS,7952.322721801758,9846.097,12226.524493774414,Current,XGBoost,9846.097,0.0
50,PERSONAL CARE,7120.672117553711,9014.446,11394.873889526367,Current,XGBoost,9014.446,0.0
50,PET SUPPLIES,59.278319358825684,187.84045,364.9959011077881,Current,XGBoost,187.84045,0.0
50,PLAYERS AND ELECTRONICS,199.04791259765625,409.21893,696.2849235534668,Current,XGBoost,409.21893,0.0
50,POULTRY,5774.490099609375,7202.864,9009.221720703124,Current,XGBoost,7202.864,0.0
50,PREPARED FOODS,752.8330383300781,1130.2435,1625.0683120117187,Current,XGBoost,1130.2435,0.0
50,PRODUCE,30962.94880683594,37642.684,49778.32849121094,Current,XGBoost,37642.684,0.0
50,SCHOOL AND OFFICE SUPPLIES,821.6768827438354,1300.4248,1886.9058836364745,Current,XGBoost,1300.4248,0.0
50,SEAFOOD,99.06935977935791,269.60352,507.62650871276855,Current,XGBoost,269.60352,0.0
51,AUTOMOTIVE,4.73975944519043,80.32237,209.4417827129364,Current,XGBoost,80.32237,0.0
51,BABY CARE,1.8132525682449343,17.569643,98.59999542981386,Current,XGBoost,17.569643,0.0
51,BEAUTY,66.14755487442017,216.50296,429.74967670440674,Current,XGBoost,216.50296,0.0
51,BEVERAGES,69479.40620429687,76159.14,88294.78588867188,Current,XGBoost,76159.14,0.0
51,BOOKS,2.2255368292331696,18.356012,99.38636388927698,Current,XGBoost,18.356012,0.0
51,BREAD/BAKERY,12445.48103046875,14700.708,17767.721174316404,Current,XGBoost,14700.708,0.0
51,CELEBRATION,16.4259934425354,104.762505,238.6598219871521,Current,XGBoost,104.762505,0.0
51,CLEANING,18878.148733203125,24967.95,35894.443145507816,Current,XGBoost,24967.95,0.0
51,DAIRY,20483.296023437502,26868.064,38399.133071777345,Current,XGBoost,26868.064,0.0
51,DELI,3595.4776204833984,4491.965,5642.243354858399,Current,XGBoost,4491.965,0.0
51,EGGS,4768.266947143555,5864.2114,7260.519889038086,Current,XGBoost,5864.2114,0.0
51,FROZEN FOODS,3455.9872274780273,4333.7144,5455.733839172363,Current,XGBoost,4333.7144,0.0
51,GROCERY I,79427.12178046875,86106.86,98242.50146484375,Current,XGBoost,86106.86,0.0
51,GROCERY II,415.9296293258667,713.63544,1130.6907777786255,Current,XGBoost,713.63544,0.0
51,HARDWARE,2.041053766012192,23.552254,111.22972916662692,Current,XGBoost,23.552254,0.0
51,HOME AND KITCHEN I,417.91765880584717,688.6897,1065.748303413391,Current,XGBoost,688.6897,0.0
51,HOME AND KITCHEN II,465.40088272094727,769.84015,1196.8946571350098,Current,XGBoost,769.84015,0.0
51,HOME APPLIANCES,2.1008458673954014,26.928629,118.86427682042122,Current,XGBoost,26.928629,0.0
51,HOME CARE,4862.378092163086,5958.3228,7354.631034057617,Current,XGBoost,5958.3228,0.0
51,LADIESWEAR,2.077377772331238,46.067413,151.55717483758926,Current,XGBoost,46.067413,0.0
51,LAWN AND GARDEN,468.8879804611206,784.8366,1218.834503730774,Current,XGBoost,784.8366,0.0
51,LINGERIE,3.94069504737854,83.429375,214.9377384185791,Current,XGBoost,83.429375,0.0
51,"LIQUOR,WINE,BEER",1734.4892056884764,2405.854,3217.025467895508,Current,XGBoost,2405.854,0.0
51,MAGAZINES,32.234660625457764,136.29517,280.7552762031555,Current,XGBoost,136.29517,0.0
51,MEATS,8445.194470410157,10700.422,13767.434614257812,Current,XGBoost,10700.422,0.0
51,PERSONAL CARE,4017.9497747802734,4980.923,6213.211244995117,Current,XGBoost,4980.923,0.0
51,PET SUPPLIES,66.41692733764648,248.4122,507.3060026168823,Current,XGBoost,248.4122,0.0
51,PLAYERS AND ELECTRONICS,24.3557071685791,134.0514,294.8591847419739,Current,XGBoost,134.0514,0.0
51,POULTRY,15101.79165078125,17651.986,21323.574430664063,Current,XGBoost,17651.986,0.0
51,PREPARED FOODS,1345.4619369506836,1941.786,2639.9217084350585,Current,XGBoost,1941.786,0.0
51,PRODUCE,81626.58760078125,88306.32,100441.96728515625,Current,XGBoost,88306.32,0.0
51,SCHOOL AND OFFICE SUPPLIES,0.0,3.4946866,71.75052478313447,Current,XGBoost,3.4946866,0.0
51,SEAFOOD,469.0422134399414,773.4815,1200.535987854004,Current,XGBoost,773.4815,0.0
52,AUTOMOTIVE,38.05359125137329,152.35387,313.1616473197937,Current,XGBoost,152.35387,0.0
52,BABY CARE,3.2767541408538823,28.14756,117.95412129163742,Current,XGBoost,28.14756,0.0
52,BEAUTY,99.89657545089722,267.181,501.553297996521,Current,XGBoost,267.181,0.0
52,BEVERAGES,65357.77046210937,72037.51,84173.15014648438,Current,XGBoost,72037.51,0.0
52,BOOKS,3.2767541408538823,28.14756,117.95412129163742,Current,XGBoost,28.14756,0.0
52,BREAD/BAKERY,10981.597045898438,12941.856,15404.294553710937,Current,XGBoost,12941.856,0.0
52,CELEBRATION,40.22627353668213,144.53285,288.992959022522,Current,XGBoost,144.53285,0.0
52,CLEANING,20605.632766796876,27285.367,39421.012451171875,Current,XGBoost,27285.367,0.0
52,DAIRY,15284.32800390625,18719.424,24204.73869189453,Current,XGBoost,18719.424,0.0
52,DELI,4931.03227331543,6292.92,8017.268158569335,Current,XGBoost,6292.92,0.0
52,EGGS,2584.5890496826173,3368.5151,4349.2400479736325,Current,XGBoost,3368.5151,0.0
52,FROZEN FOODS,3814.702541381836,4977.133,6455.451219116211,Current,XGBoost,4977.133,0.0
52,GROCERY I,89397.3654328125,96077.1,108212.7451171875,Current,XGBoost,96077.1,0.0
52,GROCERY II,662.1808280944824,966.6201,1393.674602508545,Current,XGBoost,966.6201,0.0
52,HARDWARE,2.6892788410186768,51.32512,161.3329155445099,Current,XGBoost,51.32512,0.0
52,HOME AND KITCHEN I,534.5502166748047,838.9895,1266.0439910888672,Current,XGBoost,838.9895,0.0
52,HOME AND KITCHEN II,515.5263404846191,819.9656,1247.0201148986816,Current,XGBoost,819.9656,0.0
52,HOME APPLIANCES,3.264203864336014,35.047638,129.11236955523492,Current,XGBoost,35.047638,0.0
52,HOME CARE,4880.165813476563,6042.596,7520.914491210938,Current,XGBoost,6042.596,0.0
52,LADIESWEAR,24.51376485824585,120.92456,257.2108280658722,Current,XGBoost,120.92456,0.0
52,LAWN AND GARDEN,648.542896270752,1007.7106,1485.592795135498,Current,XGBoost,1007.7106,0.0
52,LINGERIE,17.090346813201904,110.38191,246.66818404197693,Current,XGBoost,110.38191,0.0
52,"LIQUOR,WINE,BEER",2838.765020385742,3547.6504,4415.339527954102,Current,XGBoost,3547.6504,0.0
52,MAGAZINES,31.517672538757324,129.36806,265.6543288230896,Current,XGBoost,129.36806,0.0
52,MEATS,6424.6046994628905,8118.9214,10253.319263916015,Current,XGBoost,8118.9214,0.0
52,PERSONAL CARE,4637.293529541016,5799.724,7278.042207275391,Current,XGBoost,5799.724,0.0
52,PET SUPPLIES,49.42192459106445,195.12025,404.9710445404053,Current,XGBoost,195.12025,0.0
52,PLAYERS AND ELECTRONICS,116.20921516418457,311.36743,578.4350843429565,Current,XGBoost,311.36743,0.0
52,POULTRY,6292.562585205078,7986.8794,10121.277149658203,Current,XGBoost,7986.8794,0.0
52,PREPARED FOODS,1374.2171096801758,1970.5413,2668.6768811645507,Current,XGBoost,1970.5413,0.0
52,PRODUCE,70272.59858710937,76952.336,89087.97827148438,Current,XGBoost,76952.336,0.0
52,SCHOOL AND OFFICE SUPPLIES,1.3345245480537415,9.571232,82.34510725289583,Current,XGBoost,9.571232,0.0
52,SEAFOOD,29.7236342638731,82.794914,198.76481940448284,Current,XGBoost,82.794914,0.0
53,AUTOMOTIVE,13.896538257598877,96.74329,228.25166201591492,Current,XGBoost,96.74329,0.0
53,BABY CARE,0.34093291461467756,9.288207,83.93130258321762,Current,XGBoost,9.288207,0.0
53,BEAUTY,27.276485753059386,118.15324,273.3208698749542,Current,XGBoost,118.15324,0.0
53,BEVERAGES,31678.761795117185,38358.496,50494.14147949219,Current,XGBoost,38358.496,0.0
53,BOOKS,0.31051807999610914,9.108939,83.7520344465971,Current,XGBoost,9.108939,0.0
53,BREAD/BAKERY,6433.066282592774,8326.84,10707.26805456543,Current,XGBoost,8326.84,0.0
53,CELEBRATION,12.46129322052002,89.86676,214.20827412605286,Current,XGBoost,89.86676,0.0
53,CLEANING,14041.760120410156,17181.889,22062.628172363282,Current,XGBoost,17181.889,0.0
53,DAIRY,7597.987640380859,9558.247,12020.685148193359,Current,XGBoost,9558.247,0.0
53,DELI,3416.481423095703,4275.448,5369.208912109375,Current,XGBoost,4275.448,0.0
53,EGGS,1096.1038627624512,1637.6996,2285.0075097961426,Current,XGBoost,1637.6996,0.0
53,FROZEN FOODS,1569.0349852294921,2202.8794,2957.5330020751953,Current,XGBoost,2202.8794,0.0
53,GROCERY I,47649.88520820312,54329.62,66465.26489257812,Current,XGBoost,54329.62,0.0
53,GROCERY II,73.53697967529297,216.13434,417.81128883361816,Current,XGBoost,216.13434,0.0
53,HARDWARE,2.9465648174285892,15.785693,94.68695952892304,Current,XGBoost,15.785693,0.0
53,HOME AND KITCHEN I,264.11485290527344,487.75275,794.8171157836914,Current,XGBoost,487.75275,0.0
53,HOME AND KITCHEN II,272.82225608825684,496.46014,803.5245189666748,Current,XGBoost,496.46014,0.0
53,HOME APPLIANCES,0.12472680807113651,9.083369,85.85555025935173,Current,XGBoost,9.083369,0.0
53,HOME CARE,2897.4344657592774,3737.641,4803.142832092285,Current,XGBoost,3737.641,0.0
53,LADIESWEAR,2.5790677428245545,49.662197,159.92986199855804,Current,XGBoost,49.662197,0.0
53,LAWN AND GARDEN,79.24490165710449,198.45184,361.08497047424316,Current,XGBoost,198.45184,0.0
53,LINGERIE,1.8755924701690674,50.580013,162.97676157951355,Current,XGBoost,50.580013,0.0
53,"LIQUOR,WINE,BEER",1151.9773788452148,1638.8446,2235.324901428223,Current,XGBoost,1638.8446,0.0
53,MAGAZINES,3.5334233045578007,27.738121,115.41559664011001,Current,XGBoost,27.738121,0.0
53,MEATS,3799.9085776367187,4829.3677,6143.665783691406,Current,XGBoost,4829.3677,0.0
53,PERSONAL CARE,3284.336144165039,4143.303,5237.063633178711,Current,XGBoost,4143.303,0.0
53,PET SUPPLIES,0.7190412759780884,49.01821,157.41665445566179,Current,XGBoost,49.01821,0.0
53,PLAYERS AND ELECTRONICS,1.9284262657165527,64.65124,181.82589173316956,Current,XGBoost,64.65124,0.0
53,POULTRY,2754.107906677246,3481.7534,4377.70153692627,Current,XGBoost,3481.7534,0.0
53,PREPARED FOODS,633.7671852111816,956.4493,1400.4463344421388,Current,XGBoost,956.4493,0.0
53,PRODUCE,27496.77107246094,34176.508,46312.15075683594,Current,XGBoost,34176.508,0.0
53,SCHOOL AND OFFICE SUPPLIES,0.0,0.0,63.997666931152345,Current,XGBoost,0.0,0.0
53,SEAFOOD,21.40904426574707,45.99706,135.37847270965577,Current,XGBoost,45.99706,0.0
54,AUTOMOTIVE,1.5221464395523072,51.481083,164.13769916296005,Current,XGBoost,51.481083,0.0
54,BABY CARE,1.0444523692131045,10.693469,85.33656398802995,Current,XGBoost,10.693469,0.0
54,BEAUTY,6.337433063983918,28.196402,113.74479223489762,Current,XGBoost,28.196402,0.0
54,BEVERAGES,48120.68794257812,54800.42,66936.06762695312,Current,XGBoost,54800.42,0.0
54,BOOKS,1.0444523692131045,10.693469,85.33656398802995,Current,XGBoost,10.693469,0.0
54,BREAD/BAKERY,3227.5175330200195,4171.7305,5375.759880554199,Current,XGBoost,4171.7305,0.0
54,CELEBRATION,23.769012635946275,73.61901,188.80932179391385,Current,XGBoost,73.61901,0.0
54,CLEANING,14613.60072138672,18343.664,24433.554045410157,Current,XGBoost,18343.664,0.0
54,DAIRY,3431.8620748901367,4309.5894,5431.608686584473,Current,XGBoost,4309.5894,0.0
54,DELI,3211.982582763672,4070.9495,5164.710071777344,Current,XGBoost,4070.9495,0.0
54,EGGS,784.8298606872559,1162.2404,1657.0651343688965,Current,XGBoost,1162.2404,0.0
54,FROZEN FOODS,421.79357624053955,706.0325,1103.089472770691,Current,XGBoost,706.0325,0.0
54,GROCERY I,46150.61714179687,52830.35,64965.996826171875,Current,XGBoost,52830.35,0.0
54,GROCERY II,14.872282981872559,99.75492,245.2220048904419,Current,XGBoost,99.75492,0.0
54,HARDWARE,1.5097519755363467,13.154263,89.9264430552721,Current,XGBoost,13.154263,0.0
54,HOME AND KITCHEN I,213.10581874847412,428.15356,727.0440950393677,Current,XGBoost,428.15356,0.0
54,HOME AND KITCHEN II,45.84516668319702,163.27232,324.08009672164917,Current,XGBoost,163.27232,0.0
54,HOME APPLIANCES,0.4629095613956452,10.218924,86.99110456556082,Current,XGBoost,10.218924,0.0
54,HOME CARE,3131.9944938354492,3972.2012,5037.702860168457,Current,XGBoost,3972.2012,0.0
54,LADIESWEAR,0.47893195152282725,9.278131,83.9212257027626,Current,XGBoost,9.278131,0.0
54,LAWN AND GARDEN,0.47893195152282725,9.278131,83.9212257027626,Current,XGBoost,9.278131,0.0
54,LINGERIE,2.823745715618134,33.7371,125.93261054158211,Current,XGBoost,33.7371,0.0
54,"LIQUOR,WINE,BEER",466.8702697753906,771.3096,1198.3640441894531,Current,XGBoost,771.3096,0.0
54,MAGAZINES,0.4485096752643586,15.123655,96.15400712490082,Current,XGBoost,15.123655,0.0
54,MEATS,508.6278610229492,813.06714,1240.1216354370117,Current,XGBoost,813.06714,0.0
54,PERSONAL CARE,2450.25364654541,3140.3787,3979.8090314331052,Current,XGBoost,3140.3787,0.0
54,PET SUPPLIES,0.9234875321388245,14.291555,95.32190732955932,Current,XGBoost,14.291555,0.0
54,PLAYERS AND ELECTRONICS,1.697289538383484,26.27824,116.08480192068964,Current,XGBoost,26.27824,0.0
54,POULTRY,737.9430618286133,1078.8679,1539.8075858764648,Current,XGBoost,1078.8679,0.0
54,PREPARED FOODS,896.8030853271484,1292.4563,1804.2237338256837,Current,XGBoost,1292.4563,0.0
54,PRODUCE,9564.700561523438,11524.96,13987.398069335937,Current,XGBoost,11524.96,0.0
54,SCHOOL AND OFFICE SUPPLIES,0.0,0.0,63.997666931152345,Current,XGBoost,0.0,0.0
54,SEAFOOD,3.283262252807617,15.935525,88.96926772370935,Current,XGBoost,15.935525,0.0
1,AUTOMOTIVE,113.50044751167297,196.30144,320.642947435379,Low,XGBoost,74.97394,121.3275
1,BABY CARE,3280.813727985136,3291.3215,3363.8355428695677,Low,XGBoost,9.1222725,3282.1992
1,BEAUTY,54.77548531293869,142.32321,269.31353578567507,Low,XGBoost,116.14535,26.177864
1,BEVERAGES,28090.36363798828,34180.164,45106.65805029297,Low,XGBoost,35023.445,-843.28125
1,BOOKS,120.95489932000636,133.1545,205.66850395202636,Low,XGBoost,13.75259,119.4019
1,BREAD/BAKERY,4587.45425354004,5712.3643,7134.164685913086,Low,XGBoost,5785.8306,-73.46631
1,CELEBRATION,196.17084503173828,380.49286,639.3866691589355,Low,XGBoost,266.99005,113.50281
1,CLEANING,8847.714840576173,10675.003,12973.420876708984,Low,XGBoost,10867.421,-192.41797
1,DAIRY,9429.68298022461,11256.971,13555.389016357421,Low,XGBoost,11512.032,-255.06152
1,DELI,1550.9485359191895,2129.0298,2810.2229325866697,Low,XGBoost,2235.7485,-106.71875
1,EGGS,1679.8437423706055,2276.1677,2974.3035138549803,Low,XGBoost,2270.081,6.08667
1,FROZEN FOODS,1439.6516799926758,1999.4902,2663.7407018432614,Low,XGBoost,2000.3756,-0.885376
1,GROCERY I,34534.565237109375,40624.367,51550.859649414066,Low,XGBoost,41896.668,-1272.3008
1,GROCERY II,257.47820568084717,460.91577,737.982590675354,Low,XGBoost,369.83237,91.083405
1,HARDWARE,164.15629653930665,182.40363,261.3048883914947,Low,XGBoost,17.838299,164.56532
1,HOME AND KITCHEN I,290.00013637542725,506.9046,803.9697732925415,Low,XGBoost,487.1352,19.76941
1,HOME AND KITCHEN II,227.87458896636963,471.71283,808.7747297286987,Low,XGBoost,528.31287,-56.600037
1,HOME APPLIANCES,173.59484039843082,187.87123,262.5143273830414,Low,XGBoost,13.234737,174.63649
1,HOME CARE,2124.3993450927733,2814.5244,3653.9547299804685,Low,XGBoost,2927.4563,-112.931885
1,LADIESWEAR,152.70293807983398,253.52269,389.80895614624023,Low,XGBoost,107.198204,146.3245
1,LAWN AND GARDEN,173.97668552398682,351.75797,604.3032712936401,Low,XGBoost,263.79517,87.9628
1,LINGERIE,152.71597170829773,234.62646,358.967973947525,Low,XGBoost,72.41276,162.21371
1,"LIQUOR,WINE,BEER",913.7422485351562,1400.6095,1997.089771118164,Low,XGBoost,1499.9689,-99.359375
1,MAGAZINES,145.0109462738037,216.86713,334.0417823791504,Low,XGBoost,58.575947,158.29118
1,MEATS,3724.029201538086,4715.968,5973.748162231445,Low,XGBoost,4756.2676,-40.299805
1,PERSONAL CARE,1691.7750991210937,2306.8594,3033.2539932861328,Low,XGBoost,2448.8113,-141.9519
1,PET SUPPLIES,159.99257425069808,216.98161,324.8603273391724,Low,XGBoost,46.504875,170.47675
1,PLAYERS AND ELECTRONICS,135.65797519683838,237.2,379.27115273475647,Low,XGBoost,92.02165,145.17834
1,POULTRY,4416.1726204833985,5474.5967,6814.387317016602,Low,XGBoost,5491.0913,-16.494629
1,PREPARED FOODS,633.0520133972168,937.4913,1364.5457878112793,Low,XGBoost,886.99536,50.49591
1,PRODUCE,31461.224294726562,37551.023,48477.51870703125,Low,XGBoost,38792.21,-1241.1875
1,SCHOOL AND OFFICE SUPPLIES,1457.2660064697266,1457.266,1521.2636734008788,Low,XGBoost,0.0,1457.266
1,SEAFOOD,110.44148063659668,307.07617,584.1429996490479,Low,XGBoost,289.40375,17.672424
2,AUTOMOTIVE,125.76252698898315,201.30913,320.87273478507996,Low,XGBoost,65.63858,135.67055
2,BABY CARE,3378.05087461872,3397.057,3475.9580446720124,Low,XGBoost,17.034428,3380.0225
2,BEAUTY,54.82872486114502,201.91273,411.7635326385498,Low,XGBoost,200.96294,0.9497986
2,BEVERAGES,43554.76460273437,50234.5,62370.144287109375,Low,XGBoost,51704.574,-1470.0742
2,BOOKS,2970.1268328706733,2989.1328,3068.0340029239655,Low,XGBoost,17.034428,2972.0984
2,BREAD/BAKERY,8940.828796386719,10901.089,13363.526304199218,Low,XGBoost,11026.324,-125.23535
2,CELEBRATION,195.48343086242676,301.34338,445.803503036499,Low,XGBoost,155.64517,145.69821
2,CLEANING,13701.516247753907,15956.743,19023.75639160156,Low,XGBoost,16198.651,-241.9082
2,DAIRY,12368.997509960938,14624.225,17691.237653808592,Low,XGBoost,14954.464,-330.23926
2,DELI,2866.7436393432617,3706.9504,4772.452005676269,Low,XGBoost,3830.7126,-123.76221
2,EGGS,2325.1434873046874,2996.5083,3807.679749511719,Low,XGBoost,2997.1938,-0.6855469
2,FROZEN FOODS,1377.9512100219727,1974.2753,2672.4109815063475,Low,XGBoost,1985.583,-11.307739
2,GROCERY I,62239.44404609375,68919.18,81054.82373046875,Low,XGBoost,69907.07,-987.8906
2,GROCERY II,565.9343719482422,870.37366,1297.4281463623047,Low,XGBoost,808.8181,61.555542
2,HARDWARE,214.11198502779007,240.54128,325.82979784011843,Low,XGBoost,23.46161,217.07967
2,HOME AND KITCHEN I,219.1353244781494,419.9686,691.2818199005127,Low,XGBoost,372.2988,47.6698
2,HOME AND KITCHEN II,401.19333839416504,710.4085,1134.4072357025148,Low,XGBoost,706.5999,3.8085938
2,HOME APPLIANCES,236.3277323655784,260.1057,343.2651433467865,Low,XGBoost,20.83637,239.26935
2,HOME CARE,3575.619603515625,4472.107,5622.385337890625,Low,XGBoost,4599.4966,-127.38965
2,LADIESWEAR,286.2402229309082,496.41122,783.4772338867188,Low,XGBoost,412.55585,83.85538
2,LAWN AND GARDEN,181.00253677368164,359.19385,605.3906593322754,Low,XGBoost,298.42963,60.76422
2,LINGERIE,85.55999279022217,229.39775,436.85959649086,Low,XGBoost,188.02237,41.37538
2,"LIQUOR,WINE,BEER",1036.42915725708,1486.8108,2049.4059302062988,Low,XGBoost,1606.7152,-119.90442
2,MAGAZINES,150.56627368927002,237.00375,363.7342166900635,Low,XGBoost,79.82538,157.17838
2,MEATS,6167.285951000977,7957.1123,10450.055943969726,Low,XGBoost,8118.4976,-161.38525
2,PERSONAL CARE,3425.1000204467773,4302.827,5424.846632141113,Low,XGBoost,4463.8003,-160.97314
2,PET SUPPLIES,147.2247552871704,240.85336,372.36173582077026,Low,XGBoost,88.45188,152.40149
2,PLAYERS AND ELECTRONICS,147.6982192993164,237.73126,366.85068106651306,Low,XGBoost,85.07359,152.65767
2,POULTRY,6330.493464477539,8091.296,10307.703764770507,Low,XGBoost,8144.128,-52.83203
2,PREPARED FOODS,1170.3893699645996,1748.4707,2429.66376663208,Low,XGBoost,1712.7145,35.756226
2,PRODUCE,32133.85237128906,38813.586,50949.23205566406,Low,XGBoost,39795.164,-981.5781
2,SCHOOL AND OFFICE SUPPLIES,1545.5801315307617,1545.5801,1609.577798461914,Low,XGBoost,0.0,1545.5801
2,SEAFOOD,186.5934066772461,415.2082,732.2717390060425,Low,XGBoost,433.62408,-18.415894
3,AUTOMOTIVE,149.88695335388184,259.96973,412.6036539077759,Low,XGBoost,131.62965,128.34007
3,BABY CARE,179.07054526805877,228.74931,332.1099850654602,Low,XGBoost,39.062836,189.68648
3,BEAUTY,111.77182006835938,296.28082,547.000789642334,Low,XGBoost,313.4082,-17.12738
3,BEVERAGES,125126.10273750001,131805.84,143941.482421875,Low,XGBoost,140825.55,-9019.703
3,BOOKS,3259.575902760029,3296.3132,3388.508730649948,Low,XGBoost,32.69912,3263.614
3,BREAD/BAKERY,15765.866969140625,19790.896,26485.36292919922,Low,XGBoost,19987.01,-196.11328
3,CELEBRATION,535.1059265136719,812.6114,1199.6691970825195,Low,XGBoost,724.0947,88.51666
3,CLEANING,27115.51045234375,33795.246,45930.89013671875,Low,XGBoost,34179.453,-384.20703
3,DAIRY,27926.22236640625,34605.957,46741.60205078125,Low,XGBoost,35285.766,-679.8086
3,DELI,5094.267960571289,6456.156,8180.503845825196,Low,XGBoost,6620.264,-164.1084
3,EGGS,6457.8960234375,8285.185,10583.602059570312,Low,XGBoost,8307.577,-22.392578
3,FROZEN FOODS,4813.636365600586,6042.5527,7602.880779174805,Low,XGBoost,6060.401,-17.848145
3,GROCERY I,120507.3058625,127187.04,139322.685546875,Low,XGBoost,132664.86,-5477.8203
3,GROCERY II,1029.1428260803223,1534.2529,2147.6757234802244,Low,XGBoost,1490.3234,43.929565
3,HARDWARE,166.16038990020752,229.85545,342.25220346450806,Low,XGBoost,51.830376,178.02509
3,HOME AND KITCHEN I,645.1727094650269,942.87854,1359.9338579177856,Low,XGBoost,907.18616,35.692383
3,HOME AND KITCHEN II,588.6427574157715,893.08203,1320.136531829834,Low,XGBoost,971.1224,-78.040344
3,HOME APPLIANCES,187.21728003025055,241.77306,349.39190673828125,Low,XGBoost,41.37236,200.4007
3,HOME CARE,6876.57757409668,8770.352,11150.779346069336,Low,XGBoost,8929.336,-158.98438
3,LADIESWEAR,499.9118661880493,784.1508,1181.2077627182007,Low,XGBoost,705.3191,78.831726
3,LAWN AND GARDEN,685.547721862793,1008.2298,1452.22687109375,Low,XGBoost,979.4707,28.759094
3,LINGERIE,163.56659030914307,392.19464,709.2581663131714,Low,XGBoost,419.57892,-27.384277
3,"LIQUOR,WINE,BEER",2833.248389892578,3608.6194,4558.318633300782,Low,XGBoost,3713.98,-105.360596
3,MAGAZINES,228.58428573608398,419.9834,687.0510406494141,Low,XGBoost,310.6016,109.381805
3,MEATS,10426.221704492187,12976.416,16648.004484375,Low,XGBoost,13119.415,-142.99902
3,PERSONAL CARE,6757.9621871337895,8651.736,11032.163959106445,Low,XGBoost,8864.871,-213.13477
3,PET SUPPLIES,209.3857660293579,394.36383,653.2576351165771,Low,XGBoost,253.98766,140.37617
3,PLAYERS AND ELECTRONICS,230.93160247802734,426.6809,693.7485580444336,Low,XGBoost,305.8025,120.87842
3,POULTRY,15326.287074121094,19351.316,26045.783034179687,Low,XGBoost,19408.04,-56.722656
3,PREPARED FOODS,3305.2007955322265,4201.688,5351.966529907227,Low,XGBoost,4164.7285,36.959473
3,PRODUCE,114423.688675,121103.42,133239.068359375,Low,XGBoost,128394.484,-7291.0625
3,SCHOOL AND OFFICE SUPPLIES,145.7204999089241,156.73477,229.50865345001222,Low,XGBoost,12.830515,143.90425
3,SEAFOOD,859.741527557373,1273.6376,1802.3475508728027,Low,XGBoost,1286.752,-13.11438
4,AUTOMOTIVE,129.0452437400818,176.22168,279.06262969970703,Low,XGBoost,40.08405,136.13763
4,BABY CARE,2907.57172742337,2930.3923,3013.551824045181,Low,XGBoost,19.602467,2910.7898
4,BEAUTY,41.404879570007324,181.4874,394.7341160774231,Low,XGBoost,215.49706,-34.00966
4,BEVERAGES,35788.07221992187,42467.81,54603.451904296875,Low,XGBoost,43618.01,-1150.2031
4,BOOKS,237.21333971470594,263.65997,349.2083699226379,Low,XGBoost,21.268581,242.39139
4,BREAD/BAKERY,5109.31813305664,6537.692,8344.04975415039,Low,XGBoost,6658.645,-120.953125
4,CELEBRATION,155.22427558898926,252.44846,386.3457748889923,Low,XGBoost,102.46862,149.97983
4,CLEANING,11730.44605732422,13985.673,17052.686201171877,Low,XGBoost,14229.454,-243.78125
4,DAIRY,10908.591443066407,13163.818,16230.831586914062,Low,XGBoost,13492.43,-328.61133
4,DELI,2677.7343133544923,3461.6604,4442.3853116455075,Low,XGBoost,3565.3386,-103.67822
4,EGGS,1798.201214477539,2432.0457,3186.699231323242,Low,XGBoost,2436.1848,-4.13916
4,FROZEN FOODS,1072.621280670166,1614.2169,2261.5249277038574,Low,XGBoost,1630.7522,-16.535278
4,GROCERY I,48809.16841132812,55488.902,67624.54809570312,Low,XGBoost,56647.26,-1158.3594
4,GROCERY II,269.4355421066284,477.46344,764.5294246673584,Low,XGBoost,402.61365,74.84979
4,HARDWARE,184.11551629304887,216.49377,308.16954855918885,Low,XGBoost,29.228775,187.265
4,HOME AND KITCHEN I,131.28940868377686,297.52698,527.3761129379272,Low,XGBoost,258.89093,38.636047
4,HOME AND KITCHEN II,166.08157444000244,300.83615,486.1654300689697,Low,XGBoost,199.77582,101.06033
4,HOME APPLIANCES,197.42400761246682,223.20052,308.48904237747195,Low,XGBoost,22.124325,201.07619
4,HOME CARE,3186.3602803955077,4082.8477,5233.126014770508,Low,XGBoost,4216.3696,-133.52197
4,LADIESWEAR,225.0167064666748,425.33853,702.4053640365601,Low,XGBoost,325.17334,100.16519
4,LAWN AND GARDEN,189.06349658966064,376.3913,645.2842931747437,Low,XGBoost,283.62827,92.76303
4,LINGERIE,186.08975379094483,219.58246,311.51810183525083,Low,XGBoost,25.523092,194.05937
4,"LIQUOR,WINE,BEER",1013.9517478942871,1427.8478,1956.5577712097167,Low,XGBoost,1566.9884,-139.14062
4,MAGAZINES,147.49885845184326,226.72395,348.6765170097351,Low,XGBoost,69.236664,157.48729
4,MEATS,4956.011591308594,6051.956,7448.264533203125,Low,XGBoost,6085.8228,-33.8667
4,PERSONAL CARE,2822.6140127563476,3700.341,4822.360624450684,Low,XGBoost,3873.8794,-173.53833
4,PET SUPPLIES,147.4653444290161,237.4984,366.61780619621277,Low,XGBoost,81.34661,156.1518
4,PLAYERS AND ELECTRONICS,146.26975536346436,247.08951,383.3757734298706,Low,XGBoost,97.35834,149.73117
4,POULTRY,5345.339249633789,6707.227,8431.575134887695,Low,XGBoost,6735.569,-28.341797
4,PREPARED FOODS,423.8117980957031,728.2511,1155.3055725097656,Low,XGBoost,674.4757,53.77539
4,PRODUCE,29639.31758125,36319.055,48454.697265625,Low,XGBoost,37310.273,-991.21875
4,SCHOOL AND OFFICE SUPPLIES,555.5070686340332,555.5071,619.5047355651856,Low,XGBoost,0.0,555.5071
4,SEAFOOD,131.75461292266846,329.2432,608.1353616714478,Low,XGBoost,304.48495,24.75824
5,AUTOMOTIVE,113.62471441030502,167.47444,272.9642070293427,Low,XGBoost,46.146595,121.32785
5,BABY CARE,576.422195854783,607.37805,704.7121851444244,Low,XGBoost,82.60995,524.7681
5,BEAUTY,26.71178150177002,165.44101,391.6394762992859,Low,XGBoost,218.45642,-53.01541
5,BEVERAGES,23458.73005683594,30138.465,42274.10974121094,Low,XGBoost,30905.3,-766.83594
5,BOOKS,2892.577131535113,2902.863,2975.3770315170286,Low,XGBoost,8.843585,2894.0195
5,BREAD/BAKERY,4800.120951049805,5896.0654,7292.373892944336,Low,XGBoost,5976.7285,-80.663086
5,CELEBRATION,192.8039903640747,358.29337,600.8395137786865,Low,XGBoost,226.127,132.16637
5,CLEANING,13521.448669433594,15481.708,17944.146177246093,Low,XGBoost,15726.669,-244.96094
5,DAIRY,7157.441131591797,9117.701,11580.138639404297,Low,XGBoost,9396.362,-278.66113
5,DELI,2762.485341430664,3658.9727,4809.251075805664,Low,XGBoost,3784.55,-125.57739
5,EGGS,944.1740531921387,1449.2842,2062.706950592041,Low,XGBoost,1452.947,-3.6628418
5,FROZEN FOODS,1074.4155387878418,1579.5256,2192.948436187744,Low,XGBoost,1595.2322,-15.706543
5,GROCERY I,42185.84809882812,48865.582,61001.227783203125,Low,XGBoost,50194.41,-1328.8281
5,GROCERY II,739.7056884765625,1098.8734,1576.7555873413085,Low,XGBoost,1032.2307,66.6427
5,HARDWARE,189.3949710905552,202.53693,277.1800158977509,Low,XGBoost,11.921131,190.6158
5,HOME AND KITCHEN I,204.09809589385986,421.00256,718.0677328109741,Low,XGBoost,450.81152,-29.80896
5,HOME AND KITCHEN II,171.15515232086182,354.22968,613.1234855651855,Low,XGBoost,296.86514,57.364532
5,HOME APPLIANCES,194.94630138203502,206.6526,279.16661472320556,Low,XGBoost,11.244419,195.40819
5,HOME CARE,2925.5894674072265,3822.0767,4972.355201782227,Low,XGBoost,3944.5166,-122.43994
5,LADIESWEAR,182.47788333892822,301.24026,470.2218723297119,Low,XGBoost,157.23404,144.00623
5,LAWN AND GARDEN,119.42392563819885,220.24797,365.7150628566742,Low,XGBoost,113.34482,106.90315
5,LINGERIE,147.303786277771,240.9324,372.44076681137085,Low,XGBoost,90.62604,150.30637
5,"LIQUOR,WINE,BEER",534.4482002258301,893.61584,1371.498099090576,Low,XGBoost,1003.70953,-110.09369
5,MAGAZINES,150.1778687596321,213.78111,326.43773183822634,Low,XGBoost,51.321285,162.45982
5,MEATS,3174.923787475586,4071.4111,5221.689521850586,Low,XGBoost,4090.0059,-18.594727
5,PERSONAL CARE,3030.302770019531,3926.79,5077.068504394531,Low,XGBoost,4081.7283,-154.93823
5,PET SUPPLIES,162.80285130739213,206.56693,305.4095609664917,Low,XGBoost,33.981453,172.58548
5,PLAYERS AND ELECTRONICS,147.4403247833252,218.26991,335.44455909729004,Low,XGBoost,59.616837,158.65308
5,POULTRY,2965.3410940551757,3843.0684,4965.087705749512,Low,XGBoost,3865.1184,-22.050049
5,PREPARED FOODS,436.4030485153198,734.1089,1151.1641969680786,Low,XGBoost,684.32166,49.78723
5,PRODUCE,18778.478274414065,25163.246,36694.31532275391,Low,XGBoost,25686.117,-522.8711
5,SCHOOL AND OFFICE SUPPLIES,124.9318494796753,124.93185,188.92951641082763,Low,XGBoost,0.0,124.93185
5,SEAFOOD,59.56997170001269,100.789696,210.11248235702513,Low,XGBoost,65.64142,35.148277
6,AUTOMOTIVE,121.73450517654419,203.80067,328.14218640327454,Low,XGBoost,62.289337,141.51134
6,BABY CARE,131.13805125514045,147.15819,223.9303641319275,Low,XGBoost,15.012638,132.14555
6,BEAUTY,68.21885585784912,201.30809,386.63737773895264,Low,XGBoost,182.56712,18.740967
6,BEVERAGES,50493.73603828125,57173.47,69309.11572265625,Low,XGBoost,58710.777,-1537.3086
6,BOOKS,2911.2247788677923,2927.1262,3003.898355960846,Low,XGBoost,14.37169,2912.7546
6,BREAD/BAKERY,7374.647125244141,9334.907,11797.34463305664,Low,XGBoost,9457.356,-122.44922
6,CELEBRATION,186.36334323883057,305.77246,474.75407791137695,Low,XGBoost,160.2169,145.55556
6,CLEANING,15468.03200917969,20967.898,30685.24114941406,Low,XGBoost,21357.336,-389.4375
6,DAIRY,14198.092823046874,17338.22,22218.960875,Low,XGBoost,17742.262,-404.04102
6,DELI,4679.531659790039,5908.4478,7468.776073364258,Low,XGBoost,6053.771,-145.32324
6,EGGS,2407.431655578613,3097.5566,3936.9870404663084,Low,XGBoost,3103.6792,-6.1225586
6,FROZEN FOODS,1874.4325056152343,2527.037,3309.9496451416016,Low,XGBoost,2545.2817,-18.244629
6,GROCERY I,71926.85346992187,78606.586,90742.23315429688,Low,XGBoost,79678.98,-1072.3906
6,GROCERY II,380.715838432312,624.5541,961.6159791946411,Low,XGBoost,569.81244,54.74164
6,HARDWARE,187.22838231623172,210.13396,291.16430644989015,Low,XGBoost,20.97389,189.16006
6,HOME AND KITCHEN I,323.4979429244995,580.8031,937.863335609436,Low,XGBoost,626.26935,-45.466248
6,HOME AND KITCHEN II,469.5200080871582,773.9593,1201.0137825012207,Low,XGBoost,828.0123,-54.05304
6,HOME APPLIANCES,205.28634956106544,221.1074,297.8795895576477,Low,XGBoost,14.235322,206.87209
6,HOME CARE,4728.958078735352,5824.903,7221.211020629883,Low,XGBoost,5954.382,-129.479
6,LADIESWEAR,322.5906753540039,546.2286,853.2929382324219,Low,XGBoost,454.29538,91.9332
6,LAWN AND GARDEN,190.92183876037598,358.33228,594.529932975769,Low,XGBoost,256.30978,102.02249
6,LINGERIE,54.92648124694824,257.5367,546.4280662536621,Low,XGBoost,388.34085,-130.80414
6,"LIQUOR,WINE,BEER",1039.049072265625,1489.4308,2052.0258452148437,Low,XGBoost,1629.814,-140.38318
6,MAGAZINES,153.5554313659668,229.2062,348.76981806755066,Low,XGBoost,73.52474,155.68146
6,MEATS,6326.553582519531,8020.87,10155.268146972656,Low,XGBoost,8077.0596,-56.189453
6,PERSONAL CARE,4205.1348212890625,5301.0796,6697.387763183594,Low,XGBoost,5490.5547,-189.4751
6,PET SUPPLIES,145.5718584060669,246.3916,382.67787647247314,Low,XGBoost,94.49635,151.89525
6,PLAYERS AND ELECTRONICS,191.92510318756104,308.23163,469.0394172668457,Low,XGBoost,164.37352,143.85811
6,POULTRY,7738.035551391602,9631.81,12012.237323364257,Low,XGBoost,9694.804,-62.99414
6,PREPARED FOODS,1064.778148651123,1496.917,2042.569546783447,Low,XGBoost,1449.5605,47.356445
6,PRODUCE,34891.234451367185,41570.97,53706.61413574219,Low,XGBoost,42378.008,-807.03906
6,SCHOOL AND OFFICE SUPPLIES,1483.5738906860352,1483.5739,1547.5715576171874,Low,XGBoost,0.0,1483.5739
6,SEAFOOD,330.1799955368042,614.41895,1011.4758920669556,Low,XGBoost,627.6308,-13.211853
7,AUTOMOTIVE,129.64366841316223,204.77908,324.34268832206726,Low,XGBoost,60.331028,144.44806
7,BABY CARE,173.50302734375,203.24133,292.78803339004514,Low,XGBoost,26.591415,176.64992
7,BEAUTY,46.419450759887695,205.34673,431.5451898574829,Low,XGBoost,238.66403,-33.317307
7,BEVERAGES,57039.11103828125,63718.844,75854.49072265625,Low,XGBoost,65179.51,-1460.668
7,BOOKS,202.56409015655518,232.15367,321.70036163330076,Low,XGBoost,27.045557,205.10811
7,BREAD/BAKERY,9623.918579101562,11584.179,14046.616086914062,Low,XGBoost,11711.748,-127.569336
7,CELEBRATION,203.28566551208496,385.15332,644.04714012146,Low,XGBoost,246.37758,138.77574
7,CLEANING,14749.388624218751,18479.451,24569.34194824219,Low,XGBoost,18804.822,-325.3711
7,DAIRY,15850.282131250002,21350.148,31067.491271484374,Low,XGBoost,21871.984,-521.83594
7,DELI,2375.9189478759763,3122.3247,4046.531700805664,Low,XGBoost,3251.1711,-128.84644
7,EGGS,3876.7805837402343,4773.268,5923.5463181152345,Low,XGBoost,4788.3657,-15.097656
7,FROZEN FOODS,2971.5862478027343,3868.0735,5018.3519821777345,Low,XGBoost,3885.0972,-17.023682
7,GROCERY I,57529.06977851562,64208.805,76344.44946289062,Low,XGBoost,65689.9,-1481.0938
7,GROCERY II,375.11691665649414,679.5562,1106.6106910705566,Low,XGBoost,629.83905,49.717163
7,HARDWARE,161.91479897499084,222.66925,332.6770465373993,Low,XGBoost,50.389732,172.27951
7,HOME AND KITCHEN I,440.0130338668823,742.49475,1156.4943052139283,Low,XGBoost,760.86115,-18.366394
7,HOME AND KITCHEN II,188.51759147644043,439.0893,786.1503582000732,Low,XGBoost,516.95984,-77.870544
7,HOME APPLIANCES,207.52768273353576,246.31833,342.51213974952697,Low,XGBoost,32.171917,214.14641
7,HOME CARE,3296.2513631591796,4192.739,5343.01709753418,Low,XGBoost,4318.626,-125.88721
7,LADIESWEAR,193.7834358215332,358.78268,601.3288135528564,Low,XGBoost,219.15054,139.63214
7,LAWN AND GARDEN,335.3736095428467,585.9453,933.0063762664795,Low,XGBoost,546.1763,39.769043
7,LINGERIE,84.65738677978516,247.08678,470.89629101753235,Low,XGBoost,254.88814,-7.801361
7,"LIQUOR,WINE,BEER",1994.5859356079102,2703.4712,3571.1604431762694,Low,XGBoost,2853.1538,-149.68262
7,MAGAZINES,173.96824741363525,274.788,411.0742654800415,Low,XGBoost,127.174126,147.61386
7,MEATS,6384.89455859375,8212.183,10510.600594726562,Low,XGBoost,8283.204,-71.021484
7,PERSONAL CARE,3170.7667287597656,4067.2542,5217.532463134766,Low,XGBoost,4227.6426,-160.38843
7,PET SUPPLIES,151.951810836792,238.3893,365.11975383758545,Low,XGBoost,75.17262,163.21667
7,PLAYERS AND ELECTRONICS,171.61207675933838,278.4246,422.88470363616943,Low,XGBoost,142.20325,136.22134
7,POULTRY,9101.817321777344,11062.077,13524.514829589843,Low,XGBoost,11125.492,-63.41504
7,PREPARED FOODS,1639.491081237793,2235.8152,2933.950852722168,Low,XGBoost,2205.749,30.066162
7,PRODUCE,73904.99873359375,80584.734,92720.37841796875,Low,XGBoost,82441.57,-1856.8359
7,SCHOOL AND OFFICE SUPPLIES,349.167049407959,349.16705,413.16471633911135,Low,XGBoost,0.0,349.16705
7,SEAFOOD,311.03057765960693,568.3357,925.3959703445435,Low,XGBoost,592.8856,-24.549927
8,AUTOMOTIVE,130.28884506225586,227.51303,361.4103443622589,Low,XGBoost,84.68687,142.82617
8,BABY CARE,204.5662166595459,242.8312,339.02502007484435,Low,XGBoost,35.275703,207.55551
8,BEAUTY,69.8927640914917,236.02539,470.39768505096436,Low,XGBoost,236.21898,-0.19358826
8,BEVERAGES,66743.39302070312,73423.125,85558.77270507812,Low,XGBoost,75269.38,-1846.2578
8,BOOKS,1578.399716246128,1611.0841,1702.7598290920257,Low,XGBoost,32.692093,1578.392
8,BREAD/BAKERY,12139.043762207031,14099.304,16561.74127001953,Low,XGBoost,14211.427,-112.12305
8,CELEBRATION,223.18109321594238,412.7184,679.7860660552979,Low,XGBoost,283.25098,129.46744
8,CLEANING,16035.196059277345,21240.096,30352.862563476563,Low,XGBoost,21553.104,-313.0078
8,DAIRY,17862.822195117187,23952.623,34879.11660742188,Low,XGBoost,24458.041,-505.41797
8,DELI,3870.563696899414,4833.5366,6065.825167114258,Low,XGBoost,4988.382,-154.84521
8,EGGS,4397.392787963868,5559.823,7038.141465698242,Low,XGBoost,5572.9736,-13.150391
8,FROZEN FOODS,2147.1000881347654,2855.9854,3723.674595703125,Low,XGBoost,2862.684,-6.6987305
8,GROCERY I,75298.11787421875,81977.85,94113.49755859375,Low,XGBoost,83028.61,-1050.7578
8,GROCERY II,379.1675453186035,629.73926,976.8003120422363,Low,XGBoost,568.6733,61.06598
8,HARDWARE,167.99626350402832,243.1941,362.75770926475525,Low,XGBoost,63.66118,179.53293
8,HOME AND KITCHEN I,481.15248012542725,797.1011,1231.0990033950807,Low,XGBoost,791.78174,5.319336
8,HOME AND KITCHEN II,436.28022861480713,733.986,1151.041377067566,Low,XGBoost,777.7571,-43.771057
8,HOME APPLIANCES,263.1954961180687,313.45248,416.5532952308655,Low,XGBoost,40.59983,272.85266
8,HOME CARE,5004.4403496093755,6166.8706,7645.18902734375,Low,XGBoost,6305.0024,-138.13184
8,LADIESWEAR,381.3116178512573,611.683,928.746506690979,Low,XGBoost,524.58435,87.09863
8,LAWN AND GARDEN,350.2945165634155,607.5997,964.659909248352,Low,XGBoost,575.0768,32.52289
8,LINGERIE,198.3922519683838,399.79727,676.8641042709351,Low,XGBoost,404.38882,-4.5915527
8,"LIQUOR,WINE,BEER",1660.647889465332,2332.0127,3143.1841516723634,Low,XGBoost,2451.4482,-119.43555
8,MAGAZINES,201.06088638305664,378.1623,637.0560913085938,Low,XGBoost,237.33163,140.83066
8,MEATS,6203.548301391602,7831.3794,9883.767130004882,Low,XGBoost,7891.736,-60.356445
8,PERSONAL CARE,4483.615947753907,5646.0464,7124.3646254882815,Low,XGBoost,5820.0664,-174.02002
8,PET SUPPLIES,242.89429759979248,438.33984,705.4074993133545,Low,XGBoost,313.35532,124.98453
8,PLAYERS AND ELECTRONICS,210.99374961853027,404.77478,671.8424339294434,Low,XGBoost,270.5598,134.21497
8,POULTRY,8711.948486328125,10672.208,13134.645994140625,Low,XGBoost,10726.46,-54.251953
8,PREPARED FOODS,1845.7055845336913,2498.3103,3281.2227240600587,Low,XGBoost,2463.1523,35.15796
8,PRODUCE,68608.71821601562,75288.45,87424.09790039062,Low,XGBoost,77462.01,-2173.5547
8,SCHOOL AND OFFICE SUPPLIES,266.0401771068573,270.9575,339.21332588195804,Low,XGBoost,3.5730023,267.3845
8,SEAFOOD,408.9963655471802,706.7022,1123.757513999939,Low,XGBoost,722.5545,-15.852295
9,AUTOMOTIVE,175.60050678253174,276.42026,412.706524848938,Low,XGBoost,149.30988,127.11038
9,BABY CARE,395.9649697780609,430.2617,522.1973411083221,Low,XGBoost,28.887207,401.37448
9,BEAUTY,83.12135124206543,243.9608,470.15927028656006,Low,XGBoost,209.72575,34.235046
9,BEVERAGES,48969.29243476562,55649.027,67784.67211914062,Low,XGBoost,59204.805,-3555.7773
9,BOOKS,3536.8666213542224,3565.2742,3652.6918556690216,Low,XGBoost,26.587683,3538.6865
9,BREAD/BAKERY,7395.594909667969,9355.8545,11818.292417480468,Low,XGBoost,9547.399,-191.54492
9,CELEBRATION,255.89026069641113,449.30597,720.0242881774902,Low,XGBoost,320.72235,128.58362
9,CLEANING,20217.602419921877,26602.371,38133.43946826172,Low,XGBoost,27419.826,-817.4551
9,DAIRY,12182.69685078125,14437.924,17504.936994628904,Low,XGBoost,14841.3955,-403.47168
9,DELI,7477.082702636719,9437.343,11899.780210449218,Low,XGBoost,9688.229,-250.88574
9,EGGS,2885.8011805419924,3632.2068,4556.41393347168,Low,XGBoost,3714.6155,-82.40869
9,FROZEN FOODS,1160.4097900390625,1720.2483,2384.498811889648,Low,XGBoost,1760.1229,-39.874634
9,GROCERY I,103467.030471875,110146.766,122282.41015625,Low,XGBoost,112775.7,-2628.9375
9,GROCERY II,205.1455430984497,335.21164,520.5409107208252,Low,XGBoost,221.17781,114.03383
9,HARDWARE,202.8391701132059,242.80577,341.12868175506594,Low,XGBoost,34.139645,208.66612
9,HOME AND KITCHEN I,464.78579235076904,762.49164,1179.5469408035278,Low,XGBoost,788.5938,-26.102173
9,HOME AND KITCHEN II,352.62973403930664,630.1352,1017.1930046081543,Low,XGBoost,612.3695,17.765686
9,HOME APPLIANCES,292.6457532510161,325.17252,414.97907161712646,Low,XGBoost,28.251509,296.92102
9,HOME CARE,5801.457024902344,7495.774,9630.171589355468,Low,XGBoost,7727.9414,-232.16748
9,LADIESWEAR,212.24086475372314,350.61526,544.1183986663818,Low,XGBoost,207.66376,142.9515
9,LAWN AND GARDEN,127.44670581817627,245.03185,413.4498541355133,Low,XGBoost,146.57297,98.45888
9,LINGERIE,61.28402614593506,232.00151,472.15869545936584,Low,XGBoost,285.1253,-53.123795
9,"LIQUOR,WINE,BEER",567.4100494384766,926.57776,1404.4599483032225,Low,XGBoost,1013.697,-87.11926
9,MAGAZINES,165.79125666618347,225.51541,335.5232150554657,Low,XGBoost,47.53066,177.98476
9,MEATS,4922.477309570313,6217.8794,7860.217458984374,Low,XGBoost,6249.192,-31.3125
9,PERSONAL CARE,5749.132772460937,7310.478,9280.855865234375,Low,XGBoost,7566.955,-256.47705
9,PET SUPPLIES,153.45636463165283,247.08498,378.5933451652527,Low,XGBoost,88.30265,158.78232
9,PLAYERS AND ELECTRONICS,151.05782794952393,250.67921,390.3614172935486,Low,XGBoost,107.08462,143.5946
9,POULTRY,5550.710317626953,7112.0557,9082.43341040039,Low,XGBoost,7154.101,-42.04541
9,PREPARED FOODS,1204.9364471435547,1801.2605,2499.3962186279296,Low,XGBoost,1814.3335,-13.072998
9,PRODUCE,21008.802419726562,27098.604,38025.09683203125,Low,XGBoost,27945.977,-847.37305
9,SCHOOL AND OFFICE SUPPLIES,0.0,149.42476,600.3652370684147,Low,XGBoost,1052.2203,-902.7956
9,SEAFOOD,142.3779582977295,318.4518,562.8232765197754,Low,XGBoost,270.7414,47.71042
10,AUTOMOTIVE,133.18573226630687,144.13199,216.64599533081054,Low,XGBoost,11.273772,132.85822
10,BABY CARE,3026.8915919691326,3032.1797,3100.4354342460633,Low,XGBoost,4.6558895,3027.5237
10,BEAUTY,89.04307470079512,148.91057,255.6996639728546,Low,XGBoost,92.048386,56.862183
10,BEVERAGES,14066.060232226564,20155.861,31082.35464453125,Low,XGBoost,22066.387,-1910.5254
10,BOOKS,2618.967626515031,2624.2556,2692.5114687919618,Low,XGBoost,4.6558895,2619.5996
10,BREAD/BAKERY,1023.7990798950195,1620.1232,2318.2588513793944,Low,XGBoost,1784.6355,-164.51233
10,CELEBRATION,165.3581125497818,191.62437,276.91290483474734,Low,XGBoost,23.655588,167.96878
10,CLEANING,9008.797302246094,10969.057,13431.494810058593,Low,XGBoost,11333.925,-364.86816
10,DAIRY,4002.951575317383,4965.925,6198.213045532227,Low,XGBoost,5117.9146,-151.98975
10,DELI,3221.6940053710937,4118.181,5268.459739746094,Low,XGBoost,4256.7036,-138.52246
10,EGGS,420.4935302734375,711.4659,1118.5220527648926,Low,XGBoost,746.1119,-34.645996
10,FROZEN FOODS,248.20307636260986,478.57443,795.6379652023315,Low,XGBoost,480.5924,-2.0179749
10,GROCERY I,33163.61897285156,39843.355,51978.99865722656,Low,XGBoost,41522.434,-1679.0781
10,GROCERY II,136.2623360157013,234.26414,377.34227657318115,Low,XGBoost,109.66475,124.599396
10,HARDWARE,173.16699037998916,178.12733,246.38317575454712,Low,XGBoost,4.2856045,173.84174
10,HOME AND KITCHEN I,126.63290786743164,262.4427,447.77196502685547,Low,XGBoost,176.18323,86.25946
10,HOME AND KITCHEN II,124.49915865659713,205.10968,336.5029142856598,Low,XGBoost,81.460625,123.649055
10,HOME APPLIANCES,203.23183011710643,210.54128,280.9261913776398,Low,XGBoost,5.4185524,205.12273
10,HOME CARE,2137.5073604736326,2846.3926,3714.081868041992,Low,XGBoost,3012.096,-165.70337
10,LADIESWEAR,175.78763758391142,191.56404,268.33621644973755,Low,XGBoost,15.409762,176.15428
10,LAWN AND GARDEN,1851.7894433543086,1856.7194,1924.975213909149,Low,XGBoost,3.8081198,1852.9113
10,LINGERIE,175.84666074514388,184.57974,254.96465878486634,Low,XGBoost,8.696855,175.88289
10,"LIQUOR,WINE,BEER",114.14375305175781,285.44806,519.8203649520874,Low,XGBoost,260.81345,24.634613
10,MAGAZINES,171.1969053670764,181.0386,253.55261726379393,Low,XGBoost,8.700551,172.33806
10,MEATS,1934.185833618164,2568.0303,3322.683850463867,Low,XGBoost,2579.8594,-11.829102
10,PERSONAL CARE,2028.920852355957,2719.046,3558.476237243652,Low,XGBoost,2909.424,-190.37817
10,PET SUPPLIES,175.46905773878098,188.56137,263.2044595241547,Low,XGBoost,12.813206,175.74817
10,PLAYERS AND ELECTRONICS,156.145254278183,199.50372,296.21726670265195,Low,XGBoost,36.265125,163.2386
10,POULTRY,1658.6583296508788,2292.503,3047.156346496582,Low,XGBoost,2302.525,-10.021973
10,PREPARED FOODS,259.3288059234619,469.49982,756.5658168792725,Low,XGBoost,412.38828,57.11154
10,PRODUCE,3349.731389404297,4246.2188,5396.497123779297,Low,XGBoost,4371.9585,-125.739746
10,SCHOOL AND OFFICE SUPPLIES,985.0219459533691,1153.1304,1398.353645740509,Low,XGBoost,532.2593,620.8711
10,SEAFOOD,77.58788919448853,83.88912,152.40482807159424,Low,XGBoost,8.070984,75.81814
11,AUTOMOTIVE,127.53307056427002,224.75725,358.65456986427307,Low,XGBoost,89.821526,134.93573
11,BABY CARE,182.57857949733733,221.75677,317.9505962848663,Low,XGBoost,32.822376,188.9344
11,BEAUTY,91.8355484008789,207.79407,377.7826611995697,Low,XGBoost,138.36032,69.43375
11,BEVERAGES,67342.76020820312,74022.49,86158.13989257812,Low,XGBoost,77752.82,-3730.3281
11,BOOKS,3269.4091323405505,3297.8167,3385.2343666553497,Low,XGBoost,26.587683,3271.229
11,BREAD/BAKERY,9490.212524414062,11450.473,13912.910032226562,Low,XGBoost,11692.474,-242.00098
11,CELEBRATION,328.3551998138428,538.5262,825.5922107696533,Low,XGBoost,415.5154,123.01077
11,CLEANING,24740.84431464844,31420.58,43556.22399902344,Low,XGBoost,32319.215,-898.63477
11,DAIRY,9166.041137695312,11126.301,13588.738645507812,Low,XGBoost,11491.3955,-365.09473
11,DELI,6582.676086425781,8542.936,11005.373594238281,Low,XGBoost,8805.668,-262.73242
11,EGGS,2574.582955383301,3339.7488,4292.214830993652,Low,XGBoost,3506.3447,-166.59595
11,FROZEN FOODS,1044.4373779296875,1531.3047,2127.7849005126955,Low,XGBoost,1560.7037,-29.399048
11,GROCERY I,112823.37471015625,119503.11,131638.75439453125,Low,XGBoost,123831.57,-4328.461
11,GROCERY II,355.918194770813,599.7565,936.8183355331421,Low,XGBoost,552.89465,46.861816
11,HARDWARE,211.81437133550645,247.52855,341.5932744026184,Low,XGBoost,31.402802,216.12575
11,HOME AND KITCHEN I,266.58218479156494,510.42044,847.482325553894,Low,XGBoost,504.583,5.837433
11,HOME AND KITCHEN II,179.29035758972168,366.474,625.3678112030029,Low,XGBoost,318.52057,47.95343
11,HOME APPLIANCES,218.75086417198182,253.37695,345.3125964641571,Low,XGBoost,30.238714,223.13824
11,HOME CARE,6138.824796997071,8032.5986,10413.026568969726,Low,XGBoost,8276.316,-243.71777
11,LADIESWEAR,224.99008560180664,372.36774,574.0446758270264,Low,XGBoost,238.17152,134.19621
11,LAWN AND GARDEN,180.5261422753334,234.3789,339.8686579227448,Low,XGBoost,43.117104,191.26181
11,LINGERIE,145.75641441345215,246.57616,382.8624324798584,Low,XGBoost,92.34036,154.2358
11,"LIQUOR,WINE,BEER",488.1015157699585,804.0501,1238.048039039612,Low,XGBoost,853.946,-49.895874
11,MAGAZINES,166.12972617149353,225.61989,335.6276786327362,Low,XGBoost,46.690205,178.92969
11,MEATS,8623.791320800781,10584.051,13046.488828613281,Low,XGBoost,10630.086,-46.035156
11,PERSONAL CARE,5222.615555786133,6584.5034,8308.851441040038,Low,XGBoost,6832.8843,-248.38086
11,PET SUPPLIES,170.79293942451477,230.74141,340.7492091655731,Low,XGBoost,47.246284,183.49512
11,PLAYERS AND ELECTRONICS,189.4236879348755,326.36395,519.867057800293,Low,XGBoost,190.94292,135.42104
11,POULTRY,5086.298357666015,6514.672,8321.029978759765,Low,XGBoost,6558.1616,-43.489746
11,PREPARED FOODS,1026.8329772949219,1623.1571,2321.2927487792967,Low,XGBoost,1608.7036,14.453491
11,PRODUCE,18718.564089843752,25103.332,36634.401138183595,Low,XGBoost,26058.727,-955.39453
11,SCHOOL AND OFFICE SUPPLIES,4.167538642883301,147.05545,474.11816596984863,Low,XGBoost,586.1033,-439.04782
11,SEAFOOD,90.14987897872925,201.7568,357.7866859436035,Low,XGBoost,148.38667,53.370132
12,AUTOMOTIVE,117.77385396957398,160.89969,259.4824635505676,Low,XGBoost,39.45984,121.43985
12,BABY CARE,3227.7439593799413,3233.5386,3301.794519329071,Low,XGBoost,6.097953,3227.4407
12,BEAUTY,105.98967733606696,151.133,248.6261529445648,Low,XGBoost,60.06784,91.065155
12,BEVERAGES,20088.988235546876,26768.723,38904.367919921875,Low,XGBoost,28805.686,-2036.9629
12,BOOKS,2819.7752704150976,2825.57,2893.8258303642274,Low,XGBoost,6.097953,2819.4722
12,BREAD/BAKERY,2147.0083948974607,2893.414,3817.6211478271484,Low,XGBoost,3083.1438,-189.72974
12,CELEBRATION,147.79714107513428,240.22739,375.13169288635254,Low,XGBoost,91.818756,148.40863
12,CLEANING,10500.475280761719,12460.735,14923.172788574218,Low,XGBoost,12869.717,-408.98145
12,DAIRY,5701.2559461669925,7462.058,9678.46624645996,Low,XGBoost,7698.2485,-236.19043
12,DELI,3016.5183919677734,3913.0056,5063.284126342774,Low,XGBoost,4065.2742,-152.26855
12,EGGS,729.5686683654785,1088.7363,1566.6185672302245,Low,XGBoost,1120.9213,-32.184937
12,FROZEN FOODS,348.3547143936157,619.1268,996.1853590011597,Low,XGBoost,628.56195,-9.435181
12,GROCERY I,40046.5626984375,46726.297,58861.9423828125,Low,XGBoost,48037.71,-1311.4141
12,GROCERY II,162.41423320770264,277.61673,436.0355589389801,Low,XGBoost,163.35316,114.263565
12,HARDWARE,177.01621812582016,190.64859,265.29168543815615,Low,XGBoost,11.977201,178.67139
12,HOME AND KITCHEN I,180.27849006652832,350.22308,592.7692203521729,Low,XGBoost,266.43494,83.78815
12,HOME AND KITCHEN II,198.11422729492188,332.2076,517.5368919372559,Low,XGBoost,197.94301,134.2646
12,HOME APPLIANCES,182.94509452581406,188.59431,256.85015668869016,Low,XGBoost,5.7484407,182.84587
12,HOME CARE,2171.33978527832,2917.7456,3841.952538208008,Low,XGBoost,3082.7139,-164.96826
12,LADIESWEAR,140.41723346710205,219.47432,341.4268708229065,Low,XGBoost,64.86222,154.61209
12,LAWN AND GARDEN,2052.6031309604646,2058.032,2126.287851238251,Low,XGBoost,5.11985,2052.912
12,LINGERIE,43.84798526763916,208.14024,445.9084687232971,Low,XGBoost,275.7316,-67.591354
12,"LIQUOR,WINE,BEER",471.10948276519775,755.3484,1152.4053792953491,Low,XGBoost,766.5733,-11.224915
12,MAGAZINES,181.85637332201003,191.51576,261.900692987442,Low,XGBoost,12.671306,178.84445
12,MEATS,1882.2076231689452,2516.0522,3270.7056400146485,Low,XGBoost,2531.7615,-15.7092285
12,PERSONAL CARE,2059.3792705688475,2768.2646,3635.953778137207,Low,XGBoost,2959.3464,-191.08179
12,PET SUPPLIES,182.9033796906471,196.61403,271.2571252346039,Low,XGBoost,13.865996,182.74803
12,PLAYERS AND ELECTRONICS,158.40199259519576,209.10892,312.2097207069397,Low,XGBoost,46.92433,162.18459
12,POULTRY,2024.5388091430664,2639.623,3366.0177033081054,Low,XGBoost,2660.8103,-21.187256
12,PREPARED FOODS,290.2747383117676,513.91266,820.9770011901855,Low,XGBoost,473.96667,39.945984
12,PRODUCE,4823.04890222168,6051.9653,7612.293315795899,Low,XGBoost,6317.3765,-265.41113
12,SCHOOL AND OFFICE SUPPLIES,101.76922941207886,266.28287,524.5008308410645,Low,XGBoost,455.13794,-188.85507
12,SEAFOOD,67.17123651504517,79.773705,152.80744733810425,Low,XGBoost,14.035667,65.73804
13,AUTOMOTIVE,122.26444512531161,158.06287,250.5182503223419,Low,XGBoost,34.378017,123.684845
13,BABY CARE,3123.6749514579774,3129.0205,3197.2763003349305,Low,XGBoost,5.178194,3123.8423
13,BEAUTY,121.72680110782385,155.37877,247.57428908348083,Low,XGBoost,37.57991,117.79886
13,BEVERAGES,17796.06257636719,24475.797,36611.44226074219,Low,XGBoost,26212.166,-1736.3691
13,BOOKS,2715.750986003876,2721.0964,2789.352334880829,Low,XGBoost,5.178194,2715.9182
13,BREAD/BAKERY,1550.4026489257812,2146.7268,2844.862420410156,Low,XGBoost,2284.351,-137.62427
13,CELEBRATION,150.58313035964966,212.938,325.33475160598755,Low,XGBoost,52.42686,160.51114
13,CLEANING,9467.77685546875,11428.037,13890.47436328125,Low,XGBoost,11808.628,-380.59082
13,DAIRY,3731.114737548828,4694.088,5926.376207763672,Low,XGBoost,4860.3604,-166.27246
13,DELI,1970.2759275512694,2622.8806,3405.793067077637,Low,XGBoost,2766.608,-143.7273
13,EGGS,581.9480209350586,886.38727,1313.441795349121,Low,XGBoost,921.8907,-35.503418
13,FROZEN FOODS,314.3286018371582,551.4334,878.4961166381836,Low,XGBoost,532.418,19.01538
13,GROCERY I,37521.56489570312,44201.3,56336.944580078125,Low,XGBoost,45775.207,-1573.9062
13,GROCERY II,176.720853805542,305.07013,482.22557163238525,Low,XGBoost,195.59123,109.4789
13,HARDWARE,553.8251806080341,559.5929,627.8487347602844,Low,XGBoost,5.204501,554.38837
13,HOME AND KITCHEN I,126.1079273223877,285.18298,505.032958984375,Low,XGBoost,239.60672,45.576263
13,HOME AND KITCHEN II,84.434814453125,253.84277,488.2150774002075,Low,XGBoost,216.40082,37.441956
13,HOME APPLIANCES,198.93002283275126,205.64441,276.029327917099,Low,XGBoost,5.139658,200.50475
13,HOME CARE,1813.6291182861328,2428.7134,3155.108012451172,Low,XGBoost,2586.5227,-157.80933
13,LADIESWEAR,161.05968716144562,172.95518,247.59828124046325,Low,XGBoost,10.397797,162.55739
13,LAWN AND GARDEN,1948.5455903589725,1953.5604,2021.8162859916686,Low,XGBoost,4.3304243,1949.23
13,LINGERIE,157.7290619775653,174.83841,253.7396761417389,Low,XGBoost,14.177007,160.6614
13,"LIQUOR,WINE,BEER",386.84148597717285,650.88007,1017.9395046234131,Low,XGBoost,642.228,8.652039
13,MAGAZINES,155.00969727095216,166.81548,241.45857462882995,Low,XGBoost,10.140989,156.67448
13,MEATS,2040.5061858520507,2655.5906,3381.98508001709,Low,XGBoost,2663.3232,-7.732666
13,PERSONAL CARE,2147.8171475830077,2819.1821,3630.353409790039,Low,XGBoost,2980.3374,-161.15527
13,PET SUPPLIES,158.19002738697455,167.24966,237.6345901966095,Low,XGBoost,9.774844,157.47482
13,PLAYERS AND ELECTRONICS,153.70165709257125,226.86711,344.30163249969485,Low,XGBoost,64.433304,162.4338
13,POULTRY,1144.5067749023438,1667.8596,2298.2250471191405,Low,XGBoost,1672.0166,-4.1569824
13,PREPARED FOODS,260.44139862060547,451.15274,710.0465488433838,Low,XGBoost,343.36517,107.78757
13,PRODUCE,2609.319268249512,3374.485,4326.951143859863,Low,XGBoost,3382.0593,-7.5742188
13,SCHOOL AND OFFICE SUPPLIES,989.0763473510742,1249.9681,1591.4011850242614,Low,XGBoost,901.8741,348.09406
13,SEAFOOD,62.011380076408386,71.936264,144.97000505924225,Low,XGBoost,11.084607,60.851658
14,AUTOMOTIVE,118.633121868968,167.90268,269.1342697620392,Low,XGBoost,46.823574,121.0791
14,BABY CARE,3294.92590482831,3309.996,3386.768213748932,Low,XGBoost,13.183527,3296.8125
14,BEAUTY,98.20761452615261,163.08691,281.52840695381167,Low,XGBoost,67.695885,95.39103
14,BEVERAGES,16221.077713085939,22900.812,35036.45739746094,Low,XGBoost,25007.328,-2106.5156
14,BOOKS,2887.0019241154196,2902.072,2978.8442330360413,Low,XGBoost,13.183527,2888.8884
14,BREAD/BAKERY,1960.9059356079101,2575.9902,3302.384829772949,Low,XGBoost,2756.19,-180.1997
14,CELEBRATION,168.2267303466797,269.04648,405.33274841308594,Low,XGBoost,111.51499,157.5315
14,CLEANING,13628.112122558594,17063.207,22548.522810546874,Low,XGBoost,17822.217,-759.00977
14,DAIRY,5176.437124267578,6737.782,8708.160217041015,Low,XGBoost,6932.641,-194.85889
14,DELI,3507.7439779052734,4404.2314,5554.509712280274,Low,XGBoost,4550.008,-145.77637
14,EGGS,387.8441686630249,685.55,1102.6053171157837,Low,XGBoost,715.4684,-29.918396
14,FROZEN FOODS,478.4278440475464,776.13367,1193.1889925003052,Low,XGBoost,778.5615,-2.4278564
14,GROCERY I,39559.25459296875,46238.99,58374.63427734375,Low,XGBoost,48030.582,-1791.5938
14,GROCERY II,198.1727638244629,342.8577,544.5346622467041,Low,XGBoost,222.61298,120.24472
14,HARDWARE,140.57811359614135,157.79529,236.69655814170838,Low,XGBoost,15.223429,142.57185
14,HOME AND KITCHEN I,185.02576351165771,362.81802,615.3633317947388,Low,XGBoost,291.26105,71.55698
14,HOME AND KITCHEN II,189.29832458496094,352.77563,587.1479187011719,Low,XGBoost,242.74023,110.0354
14,HOME APPLIANCES,139.44489464461805,154.32344,231.09561729431152,Low,XGBoost,13.35684,140.9666
14,HOME CARE,2708.6860498046876,3492.612,4473.337048095703,Low,XGBoost,3629.9417,-137.32959
14,LADIESWEAR,163.26890994906427,186.25897,269.4184112071991,Low,XGBoost,19.357536,166.90143
14,LAWN AND GARDEN,2121.8681278318168,2134.5344,2209.177625989914,Low,XGBoost,11.751612,2122.7827
14,LINGERIE,161.31685093939305,192.77785,280.45532927513125,Low,XGBoost,30.912107,161.86574
14,"LIQUOR,WINE,BEER",242.69815635681152,465.72412,772.7884864807129,Low,XGBoost,429.56134,36.16278
14,MAGAZINES,166.90865258947014,193.00537,280.4229872226715,Low,XGBoost,21.171232,171.83414
14,MEATS,3494.674120300293,4505.373,5791.4122036743165,Low,XGBoost,4516.6294,-11.256348
14,PERSONAL CARE,3278.2003225097656,4174.6875,5324.966056884766,Low,XGBoost,4366.293,-191.60547
14,PET SUPPLIES,153.74292572438716,183.8397,273.6462678909302,Low,XGBoost,23.377464,160.46225
14,PLAYERS AND ELECTRONICS,157.44913418292998,211.01244,316.76206250190734,Low,XGBoost,45.624916,165.38751
14,POULTRY,1068.8954162597656,1519.2771,2081.8721892089843,Low,XGBoost,1526.5945,-7.317383
14,PREPARED FOODS,896.1377372741699,1401.2478,2014.670634674072,Low,XGBoost,1373.811,27.436768
14,PRODUCE,5497.651450805664,7125.4824,9177.870279418945,Low,XGBoost,7386.8364,-261.354
14,SCHOOL AND OFFICE SUPPLIES,47.577431082725525,75.047195,229.7133181333542,Low,XGBoost,127.45236,-52.405167
14,SEAFOOD,74.37474635839462,90.98566,180.36707129478455,Low,XGBoost,27.757067,63.228592
15,AUTOMOTIVE,125.57884203195572,166.54208,262.99576287269593,Low,XGBoost,36.639774,129.90231
15,BABY CARE,120.11620626747609,152.11098,240.04831261634826,Low,XGBoost,28.743023,123.36795
15,BEAUTY,102.69531308412552,165.52734,282.09962158203126,Low,XGBoost,64.69764,100.829704
15,BEVERAGES,20249.059402539064,26928.795,39064.43908691406,Low,XGBoost,29099.057,-2170.2617
15,BOOKS,2887.645088171959,2900.3308,2974.973814344406,Low,XGBoost,11.057692,2889.2732
15,BREAD/BAKERY,1906.4473921508788,2540.292,3294.945408996582,Low,XGBoost,2725.7222,-185.43018
15,CELEBRATION,162.82887679338455,191.26123,278.9387043476105,Low,XGBoost,23.757322,167.5039
15,CLEANING,11963.055969238281,13923.315,16385.75347705078,Low,XGBoost,14321.927,-398.61133
15,DAIRY,4841.973342285157,6137.3755,7779.713491699219,Low,XGBoost,6332.5625,-195.18701
15,DELI,3667.4799093017577,4563.9673,5714.245643676758,Low,XGBoost,4722.9365,-158.96924
15,EGGS,893.5710296630859,1380.4384,1976.9185522460937,Low,XGBoost,1483.0914,-102.653076
15,FROZEN FOODS,635.2469100952148,976.1718,1437.1114341430664,Low,XGBoost,980.2685,-4.0966797
15,GROCERY I,37802.32270820312,44482.06,56617.702392578125,Low,XGBoost,45840.207,-1358.1484
15,GROCERY II,150.39353322982788,252.01807,397.4851586818695,Low,XGBoost,121.46239,130.55568
15,HARDWARE,153.80776804685593,170.12962,246.90179872512817,Low,XGBoost,15.81051,154.3191
15,HOME AND KITCHEN I,160.9841070175171,361.93787,649.003870010376,Low,XGBoost,345.48517,16.452698
15,HOME AND KITCHEN II,179.74853420257568,341.83325,576.2055549621582,Low,XGBoost,230.5637,111.26955
15,HOME APPLIANCES,382.64956312179567,396.31186,473.0840482711792,Low,XGBoost,10.530269,385.7816
15,HOME CARE,2678.8163595581054,3556.5435,4678.5629712524415,Low,XGBoost,3726.4983,-169.95483
15,LADIESWEAR,139.71669101715088,228.55138,361.06672406196594,Low,XGBoost,89.06209,139.48929
15,LAWN AND GARDEN,2120.7567100554706,2132.7932,2207.4362929821013,Low,XGBoost,9.62578,2123.1675
15,LINGERIE,161.0389285966754,201.44904,297.64285988807677,Low,XGBoost,38.57931,162.86972
15,"LIQUOR,WINE,BEER",271.3360929489136,488.24054,785.3057298660278,Low,XGBoost,497.15662,-8.916077
15,MAGAZINES,175.23347514867783,195.41956,276.4499004364014,Low,XGBoost,19.083755,176.3358
15,MEATS,1580.4806060791016,2176.8047,2874.9403775634764,Low,XGBoost,2201.134,-24.329346
15,PERSONAL CARE,2233.6476710815427,2961.2932,3857.2413013305663,Low,XGBoost,3127.7043,-166.41113
15,PET SUPPLIES,180.36043947935104,198.75456,277.65582337379453,Low,XGBoost,17.428083,181.32648
15,PLAYERS AND ELECTRONICS,149.94048285484314,212.197,324.59374952316284,Low,XGBoost,43.870426,168.32658
15,POULTRY,1164.1101150512695,1760.4342,2458.5698865356444,Low,XGBoost,1792.9907,-32.55652
15,PREPARED FOODS,363.83202934265137,654.8044,1061.8605518341064,Low,XGBoost,638.90326,15.901123
15,PRODUCE,9098.692212109376,11353.919,14420.932355957031,Low,XGBoost,11764.474,-410.5547
15,SCHOOL AND OFFICE SUPPLIES,1153.116584777832,1414.0084,1755.4414224510192,Low,XGBoost,944.6809,469.3275
15,SEAFOOD,63.81649963781238,82.616165,160.16794829368592,Low,XGBoost,22.570957,60.045208
16,AUTOMOTIVE,117.88770563229919,164.45143,263.55393781661985,Low,XGBoost,33.900368,130.55106
16,BABY CARE,2209.163512856327,2217.645,2288.0298452854154,Low,XGBoost,8.138383,2209.5066
16,BEAUTY,132.31703480184078,152.57869,231.73981976509094,Low,XGBoost,24.753815,127.824875
16,BEVERAGES,14865.253591601564,20955.055,31881.54800390625,Low,XGBoost,22830.408,-1875.3535
16,BOOKS,2498.238421329856,2506.7058,2577.0906582355497,Low,XGBoost,8.124288,2498.5815
16,BREAD/BAKERY,1721.0797697753906,2354.9243,3109.5777866210938,Low,XGBoost,2538.3242,-183.3999
16,CELEBRATION,158.71871455460786,219.57356,327.97201137542726,Low,XGBoost,54.103302,165.47026
16,CLEANING,11138.133496289063,13393.36,16460.373640136717,Low,XGBoost,15093.848,-1700.4873
16,DAIRY,3340.5091756591796,4236.9966,5387.27491003418,Low,XGBoost,4412.6426,-175.646
16,DELI,2013.0994962158202,2684.4644,3495.6357584228517,Low,XGBoost,2840.521,-156.05664
16,EGGS,1799.9172376098634,2471.2822,3282.4534998168947,Low,XGBoost,2511.5898,-40.307617
16,FROZEN FOODS,382.64934062957764,671.6642,1065.6653600540162,Low,XGBoost,661.7241,9.940063
16,GROCERY I,26923.76911933594,33603.504,45739.14880371094,Low,XGBoost,35841.168,-2237.664
16,GROCERY II,134.6758687853813,224.66054,363.2206374168396,Low,XGBoost,97.40948,127.25106
16,HARDWARE,173.7012664616108,186.3483,260.99139246940615,Low,XGBoost,11.552699,174.7956
16,HOME AND KITCHEN I,136.4237298965454,261.21457,430.1961832046509,Low,XGBoost,157.10133,104.113235
16,HOME AND KITCHEN II,174.562970161438,281.3755,425.83559703826904,Low,XGBoost,141.92822,139.44727
16,HOME APPLIANCES,387.20633669644593,396.682,469.1960193634033,Low,XGBoost,7.700099,388.9819
16,HOME CARE,2146.255531005859,2836.3806,3675.8109158935545,Low,XGBoost,2995.0325,-158.65186
16,LADIESWEAR,1731.358793015778,1739.1704,1809.5553265094757,Low,XGBoost,7.0313864,1732.139
16,LAWN AND GARDEN,1731.358793015778,1739.1704,1809.5553265094757,Low,XGBoost,7.0313864,1732.139
16,LINGERIE,177.00622096955777,194.83966,273.740927362442,Low,XGBoost,16.875484,177.96417
16,"LIQUOR,WINE,BEER",653.7179145812988,1012.8856,1490.7678134460448,Low,XGBoost,1070.3145,-57.428833
16,MAGAZINES,178.92780562639237,192.18027,266.82337031364443,Low,XGBoost,13.074114,179.10616
16,MEATS,510.6107749938965,815.05005,1242.104549407959,Low,XGBoost,806.2145,8.835571
16,PERSONAL CARE,1560.0686232299804,2193.913,2948.5666400756836,Low,XGBoost,2366.3594,-172.44629
16,PET SUPPLIES,174.6363820910454,195.86044,279.01987357139586,Low,XGBoost,16.733837,179.1266
16,PLAYERS AND ELECTRONICS,166.12129094600678,203.35764,295.55315375328064,Low,XGBoost,32.9168,170.44083
16,POULTRY,739.2265472412109,1116.6371,1611.4618209228515,Low,XGBoost,1135.1536,-18.51648
16,PREPARED FOODS,310.98179626464844,534.6197,841.6840591430664,Low,XGBoost,454.81845,79.80124
16,PRODUCE,7363.019836425781,9323.279,11785.717344238281,Low,XGBoost,9691.159,-367.87988
16,SCHOOL AND OFFICE SUPPLIES,1030.790870666504,1030.7909,1094.7885375976562,Low,XGBoost,0.0,1030.7909
16,SEAFOOD,87.02660548686981,87.0266,151.02427241802215,Low,XGBoost,0.0,87.0266
17,AUTOMOTIVE,125.24879741668701,215.28185,344.40125918388367,Low,XGBoost,100.760864,114.52098
17,BABY CARE,138.31505153775214,168.56259,258.109291934967,Low,XGBoost,24.362637,144.19995
17,BEAUTY,79.24057960510254,180.7909,332.0428705215454,Low,XGBoost,125.2199,55.57099
17,BEVERAGES,44566.73970039062,51246.477,63382.119384765625,Low,XGBoost,55217.816,-3971.3398
17,BOOKS,2929.2050090372563,2951.704,3034.863600683212,Low,XGBoost,19.51131,2932.1929
17,BREAD/BAKERY,4658.563945800782,5820.9946,7299.3126235351565,Low,XGBoost,6003.688,-182.69336
17,CELEBRATION,144.9502944946289,234.98334,364.10275626182556,Low,XGBoost,75.68225,159.30109
17,CLEANING,14560.902271289062,17701.031,22581.770323242188,Low,XGBoost,18251.53,-550.49805
17,DAIRY,10680.744812011719,12641.005,15103.442319824218,Low,XGBoost,12963.909,-322.9043
17,DELI,7014.839079223633,8908.613,11289.040851196289,Low,XGBoost,9124.3955,-215.78223
17,EGGS,2585.2918224487303,3294.1772,4161.86633001709,Low,XGBoost,3357.9146,-63.737305
17,FROZEN FOODS,1215.9783935546875,1812.3025,2510.4381650390624,Low,XGBoost,1833.0386,-20.736084
17,GROCERY I,65558.14717109375,72237.88,84373.52685546875,Low,XGBoost,74537.51,-2299.625
17,GROCERY II,182.09736156463623,332.8709,544.5470495223999,Low,XGBoost,230.35114,102.519775
17,HARDWARE,174.08375428542496,207.31879,299.2544270992279,Low,XGBoost,25.160393,182.15839
17,HOME AND KITCHEN I,172.48259449005127,365.70676,632.7744121551514,Low,XGBoost,355.10202,10.604736
17,HOME AND KITCHEN II,189.96530151367188,379.25726,646.324914932251,Low,XGBoost,279.5826,99.67465
17,HOME APPLIANCES,175.28405005037786,202.71704,290.1346437931061,Low,XGBoost,23.137308,179.57973
17,HOME CARE,4164.248848632813,5193.708,6508.0060546875,Low,XGBoost,5391.737,-198.02881
17,LADIESWEAR,182.76577091366053,204.30128,285.33163623809816,Low,XGBoost,20.782639,183.51865
17,LAWN AND GARDEN,2164.532672145963,2184.1667,2265.196993637085,Low,XGBoost,17.382277,2166.7844
17,LINGERIE,98.44478273391724,230.1237,431.6804268360138,Low,XGBoost,215.02208,15.101624
17,"LIQUOR,WINE,BEER",453.853307723999,763.0685,1187.0672050323487,Low,XGBoost,775.4486,-12.380127
17,MAGAZINES,158.93145751953125,216.55,326.5577971935272,Low,XGBoost,42.160774,174.38922
17,MEATS,3576.792256713867,4473.28,5623.557991088867,Low,XGBoost,4495.0757,-21.795898
17,PERSONAL CARE,3527.478934326172,4490.452,5722.740404541016,Low,XGBoost,4670.5083,-180.05615
17,PET SUPPLIES,172.48881883621215,214.53726,313.12002487182616,Low,XGBoost,34.244003,180.29326
17,PLAYERS AND ELECTRONICS,154.03822898864746,247.66684,379.1752095222473,Low,XGBoost,92.02139,155.64545
17,POULTRY,4696.33518762207,5925.2515,7485.579601196289,Low,XGBoost,5970.6064,-45.35498
17,PREPARED FOODS,527.0191802978516,831.45844,1258.512954711914,Low,XGBoost,792.82886,38.629578
17,PRODUCE,18891.924490039062,24981.725,35908.21890234375,Low,XGBoost,25727.922,-746.19727
17,SCHOOL AND OFFICE SUPPLIES,76.84039688110352,118.12861,290.1003954410553,Low,XGBoost,204.6274,-86.49879
17,SEAFOOD,135.84775829315186,301.56924,535.9415378570557,Low,XGBoost,242.58879,58.980453
18,AUTOMOTIVE,122.1324767112732,165.55965,262.273199224472,Low,XGBoost,38.336956,127.22269
18,BABY CARE,136.33006540834904,152.25331,229.02549266815186,Low,XGBoost,13.921972,138.33134
18,BEAUTY,63.64133334159851,172.25183,345.63635420799255,Low,XGBoost,150.79094,21.460892
18,BEVERAGES,31797.002029492185,38476.74,50612.38171386719,Low,XGBoost,42003.19,-3526.4531
18,BOOKS,2929.48345721066,2943.7437,3020.5158791542053,Low,XGBoost,11.81635,2931.9272
18,BREAD/BAKERY,8274.16390991211,10234.424,12696.861417724609,Low,XGBoost,10446.391,-211.9668
18,CELEBRATION,154.99923419952393,230.65001,350.2136209011078,Low,XGBoost,71.53344,159.11658
18,CLEANING,7991.761444091797,9952.021,12414.458951904297,Low,XGBoost,10380.8125,-428.79102
18,DAIRY,9222.489685058594,11182.749,13645.187192871093,Low,XGBoost,11557.746,-374.99707
18,DELI,3124.706764892578,3983.6736,5077.43425390625,Low,XGBoost,4143.38,-159.7063
18,EGGS,2498.0233485107424,3244.429,4168.63610144043,Low,XGBoost,3316.843,-72.41406
18,FROZEN FOODS,732.347583770752,1091.5153,1569.397482635498,Low,XGBoost,1128.8292,-37.313965
18,GROCERY I,40292.02021796875,46971.754,59107.39990234375,Low,XGBoost,49108.844,-2137.0898
18,GROCERY II,166.27392959594727,291.56973,462.3766918182373,Low,XGBoost,188.83784,102.73189
18,HARDWARE,179.19364119544625,198.30054,279.33088569641114,Low,XGBoost,14.539635,183.7609
18,HOME AND KITCHEN I,355.984787940979,599.82306,936.8849287033081,Low,XGBoost,563.2488,36.57428
18,HOME AND KITCHEN II,142.6641435623169,307.83545,534.0339069366455,Low,XGBoost,268.79138,39.044067
18,HOME APPLIANCES,178.36084530353546,192.83357,267.47667441368105,Low,XGBoost,14.608706,178.22487
18,HOME CARE,2567.4601768188477,3407.667,4473.168543151855,Low,XGBoost,3626.1045,-218.4375
18,LADIESWEAR,170.2137222290039,267.4379,401.33522152900696,Low,XGBoost,114.90531,152.5326
18,LAWN AND GARDEN,141.58264771699905,216.00069,339.22008595466616,Low,XGBoost,71.2682,144.73248
18,LINGERIE,61.33313059806824,204.39136,415.24913477897644,Low,XGBoost,227.05899,-22.667633
18,"LIQUOR,WINE,BEER",615.9495887756348,956.87445,1417.8141128234863,Low,XGBoost,1032.4792,-75.6048
18,MAGAZINES,175.94315675124525,199.71805,285.0065642356873,Low,XGBoost,19.055593,180.66246
18,MEATS,1466.945198699951,2082.5469,2820.2578407287597,Low,XGBoost,2088.6782,-6.1313477
18,PERSONAL CARE,2243.1310542602537,2970.7766,3866.7246845092773,Low,XGBoost,3180.878,-210.10132
18,PET SUPPLIES,172.8297266125679,218.775,319.4868501186371,Low,XGBoost,38.12754,180.64746
18,PLAYERS AND ELECTRONICS,147.74459028244019,226.93428,348.8868384361267,Low,XGBoost,64.29988,162.6344
18,POULTRY,2671.251525268555,3455.1777,4435.90252355957,Low,XGBoost,3493.4336,-38.25586
18,PREPARED FOODS,589.5278282165527,912.2099,1356.2069774475099,Low,XGBoost,900.71277,11.497131
18,PRODUCE,25036.994509765624,31421.762,42952.83155810547,Low,XGBoost,33047.18,-1625.418
18,SCHOOL AND OFFICE SUPPLIES,5.11723518371582,134.50511,541.5612590312958,Low,XGBoost,819.418,-684.9129
18,SEAFOOD,95.75835275650024,221.30162,396.068119764328,Low,XGBoost,167.75256,53.549057
19,AUTOMOTIVE,108.64235908985138,171.2262,281.753733587265,Low,XGBoost,53.626846,117.59935
19,BABY CARE,141.33285904601217,149.21432,219.59924273490907,Low,XGBoost,6.9464817,142.26784
19,BEAUTY,100.62994131147862,158.77711,271.09122228622437,Low,XGBoost,74.456116,84.321
19,BEVERAGES,32492.507034374998,39172.242,51307.88671875,Low,XGBoost,42502.52,-3330.2773
19,BOOKS,2925.2525459255094,2932.6838,3003.068746614456,Low,XGBoost,6.2912583,2926.3926
19,BREAD/BAKERY,1975.3698514404296,2646.7349,3457.906113647461,Low,XGBoost,2822.9128,-176.17798
19,CELEBRATION,146.4024210333824,207.7227,317.9903663158417,Low,XGBoost,47.590862,160.13184
19,CLEANING,12237.889978417968,14788.084,18459.67275830078,Low,XGBoost,15279.029,-490.9453
19,DAIRY,4763.235181518555,5992.1514,7552.479595092774,Low,XGBoost,6200.118,-207.9668
19,DELI,4017.1490408935547,5046.608,6360.906246948242,Low,XGBoost,5212.0283,-165.42041
19,EGGS,697.3384857177734,1092.9918,1604.7591342163087,Low,XGBoost,1144.0226,-51.03076
19,FROZEN FOODS,426.9583396911621,731.3976,1158.4521141052246,Low,XGBoost,734.95746,-3.5598755
19,GROCERY I,47370.97309882812,54050.707,66186.35278320312,Low,XGBoost,56017.086,-1966.3789
19,GROCERY II,432.34345149993896,676.1817,1013.2435922622681,Low,XGBoost,586.28485,89.89685
19,HARDWARE,177.65249547958373,188.39081,260.9048110961914,Low,XGBoost,10.737537,177.65327
19,HOME AND KITCHEN I,158.67908191680908,336.07855,582.2753868103027,Low,XGBoost,303.58185,32.496704
19,HOME AND KITCHEN II,158.9903039932251,277.78836,438.59614849090576,Low,XGBoost,159.09685,118.69151
19,HOME APPLIANCES,171.31856575012208,178.92622,249.31114296913148,Low,XGBoost,7.148842,171.77737
19,HOME CARE,2319.987530090332,3047.633,3943.5811603393554,Low,XGBoost,3219.8113,-172.17822
19,LADIESWEAR,152.00538539886475,234.39369,358.73520398139954,Low,XGBoost,79.55925,154.83444
19,LAWN AND GARDEN,2159.7174192905427,2165.1462,2233.402139568329,Low,XGBoost,5.352561,2159.7937
19,LINGERIE,151.52227665036918,201.41138,302.9028264522552,Low,XGBoost,41.11316,160.29822
19,"LIQUOR,WINE,BEER",449.7545232772827,720.52655,1097.5851678848267,Low,XGBoost,731.67365,-11.147095
19,MAGAZINES,175.10068783313037,195.25095,276.28130321502687,Low,XGBoost,16.709124,178.54182
19,MEATS,1597.6487929077148,2231.4934,2986.146809753418,Low,XGBoost,2240.0552,-8.561768
19,PERSONAL CARE,2274.0335658569334,3001.6792,3897.627196105957,Low,XGBoost,3187.696,-186.01685
19,PET SUPPLIES,175.79351665973664,191.6599,270.56116070747373,Low,XGBoost,14.031996,177.6279
19,PLAYERS AND ELECTRONICS,151.9716418147087,209.33582,317.21453342437746,Low,XGBoost,47.17279,162.16302
19,POULTRY,1721.2788626403808,2336.8806,3074.5915046691894,Low,XGBoost,2356.1982,-19.317627
19,PREPARED FOODS,279.97007751464844,476.6742,743.7418365478516,Low,XGBoost,362.43387,114.240326
19,PRODUCE,6023.25826550293,7784.0605,10000.468565795898,Low,XGBoost,8018.8975,-234.83691
19,SCHOOL AND OFFICE SUPPLIES,1122.0719680786133,1457.5043,1878.2045688209532,Low,XGBoost,1151.8601,305.64417
19,SEAFOOD,63.225043177604675,76.62413,157.83170726299286,Low,XGBoost,19.180227,57.4439
20,AUTOMOTIVE,132.74901962280273,222.78207,351.9014813899994,Low,XGBoost,93.981964,128.80011
20,BABY CARE,261.02412909269333,292.37286,382.17942810058594,Low,XGBoost,25.943464,266.4294
20,BEAUTY,80.61851024627686,205.86386,380.63035225868225,Low,XGBoost,155.6635,50.200363
20,BEVERAGES,47541.12495429687,54220.86,66356.50463867188,Low,XGBoost,58257.004,-4036.1445
20,BOOKS,2938.041576126218,2965.0105,3052.4281685352325,Low,XGBoost,22.598225,2942.4124
20,BREAD/BAKERY,6647.792689331055,8408.596,10625.002989624023,Low,XGBoost,8748.931,-340.33496
20,CELEBRATION,165.2205982208252,258.8492,390.35757875442505,Low,XGBoost,103.029434,155.81978
20,CLEANING,15465.532289550782,20375.465,28883.656157714846,Low,XGBoost,21308.658,-933.19336
20,DAIRY,11072.791455273438,13328.019,16395.031599121092,Low,XGBoost,13816.605,-488.5869
20,DELI,9602.93433857422,11858.161,14925.174482421875,Low,XGBoost,12197.535,-339.37402
20,EGGS,1487.0560598449706,2121.418,2887.3878245544433,Low,XGBoost,2188.7156,-67.29761
20,FROZEN FOODS,926.0058670043945,1358.1448,1903.7972651367186,Low,XGBoost,1394.0979,-35.953125
20,GROCERY I,82202.95381171875,88882.69,101018.33349609375,Low,XGBoost,91426.4,-2543.711
20,GROCERY II,184.11824131011963,347.14093,583.3385591506958,Low,XGBoost,242.50157,104.63936
20,HARDWARE,179.156604783237,208.05554,295.4731523990631,Low,XGBoost,26.915676,181.13986
20,HOME AND KITCHEN I,287.7312927246094,524.8361,851.8988075256348,Low,XGBoost,487.45676,37.379364
20,HOME AND KITCHEN II,173.17008018493652,369.10934,638.0023355484009,Low,XGBoost,330.00208,39.10727
20,HOME APPLIANCES,491.0094320565462,518.74524,606.1628353595734,Low,XGBoost,23.984686,494.76056
20,HOME CARE,4536.931516357422,5765.8477,7326.175929931641,Low,XGBoost,5978.0273,-212.17969
20,LADIESWEAR,169.7144776582718,255.66232,382.392786026001,Low,XGBoost,93.23929,162.42303
20,LAWN AND GARDEN,126.94164276123047,247.5191,415.93710064888,Low,XGBoost,165.46962,82.049484
20,LINGERIE,137.41896772384644,222.80302,358.7142961025238,Low,XGBoost,79.68207,143.12096
20,"LIQUOR,WINE,BEER",534.6665229797363,875.59143,1336.5310470275879,Low,XGBoost,920.3401,-44.748657
20,MAGAZINES,171.6724464774132,215.72617,314.56880741119386,Low,XGBoost,34.34335,181.38281
20,MEATS,4535.81690600586,5698.247,7176.565583740235,Low,XGBoost,5747.569,-49.321777
20,PERSONAL CARE,4432.249540039063,5661.166,7221.4939536132815,Low,XGBoost,5892.7837,-231.61768
20,PET SUPPLIES,148.41685819625854,230.60065,354.9421570301056,Low,XGBoost,66.96948,163.63116
20,PLAYERS AND ELECTRONICS,158.5626163482666,248.59567,377.71507811546326,Low,XGBoost,86.34654,162.24913
20,POULTRY,4352.3940560302735,5581.31,7141.6384696044925,Low,XGBoost,5649.2974,-67.987305
20,PREPARED FOODS,683.4816703796387,1060.8921,1555.7169440612793,Low,XGBoost,1012.59283,48.299255
20,PRODUCE,13688.371180566406,17713.402,24407.867140625,Low,XGBoost,18320.71,-607.3086
20,SCHOOL AND OFFICE SUPPLIES,2.058859348297119,135.35463,484.2410469055176,Low,XGBoost,632.193,-496.83838
20,SEAFOOD,117.53385257720947,278.01935,499.69466972351074,Low,XGBoost,243.8719,34.147446
21,AUTOMOTIVE,107.46020126342773,197.49326,326.6126630306244,Low,XGBoost,88.196014,109.29724
21,BABY CARE,141.05913830995559,157.00108,233.77327060699463,Low,XGBoost,14.069958,142.93112
21,BEAUTY,79.4873583316803,170.66869,311.3578679561615,Low,XGBoost,100.291466,70.37722
21,BEVERAGES,37495.80757148437,44175.543,56311.187255859375,Low,XGBoost,48497.65,-4322.1055
21,BOOKS,2929.8360941648484,2942.0205,3016.663725233078,Low,XGBoost,10.128186,2931.8923
21,BREAD/BAKERY,6250.612055786133,8011.4146,10227.822356079101,Low,XGBoost,8295.049,-283.63428
21,CELEBRATION,154.08341026306152,233.32976,355.2823157310486,Low,XGBoost,72.71477,160.61499
21,CLEANING,14788.119765332032,19993.02,29105.78626953125,Low,XGBoost,22018.404,-2025.3848
21,DAIRY,8722.645904541016,10682.905,13145.343412353515,Low,XGBoost,11014.827,-331.92188
21,DELI,4429.224391967774,5591.655,7069.973069702149,Low,XGBoost,5799.9595,-208.30469
21,EGGS,3820.517669067383,4945.4277,6367.22810144043,Low,XGBoost,5039.462,-94.03418
21,FROZEN FOODS,1032.608597442627,1502.2678,2104.4382409362793,Low,XGBoost,1560.4756,-58.207764
21,GROCERY I,57886.68794257812,64566.42,76702.06762695312,Low,XGBoost,69555.01,-4988.586
21,GROCERY II,189.59068393707275,372.47815,643.1964797973633,Low,XGBoost,270.5663,101.911835
21,HARDWARE,177.73103132247925,193.57379,272.47505631446836,Low,XGBoost,14.076076,179.49771
21,HOME AND KITCHEN I,370.9107446670532,655.14966,1052.2066411972046,Low,XGBoost,695.6256,-40.475952
21,HOME AND KITCHEN II,333.82171630859375,624.79407,1031.8502388000488,Low,XGBoost,638.6481,-13.854004
21,HOME APPLIANCES,179.14764408171177,190.84312,265.4862159252167,Low,XGBoost,9.624231,181.21889
21,HOME CARE,4091.149315551758,5120.6084,6434.9065216064455,Low,XGBoost,5338.139,-217.53076
21,LADIESWEAR,152.30889443159103,212.5664,322.8340743541718,Low,XGBoost,47.146782,165.41962
21,LAWN AND GARDEN,143.0829584121704,204.7396,328.36361064910886,Low,XGBoost,81.4095,123.33009
21,LINGERIE,165.50694370269775,262.7311,396.6284430027008,Low,XGBoost,111.46704,151.26407
21,"LIQUOR,WINE,BEER",957.3566131591797,1371.2527,1899.9626364746093,Low,XGBoost,1491.0707,-119.81799
21,MAGAZINES,173.76013996824622,203.21767,290.8951443195343,Low,XGBoost,24.294361,178.92331
21,MEATS,1350.6857604980469,1947.0099,2645.1455319824217,Low,XGBoost,1956.1781,-9.168213
21,PERSONAL CARE,3659.136507385254,4669.835,5955.874590759277,Low,XGBoost,4894.707,-224.87207
21,PET SUPPLIES,166.1482012912631,204.10176,298.42635622024534,Low,XGBoost,31.732357,172.3694
21,PLAYERS AND ELECTRONICS,156.25964597463607,217.24193,327.509600019455,Low,XGBoost,49.792576,167.44936
21,POULTRY,2109.884072631836,2781.249,3592.4203348388673,Low,XGBoost,2836.5752,-55.32617
21,PREPARED FOODS,1718.3335021362304,2333.4177,3059.8123963012695,Low,XGBoost,2335.6118,-2.1940918
21,PRODUCE,17623.079787304687,22827.979,31940.746291503907,Low,XGBoost,24090.451,-1262.4727
21,SCHOOL AND OFFICE SUPPLIES,122.61704952716828,123.05773,187.05540022850036,Low,XGBoost,0.7571804,122.30055
21,SEAFOOD,68.3989794254303,153.68915,289.8602961063385,Low,XGBoost,90.5674,63.12175
22,AUTOMOTIVE,124.14861996173859,168.17186,267.0144956588745,Low,XGBoost,34.072605,134.09926
22,BABY CARE,316.78562001883984,327.71732,400.2313148498535,Low,XGBoost,10.220686,317.49664
22,BEAUTY,112.23608368337155,162.29324,269.56957902908323,Low,XGBoost,51.585888,110.70735
22,BEVERAGES,18433.164993359376,25112.9,37248.544677734375,Low,XGBoost,27478.496,-2365.5957
22,BOOKS,2498.1326168864966,2506.5999,2576.9848537921903,Low,XGBoost,8.124288,2498.4756
22,BREAD/BAKERY,1838.2117735595702,2472.0562,3226.7097904052735,Low,XGBoost,2607.8767,-135.82056
22,CELEBRATION,151.18790224790573,235.14006,359.7414339542389,Low,XGBoost,83.88127,151.25879
22,CLEANING,7596.422882080078,9556.683,12019.120389892578,Low,XGBoost,9991.155,-434.47266
22,DAIRY,4557.251901977539,5653.197,7049.5048438720705,Low,XGBoost,5875.337,-222.14014
22,DELI,2000.1868162231444,2652.7915,3435.703955749512,Low,XGBoost,2818.6343,-165.84277
22,EGGS,582.8018951416016,941.9696,1419.8517940063475,Low,XGBoost,984.5762,-42.606567
22,FROZEN FOODS,621.4400100708008,962.36487,1423.3045341186523,Low,XGBoost,960.6777,1.6871948
22,GROCERY I,32904.78852851562,39584.523,51720.168212890625,Low,XGBoost,41578.406,-1993.8828
22,GROCERY II,183.00470352172852,322.5478,516.0509243011475,Low,XGBoost,216.81497,105.73282
22,HARDWARE,172.8652860313654,187.35002,264.12219858169556,Low,XGBoost,12.869325,174.4807
22,HOME AND KITCHEN I,176.43889808654785,359.06714,611.6124410629272,Low,XGBoost,322.71243,36.354706
22,HOME AND KITCHEN II,151.52984142303467,349.98254,627.0493726730347,Low,XGBoost,331.85184,18.130707
22,HOME APPLIANCES,277.8976323395967,288.33282,360.84681911468505,Low,XGBoost,9.446375,278.88644
22,HOME CARE,2071.362478271484,2780.2478,3647.9369858398436,Low,XGBoost,2959.3564,-179.10864
22,LADIESWEAR,172.67574535310268,191.56723,270.46850457191465,Low,XGBoost,19.356892,172.21034
22,LAWN AND GARDEN,1731.2529962018132,1739.0646,1809.4495296955108,Low,XGBoost,7.0313864,1732.0332
22,LINGERIE,142.17541054487228,206.19661,318.85322961807253,Low,XGBoost,48.417095,157.77951
22,"LIQUOR,WINE,BEER",755.2857856750488,1150.9391,1662.706434173584,Low,XGBoost,1239.8981,-88.958984
22,MAGAZINES,173.95742727965117,195.58987,276.88009395599363,Low,XGBoost,18.225094,177.36478
22,MEATS,1093.9414558410645,1672.0227,2353.2158525085447,Low,XGBoost,1671.4857,0.5369873
22,PERSONAL CARE,1856.9595518188476,2509.5642,3292.476691345215,Low,XGBoost,2681.364,-171.7998
22,PET SUPPLIES,178.3052968531847,196.70294,275.604208612442,Low,XGBoost,17.182976,179.51996
22,PLAYERS AND ELECTRONICS,153.00218856334686,216.4932,328.8899416923523,Low,XGBoost,56.141903,160.35129
22,POULTRY,1921.51947467041,2555.364,3310.0174915161133,Low,XGBoost,2584.5264,-29.162354
22,PREPARED FOODS,390.478835105896,661.25085,1038.30947971344,Low,XGBoost,593.3416,67.90924
22,PRODUCE,6174.903623901368,8068.6777,10449.105395874023,Low,XGBoost,8421.844,-353.16602
22,SCHOOL AND OFFICE SUPPLIES,69.39616751670837,107.03657,257.1846582889557,Low,XGBoost,173.57686,-66.54029
22,SEAFOOD,91.16652319431304,99.96224,170.60703554153443,Low,XGBoost,10.03292,89.92932
23,AUTOMOTIVE,134.34927861690522,162.10304,249.5206582546234,Low,XGBoost,23.87099,138.23206
23,BABY CARE,3169.4193722590803,3182.7393,3257.3824447155,Low,XGBoost,12.378296,3170.3608
23,BEAUTY,50.09499788284302,157.84563,330.2231659889221,Low,XGBoost,167.20695,-9.361328
23,BEVERAGES,18927.80525214844,25607.541,37743.18493652344,Low,XGBoost,26239.52,-631.9785
23,BOOKS,2761.4953152522444,2774.8152,2849.458387708664,Low,XGBoost,12.378296,2762.437
23,BREAD/BAKERY,3518.6708272705077,4415.158,5565.436561645508,Low,XGBoost,4547.282,-132.12402
23,CELEBRATION,230.56124687194824,397.3015,623.4999618530273,Low,XGBoost,284.14645,113.15506
23,CLEANING,7338.405731201172,9298.666,11761.103239013672,Low,XGBoost,9501.995,-203.3291
23,DAIRY,6263.592132568359,8223.852,10686.289640380859,Low,XGBoost,8491.346,-267.49414
23,DELI,1581.4997024536133,2177.8237,2875.959473937988,Low,XGBoost,2329.7778,-151.9541
23,EGGS,290.2949094772339,507.19937,804.2645463943481,Low,XGBoost,473.6167,33.582672
23,FROZEN FOODS,798.4804573059082,1230.6194,1776.2718554382323,Low,XGBoost,1235.249,-4.6296387
23,GROCERY I,29605.783523632814,36285.52,48421.16320800781,Low,XGBoost,36882.19,-596.6719
23,GROCERY II,295.45554542541504,505.62656,792.6925563812256,Low,XGBoost,436.30066,69.3259
23,HARDWARE,177.4537576779723,192.16971,266.81280264854433,Low,XGBoost,14.967004,177.2027
23,HOME AND KITCHEN I,165.83868598937988,328.09613,556.1199350357056,Low,XGBoost,265.78983,62.306305
23,HOME AND KITCHEN II,59.97768974304199,241.24739,491.96735763549805,Low,XGBoost,271.25882,-30.011429
23,HOME APPLIANCES,177.6261949300766,191.28839,265.93149027824404,Low,XGBoost,12.838422,178.44997
23,HOME CARE,1511.7618560791016,2108.086,2806.2216275634764,Low,XGBoost,2260.9192,-152.83325
23,LADIESWEAR,178.02144145965576,278.8412,415.127459526062,Low,XGBoost,133.99763,144.84355
23,LAWN AND GARDEN,174.1408283814788,203.17899,290.59659600257874,Low,XGBoost,26.167383,177.0116
23,LINGERIE,153.42039627581835,204.24878,313.39433856010436,Low,XGBoost,53.195778,151.05301
23,"LIQUOR,WINE,BEER",580.5511169433594,939.7188,1417.6010158081053,Low,XGBoost,1059.7386,-120.01984
23,MAGAZINES,160.87209204435348,209.4177,312.51850900650027,Low,XGBoost,42.35907,167.05862
23,MEATS,8191.682090454102,9819.513,11871.900919067382,Low,XGBoost,9867.849,-48.335938
23,PERSONAL CARE,1816.04974810791,2449.8943,3204.5477649536133,Low,XGBoost,2661.3733,-211.479
23,PET SUPPLIES,158.900228369236,208.57658,309.808175611496,Low,XGBoost,40.174286,168.4023
23,PLAYERS AND ELECTRONICS,149.28105068206787,221.33626,338.51091861724854,Low,XGBoost,59.91162,161.42464
23,POULTRY,4050.8169333496094,5080.276,6394.574139404297,Low,XGBoost,5125.4253,-45.149414
23,PREPARED FOODS,328.31717109680176,525.0213,792.0889301300049,Low,XGBoost,420.5083,104.513
23,PRODUCE,15514.411183398439,20129.375,28032.992415527344,Low,XGBoost,20566.838,-437.4629
23,SCHOOL AND OFFICE SUPPLIES,1295.967872619629,1295.9679,1359.9655395507812,Low,XGBoost,0.0,1295.9679
23,SEAFOOD,67.47372505143285,89.37458,187.27233684062958,Low,XGBoost,49.585285,39.789295
24,AUTOMOTIVE,152.58618593215942,205.95084,311.1807301044464,Low,XGBoost,46.636063,159.31477
24,BABY CARE,212.2025520682335,245.45207,337.1278453350067,Low,XGBoost,30.000946,215.45113
24,BEAUTY,76.36760997772217,203.18637,391.91158056259155,Low,XGBoost,169.60837,33.578003
24,BEVERAGES,48783.03218085937,55462.766,67598.41186523438,Low,XGBoost,57374.402,-1911.6367
24,BOOKS,631.6735587358475,669.82983,764.1544445991516,Low,XGBoost,31.582832,638.247
24,BREAD/BAKERY,10311.907165527344,12272.167,14734.604673339843,Low,XGBoost,12449.0205,-176.85352
24,CELEBRATION,199.96939659118652,355.1253,581.3237609863281,Low,XGBoost,212.61266,142.51265
24,CLEANING,14720.514869726563,19040.512,26339.553465820314,Low,XGBoost,19390.182,-349.66992
24,DAIRY,15460.030495703126,21254.863,31576.782271972657,Low,XGBoost,21821.951,-567.0879
24,DELI,3583.124699951172,4479.612,5629.890434326172,Low,XGBoost,4690.6953,-211.0835
24,EGGS,2958.208962158203,3817.1758,4910.936451171875,Low,XGBoost,3841.9048,-24.729004
24,FROZEN FOODS,2059.6004483032225,2749.7256,3589.1558331909177,Low,XGBoost,2772.7395,-23.013916
24,GROCERY I,58768.71870429687,65448.453,77584.09838867188,Low,XGBoost,67619.08,-2170.625
24,GROCERY II,385.39103603363037,656.1631,1033.2216806411743,Low,XGBoost,584.91675,71.24634
24,HARDWARE,207.29617921113967,249.93155,348.254447555542,Low,XGBoost,34.915955,215.0156
24,HOME AND KITCHEN I,237.98529243469238,461.6232,768.6875553131104,Low,XGBoost,474.82922,-13.206024
24,HOME AND KITCHEN II,313.6409034729004,577.6795,944.7389221191406,Low,XGBoost,587.90814,-10.228638
24,HOME APPLIANCES,609.3588913559913,645.88904,739.9537728309631,Low,XGBoost,31.74782,614.14124
24,HOME CARE,3570.5645192871093,4467.052,5617.3302536621095,Low,XGBoost,4618.471,-151.41943
24,LADIESWEAR,204.00323104858398,304.82297,441.10924911499023,Low,XGBoost,154.9329,149.89006
24,LAWN AND GARDEN,381.5849723815918,645.62354,1012.682991027832,Low,XGBoost,628.6074,17.016113
24,LINGERIE,163.66245555877686,264.4822,400.7684736251831,Low,XGBoost,113.79832,150.6839
24,"LIQUOR,WINE,BEER",1055.7660636901855,1597.3617,2244.669710723877,Low,XGBoost,1729.3296,-131.9679
24,MAGAZINES,187.42099380493164,297.71454,450.3484745025635,Low,XGBoost,151.05783,146.65671
24,MEATS,5534.515364990235,6829.9175,8472.255514404296,Low,XGBoost,6926.497,-96.57959
24,PERSONAL CARE,3542.5535482177734,4439.041,5589.319282592774,Low,XGBoost,4653.2373,-214.19629
24,PET SUPPLIES,184.73562145233154,341.48874,575.861026763916,Low,XGBoost,202.68195,138.8068
24,PLAYERS AND ELECTRONICS,171.59024810791016,272.41,408.6962661743164,Low,XGBoost,117.23649,155.17352
24,POULTRY,7040.839904785156,9001.1,11463.537412597656,Low,XGBoost,9099.481,-98.381836
24,PREPARED FOODS,1222.4718322753906,1818.7959,2516.9316037597655,Low,XGBoost,1784.8905,33.905396
24,PRODUCE,51637.74873359375,58317.484,70453.12841796875,Low,XGBoost,60898.434,-2580.9492
24,SCHOOL AND OFFICE SUPPLIES,2349.6148071289062,2349.6147,2413.6124740600585,Low,XGBoost,0.0,2349.6147
24,SEAFOOD,194.74713325500488,404.91815,691.9841442108154,Low,XGBoost,402.78046,2.1376953
25,AUTOMOTIVE,128.32491723299026,167.50883,265.8317419052124,Low,XGBoost,31.59401,135.91483
25,BABY CARE,139.63849269226193,149.00108,219.38600401878358,Low,XGBoost,10.830613,138.17047
25,BEAUTY,40.554733633995056,160.80617,347.1424376964569,Low,XGBoost,228.19452,-67.38835
25,BEVERAGES,22252.934036328126,28932.67,41068.313720703125,Low,XGBoost,30511.662,-1578.9922
25,BOOKS,2631.431667085737,2640.764,2711.1487637042997,Low,XGBoost,10.008158,2630.7559
25,BREAD/BAKERY,4113.09137475586,5009.5786,6159.8571091308595,Low,XGBoost,5145.868,-136.28955
25,CELEBRATION,148.9120683670044,216.71526,331.5009596347809,Low,XGBoost,57.11809,159.59717
25,CLEANING,5165.748215698242,6527.636,8251.984100952148,Low,XGBoost,6751.919,-224.28271
25,DAIRY,6127.635832153321,8021.4097,10401.837604125976,Low,XGBoost,8339.963,-318.55322
25,DELI,1445.2661056518555,2041.5902,2739.7258771362303,Low,XGBoost,2245.097,-203.50671
25,EGGS,1083.3101425170898,1643.1487,2307.3991643676754,Low,XGBoost,1658.3633,-15.2146
25,FROZEN FOODS,1108.7341505737304,1541.9078,2110.193044433594,Low,XGBoost,1546.2546,-4.3468018
25,GROCERY I,19978.758133007814,26658.492,38794.13781738281,Low,XGBoost,28112.406,-1453.9141
25,GROCERY II,184.4274787902832,351.8977,594.4438343048096,Low,XGBoost,223.5394,128.3583
25,HARDWARE,178.08582719415426,191.59232,266.23541197776797,Low,XGBoost,13.639155,177.95316
25,HOME AND KITCHEN I,194.71020889282227,379.42877,630.1487503051758,Low,XGBoost,315.3391,64.08966
25,HOME AND KITCHEN II,163.56404495239258,341.9565,586.3279809951782,Low,XGBoost,314.04047,27.916046
25,HOME APPLIANCES,174.18589350283145,188.97064,265.7428231239319,Low,XGBoost,11.425602,177.54504
25,HOME CARE,897.9613304138184,1476.0426,2157.2357270812986,Low,XGBoost,1618.8364,-142.79382
25,LADIESWEAR,1864.397364936769,1873.453,1943.837873506546,Low,XGBoost,8.799822,1864.6532
25,LAWN AND GARDEN,295.20911407470703,532.3139,859.3766288757324,Low,XGBoost,493.13324,39.180664
25,LINGERIE,159.29694989919662,212.4095,317.8992632389069,Low,XGBoost,42.335907,170.0736
25,"LIQUOR,WINE,BEER",1767.8845243530272,2420.4893,3203.4016638793946,Low,XGBoost,2563.0676,-142.57837
25,MAGAZINES,145.9075469970703,239.53616,371.04452753067017,Low,XGBoost,83.26219,156.27397
25,MEATS,2489.9214169311526,3180.0466,4019.4768018188474,Low,XGBoost,3220.978,-40.931396
25,PERSONAL CARE,945.8695755004883,1542.1936,2240.329346984863,Low,XGBoost,1733.4952,-191.30164
25,PET SUPPLIES,153.85574499368667,210.43652,318.31523952484133,Low,XGBoost,44.36477,166.07175
25,PLAYERS AND ELECTRONICS,147.53382468223572,226.54501,348.49757528305054,Low,XGBoost,68.47356,158.07146
25,POULTRY,1948.4749342651367,2582.3193,3336.97295111084,Low,XGBoost,2616.9727,-34.65332
25,PREPARED FOODS,316.73483085632324,526.9058,813.9718418121338,Low,XGBoost,424.45337,102.45245
25,PRODUCE,17525.997682617188,22435.93,30944.12155078125,Low,XGBoost,23164.041,-728.1113
25,SCHOOL AND OFFICE SUPPLIES,110.86061239242554,110.86061,174.85827932357788,Low,XGBoost,0.0,110.86061
25,SEAFOOD,72.37649083137512,83.47676,172.85817494392396,Low,XGBoost,43.88407,39.59269
26,AUTOMOTIVE,111.47788981199264,165.09296,270.5827129840851,Low,XGBoost,50.08893,115.00403
26,BABY CARE,2905.9640617758037,2914.9197,2985.304647493362,Low,XGBoost,8.219141,2906.7004
26,BEAUTY,125.72722253799438,146.9528,226.37380681037902,Low,XGBoost,27.965157,118.98765
26,BEVERAGES,14194.477624902343,16744.672,20416.260404785156,Low,XGBoost,17079.447,-334.7754
26,BOOKS,2498.0400047689677,2506.9956,2577.380590486526,Low,XGBoost,8.219141,2498.7764
26,BREAD/BAKERY,2610.2773552246094,3431.7239,4468.966598876953,Low,XGBoost,3578.3608,-146.63696
26,CELEBRATION,146.9249632358551,217.50514,334.6798028945923,Low,XGBoost,60.915092,156.59006
26,CLEANING,5611.587669067383,7239.4185,9291.806497680664,Low,XGBoost,7423.6143,-184.1958
26,DAIRY,3244.078131713867,4207.0513,5439.339601928711,Low,XGBoost,4431.0806,-224.0293
26,DELI,928.1120414733887,1451.465,2081.8303136901854,Low,XGBoost,1644.692,-193.22705
26,EGGS,324.84416103363037,568.68243,905.7443017959595,Low,XGBoost,577.9475,-9.265076
26,FROZEN FOODS,405.0387439727783,669.07733,1036.1367626190186,Low,XGBoost,637.9432,31.134155
26,GROCERY I,19798.563723632815,26183.332,37714.40077197266,Low,XGBoost,27394.295,-1210.9629
26,GROCERY II,238.0527458190918,434.75687,701.8245048522949,Low,XGBoost,356.7481,78.00876
26,HARDWARE,177.5949122749269,190.22821,264.87129912376406,Low,XGBoost,10.130218,180.09799
26,HOME AND KITCHEN I,140.81469917297363,286.5324,490.03471279144287,Low,XGBoost,223.63235,62.900055
26,HOME AND KITCHEN II,120.19217586517334,232.0883,390.50712513923645,Low,XGBoost,110.21073,121.87757
26,HOME APPLIANCES,177.53589874133468,188.34045,260.85445804595946,Low,XGBoost,9.555267,178.78519
26,HOME CARE,883.2866897583008,1333.6683,1896.2634627075195,Low,XGBoost,1466.2202,-132.55188
26,LADIESWEAR,453.40892802104355,465.98972,540.6328252315521,Low,XGBoost,10.716287,455.27344
26,LAWN AND GARDEN,144.9640588760376,236.4303,371.3345899581909,Low,XGBoost,97.18483,139.24547
26,LINGERIE,177.52734590396284,192.71127,267.6142348766327,Low,XGBoost,13.505996,179.20528
26,"LIQUOR,WINE,BEER",274.3203248977661,558.55927,955.6162214279175,Low,XGBoost,652.97473,-94.41547
26,MAGAZINES,175.16774860471486,187.74734,262.3904431819916,Low,XGBoost,10.464647,177.2827
26,MEATS,3375.3791771240235,4367.318,5625.098137817383,Low,XGBoost,4432.626,-65.308105
26,PERSONAL CARE,1476.5918579101562,2072.916,2771.051629394531,Low,XGBoost,2255.1118,-182.1958
26,PET SUPPLIES,171.87861553430557,205.7746,299.5794560432434,Low,XGBoost,27.64208,178.13252
26,PLAYERS AND ELECTRONICS,178.91606382578613,199.0256,280.0559642791748,Low,XGBoost,16.552485,182.47311
26,POULTRY,1787.8955380249024,2478.0208,3317.4509229125974,Low,XGBoost,2523.2178,-45.19702
26,PREPARED FOODS,299.85984992980957,510.03085,797.0968608856201,Low,XGBoost,422.38367,87.64719
26,PRODUCE,7043.22945690918,8804.032,11020.439757202148,Low,XGBoost,9139.198,-335.16602
26,SCHOOL AND OFFICE SUPPLIES,108.3415458202362,108.341545,172.33921275138854,Low,XGBoost,0.0,108.341545
26,SEAFOOD,73.893683552742,85.26814,158.3018827676773,Low,XGBoost,11.398957,73.86919
27,AUTOMOTIVE,121.92503547668457,211.95808,341.0774972438812,Low,XGBoost,80.23716,131.72092
27,BABY CARE,448.49604736566545,480.33844,572.0142074108123,Low,XGBoost,26.516771,453.82166
27,BEAUTY,77.65012530088424,195.58473,377.4029606342316,Low,XGBoost,166.28085,29.303879
27,BEVERAGES,45566.0568390625,52245.793,64381.4365234375,Low,XGBoost,53876.832,-1631.0391
27,BOOKS,385.6376453876495,416.22165,505.76833667755125,Low,XGBoost,27.911806,388.30984
27,BREAD/BAKERY,8514.37759399414,10474.638,12937.07510180664,Low,XGBoost,10632.944,-158.30664
27,CELEBRATION,211.25872421264648,406.67612,673.7437515258789,Low,XGBoost,284.99146,121.68466
27,CLEANING,12918.457654003907,15173.685,18240.69779785156,Low,XGBoost,15446.114,-272.4297
27,DAIRY,14059.309656152343,16609.504,20281.092436035156,Low,XGBoost,17079.46,-469.95703
27,DELI,3799.1929235839843,4762.166,5994.454393798828,Low,XGBoost,4931.584,-169.41797
27,EGGS,3222.099886291504,4062.3066,5127.808252624512,Low,XGBoost,4084.0764,-21.769775
27,FROZEN FOODS,1568.8789091186522,2221.4836,3004.3960486450196,Low,XGBoost,2240.2937,-18.810059
27,GROCERY I,56368.7619171875,63048.496,75184.1416015625,Low,XGBoost,64778.527,-1730.0312
27,GROCERY II,318.94431591033936,535.84875,832.9139528274536,Low,XGBoost,469.46558,66.38318
27,HARDWARE,169.19426727294922,217.88776,320.72870111465454,Low,XGBoost,41.03239,176.85536
27,HOME AND KITCHEN I,370.50762271881104,627.81274,984.8730154037476,Low,XGBoost,610.7759,17.036865
27,HOME AND KITCHEN II,266.873685836792,557.84607,964.9022083282471,Low,XGBoost,605.5625,-47.71643
27,HOME APPLIANCES,173.50052061975003,204.7253,294.27199306488035,Low,XGBoost,27.099728,177.62556
27,HOME CARE,3244.085120239258,4207.058,5439.346590454102,Low,XGBoost,4366.5723,-159.51416
27,LADIESWEAR,179.02503108978271,276.2492,410.14653038978577,Low,XGBoost,121.1954,155.0538
27,LAWN AND GARDEN,369.99103355407715,620.56274,967.62380027771,Low,XGBoost,588.65076,31.911987
27,LINGERIE,156.98053455352783,250.60915,382.1175150871277,Low,XGBoost,99.44046,151.16869
27,"LIQUOR,WINE,BEER",1638.364841156006,2310.247,3132.7348512268068,Low,XGBoost,2475.3438,-165.09668
27,MAGAZINES,160.31464624404907,227.22116,342.0068552494049,Low,XGBoost,52.88505,174.3361
27,MEATS,3894.144509033203,4923.6035,6237.901715087891,Low,XGBoost,4965.8486,-42.245117
27,PERSONAL CARE,2983.2980032348632,3861.0251,4983.044614929199,Low,XGBoost,4060.5146,-199.4895
27,PET SUPPLIES,160.13610935211182,260.95587,397.24212741851807,Low,XGBoost,110.08057,150.8753
27,PLAYERS AND ELECTRONICS,154.62379264831543,248.25241,379.7607731819153,Low,XGBoost,98.28396,149.96844
27,POULTRY,5186.824358642578,6615.1978,8421.555979736328,Low,XGBoost,6664.916,-49.71826
27,PREPARED FOODS,881.5782814025879,1295.4744,1824.1843047180175,Low,XGBoost,1243.2408,52.23352
27,PRODUCE,37287.60334785156,43967.34,56102.98303222656,Low,XGBoost,45500.992,-1533.6523
27,SCHOOL AND OFFICE SUPPLIES,122.34309966564179,124.81649,190.9432408809662,Low,XGBoost,2.171952,122.64454
27,SEAFOOD,123.33851623535156,299.2185,551.7638359069824,Low,XGBoost,264.49094,34.72757
28,AUTOMOTIVE,105.17417430877686,198.8028,330.3111548423767,Low,XGBoost,84.764015,114.03878
28,BABY CARE,926.943118879199,953.3312,1040.7487757205963,Low,XGBoost,22.063305,931.2679
28,BEAUTY,95.61600613594055,181.99896,329.48001503944397,Low,XGBoost,98.6607,83.338264
28,BEVERAGES,46748.56636054687,53428.3,65563.94604492188,Low,XGBoost,58212.332,-4784.0312
28,BOOKS,2927.888991186023,2954.277,3041.69464802742,Low,XGBoost,22.063305,2932.2139
28,BREAD/BAKERY,8784.872662548829,11040.1,14107.112806396484,Low,XGBoost,11435.149,-395.0498
28,CELEBRATION,194.91725826263428,366.60928,609.1554069519043,Low,XGBoost,223.04224,143.56705
28,CLEANING,16302.068019921877,21801.934,31519.27716015625,Low,XGBoost,22914.738,-1112.8047
28,DAIRY,13167.007776269531,15717.202,19388.790556152344,Low,XGBoost,16372.083,-654.88086
28,DELI,5288.433976196289,6650.322,8374.669861450195,Low,XGBoost,6873.299,-222.97705
28,EGGS,3728.666251220703,4691.639,5923.927721435547,Low,XGBoost,4781.234,-89.59473
28,FROZEN FOODS,871.6238975524902,1249.0344,1743.8591712341308,Low,XGBoost,1245.1167,3.9177246
28,GROCERY I,68377.37007148437,75057.11,87192.74975585938,Low,XGBoost,79020.69,-3963.5781
28,GROCERY II,231.66239833831787,435.41193,714.3041019439697,Low,XGBoost,364.49362,70.918304
28,HARDWARE,171.30555906295777,207.00159,298.93723883628843,Low,XGBoost,29.581394,177.4202
28,HOME AND KITCHEN I,366.28713512420654,650.52606,1047.583031654358,Low,XGBoost,695.48804,-44.961975
28,HOME AND KITCHEN II,220.67061614990234,430.8416,717.9076271057129,Low,XGBoost,411.27097,19.570648
28,HOME APPLIANCES,171.85662246271968,208.47134,300.6668632030487,Low,XGBoost,30.134607,178.33673
28,HOME CARE,3881.8855063476562,4911.344,6225.642712402344,Low,XGBoost,5103.26,-191.91553
28,LADIESWEAR,2166.0012409053743,2186.9644,2267.9946773529055,Low,XGBoost,20.011553,2166.953
28,LAWN AND GARDEN,138.9400339126587,251.74533,404.37926959991455,Low,XGBoost,129.7713,121.97403
28,LINGERIE,141.11624598503113,227.16643,353.89689350128174,Low,XGBoost,70.30933,156.85709
28,"LIQUOR,WINE,BEER",587.0597457885742,982.713,1494.4803942871094,Low,XGBoost,1041.9185,-59.205444
28,MAGAZINES,172.1534627556801,213.67714,310.13082127571107,Low,XGBoost,31.399076,182.27806
28,MEATS,2738.8359521484376,3522.7622,4503.486950439453,Low,XGBoost,3545.0256,-22.263428
28,PERSONAL CARE,4224.020027832032,5253.479,6567.777233886719,Low,XGBoost,5486.945,-233.46582
28,PET SUPPLIES,151.59148979187012,227.24226,346.805876493454,Low,XGBoost,59.47957,167.7627
28,PLAYERS AND ELECTRONICS,141.86442708969116,227.41168,354.14214611053467,Low,XGBoost,66.7507,160.66098
28,POULTRY,3028.573549621582,3868.7803,4934.28191595459,Low,XGBoost,3909.4424,-40.66211
28,PREPARED FOODS,893.1405906677246,1325.2794,1870.9319888000487,Low,XGBoost,1303.8018,21.477661
28,PRODUCE,22302.648830468752,27802.516,37519.857970703124,Low,XGBoost,29194.406,-1391.8906
28,SCHOOL AND OFFICE SUPPLIES,116.31894445419312,119.85902,188.1148575782776,Low,XGBoost,2.0845566,117.77446
28,SEAFOOD,84.64699319601058,119.214195,213.45615305900574,Low,XGBoost,39.5953,79.6189
29,AUTOMOTIVE,106.18583834171295,184.51828,306.4708433151245,Low,XGBoost,64.18138,120.3369
29,BABY CARE,136.24175481498241,156.20732,237.23767786026002,Low,XGBoost,17.50306,138.70425
29,BEAUTY,92.86677701473236,169.70181,307.13980836868285,Low,XGBoost,92.08662,77.6152
29,BEVERAGES,39954.2638703125,46634.0,58769.6435546875,Low,XGBoost,51236.023,-4602.0234
29,BOOKS,2930.1897901058196,2945.6465,3022.418604373932,Low,XGBoost,14.410653,2931.2358
29,BREAD/BAKERY,7608.968902587891,9569.229,12031.66641040039,Low,XGBoost,9935.778,-366.5498
29,CELEBRATION,182.88647556304932,290.97552,443.6094675064087,Low,XGBoost,141.65817,149.31735
29,CLEANING,12994.925037402343,16135.054,21015.79308935547,Low,XGBoost,16760.275,-625.2217
29,DAIRY,10503.78703022461,12759.014,15826.027174072266,Low,XGBoost,13290.459,-531.4453
29,DELI,3568.865166381836,4598.324,5912.622372436524,Low,XGBoost,4806.253,-207.92871
29,EGGS,3114.3593775634768,4031.257,5176.001847534179,Low,XGBoost,4112.516,-81.25903
29,FROZEN FOODS,875.179084777832,1270.8324,1782.5997332763673,Low,XGBoost,1275.103,-4.27063
29,GROCERY I,55245.96430976562,61925.7,74061.34399414062,Low,XGBoost,64864.434,-2938.7344
29,GROCERY II,267.5780830383301,477.74908,764.8150939941406,Low,XGBoost,410.07333,67.67575
29,HARDWARE,173.61262487173082,201.32916,289.0066383838654,Low,XGBoost,21.449627,179.87953
29,HOME AND KITCHEN I,303.73003005981445,567.7686,934.8280487060547,Low,XGBoost,597.06586,-29.297241
29,HOME AND KITCHEN II,186.1228256225586,363.36435,614.0843334197998,Low,XGBoost,277.58713,85.77722
29,HOME APPLIANCES,171.3229802057147,193.47833,276.63776965141295,Low,XGBoost,19.044773,174.43356
29,HOME CARE,3237.027390197754,4181.24,5385.269737731934,Low,XGBoost,4349.7646,-168.52441
29,LADIESWEAR,2164.839655457437,2178.3337,2252.9768050670623,Low,XGBoost,12.837785,2165.4958
29,LAWN AND GARDEN,126.37023619413375,217.21881,359.17484149932864,Low,XGBoost,116.073204,101.14561
29,LINGERIE,145.35736918449402,223.13089,345.0834517478943,Low,XGBoost,65.13126,157.99963
29,"LIQUOR,WINE,BEER",1205.1586271972656,1747.7891,2417.729769958496,Low,XGBoost,1837.7202,-89.93115
29,MAGAZINES,176.66129223555328,204.01247,291.43007493019104,Low,XGBoost,23.155302,180.85716
29,MEATS,1402.7944107055664,1999.1185,2697.2541821899413,Low,XGBoost,2008.8248,-9.706299
29,PERSONAL CARE,3115.185367614746,4021.878,5169.389469787598,Low,XGBoost,4233.602,-211.72412
29,PET SUPPLIES,162.0786759853363,222.72356,332.73135924339294,Low,XGBoost,53.71403,169.00952
29,PLAYERS AND ELECTRONICS,149.66850662231445,217.1249,331.91059136390686,Low,XGBoost,57.702473,159.42242
29,POULTRY,2558.383706115723,3323.5496,4276.015581726074,Low,XGBoost,3371.391,-47.841553
29,PREPARED FOODS,641.7288665771484,964.41095,1408.4080158081056,Low,XGBoost,965.7501,-1.3391724
29,PRODUCE,17953.8696546875,21978.9,28673.365614746093,Low,XGBoost,23096.375,-1117.4746
29,SCHOOL AND OFFICE SUPPLIES,121.1630671992898,123.028786,189.15553784370422,Low,XGBoost,1.1379589,121.89082
29,SEAFOOD,106.8243956565857,169.85301,284.2962047100067,Low,XGBoost,82.175735,87.67728
30,AUTOMOTIVE,119.64682117700576,157.77771,254.23139576911927,Low,XGBoost,27.290966,130.48674
30,BABY CARE,135.57126216646284,148.47334,223.11643538475036,Low,XGBoost,10.228563,138.24478
30,BEAUTY,135.05320185422897,153.21954,232.12081303596497,Low,XGBoost,15.70636,137.51318
30,BEVERAGES,15982.152786328126,22661.889,34797.532470703125,Low,XGBoost,25831.55,-3169.662
30,BOOKS,2498.1776152938605,2506.836,2577.220815706253,Low,XGBoost,8.315251,2498.5208
30,BREAD/BAKERY,1890.8748731689452,2543.4795,3326.3920126953126,Low,XGBoost,2756.2822,-212.80273
30,CELEBRATION,160.8520697593689,200.55324,294.87784280776975,Low,XGBoost,37.884308,162.66893
30,CLEANING,11734.193580664063,16054.191,23353.23217675781,Low,XGBoost,20601.693,-4547.502
30,DAIRY,3844.629826904297,4741.117,5891.395561279297,Low,XGBoost,5005.6016,-264.48438
30,DELI,1387.256004333496,1983.5801,2681.715775817871,Low,XGBoost,2146.0188,-162.43872
30,EGGS,1755.3339185791015,2407.9387,3190.851058105469,Low,XGBoost,2452.4229,-44.48413
30,FROZEN FOODS,495.2047653198242,799.64404,1226.6985397338867,Low,XGBoost,786.33594,13.308105
30,GROCERY I,23338.55427558594,30018.29,42153.93395996094,Low,XGBoost,32541.75,-2523.461
30,GROCERY II,130.35545058250426,204.15866,331.0338630199432,Low,XGBoost,85.76026,118.3984
30,HARDWARE,175.06940974518656,187.26872,261.91182074546816,Low,XGBoost,9.668101,177.60062
30,HOME AND KITCHEN I,104.41882705688477,257.7056,467.55638313293457,Low,XGBoost,207.23979,50.465805
30,HOME AND KITCHEN II,124.25410556793213,216.49516,351.39946269989014,Low,XGBoost,80.62686,135.8683
30,HOME APPLIANCES,178.47819424420595,189.10323,261.6172420501709,Low,XGBoost,10.524724,178.5785
30,HOME CARE,1899.3068908081054,2514.391,3240.7857849731445,Low,XGBoost,2667.3713,-152.98022
30,LADIESWEAR,176.12022374346853,186.49712,259.0111228942871,Low,XGBoost,9.541829,176.95529
30,LAWN AND GARDEN,1731.2980251267552,1739.3005,1809.6855221271514,Low,XGBoost,7.2223496,1732.0782
30,LINGERIE,163.5008668422699,203.36905,297.95350790023804,Low,XGBoost,32.93593,170.43312
30,"LIQUOR,WINE,BEER",644.3128871917725,971.7709,1412.7121593170166,Low,XGBoost,964.31116,7.459717
30,MAGAZINES,174.44259109795092,189.0896,265.86178159713745,Low,XGBoost,11.884553,177.20505
30,MEATS,819.1634712219238,1160.0884,1621.0279952697754,Low,XGBoost,1135.1589,24.929443
30,PERSONAL CARE,1112.216537475586,1672.055,2336.3055593261715,Low,XGBoost,1821.2227,-149.1676
30,PET SUPPLIES,179.14449701011182,202.04344,285.20288653373717,Low,XGBoost,20.667084,181.37636
30,PLAYERS AND ELECTRONICS,149.11275259256362,206.32985,314.208567237854,Low,XGBoost,45.768547,160.56131
30,POULTRY,1208.5609741210938,1804.885,2503.0207456054686,Low,XGBoost,1847.1024,-42.217407
30,PREPARED FOODS,267.0083923339844,463.71252,730.7801513671875,Low,XGBoost,370.91156,92.800964
30,PRODUCE,8041.6478379638675,10230.389,13215.39224597168,Low,XGBoost,10691.945,-461.55664
30,SCHOOL AND OFFICE SUPPLIES,1030.8935661315918,1030.8936,1094.891233062744,Low,XGBoost,0.0,1030.8936
30,SEAFOOD,64.80770116299391,79.138756,160.3463313817978,Low,XGBoost,24.656359,54.4824
31,AUTOMOTIVE,107.50218200683594,201.1308,332.6391625404358,Low,XGBoost,84.304985,116.82581
31,BABY CARE,136.66110453531147,166.1699,253.84737763404846,Low,XGBoost,23.533064,142.63684
31,BEAUTY,121.94571689367294,182.73994,298.7924867630005,Low,XGBoost,53.441498,129.29845
31,BEVERAGES,41648.069534375,48327.805,60463.44921875,Low,XGBoost,52253.227,-3925.4219
31,BOOKS,2933.006558468193,2956.6626,3039.822081518173,Low,XGBoost,20.962456,2935.7002
31,BREAD/BAKERY,6852.734344482422,8812.994,11275.431852294922,Low,XGBoost,9060.88,-247.88574
31,CELEBRATION,189.1625623703003,293.53238,437.9924840927124,Low,XGBoost,141.27208,152.2603
31,CLEANING,16214.356154492189,21419.256,30532.022658691407,Low,XGBoost,22350.03,-930.77344
31,DAIRY,9839.89136982422,12095.118,15162.131513671875,Low,XGBoost,12470.686,-375.56738
31,DELI,3355.3532003173827,4251.8403,5402.118934692383,Low,XGBoost,4427.8335,-175.99316
31,EGGS,3938.175026611328,4967.634,6281.932232666016,Low,XGBoost,5037.5,-69.86621
31,FROZEN FOODS,1092.9614181518555,1579.8287,2176.3089407348634,Low,XGBoost,1585.5974,-5.7686768
31,GROCERY I,64330.88130195312,71010.62,83146.26098632812,Low,XGBoost,74369.484,-3358.8672
31,GROCERY II,190.1443338394165,370.98508,625.35573387146,Low,XGBoost,264.97806,106.00702
31,HARDWARE,173.88987403661014,205.0359,294.8424663543701,Low,XGBoost,26.34676,178.68915
31,HOME AND KITCHEN I,239.14680862426758,462.7847,769.8490715026855,Low,XGBoost,445.0332,17.751495
31,HOME AND KITCHEN II,264.62163162231445,461.32574,728.3933906555176,Low,XGBoost,413.13202,48.193726
31,HOME APPLIANCES,179.9179461181164,205.59914,290.88766584396365,Low,XGBoost,22.378933,183.2202
31,HOME CARE,3952.3326483154297,4915.3057,6147.594118530274,Low,XGBoost,5102.4746,-187.16895
31,LADIESWEAR,164.45587593317032,214.59183,319.73907589912415,Low,XGBoost,44.85397,169.73785
31,LAWN AND GARDEN,143.0295736312866,227.49098,364.9289681434631,Low,XGBoost,92.117455,135.37354
31,LINGERIE,150.03733921051025,255.34459,399.80469703674316,Low,XGBoost,108.90596,146.43863
31,"LIQUOR,WINE,BEER",265.6624574661255,509.5007,846.5625982284546,Low,XGBoost,554.0447,-44.543976
31,MAGAZINES,174.35045235902072,213.79909,308.1236847877502,Low,XGBoost,32.359283,181.4398
31,MEATS,4982.371288330078,6144.802,7623.119966064453,Low,XGBoost,6190.526,-45.72412
31,PERSONAL CARE,3555.8169470214843,4518.79,5751.078417236328,Low,XGBoost,4772.3394,-253.54932
31,PET SUPPLIES,171.50440871715546,227.10297,334.7218074798584,Low,XGBoost,48.170147,178.93282
31,PLAYERS AND ELECTRONICS,153.8185110092163,243.85156,372.97097277641296,Low,XGBoost,85.48627,158.3653
31,POULTRY,1550.9563522338867,2147.2805,2845.4161237182616,Low,XGBoost,2179.033,-31.752441
31,PREPARED FOODS,659.4731330871582,1000.398,1461.3376571350097,Low,XGBoost,1000.398,0.0
31,PRODUCE,19721.569704101563,24631.502,33139.69357226563,Low,XGBoost,25848.625,-1217.123
31,SCHOOL AND OFFICE SUPPLIES,124.7149622797966,136.64787,209.42174940109254,Low,XGBoost,15.499548,121.14832
31,SEAFOOD,69.75358791351319,91.0766,182.58709876537324,Low,XGBoost,35.342075,55.734524
32,AUTOMOTIVE,138.45358036160468,155.91138,232.94342622756957,Low,XGBoost,16.648647,139.26273
32,BABY CARE,2904.7100005701186,2912.8843,2983.269170808792,Low,XGBoost,7.3773293,2905.5068
32,BEAUTY,128.98543825149537,152.02551,233.57559299468994,Low,XGBoost,28.628399,123.39711
32,BEVERAGES,12620.801294335937,15170.995,18842.58407421875,Low,XGBoost,16793.344,-1622.3486
32,BOOKS,2496.7859130457045,2504.9602,2575.345083284378,Low,XGBoost,7.3773293,2497.5828
32,BREAD/BAKERY,1247.7821791992187,1862.8665,2589.2610733642578,Low,XGBoost,2044.8004,-181.93396
32,CELEBRATION,172.80787160396576,193.24608,276.40552229881285,Low,XGBoost,18.19572,175.05035
32,CLEANING,8176.912187915039,11250.555,16049.284504028321,Low,XGBoost,15480.166,-4229.6113
32,DAIRY,2217.6575619506834,2907.7827,3747.2129468383787,Low,XGBoost,3081.6733,-173.89062
32,DELI,1099.946460723877,1678.0277,2359.220857391357,Low,XGBoost,1830.1091,-152.08142
32,EGGS,2510.3903869018554,3295.9666,4242.89899810791,Low,XGBoost,3322.1538,-26.187256
32,FROZEN FOODS,197.53209972381592,371.75592,616.1274080276489,Low,XGBoost,263.86456,107.89136
32,GROCERY I,16440.19292265625,22529.994,33456.48733496094,Low,XGBoost,24460.367,-1930.373
32,GROCERY II,163.745258115232,195.29448,286.8876204967499,Low,XGBoost,35.57194,159.72253
32,HARDWARE,174.04447608217598,183.4505,255.96450729370116,Low,XGBoost,8.194387,175.25612
32,HOME AND KITCHEN I,135.8637342453003,265.08316,442.23860931396484,Low,XGBoost,173.21515,91.86801
32,HOME AND KITCHEN II,159.66740981340408,197.87927,292.20386400222776,Low,XGBoost,30.582882,167.29639
32,HOME APPLIANCES,317.9829355619848,325.43185,395.8167887210846,Low,XGBoost,6.3169856,319.11487
32,HOME CARE,958.6232528686523,1518.4618,2182.712274719238,Low,XGBoost,1639.5364,-121.074585
32,LADIESWEAR,1729.9758144758641,1737.4248,1807.809667634964,Low,XGBoost,6.3169856,1731.1078
32,LAWN AND GARDEN,1729.9758144758641,1737.4248,1807.809667634964,Low,XGBoost,6.3169856,1731.1078
32,LINGERIE,175.40013474971056,183.45538,253.84030537605287,Low,XGBoost,8.413849,175.04153
32,"LIQUOR,WINE,BEER",464.1001501083374,721.4053,1078.465542793274,Low,XGBoost,695.70703,25.698242
32,MAGAZINES,209.51885049566627,217.21854,287.6034603595734,Low,XGBoost,6.98216,210.23637
32,MEATS,827.0211410522461,1204.4316,1699.2564147338867,Low,XGBoost,1188.4225,16.009155
32,PERSONAL CARE,760.4797248840332,1210.8615,1773.456497833252,Low,XGBoost,1361.7975,-150.93604
32,PET SUPPLIES,174.33303025513888,190.48209,269.38335671424863,Low,XGBoost,14.177225,176.30486
32,PLAYERS AND ELECTRONICS,168.16149361133574,196.05269,285.51674976348875,Low,XGBoost,28.861887,167.1908
32,POULTRY,597.4075164794922,938.3324,1399.2720405273437,Low,XGBoost,924.34454,13.987854
32,PREPARED FOODS,175.35981738567352,286.34668,450.55038690567017,Low,XGBoost,134.34856,151.99812
32,PRODUCE,3084.3911536865235,4009.8438,5185.614378540039,Low,XGBoost,4144.34,-134.4961
32,SCHOOL AND OFFICE SUPPLIES,1029.0418968200684,1029.0419,1093.0395637512206,Low,XGBoost,0.0,1029.0419
32,SEAFOOD,71.67588973045349,85.97223,167.17980637550355,Low,XGBoost,23.884071,62.088158
33,AUTOMOTIVE,107.82039904594421,186.3011,308.2536644935608,Low,XGBoost,72.96103,113.34007
33,BABY CARE,3167.381686934829,3178.0432,3250.5571157455443,Low,XGBoost,9.60297,3168.4402
33,BEAUTY,111.86485461443662,156.39857,255.50107278823853,Low,XGBoost,47.78746,108.611115
33,BEVERAGES,25530.444778515626,32210.18,44345.824462890625,Low,XGBoost,35797.812,-3587.6328
33,BOOKS,2759.457599410415,2770.1191,2842.63302822113,Low,XGBoost,9.60297,2760.516
33,BREAD/BAKERY,3136.668349304199,4014.3955,5136.414960998535,Low,XGBoost,4206.0825,-191.68701
33,CELEBRATION,204.93744468688965,371.03094,597.229398727417,Low,XGBoost,236.60739,134.42355
33,CLEANING,13718.108374609375,16563.27,20839.433790527342,Low,XGBoost,17058.572,-495.30273
33,DAIRY,5819.115865722656,7380.461,9350.838958496093,Low,XGBoost,7653.3667,-272.90576
33,DELI,2271.1893123168943,2998.8347,3894.782942565918,Low,XGBoost,3151.6042,-152.76953
33,EGGS,1978.9989767150878,2613.3608,3379.3307414245605,Low,XGBoost,2662.122,-48.76123
33,FROZEN FOODS,772.6253242492676,1113.5502,1574.4898482971191,Low,XGBoost,1111.8656,1.6845703
33,GROCERY I,42106.42305,48786.156,60921.802734375,Low,XGBoost,51091.78,-2305.625
33,GROCERY II,141.98420630991458,204.51588,324.2242247581482,Low,XGBoost,70.97808,133.53781
33,HARDWARE,178.58138217628002,191.81087,266.45396265983584,Low,XGBoost,12.019814,179.79105
33,HOME AND KITCHEN I,221.78603267669678,424.45676,701.5235910415649,Low,XGBoost,364.9262,59.53055
33,HOME AND KITCHEN II,180.84921646118164,358.3212,609.0411739349365,Low,XGBoost,275.37112,82.95007
33,HOME APPLIANCES,176.3884980455041,187.34671,259.8607275009155,Low,XGBoost,11.41064,175.93607
33,HOME CARE,2745.148928039551,3585.3557,4650.8572943725585,Low,XGBoost,3758.9937,-173.63794
33,LADIESWEAR,1994.093938933313,2002.5831,2072.9680233478543,Low,XGBoost,8.410733,1994.1724
33,LAWN AND GARDEN,1994.093938933313,2002.5831,2072.9680233478543,Low,XGBoost,8.410733,1994.1724
33,LINGERIE,190.7475824356079,297.27576,441.73585510253906,Low,XGBoost,151.30972,145.96603
33,"LIQUOR,WINE,BEER",413.5419521331787,722.75714,1146.7558494415284,Low,XGBoost,720.6651,2.092041
33,MAGAZINES,176.7465448141098,195.18518,274.0864464282989,Low,XGBoost,18.01831,177.16687
33,MEATS,3668.6382971191406,4631.6113,5863.8997673339845,Low,XGBoost,4652.974,-21.362793
33,PERSONAL CARE,2655.217547119141,3401.6233,4325.830300048829,Low,XGBoost,3585.141,-183.51782
33,PET SUPPLIES,176.67795708179474,200.6239,283.7833432674408,Low,XGBoost,23.500027,177.12387
33,PLAYERS AND ELECTRONICS,156.67662453651428,216.41422,326.42201018333435,Low,XGBoost,57.2255,159.18872
33,POULTRY,2809.0199671020505,3574.186,4526.651842712402,Low,XGBoost,3616.6553,-42.46924
33,PREPARED FOODS,334.09217166900635,564.4635,881.527060508728,Low,XGBoost,524.06696,40.396545
33,PRODUCE,17751.322450683594,22661.254,31169.44631884766,Low,XGBoost,23635.043,-973.78906
33,SCHOOL AND OFFICE SUPPLIES,1294.2006225585938,1294.2007,1358.198289489746,Low,XGBoost,0.0,1294.2007
33,SEAFOOD,76.46465420722961,89.06712,162.1008650302887,Low,XGBoost,15.452177,73.614944
34,AUTOMOTIVE,144.02340006828308,208.57108,320.9678235054016,Low,XGBoost,52.52295,156.04813
34,BABY CARE,218.17999687194825,248.9686,338.51529159545896,Low,XGBoost,28.661127,220.30746
34,BEAUTY,110.48888635635376,203.06516,352.935152053833,Low,XGBoost,118.14696,84.9182
34,BEVERAGES,30500.366897656248,37180.1,49315.74658203125,Low,XGBoost,39951.72,-2771.6172
34,BOOKS,3760.6982255220414,3791.426,3880.972690010071,Low,XGBoost,27.931583,3763.4944
34,BREAD/BAKERY,8226.801025390625,10187.061,12649.498533203125,Low,XGBoost,10473.353,-286.292
34,CELEBRATION,149.74131298065186,252.95827,395.0294210910797,Low,XGBoost,103.64402,149.31424
34,CLEANING,11522.291748046875,13482.552,15944.989255859375,Low,XGBoost,13965.234,-482.68262
34,DAIRY,9321.237182617188,11281.497,13743.934690429687,Low,XGBoost,11699.311,-417.81348
34,DELI,2970.476540283203,3829.4434,4923.204029296875,Low,XGBoost,4010.678,-181.23462
34,EGGS,1584.8703374938964,2219.2322,2985.202102203369,Low,XGBoost,2279.355,-60.122803
34,FROZEN FOODS,775.6187286376953,1134.7864,1612.6686275024413,Low,XGBoost,1133.4749,1.3115234
34,GROCERY I,54846.97651679687,61526.71,73662.35620117188,Low,XGBoost,64224.242,-2697.5312
34,GROCERY II,151.43377470970154,246.09103,386.7802221775055,Low,XGBoost,114.53655,131.55447
34,HARDWARE,170.27485132217407,235.02934,347.42609453201294,Low,XGBoost,55.79795,179.23138
34,HOME AND KITCHEN I,308.7312936782837,579.50336,956.5619382858276,Low,XGBoost,588.64667,-9.143311
34,HOME AND KITCHEN II,289.66666316986084,546.9718,904.0320558547974,Low,XGBoost,553.7314,-6.7595825
34,HOME APPLIANCES,201.64483947753905,241.69444,337.8882574558258,Low,XGBoost,34.61329,207.08115
34,HOME CARE,2723.4877189331055,3563.6943,4629.196085266113,Low,XGBoost,3722.7075,-159.01318
34,LADIESWEAR,155.9994535446167,225.59555,346.1661410331726,Low,XGBoost,63.560238,162.03531
34,LAWN AND GARDEN,145.25663948059082,245.38683,396.6387929916382,Low,XGBoost,115.762436,129.62439
34,LINGERIE,164.15046429634094,224.28758,334.29537749290466,Low,XGBoost,47.199364,177.08823
34,"LIQUOR,WINE,BEER",435.7305221557617,740.1698,1167.2242965698242,Low,XGBoost,821.75934,-81.58954
34,MAGAZINES,177.26405692100525,228.85332,334.08321595191956,Low,XGBoost,43.888035,184.96529
34,MEATS,2223.7770627441405,2895.142,3706.313324951172,Low,XGBoost,2909.941,-14.798828
34,PERSONAL CARE,3298.3892873535156,4194.8765,5345.155021728516,Low,XGBoost,4408.6685,-213.79199
34,PET SUPPLIES,216.63930416107178,303.07678,429.80724716186523,Low,XGBoost,76.17137,226.90541
34,PLAYERS AND ELECTRONICS,150.05405616760254,240.0871,369.2065179347992,Low,XGBoost,78.71262,161.37448
34,POULTRY,1753.040440246582,2386.885,3141.538457092285,Low,XGBoost,2427.2607,-40.375732
34,PREPARED FOODS,352.6507320404053,616.68933,983.7487506866455,Low,XGBoost,577.28296,39.406372
34,PRODUCE,9877.508630761718,12427.703,16099.291410644531,Low,XGBoost,12934.371,-506.66797
34,SCHOOL AND OFFICE SUPPLIES,178.64763600826262,185.97394,256.35885815620424,Low,XGBoost,6.793961,179.17998
34,SEAFOOD,125.71087491512299,137.20645,209.98032741546632,Low,XGBoost,16.384996,120.82146
35,AUTOMOTIVE,113.59166343212128,169.79404,275.5436577320099,Low,XGBoost,51.80577,117.988266
35,BABY CARE,1442.341203983128,1450.6327,1521.0176144123077,Low,XGBoost,7.72905,1442.9037
35,BEAUTY,110.03356588184833,149.97507,242.95018725395204,Low,XGBoost,56.542114,93.43295
35,BEVERAGES,15391.666067187502,21481.467,32407.960479492187,Low,XGBoost,23825.389,-2343.9219
35,BOOKS,2498.064043338597,2506.3555,2576.740453767776,Low,XGBoost,7.72905,2498.6265
35,BREAD/BAKERY,967.4979209899902,1509.0936,2156.4015680236816,Low,XGBoost,1648.1771,-139.0835
35,CELEBRATION,152.56399594545366,199.70378,304.59116806983945,Low,XGBoost,42.871117,156.83267
35,CLEANING,6136.06597265625,7830.383,9964.780537109375,Low,XGBoost,8220.259,-389.87598
35,DAIRY,2328.7630335693357,3075.1687,3999.3757864990234,Low,XGBoost,3248.8096,-173.64087
35,DELI,910.5179748535156,1470.3564,2134.606996704101,Low,XGBoost,1614.731,-144.37451
35,EGGS,1715.1235135498046,2386.4885,3197.659775756836,Low,XGBoost,2465.214,-78.725586
35,FROZEN FOODS,509.42358684539795,843.615,1294.5554849319458,Low,XGBoost,816.24207,27.372925
35,GROCERY I,22084.975540234376,28764.71,40900.355224609375,Low,XGBoost,30761.848,-1997.1367
35,GROCERY II,132.81817257404327,220.64644,362.3426055908203,Low,XGBoost,103.6573,116.989136
35,HARDWARE,177.01123835071922,184.76157,255.1464891910553,Low,XGBoost,6.8528633,177.9087
35,HOME AND KITCHEN I,148.2452564239502,288.579,482.0821180343628,Low,XGBoost,206.53171,82.0473
35,HOME AND KITCHEN II,137.49270776510238,231.55803,375.9030097484589,Low,XGBoost,117.13324,114.42479
35,HOME APPLIANCES,174.8583889864385,184.93518,257.4491979598999,Low,XGBoost,9.955154,174.98003
35,HOME CARE,1110.134292602539,1706.4584,2404.594064086914,Low,XGBoost,1840.115,-133.65662
35,LADIESWEAR,1731.254021062702,1738.8202,1809.2051144123077,Low,XGBoost,6.668706,1732.1515
35,LAWN AND GARDEN,1731.254021062702,1738.8202,1809.2051144123077,Low,XGBoost,6.668706,1732.1515
35,LINGERIE,174.78849366009234,186.6407,261.28380236625674,Low,XGBoost,8.865012,177.7757
35,"LIQUOR,WINE,BEER",458.2294750213623,767.44464,1191.443372329712,Low,XGBoost,814.10614,-46.6615
35,MAGAZINES,175.96297186911107,188.67235,263.3154452800751,Low,XGBoost,11.0684185,177.60393
35,MEATS,2658.8840297241213,3386.5295,4282.477659973145,Low,XGBoost,3398.9539,-12.424316
35,PERSONAL CARE,832.9882164001465,1356.3411,1986.7064886169433,Low,XGBoost,1519.4547,-163.11365
35,PET SUPPLIES,178.77613534331323,197.1462,278.17654876708986,Low,XGBoost,14.914209,182.23198
35,PLAYERS AND ELECTRONICS,178.87379532456399,197.4821,278.5124538421631,Low,XGBoost,15.771923,181.71017
35,POULTRY,565.4716987609863,888.1538,1332.1508479919435,Low,XGBoost,906.25684,-18.103027
35,PREPARED FOODS,253.90340995788574,444.61475,703.5085601806641,Low,XGBoost,329.49365,115.12109
35,PRODUCE,5727.545426391602,7089.433,8813.781311645507,Low,XGBoost,7497.0947,-407.66162
35,SCHOOL AND OFFICE SUPPLIES,120.52830624580383,120.528305,184.52597317695617,Low,XGBoost,0.0,120.528305
35,SEAFOOD,142.39200866222382,142.39201,206.38967559337615,Low,XGBoost,0.0,142.39201
36,AUTOMOTIVE,124.6125419139862,172.92749,275.7684350013733,Low,XGBoost,39.691433,133.23605
36,BABY CARE,255.10328990221024,272.87036,351.771640920639,Low,XGBoost,16.071882,256.7985
36,BEAUTY,110.11761401891708,163.2335,272.6389265537262,Low,XGBoost,66.11026,97.123245
36,BEVERAGES,37938.70991523437,44618.445,56754.089599609375,Low,XGBoost,48110.79,-3492.3438
36,BOOKS,2930.1897901058196,2945.6465,3022.418604373932,Low,XGBoost,14.410653,2931.2358
36,BREAD/BAKERY,5628.492182739258,7389.2944,9605.702483032226,Low,XGBoost,7632.7695,-243.4751
36,CELEBRATION,179.97048950195312,280.79022,417.0765075683594,Low,XGBoost,126.068665,154.72156
36,CLEANING,12124.892211914062,14085.152,16547.589719726562,Low,XGBoost,14559.767,-474.61426
36,DAIRY,8412.377960205078,10372.638,12835.075468017578,Low,XGBoost,10735.951,-363.31348
36,DELI,2711.7080313720703,3570.675,4664.435520385742,Low,XGBoost,3724.126,-153.45093
36,EGGS,1786.7670393066405,2439.3718,3222.284178833008,Low,XGBoost,2500.9197,-61.54785
36,FROZEN FOODS,1117.9141257629394,1550.5704,2107.539271759033,Low,XGBoost,1543.338,7.232422
36,GROCERY I,51498.18598945312,58177.92,70313.56567382812,Low,XGBoost,60936.5,-2758.5781
36,GROCERY II,145.65368461608887,245.27507,384.9572739601135,Low,XGBoost,108.304634,136.97043
36,HARDWARE,178.47289766073226,196.94724,275.8485056400299,Low,XGBoost,19.229599,177.71764
36,HOME AND KITCHEN I,188.29296112060547,379.076,647.9689874649048,Low,XGBoost,336.52347,42.55252
36,HOME AND KITCHEN II,94.66911697387695,250.43561,468.4602394104004,Low,XGBoost,193.49347,56.94214
36,HOME APPLIANCES,179.10565695613622,192.85046,267.4935630321503,Low,XGBoost,13.878145,178.97232
36,HOME CARE,2512.550884277344,3333.9973,4371.240127929687,Low,XGBoost,3471.0942,-137.09692
36,LADIESWEAR,2164.839655457437,2178.3337,2252.9768050670623,Low,XGBoost,12.837785,2165.4958
36,LAWN AND GARDEN,312.6713581085205,549.7762,876.8388729095459,Low,XGBoost,495.46567,54.310516
36,LINGERIE,155.12438670396804,211.1842,319.06291542053225,Low,XGBoost,46.051018,165.13318
36,"LIQUOR,WINE,BEER",554.8684349060059,895.79333,1356.7329589538574,Low,XGBoost,982.6188,-86.82544
36,MAGAZINES,170.35874871462585,197.33833,284.7559406757355,Low,XGBoost,22.966085,174.37225
36,MEATS,2812.1531731567384,3614.8394,4623.823294128418,Low,XGBoost,3637.3472,-22.507812
36,PERSONAL CARE,2566.4987634277345,3350.4248,4331.14976171875,Low,XGBoost,3523.2195,-172.79468
36,PET SUPPLIES,173.12822892665864,208.39278,300.3284245967865,Low,XGBoost,31.615843,176.77693
36,PLAYERS AND ELECTRONICS,149.8480930685997,213.554,326.21062383651736,Low,XGBoost,52.163303,161.3907
36,POULTRY,1390.860221862793,1987.1843,2685.319993347168,Low,XGBoost,2025.5503,-38.365967
36,PREPARED FOODS,366.7638235092163,664.46967,1081.524971961975,Low,XGBoost,659.585,4.8846436
36,PRODUCE,17657.38712314453,21977.385,29276.42571923828,Low,XGBoost,22785.781,-808.3965
36,SCHOOL AND OFFICE SUPPLIES,116.88180541992188,116.881805,180.8794723510742,Low,XGBoost,0.0,116.881805
36,SEAFOOD,78.42549300193787,93.33103,182.71244826316834,Low,XGBoost,29.861393,63.46964
37,AUTOMOTIVE,110.97475457191467,175.59125,287.9879927635193,Low,XGBoost,51.616787,123.97446
37,BABY CARE,3335.931516864896,3362.3667,3449.7844002246857,Low,XGBoost,22.228931,3340.1377
37,BEAUTY,18.824790000915527,182.81694,433.5369052886963,Low,XGBoost,257.02032,-74.203384
37,BEVERAGES,40492.36372382812,47172.098,59307.743408203125,Low,XGBoost,48691.203,-1519.1055
37,BOOKS,2928.007475116849,2954.4429,3041.860358476639,Low,XGBoost,22.228931,2932.2139
37,BREAD/BAKERY,7103.7218017578125,9063.981,11526.419309570312,Low,XGBoost,9218.825,-154.84375
37,CELEBRATION,161.15049934387207,251.18355,380.3029611110687,Low,XGBoost,100.27699,150.90656
37,CLEANING,14000.276050585937,17140.404,22021.144102539063,Low,XGBoost,17478.441,-338.0371
37,DAIRY,12805.832458496094,14766.093,17228.529966308593,Low,XGBoost,15116.309,-350.21582
37,DELI,1937.9976256713867,2553.082,3279.4765198364257,Low,XGBoost,2723.0752,-169.99316
37,EGGS,1635.4095840454102,2231.7336,2929.869355529785,Low,XGBoost,2255.017,-23.283447
37,FROZEN FOODS,1514.1902160644531,2110.5144,2808.649987548828,Low,XGBoost,2121.4893,-10.9748535
37,GROCERY I,52970.19331367187,59649.93,71785.57299804688,Low,XGBoost,61895.293,-2245.3633
37,GROCERY II,615.5390510559082,919.97833,1347.0328254699707,Low,XGBoost,867.449,52.529358
37,HARDWARE,178.2661583662033,213.55202,305.4876634120941,Low,XGBoost,30.234755,183.31726
37,HOME AND KITCHEN I,270.97380924224854,541.74585,918.8044538497925,Low,XGBoost,557.90063,-16.154785
37,HOME AND KITCHEN II,316.5002632141113,585.31476,949.3184047546387,Low,XGBoost,579.22424,6.090515
37,HOME APPLIANCES,523.4564420118928,550.722,636.2703835487366,Low,XGBoost,23.443632,527.2784
37,HOME CARE,3267.3194936523437,4163.8066,5314.085228027344,Low,XGBoost,4338.373,-174.5664
37,LADIESWEAR,287.4327907562256,504.11722,801.1823949813843,Low,XGBoost,419.8621,84.25513
37,LAWN AND GARDEN,196.57403087615967,398.7266,675.7934141159058,Low,XGBoost,323.15414,75.57245
37,LINGERIE,166.9179592847824,213.25331,314.22503752708434,Low,XGBoost,35.56531,177.688
37,"LIQUOR,WINE,BEER",1150.7466735839844,1747.0708,2445.2064450683592,Low,XGBoost,1877.5352,-130.46436
37,MAGAZINES,148.94293308258057,249.76268,386.0489511489868,Low,XGBoost,101.30507,148.45761
37,MEATS,2944.040920288086,3765.4873,4802.7301639404295,Low,XGBoost,3807.564,-42.07666
37,PERSONAL CARE,3185.8456319580077,4082.333,5232.611366333008,Low,XGBoost,4279.247,-196.91406
37,PET SUPPLIES,145.9166603088379,243.14084,377.03815960884094,Low,XGBoost,92.56698,150.57385
37,PLAYERS AND ELECTRONICS,179.9009256362915,280.72067,417.00694370269775,Low,XGBoost,135.48056,145.24011
37,POULTRY,3552.120595336914,4448.608,5598.886329711914,Low,XGBoost,4485.897,-37.289062
37,PREPARED FOODS,742.6159591674805,1047.0552,1474.109733581543,Low,XGBoost,1000.0648,46.990356
37,PRODUCE,35976.97700507812,42656.71,54792.356689453125,Low,XGBoost,43880.543,-1223.832
37,SCHOOL AND OFFICE SUPPLIES,234.90794610977173,234.90794,298.9056130409241,Low,XGBoost,0.0,234.90794
37,SEAFOOD,57.40947643518448,98.59401,209.5261435508728,Low,XGBoost,62.80937,35.78464
38,AUTOMOTIVE,109.51983737945557,188.21353,310.16608476638794,Low,XGBoost,70.300026,117.913506
38,BABY CARE,3336.894589135051,3364.5151,3451.932700395584,Low,XGBoost,24.377512,3340.1377
38,BEAUTY,39.220340728759766,195.20715,419.01665902137756,Low,XGBoost,235.84361,-40.63646
38,BEVERAGES,38663.19038398437,45342.926,57478.570068359375,Low,XGBoost,47200.81,-1857.8828
38,BOOKS,976.8925597161054,1004.51306,1091.9306709766388,Low,XGBoost,24.377512,980.13556
38,BREAD/BAKERY,5947.617884643555,7708.4204,9924.828184936523,Low,XGBoost,7860.4604,-152.04004
38,CELEBRATION,203.05970859527588,352.05518,561.9059753417969,Low,XGBoost,208.23799,143.81718
38,CLEANING,14460.840943359375,17895.938,23381.251631347655,Low,XGBoost,18335.584,-439.64648
38,DAIRY,11564.161804199219,13524.422,15986.859312011718,Low,XGBoost,13813.732,-289.31055
38,DELI,1996.7140957641602,2686.839,3526.2694806518552,Low,XGBoost,2855.065,-168.22583
38,EGGS,1087.8686904907227,1647.7072,2311.9577123413083,Low,XGBoost,1662.6488,-14.94165
38,FROZEN FOODS,1253.938232421875,1850.2623,2548.39800390625,Low,XGBoost,1857.6083,-7.3459473
38,GROCERY I,55375.421096875,62055.156,74190.80078125,Low,XGBoost,64055.047,-1999.8906
38,GROCERY II,305.7399015426636,522.64435,819.7095384597778,Low,XGBoost,438.36215,84.282196
38,HARDWARE,171.20207332372667,211.92336,308.37704091072084,Low,XGBoost,33.125523,178.79784
38,HOME AND KITCHEN I,356.1731653213501,618.2542,972.2586809005737,Low,XGBoost,624.76227,-6.5080566
38,HOME AND KITCHEN II,666.2221412658691,1007.14703,1468.0866653137207,Low,XGBoost,1079.944,-72.796936
38,HOME APPLIANCES,211.5968218408525,236.94939,322.237912273407,Low,XGBoost,23.117798,213.83159
38,HOME CARE,4013.032161743164,5175.4624,6653.780839477539,Low,XGBoost,5342.2173,-166.75488
38,LADIESWEAR,332.2849578857422,555.92285,862.9872207641602,Low,XGBoost,471.56024,84.36261
38,LAWN AND GARDEN,179.96816730499268,356.74777,602.9445934295654,Low,XGBoost,283.01984,73.727936
38,LINGERIE,145.29739093780518,242.52158,376.4188902378082,Low,XGBoost,92.966064,149.55551
38,"LIQUOR,WINE,BEER",1941.3317359313965,2513.9624,3232.027864898682,Low,XGBoost,2641.8389,-127.876465
38,MAGAZINES,152.97288703918457,253.79263,390.0789051055908,Low,XGBoost,105.35083,148.4418
38,MEATS,1963.5122954101562,2597.3567,3352.0103122558594,Low,XGBoost,2638.0542,-40.69751
38,PERSONAL CARE,4745.161939331055,5974.078,7534.406352905274,Low,XGBoost,6226.9414,-252.86328
38,PET SUPPLIES,140.47228908538818,237.69647,371.59378838539124,Low,XGBoost,84.68543,153.01105
38,PLAYERS AND ELECTRONICS,173.94604110717773,274.76578,411.052059173584,Low,XGBoost,124.797325,149.96844
38,POULTRY,1580.1907911376952,2232.7954,3015.7079306640626,Low,XGBoost,2267.6514,-34.855957
38,PREPARED FOODS,820.8927536010742,1216.546,1728.3134020996094,Low,XGBoost,1159.5735,56.972534
38,PRODUCE,26363.136550976564,33042.87,45178.51623535156,Low,XGBoost,34158.395,-1115.5234
38,SCHOOL AND OFFICE SUPPLIES,1472.5253677368164,1472.5254,1536.5230346679687,Low,XGBoost,0.0,1472.5254
38,SEAFOOD,108.46310234069824,274.79706,510.99470233917236,Low,XGBoost,237.30487,37.492188
39,AUTOMOTIVE,111.09436416625977,208.31854,342.2158634662628,Low,XGBoost,99.31225,109.006294
39,BABY CARE,143.57178686708212,172.33195,259.74956917762756,Low,XGBoost,26.502172,145.82979
39,BEAUTY,90.77138022184371,182.06224,326.4072226047516,Low,XGBoost,111.4272,70.63504
39,BEVERAGES,54528.13032539062,61207.867,73343.51000976562,Low,XGBoost,66187.66,-4979.789
39,BOOKS,2931.550722824037,2959.201,3046.6186287403107,Low,XGBoost,23.500814,2935.7002
39,BREAD/BAKERY,10893.829406738281,12854.089,15316.526914550781,Low,XGBoost,13155.331,-301.2422
39,CELEBRATION,163.32723712921143,264.14697,400.4332551956177,Low,XGBoost,112.58886,151.5581
39,CLEANING,18223.655569140625,24313.457,35239.949981445316,Low,XGBoost,25525.611,-1212.1543
39,DAIRY,10029.517944335938,11989.777,14452.215452148437,Low,XGBoost,12465.012,-475.23438
39,DELI,3075.43640045166,3953.1636,5075.183012145996,Low,XGBoost,4134.012,-180.84863
39,EGGS,5625.335073828125,7805.6387,11261.703131347656,Low,XGBoost,8399.801,-594.1621
39,FROZEN FOODS,943.817569732666,1394.1992,1956.7943426818847,Low,XGBoost,1420.6036,-26.404419
39,GROCERY I,76410.30146796875,83090.04,95225.68115234375,Low,XGBoost,88420.09,-5330.0547
39,GROCERY II,353.857626914978,611.1628,968.2230195999146,Low,XGBoost,584.08887,27.073914
39,HARDWARE,181.85628053247927,218.86322,312.92794542312623,Low,XGBoost,31.631054,187.23216
39,HOME AND KITCHEN I,200.87781047821045,410.60614,697.6721248626709,Low,XGBoost,391.7704,18.835754
39,HOME AND KITCHEN II,174.46504592895508,371.16916,638.2368049621582,Low,XGBoost,366.8445,4.324646
39,HOME APPLIANCES,173.30448386371137,205.57668,295.3832378387451,Low,XGBoost,25.55599,180.02069
39,HOME CARE,4802.626021728516,6098.028,7740.3661711425775,Low,XGBoost,6314.277,-216.24902
39,LADIESWEAR,186.36368370056152,299.16898,451.8029193878174,Low,XGBoost,139.93227,159.23671
39,LAWN AND GARDEN,190.91018390655518,362.66525,605.2113819122314,Low,XGBoost,259.13663,103.528625
39,LINGERIE,96.46611595153809,268.48032,502.85260486602783,Low,XGBoost,303.38232,-34.902008
39,"LIQUOR,WINE,BEER",780.5032081604004,1212.6421,1758.2946062927244,Low,XGBoost,1278.2098,-65.56775
39,MAGAZINES,158.43369889259338,223.20589,337.99158692359924,Low,XGBoost,53.41559,169.7903
39,MEATS,2258.8077634277342,2930.1726,3741.344025634766,Low,XGBoost,2941.0525,-10.879883
39,PERSONAL CARE,4111.191600830079,5273.622,6751.940278564453,Low,XGBoost,5508.4536,-234.83154
39,PET SUPPLIES,159.90958309173584,246.34706,373.0775260925293,Low,XGBoost,86.577774,159.76929
39,PLAYERS AND ELECTRONICS,191.46981143951416,292.28955,428.5758295059204,Low,XGBoost,138.22827,154.06128
39,POULTRY,3254.5301596679687,4113.497,5207.257648681641,Low,XGBoost,4154.7275,-41.23047
39,PREPARED FOODS,649.9675636291504,954.40686,1381.461338043213,Low,XGBoost,916.122,38.28485
39,PRODUCE,23829.908157421876,30509.645,42645.287841796875,Low,XGBoost,31829.205,-1319.5605
39,SCHOOL AND OFFICE SUPPLIES,9.241438388824463,137.31703,389.8623414039612,Low,XGBoost,277.9649,-140.64787
39,SEAFOOD,140.56339836120605,312.19086,554.737006187439,Low,XGBoost,258.1966,53.994263
40,AUTOMOTIVE,116.165034532547,183.70552,298.4912168979645,Low,XGBoost,53.828556,129.87697
40,BABY CARE,136.94099768921734,166.77853,256.3252309799194,Low,XGBoost,25.168337,141.6102
40,BEAUTY,78.18132019042969,179.49324,330.7452049255371,Low,XGBoost,126.14994,53.3433
40,BEVERAGES,57897.42817695312,64577.164,76712.80786132812,Low,XGBoost,68848.516,-4271.3516
40,BOOKS,2927.4018893294037,2954.4785,3041.8961098194122,Low,XGBoost,22.264723,2932.2139
40,BREAD/BAKERY,5097.421279296876,6392.823,8035.161428710937,Low,XGBoost,6619.4946,-226.67139
40,CELEBRATION,204.3771162033081,398.31284,665.3804779052734,Low,XGBoost,285.615,112.697845
40,CLEANING,20609.478640625002,26994.246,38525.315688964845,Low,XGBoost,28824.695,-1830.4492
40,DAIRY,8690.674041748047,10650.934,13113.371549560547,Low,XGBoost,10984.76,-333.82617
40,DELI,4076.9155035400395,5039.8887,6272.176973754883,Low,XGBoost,5235.84,-195.95117
40,EGGS,2158.9125913085936,2830.2776,3641.448853515625,Low,XGBoost,2885.2827,-55.005127
40,FROZEN FOODS,848.9012794494629,1208.069,1685.9511783142088,Low,XGBoost,1197.3402,10.72876
40,GROCERY I,77056.17158515625,83735.91,95871.55126953125,Low,XGBoost,87595.19,-3859.2812
40,GROCERY II,187.46247100830078,338.3003,556.3249053955078,Low,XGBoost,230.71043,107.58986
40,HARDWARE,176.78129524439572,213.22498,307.28970079422,Low,XGBoost,31.648535,181.57645
40,HOME AND KITCHEN I,386.5942783355713,650.6329,1017.6922969818115,Low,XGBoost,645.52234,5.1105347
40,HOME AND KITCHEN II,202.9939775466919,395.6398,662.7074546813965,Low,XGBoost,313.0453,82.59451
40,HOME APPLIANCES,176.38333472311496,204.43721,293.98390235900877,Low,XGBoost,22.01279,182.42442
40,HOME CARE,5082.8902429199225,6378.292,8020.630392333985,Low,XGBoost,6552.09,-173.79785
40,LADIESWEAR,2162.6359592348335,2186.941,2272.229502773285,Low,XGBoost,20.101498,2166.8394
40,LAWN AND GARDEN,178.71075659692286,203.25587,288.54439744949343,Low,XGBoost,20.341595,182.91428
40,LINGERIE,166.76915073394775,273.58167,418.0417776107788,Low,XGBoost,118.9187,154.66296
40,"LIQUOR,WINE,BEER",558.5462646484375,899.4711,1360.410788696289,Low,XGBoost,959.3228,-59.851685
40,MAGAZINES,170.27369951456785,215.98256,316.954287481308,Low,XGBoost,33.237495,182.74506
40,MEATS,1683.9930572509766,2280.3171,2978.4528287353514,Low,XGBoost,2294.0383,-13.721191
40,PERSONAL CARE,4135.820790649414,5032.308,6182.586525024414,Low,XGBoost,5208.582,-176.27393
40,PET SUPPLIES,167.6445458292961,220.38087,325.8706367969513,Low,XGBoost,44.209244,176.17163
40,PLAYERS AND ELECTRONICS,148.61047077178955,242.23909,373.7474513053894,Low,XGBoost,88.56441,153.67468
40,POULTRY,2455.3254331054686,3126.6904,3937.8616953125,Low,XGBoost,3166.2896,-39.59912
40,PREPARED FOODS,596.5079383850098,900.9472,1328.0017127990723,Low,XGBoost,870.4748,30.472412
40,PRODUCE,17029.365003613282,20759.428,26849.31832763672,Low,XGBoost,21611.646,-852.21875
40,SCHOOL AND OFFICE SUPPLIES,1473.219612121582,1473.2196,1537.2172790527343,Low,XGBoost,0.0,1473.2196
40,SEAFOOD,69.19110122919082,106.16751,212.58161327838897,Low,XGBoost,45.977646,60.189865
41,AUTOMOTIVE,104.95133876800537,197.38159,332.28589057922363,Low,XGBoost,100.50206,96.87953
41,BABY CARE,139.5158136844635,155.70346,232.4756360054016,Low,XGBoost,16.029696,139.67377
41,BEAUTY,31.310457229614258,184.52908,418.9013833999634,Low,XGBoost,237.68793,-53.158844
41,BEVERAGES,40099.82221992187,46779.56,58915.201904296875,Low,XGBoost,48617.047,-1837.4883
41,BOOKS,2931.146087026596,2947.3032,3024.0754952430725,Low,XGBoost,15.999281,2931.304
41,BREAD/BAKERY,6367.743040405274,8261.517,10641.94481237793,Low,XGBoost,8419.96,-158.44336
41,CELEBRATION,187.82463264465332,322.28256,515.7856779098511,Low,XGBoost,177.38483,144.89774
41,CLEANING,15461.76012138672,20076.725,27980.341353515625,Low,XGBoost,20786.436,-709.71094
41,DAIRY,10362.185193066407,12617.412,15684.425336914062,Low,XGBoost,12967.998,-350.58594
41,DELI,3134.775894836426,4078.9888,5283.018242370606,Low,XGBoost,4281.5444,-202.55566
41,EGGS,1713.5130125732421,2347.3574,3102.0110294189453,Low,XGBoost,2376.2434,-28.885986
41,FROZEN FOODS,1851.3318204956054,2503.9365,3286.8489600219727,Low,XGBoost,2494.7458,9.190674
41,GROCERY I,55231.3615265625,61911.098,74046.7412109375,Low,XGBoost,63908.29,-1997.1914
41,GROCERY II,437.7700653076172,715.2756,1102.3333358764648,Low,XGBoost,640.0993,75.17627
41,HARDWARE,177.40252328813077,205.26762,292.6852276325226,Low,XGBoost,24.70387,180.56375
41,HOME AND KITCHEN I,262.09844398498535,478.37036,775.4355382919312,Low,XGBoost,460.2645,18.105865
41,HOME AND KITCHEN II,306.3642578125,516.5353,803.6012687683105,Low,XGBoost,423.91962,92.61566
41,HOME APPLIANCES,179.22019167393447,194.75456,269.3976615428925,Low,XGBoost,17.905329,176.84923
41,HOME CARE,3258.3504095458984,4221.323,5453.611879760742,Low,XGBoost,4390.633,-169.30957
41,LADIESWEAR,300.24388694763184,510.38998,797.4559707641602,Low,XGBoost,418.4669,91.923096
41,LAWN AND GARDEN,199.19743061065674,390.04358,660.7618999481201,Low,XGBoost,298.31262,91.73096
41,LINGERIE,167.36307907104492,268.18283,404.4690971374512,Low,XGBoost,114.80019,153.38263
41,"LIQUOR,WINE,BEER",1167.3036864624023,1709.4167,2368.0410813598633,Low,XGBoost,1849.1774,-139.76062
41,MAGAZINES,146.82936191558838,247.64911,383.93537998199463,Low,XGBoost,99.207275,148.44183
41,MEATS,2841.324581481934,3568.9702,4464.918211730957,Low,XGBoost,3612.2522,-43.281982
41,PERSONAL CARE,4990.079090454102,6484.9385,8373.306447387695,Low,XGBoost,6816.877,-331.93848
41,PET SUPPLIES,187.5411558151245,296.2663,448.9002275466919,Low,XGBoost,147.80856,148.45773
41,PLAYERS AND ELECTRONICS,152.92244148254395,246.55106,378.0594220161438,Low,XGBoost,95.2129,151.33817
41,POULTRY,2529.1137384033204,3313.0398,4293.764736694336,Low,XGBoost,3341.9746,-28.934814
41,PREPARED FOODS,505.41242599487305,809.8517,1236.9062004089355,Low,XGBoost,758.24554,51.60614
41,PRODUCE,28376.272781445314,35056.008,47191.65246582031,Low,XGBoost,36154.797,-1098.7891
41,SCHOOL AND OFFICE SUPPLIES,118.09286189079285,118.092865,182.09052882194518,Low,XGBoost,0.0,118.092865
41,SEAFOOD,77.98498829305171,113.4193,220.35312538146974,Low,XGBoost,60.031197,53.3881
42,AUTOMOTIVE,125.20005749464035,173.63153,274.8631148815155,Low,XGBoost,37.582108,136.04942
42,BABY CARE,3338.8730932235717,3355.1091,3431.881311893463,Low,XGBoost,16.038687,3339.0706
42,BEAUTY,34.657981872558594,172.99258,391.01721382141113,Low,XGBoost,207.34575,-34.353165
42,BEVERAGES,38603.16694648437,45282.902,57418.546630859375,Low,XGBoost,46674.145,-1391.2422
42,BOOKS,2930.949081993103,2947.185,3023.9573006629944,Low,XGBoost,16.038687,2931.1465
42,BREAD/BAKERY,6720.7955322265625,8681.056,11143.493040039062,Low,XGBoost,8810.296,-129.24023
42,CELEBRATION,159.28811168670654,261.00916,403.08031392097473,Low,XGBoost,114.60317,146.40598
42,CLEANING,12005.007568359375,13965.268,16427.705076171875,Low,XGBoost,14224.61,-259.34277
42,DAIRY,12264.606457714845,14519.833,17586.8466015625,Low,XGBoost,14841.59,-321.75684
42,DELI,2206.345095336914,2952.7507,3876.9578482666016,Low,XGBoost,3131.6116,-178.86084
42,EGGS,1840.0196348876952,2473.8643,3228.5176517333985,Low,XGBoost,2494.246,-20.381836
42,FROZEN FOODS,1367.4661254882812,1963.7902,2661.925896972656,Low,XGBoost,1978.7731,-14.98291
42,GROCERY I,48754.14228828125,55433.88,67569.52197265625,Low,XGBoost,57676.184,-2242.3047
42,GROCERY II,328.1483497619629,578.72003,925.7811164855957,Low,XGBoost,519.30615,59.41388
42,HARDWARE,175.6274456053972,203.19772,290.6153290271759,Low,XGBoost,22.065239,181.13248
42,HOME AND KITCHEN I,310.3159656524658,520.487,807.5529766082764,Low,XGBoost,462.14395,58.34305
42,HOME AND KITCHEN II,211.8170337677002,391.43457,639.4567232131958,Low,XGBoost,328.02402,63.410553
42,HOME APPLIANCES,180.4383811712265,196.40022,273.1724019050598,Low,XGBoost,16.341616,180.05861
42,HOME CARE,2937.479958251953,3796.4468,4890.207447265625,Low,XGBoost,3969.9148,-173.46802
42,LADIESWEAR,249.4304723739624,457.38443,744.4504165649414,Low,XGBoost,364.52548,92.85895
42,LAWN AND GARDEN,337.3869409561157,608.159,985.2175855636597,Low,XGBoost,585.89056,22.268433
42,LINGERIE,112.79622629880905,223.56267,383.24834690093996,Low,XGBoost,150.4835,73.07916
42,"LIQUOR,WINE,BEER",806.4280586242676,1256.8097,1819.4048315734863,Low,XGBoost,1371.1642,-114.35449
42,MAGAZINES,148.78883838653564,231.63075,355.9722626209259,Low,XGBoost,82.57967,149.05109
42,MEATS,3146.5618216552734,4005.5288,5099.289310668945,Low,XGBoost,4046.602,-41.073242
42,PERSONAL CARE,3029.185393371582,3906.9126,5028.932005065918,Low,XGBoost,4112.0103,-205.09766
42,PET SUPPLIES,150.15184211730957,240.18489,369.3043038845062,Low,XGBoost,85.3344,154.8505
42,PLAYERS AND ELECTRONICS,148.725998878479,238.75905,367.87846064567566,Low,XGBoost,89.206924,149.55212
42,POULTRY,3213.9768209838867,4091.7039,5213.723432678223,Low,XGBoost,4127.6636,-35.959717
42,PREPARED FOODS,509.3127555847168,813.752,1240.8065299987793,Low,XGBoost,765.9636,47.78839
42,PRODUCE,35808.07417304687,42487.81,54623.453857421875,Low,XGBoost,43691.99,-1204.1797
42,SCHOOL AND OFFICE SUPPLIES,1383.4283800125122,1383.4283,1447.4260469436645,Low,XGBoost,0.0,1383.4283
42,SEAFOOD,121.71363067626953,292.16956,528.3672027587891,Low,XGBoost,258.37073,33.79883
43,AUTOMOTIVE,115.84416246414185,183.5046,298.2902977466583,Low,XGBoost,61.702637,121.801956
43,BABY CARE,139.81249231100082,167.92967,255.3472878932953,Low,XGBoost,25.706701,142.22298
43,BEAUTY,84.83160952329635,182.60274,331.7256210803986,Low,XGBoost,120.52134,62.081398
43,BEVERAGES,72727.4396515625,79407.17,91542.8193359375,Low,XGBoost,84462.17,-5055.0
43,BOOKS,2929.6543223261833,2957.7107,3045.1282875537872,Low,XGBoost,25.497019,2932.2136
43,BREAD/BAKERY,7370.149444580078,9330.409,11792.846952392578,Low,XGBoost,9617.363,-286.9541
43,CELEBRATION,227.65025997161865,418.0752,685.1428489685059,Low,XGBoost,287.10922,130.96597
43,CLEANING,15283.789881738281,19308.82,26003.285841796875,Low,XGBoost,20023.023,-714.2031
43,DAIRY,9151.891082763672,11112.15,13574.588590576172,Low,XGBoost,11527.744,-415.59375
43,DELI,3623.0785421142577,4519.566,5669.844276489258,Low,XGBoost,4726.0054,-206.43945
43,EGGS,2861.3130963745116,3617.924,4539.364217102051,Low,XGBoost,3695.6228,-77.69873
43,FROZEN FOODS,638.9003753662109,998.06805,1475.950274230957,Low,XGBoost,1038.0696,-40.001526
43,GROCERY I,71096.99751289062,77776.734,89912.37719726562,Low,XGBoost,81319.56,-3542.8281
43,GROCERY II,173.74153900146484,286.54684,439.1807746887207,Low,XGBoost,176.60391,109.94293
43,HARDWARE,1661.5363302320243,1689.3666,1776.784229516983,Low,XGBoost,24.349752,1665.0168
43,HOME AND KITCHEN I,160.91008377075195,338.59567,581.1418018341064,Low,XGBoost,312.4172,26.178467
43,HOME AND KITCHEN II,198.3711223602295,368.89282,611.4389667510986,Low,XGBoost,257.43048,111.46234
43,HOME APPLIANCES,178.3761512130499,205.86758,293.2851974964142,Low,XGBoost,23.659834,182.20775
43,HOME CARE,3061.166396179199,3938.8936,5060.913007873535,Low,XGBoost,4119.0303,-180.13672
43,LADIESWEAR,2163.0906843036414,2190.398,2277.8155739307404,Low,XGBoost,23.445263,2166.9526
43,LAWN AND GARDEN,145.8430814743042,271.35373,442.16069316864014,Low,XGBoost,176.52776,94.82597
43,LINGERIE,176.20640835464002,212.31746,304.25310530662534,Low,XGBoost,33.88294,178.43452
43,"LIQUOR,WINE,BEER",1031.2550490722656,1445.6685,1985.6948202514648,Low,XGBoost,1544.2195,-98.551025
43,MAGAZINES,168.85187283754348,220.30772,323.4085379600525,Low,XGBoost,49.597603,170.71011
43,MEATS,2597.7358513183594,3419.1824,4456.425094970703,Low,XGBoost,3435.8123,-16.629883
43,PERSONAL CARE,3621.754859008789,4584.728,5817.016329223633,Low,XGBoost,4763.79,-179.06201
43,PET SUPPLIES,173.1504850745201,227.743,333.2327602863312,Low,XGBoost,49.87159,177.8714
43,PLAYERS AND ELECTRONICS,175.80863494873046,226.93498,330.2956501960754,Low,XGBoost,44.020878,182.91411
43,POULTRY,3070.1884727783204,3891.635,4928.877716430664,Low,XGBoost,3929.9722,-38.33716
43,PREPARED FOODS,1369.6126556396484,1965.9368,2664.0724271240233,Low,XGBoost,1962.7715,3.1652832
43,PRODUCE,16616.799781835936,20936.797,28235.838377929686,Low,XGBoost,21740.945,-804.14844
43,SCHOOL AND OFFICE SUPPLIES,116.64013433456421,126.007484,198.52149600982665,Low,XGBoost,7.065364,118.94212
43,SEAFOOD,90.93350517749786,90.9335,154.9311721086502,Low,XGBoost,0.0,90.9335
44,AUTOMOTIVE,203.93705368041992,379.96188,624.3333578109741,Low,XGBoost,269.37485,110.587036
44,BABY CARE,3693.9065128445627,3724.6775,3812.614908647537,Low,XGBoost,27.934618,3696.743
44,BEAUTY,160.3551731109619,358.54065,629.2589664459229,Low,XGBoost,360.34174,-1.8010864
44,BEVERAGES,146505.88935859376,153185.62,165321.26904296875,Low,XGBoost,164848.16,-11662.531
44,BOOKS,276.41316853761674,307.18423,395.1215643405914,Low,XGBoost,27.934618,279.2496
44,BREAD/BAKERY,21520.0490265625,28199.785,40335.4287109375,Low,XGBoost,28352.834,-153.04883
44,CELEBRATION,416.65732765197754,694.1628,1081.2205982208252,Low,XGBoost,610.02344,84.13934
44,CLEANING,37427.67903144531,44107.414,56243.05871582031,Low,XGBoost,45126.68,-1019.2656
44,DAIRY,35599.270095898435,42279.004,54414.64978027344,Low,XGBoost,43433.94,-1154.9375
44,DELI,7818.081144653321,9711.855,12092.282916625976,Low,XGBoost,10009.394,-297.5381
44,EGGS,8812.60833581543,10706.382,13086.810107788086,Low,XGBoost,10751.039,-44.657227
44,FROZEN FOODS,6182.141103759765,7743.4863,9713.864196533203,Low,XGBoost,7782.5547,-39.06836
44,GROCERY I,149924.8869171875,156604.62,168740.2666015625,Low,XGBoost,172850.44,-16245.8125
44,GROCERY II,1209.650733947754,1805.9749,2504.110505432129,Low,XGBoost,1761.5664,44.408447
44,HARDWARE,181.4676112294197,236.8125,342.8219919681549,Low,XGBoost,54.106247,182.70625
44,HOME AND KITCHEN I,1535.865592956543,2132.1897,2830.325364440918,Low,XGBoost,2182.0603,-49.870605
44,HOME AND KITCHEN II,1406.1102981567383,2002.4344,2700.570069641113,Low,XGBoost,2072.2788,-69.84436
44,HOME APPLIANCES,187.55014791488648,221.29523,311.62152643203734,Low,XGBoost,29.272982,192.02225
44,HOME CARE,10327.382306103516,12582.609,15649.622449951172,Low,XGBoost,12788.579,-205.96973
44,LADIESWEAR,350.7928342819214,666.74146,1100.7393575515748,Low,XGBoost,827.59906,-160.8576
44,LAWN AND GARDEN,298.8913049697876,515.7958,812.8609418869019,Low,XGBoost,462.3884,53.40738
44,LINGERIE,56.68623447418213,306.41428,665.2998781204224,Low,XGBoost,542.1914,-235.77713
44,"LIQUOR,WINE,BEER",4413.430278808593,5575.861,7054.178956542969,Low,XGBoost,5779.5977,-203.73682
44,MAGAZINES,300.03991889953613,523.6778,830.7421817779541,Low,XGBoost,444.5281,79.14969
44,MEATS,12337.023670214843,15477.152,20357.89172216797,Low,XGBoost,15623.667,-146.51465
44,PERSONAL CARE,7912.255430541993,9806.029,12186.457202514648,Low,XGBoost,10129.656,-323.62695
44,PET SUPPLIES,676.595573425293,999.27765,1443.27472265625,Low,XGBoost,919.3681,79.909546
44,PLAYERS AND ELECTRONICS,419.21330738067627,676.51843,1033.5787000656128,Low,XGBoost,614.61316,61.905273
44,POULTRY,16469.012354882812,20494.043,27188.508314941406,Low,XGBoost,20625.025,-130.98242
44,PREPARED FOODS,4254.630559326172,5151.1177,6301.396293701172,Low,XGBoost,5101.5107,49.606934
44,PRODUCE,137899.14521796876,144578.88,156714.52490234375,Low,XGBoost,159424.28,-14845.406
44,SCHOOL AND OFFICE SUPPLIES,20.993090629577637,451.8448,1106.0961410293578,Low,XGBoost,1675.8789,-1224.0342
44,SEAFOOD,1100.5398216247559,1642.1355,2289.4434686584473,Low,XGBoost,1669.0626,-26.927124
45,AUTOMOTIVE,204.65336418151855,350.226,560.076810836792,Low,XGBoost,219.91823,130.30779
45,BABY CARE,3688.733438298106,3719.7783,3807.455765581131,Low,XGBoost,27.342953,3692.4353
45,BEAUTY,106.85361289978027,291.57217,542.2921543121338,Low,XGBoost,314.4402,-22.868011
45,BEVERAGES,145036.77900703126,151716.52,163852.15869140625,Low,XGBoost,162252.03,-10535.516
45,BOOKS,1933.9292962998152,1964.9741,2052.65162358284,Low,XGBoost,27.373367,1937.6007
45,BREAD/BAKERY,15746.276308105469,20656.209,29164.400176269533,Low,XGBoost,20933.188,-276.97852
45,CELEBRATION,335.15766048431396,552.06213,849.1272974014282,Low,XGBoost,466.6467,85.415436
45,CLEANING,37380.97541816406,44060.71,56196.35510253906,Low,XGBoost,45129.637,-1068.9258
45,DAIRY,31171.96980292969,37851.703,49987.34948730469,Low,XGBoost,38860.176,-1008.47266
45,DELI,10284.294189453125,12244.554,14706.991697265625,Low,XGBoost,12577.558,-333.0039
45,EGGS,5197.940354370117,6559.828,8284.176239624023,Low,XGBoost,6599.48,-39.651855
45,FROZEN FOODS,4279.572690673828,5508.489,7068.817104248047,Low,XGBoost,5540.8164,-32.327637
45,GROCERY I,156376.71601875,163056.45,175192.095703125,Low,XGBoost,180312.97,-17256.516
45,GROCERY II,1791.2288268432617,2406.3132,3132.7077210083007,Low,XGBoost,2367.3994,38.91382
45,HARDWARE,198.6299178957939,246.58739,349.6881943702698,Low,XGBoost,39.191704,207.39569
45,HOME AND KITCHEN I,787.1413116455078,1164.5518,1659.3765853271484,Low,XGBoost,1168.4524,-3.9006348
45,HOME AND KITCHEN II,820.841854095459,1325.9519,1939.3747514953611,Low,XGBoost,1418.7921,-92.84021
45,HOME APPLIANCES,189.2542390704155,233.50166,332.34430532455445,Low,XGBoost,36.072094,197.42957
45,HOME CARE,9589.576794628907,11844.804,14911.816938476562,Low,XGBoost,12108.139,-263.33496
45,LADIESWEAR,310.7381706237793,588.24365,975.301441192627,Low,XGBoost,722.98193,-134.73828
45,LAWN AND GARDEN,454.68491554260254,718.7235,1085.7829341888428,Low,XGBoost,681.31854,37.40497
45,LINGERIE,150.85520048141478,253.00456,402.3873171329498,Low,XGBoost,113.28965,139.7149
45,"LIQUOR,WINE,BEER",2776.8522930297854,3570.9836,4548.941659118653,Low,XGBoost,3756.3286,-185.34497
45,MAGAZINES,216.1221580505371,393.2424,643.9623584747314,Low,XGBoost,248.53835,144.70406
45,MEATS,15213.800672558595,18943.863,25033.753996582032,Low,XGBoost,19163.852,-219.98828
45,PERSONAL CARE,9671.009869580079,11926.236,14993.250013427734,Low,XGBoost,12263.075,-336.83887
45,PET SUPPLIES,295.7009735107422,519.33887,826.4032363891602,Low,XGBoost,427.3292,92.009674
45,PLAYERS AND ELECTRONICS,327.53692626953125,551.1748,858.2391891479492,Low,XGBoost,464.56323,86.61157
45,POULTRY,16972.65387158203,21882.586,30390.777739746096,Low,XGBoost,21958.695,-76.109375
45,PREPARED FOODS,3272.798271850586,4131.765,5225.525760864258,Low,XGBoost,4088.2837,43.481445
45,PRODUCE,95520.48017890625,102200.22,114335.85986328125,Low,XGBoost,105343.2,-3142.9844
45,SCHOOL AND OFFICE SUPPLIES,843.5197340698242,1327.011,2081.6644708480835,Low,XGBoost,2287.5054,-960.4944
45,SEAFOOD,923.5827293395996,1337.4788,1866.1887526550292,Low,XGBoost,1356.4254,-18.946655
46,AUTOMOTIVE,171.69056224822998,288.8224,449.630163192749,Low,XGBoost,163.04866,125.77373
46,BABY CARE,3677.6367931365967,3703.3345,3790.751975297928,Low,XGBoost,21.050894,3682.2837
46,BEAUTY,145.48224258422852,345.91455,622.9813852310181,Low,XGBoost,387.96964,-42.055084
46,BEVERAGES,96391.58955390625,103071.33,115206.96923828125,Low,XGBoost,105801.09,-2729.7656
46,BOOKS,220.94263116121292,247.893,335.31060767173767,Low,XGBoost,23.914343,223.97867
46,BREAD/BAKERY,13546.571631445313,16391.732,20667.89704736328,Low,XGBoost,16622.312,-230.58008
46,CELEBRATION,220.70225048065186,381.5769,607.7753639221191,Low,XGBoost,232.82408,148.75282
46,CLEANING,34579.04731757812,41258.78,53394.427001953125,Low,XGBoost,42368.902,-1110.1211
46,DAIRY,20702.73017890625,27382.465,39518.10986328125,Low,XGBoost,28278.465,-896.0
46,DELI,11079.24177265625,13334.469,16401.481916503904,Low,XGBoost,13698.901,-364.43262
46,EGGS,1958.4994901123046,2629.8645,3441.035752319336,Low,XGBoost,2657.77,-27.905518
46,FROZEN FOODS,3121.789684326172,3943.2363,4980.4789279785155,Low,XGBoost,3964.4973,-21.260986
46,GROCERY I,144685.10713203126,151364.84,163500.48681640625,Low,XGBoost,166786.52,-15421.672
46,GROCERY II,528.9501914978027,833.38947,1260.4439659118652,Low,XGBoost,761.32513,72.06433
46,HARDWARE,180.80655040740967,225.67368,324.77618446350095,Low,XGBoost,32.83452,192.83916
46,HOME AND KITCHEN I,454.8500738143921,725.62213,1102.680718421936,Low,XGBoost,659.6031,66.01904
46,HOME AND KITCHEN II,299.55514430999756,529.9265,846.9900331497192,Low,XGBoost,537.8355,-7.9089966
46,HOME APPLIANCES,190.88067014217376,225.36589,317.5613977909088,Low,XGBoost,27.291862,198.07404
46,HOME CARE,8984.694122314453,10944.954,13407.391630126953,Low,XGBoost,11201.694,-256.74023
46,LADIESWEAR,336.41875553131104,620.6577,1017.7146520614624,Low,XGBoost,755.31415,-134.65643
46,LAWN AND GARDEN,316.81611156463623,560.65436,897.7162523269653,Low,XGBoost,530.12805,30.526306
46,LINGERIE,53.19788455963135,251.9445,550.2714235782623,Low,XGBoost,374.53293,-122.588425
46,"LIQUOR,WINE,BEER",1291.4132696838378,1907.015,2644.7259117126464,Low,XGBoost,2075.4775,-168.46252
46,MAGAZINES,169.17614364624023,255.61362,382.3440866470337,Low,XGBoost,98.812225,156.80139
46,MEATS,14229.663623828124,17369.793,22250.53167578125,Low,XGBoost,17610.262,-240.46875
46,PERSONAL CARE,10413.96540546875,12669.192,15736.205549316406,Low,XGBoost,12964.117,-294.9248
46,PET SUPPLIES,286.74188709259033,503.64633,800.7115240097046,Low,XGBoost,411.121,92.52533
46,PLAYERS AND ELECTRONICS,462.5176191329956,733.2897,1110.3482637405396,Low,XGBoost,652.8151,80.47455
46,POULTRY,11324.606409082031,13874.801,17546.389188964844,Low,XGBoost,13972.6,-97.79883
46,PREPARED FOODS,1802.378201171875,2436.2227,3190.876218017578,Low,XGBoost,2397.478,38.74463
46,PRODUCE,40182.572341992185,46862.31,58997.95202636719,Low,XGBoost,47804.184,-941.875
46,SCHOOL AND OFFICE SUPPLIES,217.34009997558593,474.5329,1127.53099363327,Low,XGBoost,1614.4402,-1139.9072
46,SEAFOOD,562.7181053161621,867.15735,1294.2118797302246,Low,XGBoost,869.0569,-1.8995361
47,AUTOMOTIVE,184.84999656677246,318.66235,503.9916515350342,Low,XGBoost,193.3634,125.29895
47,BABY CARE,3679.364589369297,3701.3743,3784.53372092247,Low,XGBoost,19.350513,3682.0237
47,BEAUTY,146.77124691009521,344.0679,612.960883140564,Low,XGBoost,381.33356,-37.265656
47,BEVERAGES,134599.53681953126,141279.27,153414.91650390625,Low,XGBoost,150173.6,-8894.328
47,BOOKS,199.90302506685256,222.06647,305.22589869499205,Low,XGBoost,19.504255,202.56221
47,BREAD/BAKERY,15024.30568984375,19049.336,25743.801649902343,Low,XGBoost,19290.352,-241.01562
47,CELEBRATION,327.9665174484253,544.871,841.9361543655396,Low,XGBoost,459.29282,85.578156
47,CLEANING,34362.4416046875,41042.176,53177.8212890625,Low,XGBoost,41883.38,-841.2031
47,DAIRY,30500.668899609376,37180.402,49316.048583984375,Low,XGBoost,38046.152,-865.75
47,DELI,9653.674682617188,11613.935,14076.372190429687,Low,XGBoost,11939.482,-325.54785
47,EGGS,4999.56403894043,6228.4805,7788.808452514649,Low,XGBoost,6271.2383,-42.757812
47,FROZEN FOODS,3589.3204412841797,4552.2935,5784.581911499024,Low,XGBoost,4569.591,-17.297363
47,GROCERY I,148431.80244453126,155111.53,167247.18212890625,Low,XGBoost,171278.36,-16166.828
47,GROCERY II,666.2400321960449,988.9221,1432.919181427002,Low,XGBoost,922.6797,66.24243
47,HARDWARE,181.2742582321167,219.88292,312.3383000850678,Low,XGBoost,30.688953,189.19397
47,HOME AND KITCHEN I,676.9623489379883,1036.13,1514.0122478027342,Low,XGBoost,1060.2188,-24.088745
47,HOME AND KITCHEN II,852.9343528747559,1321.5588,1901.0965006408692,Low,XGBoost,1382.7803,-61.221436
47,HOME APPLIANCES,175.62492776215078,213.5271,305.9824770450592,Low,XGBoost,31.546822,181.98029
47,HOME CARE,9522.918579101562,11483.179,13945.616086914062,Low,XGBoost,11721.43,-238.25098
47,LADIESWEAR,340.87105655670166,625.11,1022.166953086853,Low,XGBoost,757.3111,-132.20111
47,LAWN AND GARDEN,355.0828094482422,619.1214,986.1808280944824,Low,XGBoost,590.6717,28.449707
47,LINGERIE,109.9137302994728,223.21782,410.2573169231415,Low,XGBoost,183.43546,39.782364
47,"LIQUOR,WINE,BEER",2401.678113952637,3110.5635,3978.252621520996,Low,XGBoost,3320.1633,-209.59985
47,MAGAZINES,195.57626342773438,319.76166,488.7432584762573,Low,XGBoost,166.33412,153.42754
47,MEATS,13733.382349023437,16283.576,19955.16512890625,Low,XGBoost,16487.75,-204.17383
47,PERSONAL CARE,10026.149426464845,12281.376,15348.3895703125,Low,XGBoost,12623.964,-342.5879
47,PET SUPPLIES,276.5654363632202,486.04236,773.1083641052246,Low,XGBoost,391.06943,94.97293
47,PLAYERS AND ELECTRONICS,350.59605598449707,574.23395,881.298318862915,Low,XGBoost,498.28818,75.94577
47,POULTRY,15553.27916435547,20168.244,28071.860396484375,Low,XGBoost,20306.502,-138.25781
47,PREPARED FOODS,2865.457897216797,3686.9045,4724.1471408691405,Low,XGBoost,3645.7974,41.107178
47,PRODUCE,85438.1652375,92117.9,104253.544921875,Low,XGBoost,94535.25,-2417.3516
47,SCHOOL AND OFFICE SUPPLIES,0.0,158.33025,788.6956303195952,Low,XGBoost,1457.9279,-1299.5977
47,SEAFOOD,628.2470283508301,1005.65753,1500.4823020324707,Low,XGBoost,1023.23755,-17.580017
48,AUTOMOTIVE,175.6487693786621,299.33798,468.3195858001709,Low,XGBoost,178.30305,121.03493
48,BABY CARE,3680.700013680756,3705.8484,3791.137003993988,Low,XGBoost,22.906128,3682.9424
48,BEAUTY,160.94719123840332,366.74094,653.8069229125977,Low,XGBoost,413.43393,-46.692993
48,BEVERAGES,72190.51533515625,78870.25,91005.89501953125,Low,XGBoost,80991.48,-2121.2266
48,BOOKS,2182.4296546414494,2207.5781,2292.8666449546813,Low,XGBoost,22.906128,2184.6719
48,BREAD/BAKERY,11448.43482685547,13703.662,16770.674970703123,Low,XGBoost,13927.334,-223.67188
48,CELEBRATION,276.7871370315552,480.2247,757.291522026062,Low,XGBoost,371.36884,108.855865
48,CLEANING,29465.582840039064,36145.316,48280.96252441406,Low,XGBoost,37101.695,-956.3789
48,DAIRY,16608.24615673828,21518.178,30026.370024902346,Low,XGBoost,22217.77,-699.5918
48,DELI,8693.352233886719,10653.612,13116.049741699218,Low,XGBoost,11016.375,-362.7627
48,EGGS,1498.9432554321288,2151.5479,2934.460394958496,Low,XGBoost,2175.5486,-24.000732
48,FROZEN FOODS,2516.817287780762,3244.463,4140.4109180297855,Low,XGBoost,3265.413,-20.950195
48,GROCERY I,128031.9630890625,134711.7,146847.3427734375,Low,XGBoost,141600.98,-6889.2812
48,GROCERY II,533.3129043579102,837.7522,1264.8066787719727,Low,XGBoost,757.2314,80.52081
48,HARDWARE,221.6988335043192,255.62207,345.68849620819094,Low,XGBoost,28.568008,227.05406
48,HOME AND KITCHEN I,329.35924530029297,593.3978,960.4572639465332,Low,XGBoost,588.3706,5.0272217
48,HOME AND KITCHEN II,508.35589122772217,842.5473,1293.48778931427,Low,XGBoost,899.42,-56.87268
48,HOME APPLIANCES,197.62786925239487,236.31233,330.89679765701294,Low,XGBoost,29.65,206.66234
48,HOME CARE,7892.902526855469,9853.162,12315.600034667968,Low,XGBoost,10104.824,-251.66211
48,LADIESWEAR,330.8729238510132,615.1119,1012.1688203811646,Low,XGBoost,743.3347,-128.22284
48,LAWN AND GARDEN,172.5872983932495,328.7328,550.4081134796143,Low,XGBoost,241.79521,86.93758
48,LINGERIE,178.36321765184402,219.15407,313.73853158950806,Low,XGBoost,37.880207,181.27386
48,"LIQUOR,WINE,BEER",1251.795208618164,1849.154,2569.922475830078,Low,XGBoost,2018.8959,-169.74182
48,MAGAZINES,162.14146614074707,241.38782,363.34037160873413,Low,XGBoost,75.56678,165.82104
48,MEATS,12439.864722265625,15285.026,19561.190138183592,Low,XGBoost,15506.957,-221.93066
48,PERSONAL CARE,10061.350049023438,12316.577,15383.590192871094,Low,XGBoost,12631.303,-314.7256
48,PET SUPPLIES,274.3282356262207,485.1397,774.0310487747192,Low,XGBoost,382.92255,102.21716
48,PLAYERS AND ELECTRONICS,288.5989990234375,512.2369,819.3012619018555,Low,XGBoost,431.4167,80.82019
48,POULTRY,11406.30043984375,13956.495,17628.083219726563,Low,XGBoost,14071.749,-115.25391
48,PREPARED FOODS,1180.9148788452148,1594.8109,2123.5209021606443,Low,XGBoost,1540.0718,54.739136
48,PRODUCE,25564.007766796876,32243.742,44379.387451171875,Low,XGBoost,33227.992,-984.25
48,SCHOOL AND OFFICE SUPPLIES,0.0,151.01868,754.4423035850524,Low,XGBoost,1351.5991,-1200.5804
48,SEAFOOD,242.00728797912598,476.8371,803.8997993469238,Low,XGBoost,468.95685,7.880249
49,AUTOMOTIVE,169.0909595489502,273.90115,418.36127185821533,Low,XGBoost,142.69507,131.20609
49,BABY CARE,3682.345333993435,3716.0215,3805.828137397766,Low,XGBoost,32.423973,3683.5974
49,BEAUTY,91.1393928527832,274.16153,524.8815078735352,Low,XGBoost,285.06375,-10.902222
49,BEVERAGES,108306.608596875,114986.34,127121.98828125,Low,XGBoost,119908.91,-4922.5625
49,BOOKS,2184.0748795866966,2217.7512,2307.557682991028,Low,XGBoost,32.423973,2185.3271
49,BREAD/BAKERY,15107.38429169922,20312.283,29425.050795898438,Low,XGBoost,20502.99,-190.70703
49,CELEBRATION,263.9060535430908,479.49454,776.5597066879272,Low,XGBoost,377.62344,101.87109
49,CLEANING,26855.9591828125,33535.695,45671.3388671875,Low,XGBoost,34020.51,-484.8164
49,DAIRY,30924.090774609373,37603.824,49739.470458984375,Low,XGBoost,38431.758,-827.9336
49,DELI,6216.468560546875,7910.785,10045.183125,Low,XGBoost,8210.206,-299.4209
49,EGGS,6479.624325439453,8306.912,10605.330361572265,Low,XGBoost,8356.85,-49.9375
49,FROZEN FOODS,4951.9582071533205,6313.846,8038.194092407227,Low,XGBoost,6343.495,-29.648926
49,GROCERY I,120237.76680000001,126917.5,139053.146484375,Low,XGBoost,133776.88,-6859.375
49,GROCERY II,786.6868286132812,1109.3689,1553.3659778442384,Low,XGBoost,1050.6096,58.759277
49,HARDWARE,187.77260565757751,242.1496,349.76844596862793,Low,XGBoost,43.15435,198.99524
49,HOME AND KITCHEN I,761.0299911499023,1120.1976,1598.0798900146483,Low,XGBoost,1114.1829,6.0147705
49,HOME AND KITCHEN II,506.0012741088867,810.44055,1237.4950485229492,Low,XGBoost,885.53656,-75.09601
49,HOME APPLIANCES,187.70841399431228,239.69162,345.18137631416323,Low,XGBoost,41.3002,198.39142
49,HOME CARE,6685.882139526368,8579.656,10960.083911499023,Low,XGBoost,8817.318,-237.66211
49,LADIESWEAR,153.09776306152344,390.20258,717.2652778625488,Low,XGBoost,497.96594,-107.76337
49,LAWN AND GARDEN,354.4581060409546,611.76324,968.8234987258911,Low,XGBoost,573.0078,38.755432
49,LINGERIE,105.45853900909424,308.69733,589.4148416519165,Low,XGBoost,375.5368,-66.83948
49,"LIQUOR,WINE,BEER",3091.25660357666,4159.886,5496.909667907715,Low,XGBoost,4349.304,-189.41797
49,MAGAZINES,218.0120553970337,387.00348,629.5496158599854,Low,XGBoost,243.18375,143.81973
49,MEATS,11660.581628808593,14210.775,17882.364408691406,Low,XGBoost,14407.864,-197.08887
49,PERSONAL CARE,6693.555845581055,8587.33,10967.75761755371,Low,XGBoost,8870.532,-283.20215
49,PET SUPPLIES,221.15916919708252,412.7714,679.8390274047852,Low,XGBoost,271.97217,140.79922
49,PLAYERS AND ELECTRONICS,312.38080978393555,522.5518,809.6178207397461,Low,XGBoost,433.1185,89.43332
49,POULTRY,14840.485169433594,18275.582,23760.895857421874,Low,XGBoost,18406.895,-131.3125
49,PREPARED FOODS,3156.7606649780273,4034.4878,5156.507276672363,Low,XGBoost,3993.9636,40.52417
49,PRODUCE,114932.96650703125,121612.7,133748.34619140625,Low,XGBoost,130285.79,-8673.086
49,SCHOOL AND OFFICE SUPPLIES,349.8520034179687,633.44995,1292.0742711334228,Low,XGBoost,1809.4941,-1176.0442
49,SEAFOOD,757.7815322875977,1116.9492,1594.8314311523436,Low,XGBoost,1140.3792,-23.429932
50,AUTOMOTIVE,155.35448265075684,259.44373,407.2997622489929,Low,XGBoost,130.28384,129.15988
50,BABY CARE,3680.4369322399607,3704.6172,3789.905818080902,Low,XGBoost,21.049574,3683.5676
50,BEAUTY,104.67107391357422,296.1231,556.8422412872314,Low,XGBoost,330.3143,-34.191193
50,BEVERAGES,68117.72749335937,74797.46,86933.10717773438,Low,XGBoost,77020.52,-2223.0625
50,BOOKS,253.16417736811565,277.56488,362.85340509414675,Low,XGBoost,22.326986,255.2379
50,BREAD/BAKERY,8242.97705078125,10203.237,12665.67455859375,Low,XGBoost,10396.226,-192.98828
50,CELEBRATION,342.37169075012207,579.4765,906.5392055511475,Low,XGBoost,501.0677,78.40881
50,CLEANING,23524.1779328125,30203.912,42339.5576171875,Low,XGBoost,30650.803,-446.89062
50,DAIRY,15980.015833886719,20005.047,26699.511793945312,Low,XGBoost,20542.387,-537.33984
50,DELI,6552.596980102539,8313.399,10529.807280395507,Low,XGBoost,8562.381,-248.98145
50,EGGS,1330.223217010498,1908.3046,2589.4976136779783,Low,XGBoost,1927.2977,-18.993164
50,FROZEN FOODS,1985.8350445556641,2675.9602,3515.390429443359,Low,XGBoost,2695.0635,-19.103271
50,GROCERY I,100664.70674140625,107344.445,119480.08642578125,Low,XGBoost,111091.47,-3747.0234
50,GROCERY II,1266.1444854736328,1825.983,2490.2335073242184,Low,XGBoost,1776.7145,49.268555
50,HARDWARE,220.15270464476197,248.73837,336.15598225593567,Low,XGBoost,28.066391,220.67198
50,HOME AND KITCHEN I,569.7343521118164,874.17365,1301.228126525879,Low,XGBoost,856.97046,17.203186
50,HOME AND KITCHEN II,474.8367328643799,779.276,1206.3305072784424,Low,XGBoost,789.002,-9.726013
50,HOME APPLIANCES,201.47185999155045,231.88132,319.55879101753237,Low,XGBoost,29.233915,202.6474
50,HOME CARE,6252.762324340821,8013.565,10229.972624633789,Low,XGBoost,8176.236,-162.6709
50,LADIESWEAR,286.9057788848877,582.65405,986.6544242706299,Low,XGBoost,654.493,-71.83893
50,LAWN AND GARDEN,155.98569107055664,265.19543,415.4404079914093,Low,XGBoost,152.98341,112.21202
50,LINGERIE,161.59043188095092,215.60739,321.357014131546,Low,XGBoost,45.42533,170.18207
50,"LIQUOR,WINE,BEER",1481.0215161743163,2152.3865,2963.557778381348,Low,XGBoost,2298.496,-146.10962
50,MAGAZINES,171.24340438842773,278.95456,431.58849811553955,Low,XGBoost,121.3764,157.57816
50,MEATS,7840.019987426758,9733.794,12114.221759399414,Low,XGBoost,9846.097,-112.302734
50,PERSONAL CARE,6838.732054077149,8732.506,11112.933826049804,Low,XGBoost,9014.446,-281.94043
50,PET SUPPLIES,212.31551265716553,340.87766,518.0330944061279,Low,XGBoost,187.84045,153.0372
50,PLAYERS AND ELECTRONICS,294.4853343963623,504.65634,791.7223453521729,Low,XGBoost,409.21893,95.43741
50,POULTRY,5715.336352050781,7143.71,8950.06797314453,Low,XGBoost,7202.864,-59.15381
50,PREPARED FOODS,813.5963821411133,1191.0068,1685.8316558227539,Low,XGBoost,1130.2435,60.763306
50,PRODUCE,30234.495071484376,36914.23,49049.874755859375,Low,XGBoost,37642.684,-728.4531
50,SCHOOL AND OFFICE SUPPLIES,0.0,133.4965,719.9775665664672,Low,XGBoost,1300.4248,-1166.9283
50,SEAFOOD,143.0762071609497,309.75162,547.774600982666,Low,XGBoost,269.60352,40.1481
51,AUTOMOTIVE,124.1454849243164,214.17853,343.29794669151306,Low,XGBoost,80.32237,133.85616
51,BABY CARE,3356.642492644489,3376.6958,3457.726061630249,Low,XGBoost,17.569643,3359.1262
51,BEAUTY,51.395957946777344,196.40244,409.64916467666626,Low,XGBoost,216.50296,-20.100525
51,BEVERAGES,66837.05073554687,73516.79,85652.43041992188,Low,XGBoost,76159.14,-2642.3516
51,BOOKS,196.62874570339918,217.05605,298.0863988876343,Low,XGBoost,18.356012,198.70003
51,BREAD/BAKERY,12280.057263378907,14535.284,17602.29740722656,Low,XGBoost,14700.708,-165.42383
51,CELEBRATION,159.2339916229248,256.45816,390.35549092292786,Low,XGBoost,104.762505,151.69565
51,CLEANING,18481.779714648437,24571.58,35498.07412695313,Low,XGBoost,24967.95,-396.36914
51,DAIRY,19841.894167968752,26226.662,37757.731216308595,Low,XGBoost,26868.064,-641.40234
51,DELI,3351.7704061279296,4248.258,5398.53614050293,Low,XGBoost,4491.965,-243.70703
51,EGGS,4720.5159095458985,5816.4604,7212.76885144043,Low,XGBoost,5864.2114,-47.750977
51,FROZEN FOODS,3403.5595999145507,4281.2866,5403.306211608887,Low,XGBoost,4333.7144,-52.427734
51,GROCERY I,76931.8810578125,83611.62,95747.2607421875,Low,XGBoost,86106.86,-2495.2422
51,GROCERY II,494.278525352478,791.9844,1209.0396738052368,Low,XGBoost,713.63544,78.34894
51,HARDWARE,180.54911599457265,209.77112,297.4485968112946,Low,XGBoost,23.552254,186.21887
51,HOME AND KITCHEN I,419.205527305603,689.97754,1067.036171913147,Low,XGBoost,688.6897,1.2878418
51,HOME AND KITCHEN II,427.8361358642578,732.2754,1159.3299102783203,Low,XGBoost,769.84015,-37.56476
51,HOME APPLIANCES,170.12030580043793,204.02536,295.9610072612762,Low,XGBoost,26.928629,177.09673
51,HOME CARE,4658.838220947266,5754.7827,7151.091162841797,Low,XGBoost,5958.3228,-203.54004
51,LADIESWEAR,158.03842178583145,212.6305,318.1202572345734,Low,XGBoost,46.067413,166.56308
51,LAWN AND GARDEN,496.7646703720093,812.7133,1246.7111936416627,Low,XGBoost,784.8366,27.876709
51,LINGERIE,150.87889862060547,244.5075,376.0158791542053,Low,XGBoost,83.429375,161.07812
51,"LIQUOR,WINE,BEER",1583.2767499389647,2254.6416,3065.8130121459963,Low,XGBoost,2405.854,-151.2124
51,MAGAZINES,178.17490673065186,284.98743,429.4475336074829,Low,XGBoost,136.29517,148.69226
51,MEATS,8263.068646435548,10518.296,13585.308790283203,Low,XGBoost,10700.422,-182.12598
51,PERSONAL CARE,3790.508734741211,4753.482,5985.770204956055,Low,XGBoost,4980.923,-227.44092
51,PET SUPPLIES,199.41382122039795,381.4091,640.3028964996338,Low,XGBoost,248.4122,132.99689
51,PLAYERS AND ELECTRONICS,162.69278526306152,276.95834,437.766131401062,Low,XGBoost,134.0514,142.90694
51,POULTRY,13496.225152978515,16046.42,19718.00793286133,Low,XGBoost,17651.986,-1605.5664
51,PREPARED FOODS,1379.299171447754,1975.6233,2673.758942932129,Low,XGBoost,1941.786,33.83728
51,PRODUCE,77632.72602851562,84312.46,96448.10571289062,Low,XGBoost,88306.32,-3993.8594
51,SCHOOL AND OFFICE SUPPLIES,95.23912560939789,99.832466,168.08830299377442,Low,XGBoost,3.4946866,96.337776
51,SEAFOOD,446.8101921081543,751.24945,1178.3039665222168,Low,XGBoost,773.4815,-22.232056
52,AUTOMOTIVE,163.19381046295166,277.49408,438.30186653137207,Low,XGBoost,152.35387,125.14021
52,BABY CARE,4074.641272366047,4107.2666,4197.072979927063,Low,XGBoost,28.14756,4079.1191
52,BEAUTY,55.02815341949463,222.31804,456.6903371810913,Low,XGBoost,267.181,-44.86296
52,BEVERAGES,63182.8068390625,69862.54,81998.1865234375,Low,XGBoost,72037.51,-2174.9688
52,BOOKS,3666.7171085476875,3699.3423,3789.1488161087036,Low,XGBoost,28.14756,3671.1948
52,BREAD/BAKERY,10785.302062988281,12745.562,15207.999570800781,Low,XGBoost,12941.856,-196.29492
52,CELEBRATION,192.83340740203857,297.2401,441.7002296447754,Low,XGBoost,144.53285,152.70726
52,CLEANING,20100.367630078126,26780.104,38915.747314453125,Low,XGBoost,27285.367,-505.26367
52,DAIRY,14782.521302246094,18217.617,23702.931990234374,Low,XGBoost,18719.424,-501.80664
52,DELI,4626.033707641602,5987.9214,7712.269592895507,Low,XGBoost,6292.92,-304.99854
52,EGGS,2551.0800622558595,3335.006,4315.731060546875,Low,XGBoost,3368.5151,-33.509033
52,FROZEN FOODS,3780.790401489258,4943.2207,6421.539079223633,Low,XGBoost,4977.133,-33.91211
52,GROCERY I,86645.2697296875,93325.01,105460.6494140625,Low,XGBoost,96077.1,-2752.0938
52,GROCERY II,725.7157516479492,1030.155,1457.2095260620117,Low,XGBoost,966.6201,63.534912
52,HARDWARE,170.82506012916565,231.81175,341.8195559978485,Low,XGBoost,51.32512,180.48663
52,HOME AND KITCHEN I,540.0277633666992,844.46704,1271.5215377807617,Low,XGBoost,838.9895,5.477539
52,HOME AND KITCHEN II,449.3335647583008,753.7728,1180.8273391723633,Low,XGBoost,819.9656,-66.19275
52,HOME APPLIANCES,200.33624707460405,238.64532,332.71004991531373,Low,XGBoost,35.047638,203.59769
52,HOME CARE,4689.999156982422,5852.4297,7330.747834716797,Low,XGBoost,6042.596,-190.1665
52,LADIESWEAR,175.79038524627686,276.61014,412.8964033126831,Low,XGBoost,120.92456,155.68558
52,LAWN AND GARDEN,670.6434631347656,1029.8112,1507.6933619995116,Low,XGBoost,1007.7106,22.100586
52,LINGERIE,169.350341796875,270.1701,406.45635986328125,Low,XGBoost,110.38191,159.7882
52,"LIQUOR,WINE,BEER",2659.5016536865232,3368.387,4236.076161254883,Low,XGBoost,3547.6504,-179.26343
52,MAGAZINES,183.83362197875977,284.65338,420.939640045166,Low,XGBoost,129.36806,155.28532
52,MEATS,6303.823022216797,7998.1396,10132.537586669921,Low,XGBoost,8118.9214,-120.78174
52,PERSONAL CARE,4369.315303833008,5531.7456,7010.063981567383,Low,XGBoost,5799.724,-267.97852
52,PET SUPPLIES,198.80059051513672,344.49893,554.3497104644775,Low,XGBoost,195.12025,149.37868
52,PLAYERS AND ELECTRONICS,232.0188455581665,427.17706,694.2447147369385,Low,XGBoost,311.36743,115.80963
52,POULTRY,6197.46831640625,7891.785,10026.182880859375,Low,XGBoost,7986.8794,-95.09424
52,PREPARED FOODS,1410.2182540893555,2006.5424,2704.6780255737303,Low,XGBoost,1970.5413,36.0011
52,PRODUCE,67335.4621125,74015.195,86150.841796875,Low,XGBoost,76952.336,-2937.1406
52,SCHOOL AND OFFICE SUPPLIES,154.51960065811872,165.57953,238.35340528488157,Low,XGBoost,9.571232,156.0083
52,SEAFOOD,68.02145729064941,116.19223,232.16213641166686,Low,XGBoost,82.794914,33.397316
53,AUTOMOTIVE,111.49617862701416,205.12479,336.633159160614,Low,XGBoost,96.74329,108.38149
53,BABY CARE,134.04723370969296,146.6333,221.27639899253845,Low,XGBoost,9.288207,137.3451
53,BEAUTY,70.54947621822357,167.34239,322.5100309371948,Low,XGBoost,118.15324,49.189156
53,BEVERAGES,30432.761184765623,37112.496,49248.140869140625,Low,XGBoost,38358.496,-1246.0
53,BOOKS,2924.826928266883,2937.2642,3011.9072402477263,Low,XGBoost,9.108939,2928.1553
53,BREAD/BAKERY,6252.000334106446,8145.7744,10526.202106079101,Low,XGBoost,8326.84,-181.06543
53,CELEBRATION,162.97424983978271,245.81616,370.157674074173,Low,XGBoost,89.86676,155.9494
53,CLEANING,13680.724109667968,16820.854,21701.592161621094,Low,XGBoost,17181.889,-361.03516
53,DAIRY,7213.677642822266,9173.9375,11636.375150634765,Low,XGBoost,9558.247,-384.30957
53,DELI,3203.166680053711,4062.1335,5155.894169067383,Low,XGBoost,4275.448,-213.3147
53,EGGS,1065.9633293151855,1607.559,2254.866976348877,Low,XGBoost,1637.6996,-30.140625
53,FROZEN FOODS,1542.7875868530273,2176.632,2931.2856036987305,Low,XGBoost,2202.8794,-26.247314
53,GROCERY I,45443.08638007812,52122.82,64258.466064453125,Low,XGBoost,54329.62,-2206.8008
53,GROCERY II,196.69792938232422,339.2953,540.9722385406494,Low,XGBoost,216.13434,123.16095
53,HARDWARE,175.99947168827057,193.20515,272.10642113685606,Low,XGBoost,15.785693,177.41946
53,HOME AND KITCHEN I,258.6121139526367,482.25003,789.3143768310547,Low,XGBoost,487.75275,-5.502716
53,HOME AND KITCHEN II,299.6347961425781,523.2727,830.3370590209961,Low,XGBoost,496.46014,26.812561
53,HOME APPLIANCES,174.12798411250114,187.45319,264.2253623008728,Low,XGBoost,9.083369,178.36981
53,HOME CARE,2726.0182517700196,3566.225,4631.726618103027,Low,XGBoost,3737.641,-171.41602
53,LADIESWEAR,149.54925552606582,210.19038,320.4580482006073,Low,XGBoost,49.662197,160.52818
53,LAWN AND GARDEN,175.6985502243042,293.0244,455.65754795074463,Low,XGBoost,198.45184,94.57257
53,LINGERIE,147.7124638557434,209.85591,322.25265550613403,Low,XGBoost,50.580013,159.2759
53,"LIQUOR,WINE,BEER",1004.4258766174316,1491.2932,2087.7733992004396,Low,XGBoost,1638.8446,-147.55139
53,MAGAZINES,171.03328090906143,200.53075,288.2082241535187,Low,XGBoost,27.738121,172.79263
53,MEATS,3736.9324576416016,4766.3916,6080.689663696289,Low,XGBoost,4829.3677,-62.976074
53,PERSONAL CARE,3088.2381674804687,3947.205,5040.965656494141,Low,XGBoost,4143.303,-196.09814
53,PET SUPPLIES,149.22864853143693,210.23232,318.6307638168335,Low,XGBoost,49.01821,161.21411
53,PLAYERS AND ELECTRONICS,149.13093876838684,220.96693,338.141583442688,Low,XGBoost,64.65124,156.3157
53,POULTRY,2713.4845546264646,3441.1301,4337.078184875489,Low,XGBoost,3481.7534,-40.62329
53,PREPARED FOODS,695.4068832397461,1018.089,1462.0860324707032,Low,XGBoost,956.4493,61.63971
53,PRODUCE,26414.11775214844,33093.85,45229.49743652344,Low,XGBoost,34176.508,-1082.6562
53,SCHOOL AND OFFICE SUPPLIES,94.20861458778381,94.20862,158.20628151893615,Low,XGBoost,0.0,94.20862
53,SEAFOOD,58.98083192110062,65.72644,155.10785290002823,Low,XGBoost,45.99706,19.729382
54,AUTOMOTIVE,111.71033028364181,177.24431,289.9009238243103,Low,XGBoost,51.481083,125.76323
54,BABY CARE,2904.4827924892306,2917.6199,2992.2629989147185,Low,XGBoost,10.693469,2906.9265
54,BEAUTY,134.88208904266358,160.6656,246.21399850845336,Low,XGBoost,28.196402,132.46921
54,BEVERAGES,44032.37178046875,50712.105,62847.75146484375,Low,XGBoost,54800.42,-4088.3164
54,BOOKS,2496.5587354823947,2509.6958,2584.3389419078826,Low,XGBoost,10.693469,2499.0024
54,BREAD/BAKERY,3063.254456237793,4007.4673,5211.496803771973,Low,XGBoost,4171.7305,-164.26318
54,CELEBRATION,148.54538424909114,204.16754,319.35784511566163,Low,XGBoost,73.61901,130.54852
54,CLEANING,13963.873487500001,17693.938,23783.82681152344,Low,XGBoost,18343.664,-649.72656
54,DAIRY,3213.7047415161132,4091.432,5213.451353210449,Low,XGBoost,4309.5894,-218.15747
54,DELI,3039.2835318603516,3898.2505,4992.011020874023,Low,XGBoost,4070.9495,-172.69897
54,EGGS,749.2480125427246,1126.6584,1621.4832862243652,Low,XGBoost,1162.2404,-35.58191
54,FROZEN FOODS,447.00457096099854,731.2435,1128.30046749115,Low,XGBoost,706.0325,25.21106
54,GROCERY I,43923.23774726562,50602.973,62738.617431640625,Low,XGBoost,52830.35,-2227.379
54,GROCERY II,125.81071901321411,227.4301,372.89718890190125,Low,XGBoost,99.75492,127.67518
54,HARDWARE,177.1133386939764,192.74467,269.5168528556824,Low,XGBoost,13.154263,179.59041
54,HOME AND KITCHEN I,259.32187271118164,474.36963,773.2601490020752,Low,XGBoost,428.15356,46.216064
54,HOME AND KITCHEN II,172.8766794204712,290.30383,451.11160945892334,Low,XGBoost,163.27232,127.03151
54,HOME APPLIANCES,171.3564440205693,185.42764,262.19982957839966,Low,XGBoost,10.218924,175.20872
54,HOME CARE,2963.8847526245117,3804.0916,4869.593118957519,Low,XGBoost,3972.2012,-168.10962
54,LADIESWEAR,1729.7738773703575,1742.1605,1816.8036025524138,Low,XGBoost,9.278131,1732.8824
54,LAWN AND GARDEN,1729.7738773703575,1742.1605,1816.8036025524138,Low,XGBoost,9.278131,1732.8824
54,LINGERIE,160.4509238779545,197.5192,289.7147071361542,Low,XGBoost,33.7371,163.7821
54,"LIQUOR,WINE,BEER",407.39709854125977,711.83636,1138.8908729553223,Low,XGBoost,771.3096,-59.473206
54,MAGAZINES,174.22600494027137,193.79642,274.8267724990845,Low,XGBoost,15.123655,178.67276
54,MEATS,518.5011596679688,822.9404,1249.9949340820312,Low,XGBoost,813.06714,9.873291
54,PERSONAL CARE,2288.6612240600584,2978.7864,3818.2166089477537,Low,XGBoost,3140.3787,-161.59229
54,PET SUPPLIES,172.51955019235612,191.25757,272.2879274368286,Low,XGBoost,14.291555,176.96602
54,PLAYERS AND ELECTRONICS,173.25572401639073,205.1439,294.9504613876343,Low,XGBoost,26.27824,178.86566
54,POULTRY,745.6532936096191,1086.5781,1547.5178176574707,Low,XGBoost,1078.8679,7.710205
54,PREPARED FOODS,943.6631088256836,1339.3164,1851.0837573242188,Low,XGBoost,1292.4563,46.860107
54,PRODUCE,9133.475341796875,11093.735,13556.172849609375,Low,XGBoost,11524.96,-431.2246
54,SCHOOL AND OFFICE SUPPLIES,1029.7031593322754,1029.7031,1093.7008262634276,Low,XGBoost,0.0,1029.7031
54,SEAFOOD,69.09427943453193,81.746544,154.78028490543366,Low,XGBoost,15.935525,65.81102
1,AUTOMOTIVE,338.7543842792511,421.55536,545.8968842029572,Medium,XGBoost,74.97394,346.58142
1,BABY CARE,6705.195533405058,6715.703,6788.2173482894905,Medium,XGBoost,9.1222725,6706.581
1,BEAUTY,277.6239126086235,365.17163,492.1619630813599,Medium,XGBoost,116.14535,249.02628
1,BEVERAGES,28513.145803515625,34602.945,45529.440215820316,Medium,XGBoost,35023.445,-420.5
1,BOOKS,417.4517083257437,429.6513,502.1653129577637,Medium,XGBoost,13.75259,415.8987
1,BREAD/BAKERY,4703.56133972168,5828.471,7250.271772094727,Medium,XGBoost,5785.8306,42.640625
1,CELEBRATION,361.77589225769043,546.0979,804.9917163848877,Medium,XGBoost,266.99005,279.10785
1,CLEANING,8947.910214111329,10775.198,13073.61625024414,Medium,XGBoost,10867.421,-92.22266
1,DAIRY,9529.16231982422,11356.45,13654.86835595703,Medium,XGBoost,11512.032,-155.58203
1,DELI,1658.2913398742676,2236.3726,2917.565736541748,Medium,XGBoost,2235.7485,0.62402344
1,EGGS,1791.3942794799805,2387.7183,3085.8540509643553,Medium,XGBoost,2270.081,117.63721
1,FROZEN FOODS,1551.887107849121,2111.7256,2775.9761296997067,Medium,XGBoost,2000.3756,111.349976
1,GROCERY I,34936.054494921875,41025.855,51952.348907226566,Medium,XGBoost,41896.668,-870.8125
1,GROCERY II,394.5217180252075,597.9593,875.0261030197144,Medium,XGBoost,369.83237,228.12692
1,HARDWARE,376.3191249847412,394.56644,473.46771683692936,Medium,XGBoost,17.838299,376.72815
1,HOME AND KITCHEN I,441.0331029891968,657.93756,955.002739906311,Medium,XGBoost,487.1352,170.80237
1,HOME AND KITCHEN II,367.11334133148193,610.9516,948.013482093811,Medium,XGBoost,528.31287,82.63873
1,HOME APPLIANCES,450.43590389788153,464.7123,539.3553908824921,Medium,XGBoost,13.234737,451.47757
1,HOME CARE,2242.608497314453,2932.7336,3772.163882202148,Medium,XGBoost,2927.4563,5.2773438
1,LADIESWEAR,348.18691539764404,449.00665,585.2929334640503,Medium,XGBoost,107.198204,341.80844
1,LAWN AND GARDEN,357.23146533966064,535.01276,787.558051109314,Medium,XGBoost,263.79517,271.2176
1,LINGERIE,379.8426978588104,461.75317,586.0947000980377,Medium,XGBoost,72.41276,389.34042
1,"LIQUOR,WINE,BEER",1040.8552474975586,1527.7225,2124.2027700805666,Medium,XGBoost,1499.9689,27.753662
1,MAGAZINES,369.9372863769531,441.79346,558.9681224822998,Medium,XGBoost,58.575947,383.2175
1,MEATS,3847.388591796875,4839.327,6097.107552490234,Medium,XGBoost,4756.2676,83.05957
1,PERSONAL CARE,1808.1168731079101,2423.2012,3149.595767272949,Medium,XGBoost,2448.8113,-25.610107
1,PET SUPPLIES,361.5233121275902,418.51236,526.3910652160645,Medium,XGBoost,46.504875,372.00748
1,PLAYERS AND ELECTRONICS,338.338828086853,439.88086,581.9520056247711,Medium,XGBoost,92.02165,347.8592
1,POULTRY,4534.252530761719,5592.677,6932.467227294922,Medium,XGBoost,5491.0913,101.58545
1,PREPARED FOODS,783.4667053222656,1087.906,1514.9604797363281,Medium,XGBoost,886.99536,200.91064
1,PRODUCE,31878.897390429687,37968.7,48895.19180273438,Medium,XGBoost,38792.21,-823.5117
1,SCHOOL AND OFFICE SUPPLIES,2603.6665649414062,2603.6665,2667.6642318725585,Medium,XGBoost,0.0,2603.6665
1,SEAFOOD,336.0444288253784,532.67914,809.7459478378296,Medium,XGBoost,289.40375,243.27539
2,AUTOMOTIVE,312.2727208137512,387.81934,507.382928609848,Medium,XGBoost,65.63858,322.18076
2,BABY CARE,6766.215989975166,6785.2217,6864.123160028458,Medium,XGBoost,17.034428,6768.187
2,BEAUTY,232.18707847595215,381.50848,591.3592720031738,Medium,XGBoost,200.96294,180.54555
2,BEVERAGES,44267.014846875,50946.75,63082.39453125,Medium,XGBoost,51704.574,-757.8242
2,BOOKS,5186.376848129463,5205.383,5284.284018182755,Medium,XGBoost,17.034428,5188.348
2,BREAD/BAKERY,9047.071044921875,11007.331,13469.768552734375,Medium,XGBoost,11026.324,-18.993164
2,CELEBRATION,346.6032123565674,452.46317,596.9232845306396,Medium,XGBoost,155.64517,296.818
2,CLEANING,13833.55494404297,16088.782,19155.795087890623,Medium,XGBoost,16198.651,-109.86914
2,DAIRY,12487.883740429688,14743.11,17810.123884277342,Medium,XGBoost,14954.464,-211.35352
2,DELI,2993.4385856323242,3833.6453,4899.146951965332,Medium,XGBoost,3830.7126,2.9326172
2,EGGS,2450.988122314453,3122.353,3933.5243845214845,Medium,XGBoost,2997.1938,125.15918
2,FROZEN FOODS,1509.6251068115234,2105.9492,2804.0848782958983,Medium,XGBoost,1985.583,120.36621
2,GROCERY I,62667.25239570312,69346.984,81482.63208007812,Medium,XGBoost,69907.07,-560.08594
2,GROCERY II,715.9279327392578,1020.3672,1447.4217071533203,Medium,XGBoost,808.8181,211.54907
2,HARDWARE,410.85879880189896,437.2881,522.5766116142273,Medium,XGBoost,23.46161,413.82648
2,HOME AND KITCHEN I,372.3742618560791,573.2075,844.5207572784424,Medium,XGBoost,372.2988,200.90872
2,HOME AND KITCHEN II,540.660177230835,849.87537,1273.8740745391847,Medium,XGBoost,706.5999,143.27545
2,HOME APPLIANCES,502.7436240129173,526.5216,609.6810349941254,Medium,XGBoost,20.83637,505.68524
2,HOME CARE,3709.4107106933593,4605.898,5756.1764450683595,Medium,XGBoost,4599.4966,6.401367
2,LADIESWEAR,445.399320602417,655.5703,942.6363315582275,Medium,XGBoost,412.55585,243.01447
2,LAWN AND GARDEN,340.292760848999,518.9417,765.1385192871094,Medium,XGBoost,298.42963,220.51208
2,LINGERIE,253.63550472259521,397.92596,605.3878099918365,Medium,XGBoost,188.02237,209.9036
2,"LIQUOR,WINE,BEER",1185.608283996582,1635.99,2198.5850569458007,Medium,XGBoost,1606.7152,29.27478
2,MAGAZINES,308.4879341125488,394.9254,521.6558771133423,Medium,XGBoost,79.82538,315.10004
2,MEATS,6394.054414135742,8183.881,10676.824407104492,Medium,XGBoost,8118.4976,65.3833
2,PERSONAL CARE,3562.3076467895507,4440.0347,5562.054258483887,Medium,XGBoost,4463.8003,-23.765625
2,PET SUPPLIES,308.8853988647461,402.514,534.022379398346,Medium,XGBoost,88.45188,314.06213
2,PLAYERS AND ELECTRONICS,310.5947542190552,400.6278,529.7472159862518,Medium,XGBoost,85.07359,315.5542
2,POULTRY,6476.2071180419925,8237.01,10453.41741833496,Medium,XGBoost,8144.128,92.881836
2,PREPARED FOODS,1311.000431060791,1889.0818,2570.2748277282712,Medium,XGBoost,1712.7145,176.36731
2,PRODUCE,32437.91877753906,39117.652,51253.29846191406,Medium,XGBoost,39795.164,-677.5117
2,SCHOOL AND OFFICE SUPPLIES,2655.7638549804688,2655.764,2719.761521911621,Medium,XGBoost,0.0,2655.764
2,SEAFOOD,396.47595977783203,625.09076,942.1542921066284,Medium,XGBoost,433.62408,191.46667
3,AUTOMOTIVE,288.33160305023193,398.41437,551.048303604126,Medium,XGBoost,131.62965,266.78473
3,BABY CARE,332.3448611021042,382.02362,485.3843008995056,Medium,XGBoost,39.062836,342.9608
3,BEAUTY,251.37592887878418,435.88492,686.6048984527588,Medium,XGBoost,313.4082,122.476715
3,BEVERAGES,130818.64180000001,137498.38,149634.021484375,Medium,XGBoost,140825.55,-3327.1719
3,BOOKS,5365.6563928723335,5402.3936,5494.589220762253,Medium,XGBoost,32.69912,5369.6943
3,BREAD/BAKERY,15942.683009179687,19967.713,26662.17896923828,Medium,XGBoost,19987.01,-19.296875
3,CELEBRATION,682.4528770446777,959.9584,1347.0161476135254,Medium,XGBoost,724.0947,235.86365
3,CLEANING,27400.02900703125,34079.766,46215.40869140625,Medium,XGBoost,34179.453,-99.6875
3,DAIRY,28230.326492382814,34910.062,47045.70617675781,Medium,XGBoost,35285.766,-375.70312
3,DELI,5241.661545776367,6603.5493,8327.897431030273,Medium,XGBoost,6620.264,-16.714844
3,EGGS,6600.538235351562,8427.826,10726.244271484375,Medium,XGBoost,8307.577,120.24902
3,FROZEN FOODS,4960.696576782227,6189.613,7749.940990356446,Medium,XGBoost,6060.401,129.21191
3,GROCERY I,123385.90107734375,130065.64,142201.28076171875,Medium,XGBoost,132664.86,-2599.2188
3,GROCERY II,1177.7825355529785,1682.8926,2296.3154329528807,Medium,XGBoost,1490.3234,192.56921
3,HARDWARE,338.2166929244995,401.91174,514.3085064888,Medium,XGBoost,51.830376,350.08136
3,HOME AND KITCHEN I,802.1412878036499,1099.8472,1516.9024362564087,Medium,XGBoost,907.18616,192.66101
3,HOME AND KITCHEN II,758.3755798339844,1062.8148,1489.8693542480469,Medium,XGBoost,971.1224,91.692444
3,HOME APPLIANCES,405.03662264347076,459.5924,567.2112493515015,Medium,XGBoost,41.37236,418.22003
3,HOME CARE,7017.103819213868,8910.878,11291.305591186523,Medium,XGBoost,8929.336,-18.458008
3,LADIESWEAR,665.6141519546509,949.8531,1346.9100484848022,Medium,XGBoost,705.3191,244.534
3,LAWN AND GARDEN,859.8492889404297,1182.5314,1626.5284381713868,Medium,XGBoost,979.4707,203.06067
3,LINGERIE,330.2331609725952,558.8612,875.9247369766235,Medium,XGBoost,419.57892,139.28229
3,"LIQUOR,WINE,BEER",2980.1948162841795,3755.566,4705.265059692383,Medium,XGBoost,3713.98,41.585938
3,MAGAZINES,396.6892395019531,588.0884,855.1559944152832,Medium,XGBoost,310.6016,277.4868
3,MEATS,10581.786035546875,13131.98,16803.568815429688,Medium,XGBoost,13119.415,12.56543
3,PERSONAL CARE,6917.413206420899,8811.1875,11191.614978393554,Medium,XGBoost,8864.871,-53.683594
3,PET SUPPLIES,374.9757356643677,559.9538,818.8476047515869,Medium,XGBoost,253.98766,305.96613
3,PLAYERS AND ELECTRONICS,397.5981388092041,593.3475,860.4150943756104,Medium,XGBoost,305.8025,287.54498
3,POULTRY,15502.011134179687,19527.041,26221.50709423828,Medium,XGBoost,19408.04,119.00195
3,PREPARED FOODS,3446.423573852539,4342.911,5493.189308227539,Medium,XGBoost,4164.7285,178.18262
3,PRODUCE,116364.24873359375,123043.984,135179.62841796875,Medium,XGBoost,128394.484,-5350.5
3,SCHOOL AND OFFICE SUPPLIES,382.4055575489998,393.41983,466.1937110900879,Medium,XGBoost,12.830515,380.58932
3,SEAFOOD,1065.1043395996094,1479.0004,2007.710362915039,Medium,XGBoost,1286.752,192.24841
4,AUTOMOTIVE,312.0711336135864,359.2476,462.08851957321167,Medium,XGBoost,40.08405,319.16354
4,BABY CARE,6190.136691240967,6212.9575,6296.1167878627775,Medium,XGBoost,19.602467,6193.355
4,BEAUTY,213.09297847747803,361.65814,574.9048638343811,Medium,XGBoost,215.49706,146.16109
4,BEVERAGES,36302.90425117187,42982.64,55118.283935546875,Medium,XGBoost,43618.01,-635.3711
4,BOOKS,830.6432284399867,857.08984,942.6382586479187,Medium,XGBoost,21.268581,835.8213
4,BREAD/BAKERY,5247.527697265625,6675.9014,8482.259318359374,Medium,XGBoost,6658.645,17.256348
4,CELEBRATION,304.7400999069214,401.9643,535.8615992069244,Medium,XGBoost,102.46862,299.49567
4,CLEANING,11842.530224804688,14097.757,17164.770368652345,Medium,XGBoost,14229.454,-131.69727
4,DAIRY,11026.213757519532,13281.44,16348.453901367187,Medium,XGBoost,13492.43,-210.98926
4,DELI,2804.605071411133,3588.5312,4569.256069702148,Medium,XGBoost,3565.3386,23.192627
4,EGGS,1931.0146986694335,2564.8591,3319.5127155151367,Medium,XGBoost,2436.1848,128.67432
4,FROZEN FOODS,1207.089557647705,1748.6853,2395.9932046813965,Medium,XGBoost,1630.7522,117.933105
4,GROCERY I,49299.45820625,55979.195,68114.837890625,Medium,XGBoost,56647.26,-668.0664
4,GROCERY II,420.3499689102173,628.37787,915.4438514709473,Medium,XGBoost,402.61365,225.76422
4,HARDWARE,365.10311566591264,397.48135,489.1571479320526,Medium,XGBoost,29.228775,368.25256
4,HOME AND KITCHEN I,283.52513313293457,451.74673,681.5958824157715,Medium,XGBoost,258.89093,192.8558
4,HOME AND KITCHEN II,317.810471534729,452.56503,637.8943271636963,Medium,XGBoost,199.77582,252.78922
4,HOME APPLIANCES,441.5146228849888,467.29114,552.5796576499939,Medium,XGBoost,22.124325,445.1668
4,HOME CARE,3322.6341604003906,4219.1216,5369.399894775391,Medium,XGBoost,4216.3696,2.7519531
4,LADIESWEAR,381.4955425262451,581.8174,858.8842000961304,Medium,XGBoost,325.17334,256.64404
4,LAWN AND GARDEN,345.54224491119385,532.87006,801.7630414962769,Medium,XGBoost,283.62827,249.24179
4,LINGERIE,393.6061283789575,427.09882,519.0344764232635,Medium,XGBoost,25.523092,401.5757
4,"LIQUOR,WINE,BEER",1157.3083724975586,1571.2045,2099.914395812988,Medium,XGBoost,1566.9884,4.2160645
4,MAGAZINES,303.84992504119873,383.075,505.0275835990906,Medium,XGBoost,69.236664,313.83835
4,MEATS,5090.243112915039,6186.188,7582.4960548095705,Medium,XGBoost,6085.8228,100.365234
4,PERSONAL CARE,2959.8298635864257,3837.557,4959.576475280762,Medium,XGBoost,3873.8794,-36.32251
4,PET SUPPLIES,309.5415964126587,399.57465,528.6940581798553,Medium,XGBoost,81.34661,318.22803
4,PLAYERS AND ELECTRONICS,302.0099697113037,402.8297,539.11598777771,Medium,XGBoost,97.35834,305.47137
4,POULTRY,5482.737778686524,6844.6255,8568.97366394043,Medium,XGBoost,6735.569,109.05664
4,PREPARED FOODS,592.1048774719238,896.5441,1323.5986518859863,Medium,XGBoost,674.4757,222.06842
4,PRODUCE,30017.261184765626,36696.996,48832.640869140625,Medium,XGBoost,37310.273,-613.27734
4,SCHOOL AND OFFICE SUPPLIES,1411.6237411499023,1411.6238,1475.6214080810546,Medium,XGBoost,0.0,1411.6238
4,SEAFOOD,331.78933334350586,529.78094,808.6730842590332,Medium,XGBoost,304.48495,225.29599
5,AUTOMOTIVE,298.75808719396593,352.60782,458.09757981300356,Medium,XGBoost,46.146595,306.4612
5,BABY CARE,2093.9309944540264,2124.8867,2222.2209837436676,Medium,XGBoost,82.60995,2042.2767
5,BEAUTY,190.86108684539795,353.66278,579.861234664917,Medium,XGBoost,218.45642,135.20636
5,BEVERAGES,23830.95808417969,30510.693,42646.33776855469,Medium,XGBoost,30905.3,-394.60742
5,BOOKS,5098.53420856148,5108.8203,5181.334108543397,Medium,XGBoost,8.843585,5099.9766
5,BREAD/BAKERY,4928.0229896240235,6023.968,7420.275931518555,Medium,XGBoost,5976.7285,47.239258
5,CELEBRATION,339.80767154693604,505.29706,747.8431949615479,Medium,XGBoost,226.127,279.17004
5,CLEANING,13667.139770507812,15627.399,18089.837278320312,Medium,XGBoost,15726.669,-99.26953
5,DAIRY,7276.438690185547,9236.698,11699.136197998047,Medium,XGBoost,9396.362,-159.66406
5,DELI,2896.577824951172,3793.0652,4943.343559326172,Medium,XGBoost,3784.55,8.515137
5,EGGS,1099.8394813537598,1604.9496,2218.372378753662,Medium,XGBoost,1452.947,152.00256
5,FROZEN FOODS,1209.1881675720215,1714.2982,2327.7210649719236,Medium,XGBoost,1595.2322,119.06604
5,GROCERY I,42641.16792304687,49320.902,61456.547607421875,Medium,XGBoost,50194.41,-873.5078
5,GROCERY II,878.5700263977051,1237.7377,1715.619925262451,Medium,XGBoost,1032.2307,205.50696
5,HARDWARE,379.825610357523,392.96756,467.61065516471865,Medium,XGBoost,11.921131,381.04642
5,HOME AND KITCHEN I,359.32793140411377,576.2324,873.297568321228,Medium,XGBoost,450.81152,125.4209
5,HOME AND KITCHEN II,321.35040187835693,504.42493,763.3187351226807,Medium,XGBoost,296.86514,207.55978
5,HOME APPLIANCES,385.11775295063853,396.82407,469.3380662918091,Medium,XGBoost,11.244419,385.57965
5,HOME CARE,3058.142781616211,3954.6301,5104.908515991211,Medium,XGBoost,3944.5166,10.113525
5,LADIESWEAR,338.46894359588623,457.23132,626.2129325866699,Medium,XGBoost,157.23404,299.99728
5,LAWN AND GARDEN,276.44732308387756,378.26233,523.7293994426727,Medium,XGBoost,113.34482,264.9175
5,LINGERIE,304.17885398864746,397.80746,529.3158345222473,Medium,XGBoost,90.62604,307.18143
5,"LIQUOR,WINE,BEER",677.0113716125488,1036.1791,1514.0612704772948,Medium,XGBoost,1003.70953,32.469543
5,MAGAZINES,307.3156890034676,370.91895,483.5755520820618,Medium,XGBoost,51.321285,319.59766
5,MEATS,3306.202672363281,4202.69,5352.968406738281,Medium,XGBoost,4090.0059,112.68408
5,PERSONAL CARE,3157.6581014404296,4054.1455,5204.42383581543,Medium,XGBoost,4081.7283,-27.582764
5,PET SUPPLIES,345.37136994600297,389.13544,487.97807960510255,Medium,XGBoost,33.981453,355.154
5,PLAYERS AND ELECTRONICS,308.0868453979492,378.9164,496.09107971191406,Medium,XGBoost,59.616837,319.29956
5,POULTRY,3097.9712210083007,3975.6982,5097.717832702637,Medium,XGBoost,3865.1184,110.579834
5,PREPARED FOODS,604.6962766647339,902.4021,1319.4574251174927,Medium,XGBoost,684.32166,218.08044
5,PRODUCE,19029.939089843752,25414.707,36945.776138183595,Medium,XGBoost,25686.117,-271.41016
5,SCHOOL AND OFFICE SUPPLIES,362.27795791625977,362.27795,426.27562484741213,Medium,XGBoost,0.0,362.27795
5,SEAFOOD,248.90644778758286,300.7102,410.03298048973085,Medium,XGBoost,65.64142,235.06879
6,AUTOMOTIVE,306.4961361885071,388.56232,512.9038174152374,Medium,XGBoost,62.289337,326.27298
6,BABY CARE,341.40161155024543,357.42175,434.19392442703247,Medium,XGBoost,15.012638,342.40912
6,BEAUTY,248.1915512084961,381.2808,566.6100730895996,Medium,XGBoost,182.56712,198.71367
6,BEVERAGES,51436.58003242187,58116.316,70251.95971679688,Medium,XGBoost,58710.777,-594.46094
6,BOOKS,5127.475190855097,5143.3765,5220.148767948151,Medium,XGBoost,14.37169,5129.005
6,BREAD/BAKERY,7491.884979248047,9452.145,11914.582487060547,Medium,XGBoost,9457.356,-5.211914
6,CELEBRATION,337.3552179336548,456.76434,625.7459526062012,Medium,XGBoost,160.2169,296.54742
6,CLEANING,15672.470729882814,21172.338,30889.679870117187,Medium,XGBoost,21357.336,-184.99805
6,DAIRY,14375.864429492187,17515.992,22396.732481445313,Medium,XGBoost,17742.262,-226.26953
6,DELI,4810.581525512695,6039.4976,7599.825939086914,Medium,XGBoost,6053.771,-14.2734375
6,EGGS,2537.7012326049803,3227.8264,4067.2566174926756,Medium,XGBoost,3103.6792,124.14722
6,FROZEN FOODS,2010.1949644165038,2662.7996,3445.712103942871,Medium,XGBoost,2545.2817,117.51782
6,GROCERY I,72208.42134101562,78888.16,91023.80102539062,Medium,XGBoost,79678.98,-790.8203
6,GROCERY II,540.8389806747437,784.67725,1121.7391214370728,Medium,XGBoost,569.81244,214.8648
6,HARDWARE,382.8739769130945,405.77954,486.80990104675294,Medium,XGBoost,20.97389,384.80566
6,HOME AND KITCHEN I,481.07609272003174,738.3812,1095.4414854049683,Medium,XGBoost,626.26935,112.11188
6,HOME AND KITCHEN II,618.9722900390625,923.41156,1350.466064453125,Medium,XGBoost,828.0123,95.39923
6,HOME APPLIANCES,453.6751110814512,469.49615,546.2683510780334,Medium,XGBoost,14.235322,455.26083
6,HOME CARE,4873.064646118164,5969.0093,7365.3175880126955,Medium,XGBoost,5954.382,14.627441
6,LADIESWEAR,481.7496109008789,705.3875,1012.4518737792969,Medium,XGBoost,454.29538,251.09213
6,LAWN AND GARDEN,348.64238929748535,516.05286,752.2504835128784,Medium,XGBoost,256.30978,259.74307
6,LINGERIE,214.4908676147461,423.2238,712.1151208877563,Medium,XGBoost,388.34085,34.882935
6,"LIQUOR,WINE,BEER",1187.2886352539062,1637.6703,2200.265408203125,Medium,XGBoost,1629.814,7.8563232
6,MAGAZINES,319.13788509368896,394.78867,514.3522717952728,Medium,XGBoost,73.52474,321.26392
6,MEATS,6476.952050537109,8171.2686,10305.666614990234,Medium,XGBoost,8077.0596,94.208984
6,PERSONAL CARE,4340.723718994141,5436.6685,6832.976660888672,Medium,XGBoost,5490.5547,-53.88623
6,PET SUPPLIES,308.3293876647949,409.14914,545.4354057312012,Medium,XGBoost,94.49635,314.65277
6,PLAYERS AND ELECTRONICS,349.2883596420288,465.5949,626.4026737213135,Medium,XGBoost,164.37352,301.22137
6,POULTRY,7870.36077722168,9764.135,12144.562549194336,Medium,XGBoost,9694.804,69.331055
6,PREPARED FOODS,1215.0856666564941,1647.2245,2192.877064788818,Medium,XGBoost,1449.5605,197.66394
6,PRODUCE,35272.55903632812,41952.293,54087.938720703125,Medium,XGBoost,42378.008,-425.71484
6,SCHOOL AND OFFICE SUPPLIES,2593.757293701172,2593.7573,2657.754960632324,Medium,XGBoost,0.0,2593.7573
6,SEAFOOD,545.3803644180298,829.61926,1226.6762609481812,Medium,XGBoost,627.6308,201.98846
7,AUTOMOTIVE,319.76477456092834,394.90018,514.4637944698334,Medium,XGBoost,60.331028,334.56915
7,BABY CARE,434.4471043586731,464.18542,553.7321104049682,Medium,XGBoost,26.591415,437.594
7,BEAUTY,227.25637912750244,392.4212,618.6196632385254,Medium,XGBoost,238.66403,153.75717
7,BEVERAGES,57572.448440625,64252.184,76387.828125,Medium,XGBoost,65179.51,-927.3281
7,BOOKS,590.3619464874267,619.95154,709.4982179641723,Medium,XGBoost,27.045557,592.906
7,BREAD/BAKERY,9746.850769042969,11707.11,14169.548276855468,Medium,XGBoost,11711.748,-4.6376953
7,CELEBRATION,353.04783630371094,534.9155,793.8093109130859,Medium,XGBoost,246.37758,288.53796
7,CLEANING,14893.212110546876,18623.275,24713.165434570314,Medium,XGBoost,18804.822,-181.54688
7,DAIRY,16065.728176171877,21565.594,31282.93731640625,Medium,XGBoost,21871.984,-306.39062
7,DELI,2503.966524780273,3250.3723,4174.579277709961,Medium,XGBoost,3251.1711,-0.7988281
7,EGGS,4000.5511678466796,4897.0386,6047.31690222168,Medium,XGBoost,4788.3657,108.67285
7,FROZEN FOODS,3099.233144165039,3995.7205,5145.998878540039,Medium,XGBoost,3885.0972,110.62329
7,GROCERY I,57984.38862617187,64664.125,76799.76831054688,Medium,XGBoost,65689.9,-1025.7734
7,GROCERY II,538.0613059997559,842.50055,1269.5550804138184,Medium,XGBoost,629.83905,212.6615
7,HARDWARE,332.5013334751129,393.2558,503.26358103752136,Medium,XGBoost,50.389732,342.86606
7,HOME AND KITCHEN I,585.2313241958618,887.7131,1301.7125955429078,Medium,XGBoost,760.86115,126.85193
7,HOME AND KITCHEN II,346.81517601013184,597.38684,944.4479427337646,Medium,XGBoost,516.95984,80.427
7,HOME APPLIANCES,442.0697645664215,480.8604,577.0542215824128,Medium,XGBoost,32.171917,448.6885
7,HOME CARE,3428.965810180664,4325.453,5475.731544555664,Medium,XGBoost,4318.626,6.8271484
7,LADIESWEAR,352.30141830444336,517.30066,759.8467960357666,Medium,XGBoost,219.15054,298.15012
7,LAWN AND GARDEN,502.44408798217773,753.0158,1100.0768547058105,Medium,XGBoost,546.1763,206.83954
7,LINGERIE,255.28148746490479,417.71088,641.520391702652,Medium,XGBoost,254.88814,162.82274
7,"LIQUOR,WINE,BEER",2146.4804210815428,2855.3657,3723.054928649902,Medium,XGBoost,2853.1538,2.211914
7,MAGAZINES,332.27752113342285,433.09726,569.3835391998291,Medium,XGBoost,127.174126,305.92313
7,MEATS,6538.405911132812,8365.694,10664.111947265625,Medium,XGBoost,8283.204,82.490234
7,PERSONAL CARE,3303.8533986816406,4200.341,5350.619133056641,Medium,XGBoost,4227.6426,-27.301758
7,PET SUPPLIES,314.21393966674805,400.65143,527.3818826675415,Medium,XGBoost,75.17262,325.47882
7,PLAYERS AND ELECTRONICS,328.61330223083496,435.4258,579.885929107666,Medium,XGBoost,142.20325,293.22256
7,POULTRY,9221.6279296875,11181.888,13644.3254375,Medium,XGBoost,11125.492,56.395508
7,PREPARED FOODS,1785.1639556884766,2381.488,3079.6237271728514,Medium,XGBoost,2205.749,175.73901
7,PRODUCE,74523.20405585937,81202.94,93338.58374023438,Medium,XGBoost,82441.57,-1238.6328
7,SCHOOL AND OFFICE SUPPLIES,749.6271743774414,749.6272,813.6248413085938,Medium,XGBoost,0.0,749.6272
7,SEAFOOD,528.388596534729,785.6937,1142.7539892196655,Medium,XGBoost,592.8856,192.8081
8,AUTOMOTIVE,271.6921901702881,368.91638,502.81368947029114,Medium,XGBoost,84.68687,284.22952
8,BABY CARE,465.1423675537109,503.40735,599.6011709690094,Medium,XGBoost,35.275703,468.13165
8,BEAUTY,205.72955417633057,371.86218,606.2344751358032,Medium,XGBoost,236.21898,135.6432
8,BEVERAGES,67574.24604804687,74253.984,86389.62573242188,Medium,XGBoost,75269.38,-1015.39844
8,BOOKS,2720.931920874119,2753.6162,2845.2920337200167,Medium,XGBoost,32.692093,2720.924
8,BREAD/BAKERY,12234.221984863281,14194.481,16656.91949267578,Medium,XGBoost,14211.427,-16.945312
8,CELEBRATION,373.94147300720215,563.4788,830.5464458465576,Medium,XGBoost,283.25098,280.22784
8,CLEANING,16203.956923535157,21408.855,30521.623427734376,Medium,XGBoost,21553.104,-144.24805
8,DAIRY,18101.701955859375,24191.502,35117.996368164066,Medium,XGBoost,24458.041,-266.53906
8,DELI,4006.229407348633,4969.2026,6201.490877563477,Medium,XGBoost,4988.382,-19.1792
8,EGGS,4525.534725219727,5687.9653,7166.283402954102,Medium,XGBoost,5572.9736,114.9917
8,FROZEN FOODS,2275.785970703125,2984.6714,3852.360478271484,Medium,XGBoost,2862.684,121.987305
8,GROCERY I,75549.83345039062,82229.57,94365.21313476562,Medium,XGBoost,83028.61,-799.03906
8,GROCERY II,541.3926658630371,791.96436,1139.02543258667,Medium,XGBoost,568.6733,223.29108
8,HARDWARE,338.6449718475342,413.8428,533.4064176082611,Medium,XGBoost,63.66118,350.18164
8,HOME AND KITCHEN I,641.6073637008667,957.55597,1391.5538869705201,Medium,XGBoost,791.78174,165.77423
8,HOME AND KITCHEN II,593.1688833236694,890.8747,1307.9300317764282,Medium,XGBoost,777.7571,113.117615
8,HOME APPLIANCES,604.9583754897118,655.2154,758.3161746025086,Medium,XGBoost,40.59983,614.61554
8,HOME CARE,5145.792339355469,6308.2227,7786.541017089844,Medium,XGBoost,6305.0024,3.2202148
8,LADIESWEAR,540.4703798294067,770.84174,1087.9052686691284,Medium,XGBoost,524.58435,246.25739
8,LAWN AND GARDEN,516.6455507278442,773.9507,1131.0109434127808,Medium,XGBoost,575.0768,198.8739
8,LINGERIE,355.7555923461914,557.16064,834.2274446487427,Medium,XGBoost,404.38882,152.77182
8,"LIQUOR,WINE,BEER",1812.1560223999022,2483.521,3294.6922846069338,Medium,XGBoost,2451.4482,32.072754
8,MAGAZINES,359.1433849334717,536.24475,795.1385898590088,Medium,XGBoost,237.33163,298.91312
8,MEATS,6367.755820922852,7995.5864,10047.974649536132,Medium,XGBoost,7891.736,103.850586
8,PERSONAL CARE,4620.306102783204,5782.7363,7261.054780517578,Medium,XGBoost,5820.0664,-37.33008
8,PET SUPPLIES,402.131630897522,597.5772,864.644832611084,Medium,XGBoost,313.35532,284.2219
8,PLAYERS AND ELECTRONICS,369.4335403442383,563.2146,830.2822246551514,Medium,XGBoost,270.5598,292.6548
8,POULTRY,8840.299072265625,10800.559,13262.996580078125,Medium,XGBoost,10726.46,74.09863
8,PREPARED FOODS,1988.3431119995116,2640.9478,3423.860251525879,Medium,XGBoost,2463.1523,177.79541
8,PRODUCE,69155.28096015625,75835.016,87970.66064453125,Medium,XGBoost,77462.01,-1626.9922
8,SCHOOL AND OFFICE SUPPLIES,808.0011465549469,812.91846,881.1742953300476,Medium,XGBoost,3.5730023,809.34546
8,SEAFOOD,624.196738243103,921.9026,1338.9578866958618,Medium,XGBoost,722.5545,199.34808
9,AUTOMOTIVE,355.1822090148926,456.00195,592.2882270812988,Medium,XGBoost,149.30988,306.69208
9,BABY CARE,963.216486120224,997.5132,1089.4488574504853,Medium,XGBoost,28.887207,968.626
9,BEAUTY,270.7355737686157,431.57504,657.7734928131104,Medium,XGBoost,209.72575,221.84929
9,BEVERAGES,49558.76435859375,56238.5,68374.14404296875,Medium,XGBoost,59204.805,-2966.3047
9,BOOKS,5753.115415909886,5781.523,5868.940650224686,Medium,XGBoost,26.587683,5754.935
9,BREAD/BAKERY,7504.932159423828,9465.191,11927.629667236328,Medium,XGBoost,9547.399,-82.20801
9,CELEBRATION,404.93561363220215,598.3513,869.0696411132812,Medium,XGBoost,320.72235,277.62897
9,CLEANING,20446.572146484377,26831.34,38362.40919482422,Medium,XGBoost,27419.826,-588.4863
9,DAIRY,12312.4317140625,14567.658,17634.671857910154,Medium,XGBoost,14841.3955,-273.7373
9,DELI,7605.216125488281,9565.476,12027.913633300781,Medium,XGBoost,9688.229,-122.75293
9,EGGS,3028.181444824219,3774.5872,4698.794197753907,Medium,XGBoost,3714.6155,59.97168
9,FROZEN FOODS,1297.7301712036133,1857.5686,2521.819193054199,Medium,XGBoost,1760.1229,97.44568
9,GROCERY I,104553.42158515625,111233.16,123368.80126953125,Medium,XGBoost,112775.7,-1542.5469
9,GROCERY II,359.8941316604614,489.9602,675.2894992828369,Medium,XGBoost,221.17781,268.7824
9,HARDWARE,407.6955171972513,447.6621,545.9850288391114,Medium,XGBoost,34.139645,413.52246
9,HOME AND KITCHEN I,628.4494543075562,926.1553,1343.210602760315,Medium,XGBoost,788.5938,137.56146
9,HOME AND KITCHEN II,510.5395278930664,788.045,1175.102798461914,Medium,XGBoost,612.3695,175.67548
9,HOME APPLIANCES,694.1799539193511,726.7067,816.5132722854614,Medium,XGBoost,28.251509,698.4552
9,HOME CARE,5947.8830197753905,7642.1997,9776.597584228515,Medium,XGBoost,7727.9414,-85.7417
9,LADIESWEAR,371.7485418319702,510.12296,703.6260757446289,Medium,XGBoost,207.66376,302.4592
9,LAWN AND GARDEN,292.16308212280273,412.76266,581.1806747913361,Medium,XGBoost,146.57297,266.1897
9,LINGERIE,231.67125034332275,402.95667,643.1138365268707,Medium,XGBoost,285.1253,117.83136
9,"LIQUOR,WINE,BEER",712.8408279418945,1072.0085,1549.8907268066405,Medium,XGBoost,1013.697,58.311523
9,MAGAZINES,336.25700068473816,395.98117,505.9889590740204,Medium,XGBoost,47.53066,348.4505
9,MEATS,5057.3340905761725,6352.736,7995.074239990234,Medium,XGBoost,6249.192,103.543945
9,PERSONAL CARE,5894.814809814453,7456.16,9426.53790258789,Medium,XGBoost,7566.955,-110.79492
9,PET SUPPLIES,316.55337142944336,410.18198,541.6903519630432,Medium,XGBoost,88.30265,321.87933
9,PLAYERS AND ELECTRONICS,312.38715744018555,412.00854,551.6907467842102,Medium,XGBoost,107.08462,304.92392
9,POULTRY,5686.56258203125,7247.9077,9218.285674804687,Medium,XGBoost,7154.101,93.80664
9,PREPARED FOODS,1341.2870712280273,1937.6112,2635.746842712402,Medium,XGBoost,1814.3335,123.27771
9,PRODUCE,21229.183401171875,27318.984,38245.477813476566,Medium,XGBoost,27945.977,-626.9922
9,SCHOOL AND OFFICE SUPPLIES,82.43464756011963,391.77097,842.7114288024902,Medium,XGBoost,1052.2203,-660.44934
9,SEAFOOD,343.77171421051025,519.8456,764.2170324325562,Medium,XGBoost,270.7414,249.10419
10,AUTOMOTIVE,258.1084321945906,269.0547,341.5686952590942,Medium,XGBoost,11.273772,257.7809
10,BABY CARE,6640.968069019914,6646.256,6714.511911296845,Medium,XGBoost,4.6558895,6641.6
10,BEAUTY,213.1268092131242,272.99432,379.78339848518374,Medium,XGBoost,92.048386,180.94594
10,BEVERAGES,14209.831594531252,20299.633,31226.126006835937,Medium,XGBoost,22066.387,-1766.7539
10,BOOKS,4857.138509693742,4862.427,4930.682351970673,Medium,XGBoost,4.6558895,4857.771
10,BREAD/BAKERY,1155.5370483398438,1751.8611,2449.9968198242186,Medium,XGBoost,1784.6355,-32.774414
10,CELEBRATION,344.96819803714754,371.23447,456.52299032211306,Medium,XGBoost,23.655588,347.5789
10,CLEANING,9169.115051269531,11129.375,13591.812559082031,Medium,XGBoost,11333.925,-204.5498
10,DAIRY,4132.4046240234375,5095.378,6327.666094238281,Medium,XGBoost,5117.9146,-22.536621
10,DELI,3344.2716268310546,4240.759,5391.037361206055,Medium,XGBoost,4256.7036,-15.944824
10,EGGS,559.6246128082275,850.597,1257.6531352996826,Medium,XGBoost,746.1119,104.48511
10,FROZEN FOODS,403.4328489303589,633.8042,950.8677377700806,Medium,XGBoost,480.5924,153.21179
10,GROCERY I,33437.24653632812,40116.98,52252.626220703125,Medium,XGBoost,41522.434,-1405.4531
10,GROCERY II,310.3949234485626,408.39673,551.4748640060425,Medium,XGBoost,109.66475,298.732
10,HARDWARE,451.3857432410121,456.3461,524.60192861557,Medium,XGBoost,4.2856045,452.0605
10,HOME AND KITCHEN I,293.9660015106201,429.7758,615.105058670044,Medium,XGBoost,176.18323,253.59256
10,HOME AND KITCHEN II,280.56885317564013,361.17938,492.5726088047028,Medium,XGBoost,81.460625,279.71875
10,HOME APPLIANCES,636.5827517479659,643.8922,714.2771130084991,Medium,XGBoost,5.4185524,638.47363
10,HOME CARE,2263.4570827636717,2972.3423,3840.031590332031,Medium,XGBoost,3012.096,-39.753662
10,LADIESWEAR,350.3162764236331,366.09268,442.86485528945923,Medium,XGBoost,15.409762,350.68292
10,LAWN AND GARDEN,3332.793914179504,3337.7239,3405.9796847343446,Medium,XGBoost,3.8081198,3333.9158
10,LINGERIE,394.4079362273216,403.14102,473.5259342670441,Medium,XGBoost,8.696855,394.44415
10,"LIQUOR,WINE,BEER",272.8437547683716,444.14807,678.5203666687012,Medium,XGBoost,260.81345,183.33463
10,MAGAZINES,410.92156910151243,420.76328,493.27728099823,Medium,XGBoost,8.700551,412.0627
10,MEATS,2067.205822631836,2701.0503,3455.703839477539,Medium,XGBoost,2579.8594,121.19092
10,PERSONAL CARE,2162.210693054199,2852.3357,3691.7660779418943,Medium,XGBoost,2909.424,-57.08838
10,PET SUPPLIES,394.4264389872551,407.51874,482.1618407726288,Medium,XGBoost,12.813206,394.70554
10,PLAYERS AND ELECTRONICS,332.1979962825775,375.55646,472.2700087070465,Medium,XGBoost,36.265125,339.29132
10,POULTRY,1795.1222807617187,2428.9668,3183.620297607422,Medium,XGBoost,2302.525,126.441895
10,PREPARED FOODS,418.2717094421387,628.44275,915.5087203979492,Medium,XGBoost,412.38828,216.05447
10,PRODUCE,3436.948445678711,4333.4355,5483.714180053711,Medium,XGBoost,4371.9585,-38.52295
10,SCHOOL AND OFFICE SUPPLIES,2058.4542655944824,2226.5627,2471.785965381622,Medium,XGBoost,532.2593,1694.3035
10,SEAFOOD,307.26607608795166,313.56732,382.0830149650574,Medium,XGBoost,8.070984,305.49634
11,AUTOMOTIVE,312.8279695510864,410.05215,543.9494688510895,Medium,XGBoost,89.821526,320.23062
11,BABY CARE,377.34065396785735,416.51886,512.7126707553864,Medium,XGBoost,32.822376,383.69647
11,BEAUTY,274.38298511505127,390.3415,560.3300979137421,Medium,XGBoost,138.36032,251.98117
11,BEVERAGES,68080.18989570312,74759.92,86895.56958007812,Medium,XGBoost,77752.82,-2992.8984
11,BOOKS,5368.8023055583235,5397.21,5484.627539873123,Medium,XGBoost,26.587683,5370.622
11,BREAD/BAKERY,9600.430236816406,11560.69,14023.127744628906,Medium,XGBoost,11692.474,-131.7832
11,CELEBRATION,476.96251487731934,687.13354,974.1995258331299,Medium,XGBoost,415.5154,271.61813
11,CLEANING,24963.579544140626,31643.314,43778.959228515625,Medium,XGBoost,32319.215,-675.9004
11,DAIRY,9275.680236816406,11235.94,13698.377744628906,Medium,XGBoost,11491.3955,-255.45508
11,DELI,6725.3363037109375,8685.596,11148.033811523437,Medium,XGBoost,8805.668,-120.072266
11,EGGS,2742.4563684692384,3507.6223,4460.0882440795895,Medium,XGBoost,3506.3447,1.2775879
11,FROZEN FOODS,1183.6240005493164,1670.4913,2266.9715231323244,Medium,XGBoost,1560.7037,109.7876
11,GROCERY I,114743.23896796875,121422.98,133558.61865234375,Medium,XGBoost,123831.57,-2408.5938
11,GROCERY II,515.266505241394,759.10474,1096.1666460037231,Medium,XGBoost,552.89465,206.21008
11,HARDWARE,487.27216361761094,522.9863,617.0510666847229,Medium,XGBoost,31.402802,491.58353
11,HOME AND KITCHEN I,426.31824016571045,670.1565,1007.2183809280396,Medium,XGBoost,504.583,165.57349
11,HOME AND KITCHEN II,331.44653129577637,518.6302,777.5239849090576,Medium,XGBoost,318.52057,200.10962
11,HOME APPLIANCES,478.3911305904388,513.0172,604.9528628826141,Medium,XGBoost,30.238714,482.7785
11,HOME CARE,6288.253721557618,8182.028,10562.455493530273,Medium,XGBoost,8276.316,-94.288574
11,LADIESWEAR,384.3760395050049,531.75366,733.4306297302246,Medium,XGBoost,238.17152,293.58215
11,LAWN AND GARDEN,374.0963832497597,427.94913,533.438898897171,Medium,XGBoost,43.117104,384.83203
11,LINGERIE,307.1808109283447,408.00055,544.286828994751,Medium,XGBoost,92.34036,315.6602
11,"LIQUOR,WINE,BEER",639.3317022323608,955.28033,1389.2782255020143,Medium,XGBoost,853.946,101.33435
11,MAGAZINES,341.96551489830017,401.45566,511.46346735954285,Medium,XGBoost,46.690205,354.76544
11,MEATS,8745.853515625,10706.113,13168.5510234375,Medium,XGBoost,10630.086,76.02734
11,PERSONAL CARE,5365.974137329102,6727.862,8452.210022583007,Medium,XGBoost,6832.8843,-105.02246
11,PET SUPPLIES,340.1646111011505,400.1131,510.12088084220886,Medium,XGBoost,47.246284,352.86682
11,PLAYERS AND ELECTRONICS,346.4250211715698,483.36526,676.8683910369873,Medium,XGBoost,190.94292,292.42236
11,POULTRY,5221.813860595703,6650.1875,8456.545481689453,Medium,XGBoost,6558.1616,92.02588
11,PREPARED FOODS,1169.5797882080078,1765.9039,2464.0395596923827,Medium,XGBoost,1608.7036,157.20032
11,PRODUCE,18901.434817382815,25286.203,36817.27186572266,Medium,XGBoost,26058.727,-772.52344
11,SCHOOL AND OFFICE SUPPLIES,125.69955825805664,362.80435,689.867073059082,Medium,XGBoost,586.1033,-223.29892
11,SEAFOOD,291.924427986145,403.53137,559.5612349510193,Medium,XGBoost,148.38667,255.1447
12,AUTOMOTIVE,305.6743661880493,348.8002,447.38297576904296,Medium,XGBoost,39.45984,309.34036
12,BABY CARE,6899.802904082089,6905.5977,6973.85346403122,Medium,XGBoost,6.097953,6899.4995
12,BEAUTY,280.00983944162726,325.15317,422.6463150501251,Medium,XGBoost,60.06784,265.08533
12,BEVERAGES,20390.50935371094,27070.244,39205.88903808594,Medium,XGBoost,28805.686,-1735.4414
12,BOOKS,5057.946824980527,5063.7417,5131.9973849296575,Medium,XGBoost,6.097953,5057.6436
12,BREAD/BAKERY,2268.934267700195,3015.34,3939.547020629883,Medium,XGBoost,3083.1438,-67.80371
12,CELEBRATION,298.73065757751465,391.16092,526.0652093887329,Medium,XGBoost,91.818756,299.34216
12,CLEANING,10657.427917480469,12617.6875,15080.125425292968,Medium,XGBoost,12869.717,-252.0293
12,DAIRY,5838.563044555664,7599.365,9815.773344848632,Medium,XGBoost,7698.2485,-98.8833
12,DELI,3142.512242675781,4038.9995,5189.277977050781,Medium,XGBoost,4065.2742,-26.274658
12,EGGS,869.7681503295898,1228.9358,1706.8180491943358,Medium,XGBoost,1120.9213,108.01453
12,FROZEN FOODS,507.899676322937,778.6717,1155.730320930481,Medium,XGBoost,628.56195,150.10974
12,GROCERY I,40339.8732453125,47019.61,59155.2529296875,Medium,XGBoost,48037.71,-1018.10156
12,GROCERY II,314.91874980926514,430.12125,588.5400755405426,Medium,XGBoost,163.35316,266.76807
12,HARDWARE,381.13807958364487,394.77045,469.41354689598086,Medium,XGBoost,11.977201,382.79324
12,HOME AND KITCHEN I,331.921422958374,501.86603,744.4121532440186,Medium,XGBoost,266.43494,235.43109
12,HOME AND KITCHEN II,347.5901184082031,481.6835,667.0127830505371,Medium,XGBoost,197.94301,283.74048
12,HOME APPLIANCES,430.7729181647301,436.42215,504.67798032760624,Medium,XGBoost,5.7484407,430.6737
12,HOME CARE,2297.3488642578122,3043.7546,3967.9616171875,Medium,XGBoost,3082.7139,-38.95923
12,LADIESWEAR,302.5094566345215,381.56653,503.5190939903259,Medium,XGBoost,64.86222,316.7043
12,LAWN AND GARDEN,3533.6094328403474,3539.0383,3607.2941531181336,Medium,XGBoost,5.11985,3533.9185
12,LINGERIE,211.2455654144287,380.6153,618.3835396766663,Medium,XGBoost,275.7316,104.8837
12,"LIQUOR,WINE,BEER",616.5495729446411,900.7885,1297.8454694747925,Medium,XGBoost,766.5733,134.21521
12,MAGAZINES,387.6735177159309,397.33292,467.7178373813629,Medium,XGBoost,12.671306,384.66162
12,MEATS,2018.4080931396484,2652.2527,3406.9061099853516,Medium,XGBoost,2531.7615,120.49121
12,PERSONAL CARE,2185.9428615722654,2894.8281,3762.517369140625,Medium,XGBoost,2959.3464,-64.51831
12,PET SUPPLIES,377.93778730630873,391.64844,466.2915328502655,Medium,XGBoost,13.865996,377.78244
12,PLAYERS AND ELECTRONICS,320.8045585513115,371.51147,474.61228666305544,Medium,XGBoost,46.92433,324.58716
12,POULTRY,2161.3347075805664,2776.419,3502.8136017456054,Medium,XGBoost,2660.8103,115.60864
12,PREPARED FOODS,457.1292724609375,680.76715,987.8315353393555,Medium,XGBoost,473.96667,206.80048
12,PRODUCE,5030.9506966552735,6259.8667,7820.1951102294925,Medium,XGBoost,6317.3765,-57.509766
12,SCHOOL AND OFFICE SUPPLIES,725.7254152297974,890.2391,1148.457016658783,Medium,XGBoost,455.13794,435.10114
12,SEAFOOD,288.57837867736816,301.18085,374.2145895004273,Medium,XGBoost,14.035667,287.14517
13,AUTOMOTIVE,247.64454680606724,283.44296,375.89835200309756,Medium,XGBoost,34.378017,249.06494
13,BABY CARE,6737.751901531219,6743.0977,6811.353250408173,Medium,XGBoost,5.178194,6737.9194
13,BEAUTY,244.3316852554679,277.98367,370.1791732311249,Medium,XGBoost,37.57991,240.40376
13,BEVERAGES,18015.65205390625,24695.387,36831.03173828125,Medium,XGBoost,26212.166,-1516.7793
13,BOOKS,4953.922342205047,4959.268,5027.523691082001,Medium,XGBoost,5.178194,4954.09
13,BREAD/BAKERY,1671.5947723388672,2267.919,2966.054543823242,Medium,XGBoost,2284.351,-16.432129
13,CELEBRATION,306.6787037849426,369.03357,481.4303250312805,Medium,XGBoost,52.42686,316.60672
13,CLEANING,9592.614501953125,11552.874,14015.312009765625,Medium,XGBoost,11808.628,-255.7539
13,DAIRY,3856.2720404052734,4819.245,6051.533510620117,Medium,XGBoost,4860.3604,-41.115234
13,DELI,2098.253817565918,2750.8584,3533.7709570922852,Medium,XGBoost,2766.608,-15.749512
13,EGGS,724.8199996948242,1029.2593,1456.3137741088867,Medium,XGBoost,921.8907,107.36859
13,FROZEN FOODS,469.5583248138428,706.66315,1033.7258396148682,Medium,XGBoost,532.418,174.24512
13,GROCERY I,37784.67720039062,44464.414,56600.056884765625,Medium,XGBoost,45775.207,-1310.793
13,GROCERY II,329.0711793899536,457.42044,634.5758972167969,Medium,XGBoost,195.59123,261.82922
13,HARDWARE,1518.3429027378559,1524.1106,1592.366456890106,Medium,XGBoost,5.204501,1518.9061
13,HOME AND KITCHEN I,277.59875774383545,439.0869,658.9368810653687,Medium,XGBoost,239.60672,199.4802
13,HOME AND KITCHEN II,240.91799640655518,410.32596,644.6982593536377,Medium,XGBoost,216.40082,193.92514
13,HOME APPLIANCES,657.252543565631,663.9669,734.3518486499786,Medium,XGBoost,5.139658,658.8273
13,HOME CARE,1937.877455078125,2552.9617,3279.356349243164,Medium,XGBoost,2586.5227,-33.561035
13,LADIESWEAR,351.86301186084745,363.7585,438.40160593986514,Medium,XGBoost,10.397797,353.36072
13,LAWN AND GARDEN,3429.5499925196173,3434.565,3502.8206881523133,Medium,XGBoost,4.3304243,3430.2346
13,LINGERIE,351.1605929300189,368.26993,447.17120709419254,Medium,XGBoost,14.177007,354.09293
13,"LIQUOR,WINE,BEER",545.8651905059814,809.9038,1176.9632091522217,Medium,XGBoost,642.228,167.67578
13,MAGAZINES,357.5432437187061,369.34903,443.9921210765839,Medium,XGBoost,10.140989,359.20804
13,MEATS,2176.2929747924804,2791.3772,3517.7718689575195,Medium,XGBoost,2663.3232,128.05396
13,PERSONAL CARE,2278.1288999023436,2949.494,3760.665162109375,Medium,XGBoost,2980.3374,-30.843506
13,PET SUPPLIES,360.8138648579828,369.8735,440.2584276676178,Medium,XGBoost,9.774844,360.09866
13,PLAYERS AND ELECTRONICS,322.21253184080126,395.378,512.8125072479248,Medium,XGBoost,64.433304,330.9447
13,POULTRY,1284.4924545288086,1807.8453,2438.2107267456054,Medium,XGBoost,1672.0166,135.82874
13,PREPARED FOODS,422.66622734069824,613.37756,872.2713775634766,Medium,XGBoost,343.36517,270.0124
13,PRODUCE,2645.472588562012,3410.6384,4363.104464172363,Medium,XGBoost,3382.0593,28.579102
13,SCHOOL AND OFFICE SUPPLIES,2062.508773803711,2323.4006,2664.833611476898,Medium,XGBoost,901.8741,1421.5266
13,SEAFOOD,283.55760288238525,296.16006,369.19381370544437,Medium,XGBoost,11.084607,285.07547
14,AUTOMOTIVE,308.8175295799971,358.0871,459.31867747306825,Medium,XGBoost,46.823574,311.26352
14,BABY CARE,6934.821046429873,6949.891,7026.663355350494,Medium,XGBoost,13.183527,6936.7075
14,BEAUTY,281.74454222619534,346.62384,465.0653346538544,Medium,XGBoost,67.695885,278.92795
14,BEVERAGES,16490.575149609376,23170.31,35305.954833984375,Medium,XGBoost,25007.328,-1837.0176
14,BOOKS,5092.95895536542,5108.0293,5184.801264286041,Medium,XGBoost,13.183527,5094.8457
14,BREAD/BAKERY,2077.5818541870117,2692.6663,3419.0607483520507,Medium,XGBoost,2756.19,-63.52368
14,CELEBRATION,321.57751274108887,422.39725,558.6835308074951,Medium,XGBoost,111.51499,310.88226
14,CLEANING,13957.774598144531,17392.871,22878.18528613281,Medium,XGBoost,17822.217,-429.3457
14,DAIRY,5315.864278808594,6877.2095,8847.58737158203,Medium,XGBoost,6932.641,-55.43164
14,DELI,3636.088902832031,4532.576,5682.854637207031,Medium,XGBoost,4550.008,-17.43164
14,EGGS,536.7168226242065,834.42267,1251.4779710769653,Medium,XGBoost,715.4684,118.954285
14,FROZEN FOODS,637.972846031189,935.67865,1352.7339944839478,Medium,XGBoost,778.5615,157.11713
14,GROCERY I,39947.22236640625,46626.957,58762.60205078125,Medium,XGBoost,48030.582,-1403.625
14,GROCERY II,350.53652000427246,495.22147,696.8984184265137,Medium,XGBoost,222.61298,272.6085
14,HARDWARE,381.3201146528125,398.5373,477.43855919837955,Medium,XGBoost,15.223429,383.31387
14,HOME AND KITCHEN I,336.0199670791626,513.8122,766.3575353622437,Medium,XGBoost,291.26105,222.55115
14,HOME AND KITCHEN II,339.85543060302734,503.33273,737.7050247192383,Medium,XGBoost,242.74023,260.5925
14,HOME APPLIANCES,411.94742045104505,426.82596,503.5981431007385,Medium,XGBoost,13.35684,413.46912
14,HOME CARE,2837.296462402344,3621.2227,4601.947460693359,Medium,XGBoost,3629.9417,-8.718994
14,LADIESWEAR,366.8880629718304,389.8781,473.0375642299652,Medium,XGBoost,19.357536,370.52057
14,LAWN AND GARDEN,3570.6598148435355,3583.3262,3657.9693130016326,Medium,XGBoost,11.751612,3571.5745
14,LINGERIE,337.35152987539766,368.81253,456.4900082111359,Medium,XGBoost,30.912107,337.90042
14,"LIQUOR,WINE,BEER",400.61537742614746,623.64136,930.7057075500488,Medium,XGBoost,429.56134,194.08002
14,MAGAZINES,351.11863736882805,377.21536,464.6329720020294,Medium,XGBoost,21.171232,356.04413
14,MEATS,3625.93800579834,4636.6367,5922.676089172363,Medium,XGBoost,4516.6294,120.007324
14,PERSONAL CARE,3415.0560506591796,4311.5435,5461.82178503418,Medium,XGBoost,4366.293,-54.74951
14,PET SUPPLIES,378.95970161855223,409.0565,498.8630437850952,Medium,XGBoost,23.377464,385.67902
14,PLAYERS AND ELECTRONICS,321.70375950336455,375.26706,481.0166878223419,Medium,XGBoost,45.624916,329.64215
14,POULTRY,1211.1252822875977,1661.507,2224.1020552368163,Medium,XGBoost,1526.5945,134.91248
14,PREPARED FOODS,1056.8856773376465,1561.9957,2175.4185747375486,Medium,XGBoost,1373.811,188.1847
14,PRODUCE,5714.668357543946,7342.499,9394.887186157226,Medium,XGBoost,7386.8364,-44.337402
14,SCHOOL AND OFFICE SUPPLIES,244.84566116333008,329.69342,484.35955228805545,Medium,XGBoost,127.45236,202.24106
14,SEAFOOD,275.88348654508593,298.77838,388.15980091094974,Medium,XGBoost,27.757067,271.0213
15,AUTOMOTIVE,307.4785288453102,348.44177,444.8954496860504,Medium,XGBoost,36.639774,311.802
15,BABY CARE,321.75785932838915,353.75262,441.68996567726134,Medium,XGBoost,28.743023,325.0096
15,BEAUTY,281.99322472810746,345.5267,462.09898738861085,Medium,XGBoost,64.69764,280.82907
15,BEVERAGES,20556.568313671876,27236.303,39371.947998046875,Medium,XGBoost,29099.057,-1862.7539
15,BOOKS,5125.815742468834,5138.5015,5213.1444686412815,Medium,XGBoost,11.057692,5127.444
15,BREAD/BAKERY,2034.6019560546874,2668.4465,3423.0999729003906,Medium,XGBoost,2725.7222,-57.275635
15,CELEBRATION,346.0353129506111,374.46765,462.14514050483706,Medium,XGBoost,23.757322,350.71033
15,CLEANING,12067.750915527344,14028.011,16490.448423339843,Medium,XGBoost,14321.927,-293.91602
15,DAIRY,4973.164809570313,6268.567,7910.904958984375,Medium,XGBoost,6332.5625,-63.995605
15,DELI,3791.791219116211,4688.2783,5838.556953491211,Medium,XGBoost,4722.9365,-34.658203
15,EGGS,1031.4683990478516,1518.3357,2114.8159216308595,Medium,XGBoost,1483.0914,35.244263
15,FROZEN FOODS,795.5115623474121,1136.4364,1597.3760863952637,Medium,XGBoost,980.2685,156.16791
15,GROCERY I,37972.75239570312,44652.49,56788.132080078125,Medium,XGBoost,45840.207,-1187.7188
15,GROCERY II,306.2304825782776,407.855,553.3221080303192,Medium,XGBoost,121.46239,286.39264
15,HARDWARE,382.71889609098434,399.04074,475.8129267692566,Medium,XGBoost,15.81051,383.23022
15,HOME AND KITCHEN I,311.874623298645,512.82837,799.8943862915039,Medium,XGBoost,345.48517,167.3432
15,HOME AND KITCHEN II,330.17055797576904,492.25528,726.6275787353516,Medium,XGBoost,230.5637,261.6916
15,HOME APPLIANCES,1128.1584089279174,1141.8207,1218.592894077301,Medium,XGBoost,10.530269,1131.2904
15,HOME CARE,2803.552382507324,3681.2795,4803.29899420166,Medium,XGBoost,3726.4983,-45.21875
15,LADIESWEAR,297.2740316390991,386.1087,518.6240646839142,Medium,XGBoost,89.06209,297.04663
15,LAWN AND GARDEN,3601.762371066213,3613.7988,3688.4419539928435,Medium,XGBoost,9.62578,3604.173
15,LINGERIE,328.8010936662555,369.2112,465.40502495765685,Medium,XGBoost,38.57931,330.6319
15,"LIQUOR,WINE,BEER",428.53399562835693,645.4385,942.5036325454712,Medium,XGBoost,497.15662,148.28186
15,MAGAZINES,349.92400020360947,370.11008,451.140425491333,Medium,XGBoost,19.083755,351.0263
15,MEATS,1716.762336730957,2313.0864,3011.222108215332,Medium,XGBoost,2201.134,111.95239
15,PERSONAL CARE,2354.8302272338865,3082.4758,3978.42385748291,Medium,XGBoost,3127.7043,-45.228516
15,PET SUPPLIES,370.38179129362106,388.7759,467.6771751880646,Medium,XGBoost,17.428083,371.34784
15,PLAYERS AND ELECTRONICS,314.5729835033417,376.8295,489.2262501716614,Medium,XGBoost,43.870426,332.95908
15,POULTRY,1301.1614456176758,1897.4856,2595.6212171020507,Medium,XGBoost,1792.9907,104.49487
15,PREPARED FOODS,532.1251163482666,823.0975,1230.1536388397217,Medium,XGBoost,638.90326,184.19421
15,PRODUCE,9282.868664746095,11538.096,14605.10880859375,Medium,XGBoost,11764.474,-226.37793
15,SCHOOL AND OFFICE SUPPLIES,2226.5495681762695,2487.4414,2828.8744058494567,Medium,XGBoost,944.6809,1542.7605
15,SEAFOOD,269.8365566007793,289.00146,366.55323629379274,Medium,XGBoost,22.570957,266.4305
16,AUTOMOTIVE,244.01214344128965,290.57587,389.67837562561033,Medium,XGBoost,33.900368,256.6755
16,BABY CARE,4926.860368401371,4935.342,5005.72670083046,Medium,XGBoost,8.138383,4927.2036
16,BEAUTY,249.19951256215575,269.46115,348.6222975254059,Medium,XGBoost,24.753815,244.70734
16,BEVERAGES,15047.781789843752,21137.582,32064.076202148437,Medium,XGBoost,22830.408,-1692.8262
16,BOOKS,4704.195010074973,4712.662,4783.047246980667,Medium,XGBoost,8.124288,4704.5376
16,BREAD/BAKERY,1853.6841780395507,2487.5286,3242.182194885254,Medium,XGBoost,2538.3242,-50.795654
16,CELEBRATION,312.18173297196626,373.0366,481.43502979278566,Medium,XGBoost,54.103302,318.9333
16,CLEANING,11459.942822460938,13715.17,16782.182966308592,Medium,XGBoost,15093.848,-1378.6777
16,DAIRY,3469.5518239746093,4366.039,5516.3175583496095,Medium,XGBoost,4412.6426,-46.603516
16,DELI,2142.758630126953,2814.1235,3625.2948923339845,Medium,XGBoost,2840.521,-26.39746
16,EGGS,1932.139199584961,2603.5042,3414.6754617919923,Medium,XGBoost,2511.5898,91.91431
16,FROZEN FOODS,535.5409345626831,824.5558,1218.5569539871217,Medium,XGBoost,661.7241,162.83167
16,GROCERY I,27331.401199414064,34011.137,46146.78088378906,Medium,XGBoost,35841.168,-1830.0312
16,GROCERY II,293.8632285952568,383.8479,522.4079972267151,Medium,XGBoost,97.40948,286.43842
16,HARDWARE,397.22681921124456,409.87384,484.51694521903994,Medium,XGBoost,11.552699,398.32114
16,HOME AND KITCHEN I,290.352237701416,415.14307,584.1246910095215,Medium,XGBoost,157.10133,258.04175
16,HOME AND KITCHEN II,326.75415229797363,433.56668,578.0267791748047,Medium,XGBoost,141.92822,291.63846
16,HOME APPLIANCES,1066.902472217381,1076.3782,1148.8921548843384,Medium,XGBoost,7.700099,1068.6781
16,HOME CARE,2280.3524014282225,2970.4775,3809.9077863159177,Medium,XGBoost,2995.0325,-24.554932
16,LADIESWEAR,3180.148854966462,3187.9604,3258.345388460159,Medium,XGBoost,7.0313864,3180.929
16,LAWN AND GARDEN,3180.148854966462,3187.9604,3258.345388460159,Medium,XGBoost,7.0313864,3180.929
16,LINGERIE,362.8150207132101,380.64847,459.5497271060944,Medium,XGBoost,16.875484,363.77298
16,"LIQUOR,WINE,BEER",826.7466278076172,1185.9143,1663.7965266723631,Medium,XGBoost,1070.3145,115.59985
16,MAGAZINES,375.4767577290535,388.72922,463.37232241630556,Medium,XGBoost,13.074114,375.6551
16,MEATS,675.7204246520996,980.15967,1407.214199066162,Medium,XGBoost,806.2145,173.94519
16,PERSONAL CARE,1695.0525023193359,2328.897,3083.550519165039,Medium,XGBoost,2366.3594,-37.462402
16,PET SUPPLIES,375.0484285235405,396.2725,479.431920003891,Medium,XGBoost,16.733837,379.53867
16,PLAYERS AND ELECTRONICS,337.6811616659164,374.9175,467.1130244731903,Medium,XGBoost,32.9168,342.0007
16,POULTRY,903.3208923339844,1280.7313,1775.556166015625,Medium,XGBoost,1135.1536,145.57776
16,PREPARED FOODS,475.67871856689453,699.31665,1006.3809814453125,Medium,XGBoost,454.81845,244.4982
16,PRODUCE,7557.6180419921875,9517.878,11980.315549804687,Medium,XGBoost,9691.159,-173.28125
16,SCHOOL AND OFFICE SUPPLIES,2072.0106887817383,2072.0107,2136.0083557128905,Medium,XGBoost,0.0,2072.0107
16,SEAFOOD,335.1212730407715,335.12128,399.11893997192385,Medium,XGBoost,0.0,335.12128
17,AUTOMOTIVE,303.02398586273193,393.05704,522.1764476299286,Medium,XGBoost,100.760864,292.29617
17,BABY CARE,340.8276653110981,371.0752,460.62190570831297,Medium,XGBoost,24.362637,346.71255
17,BEAUTY,266.457914352417,368.00824,519.2602052688599,Medium,XGBoost,125.2199,242.78833
17,BEVERAGES,45189.65278632812,51869.387,64005.032470703125,Medium,XGBoost,55217.816,-3348.4297
17,BOOKS,5142.774406009912,5165.2734,5248.432997655868,Medium,XGBoost,19.51131,5145.762
17,BREAD/BAKERY,4789.856761962891,5952.287,7430.605439697266,Medium,XGBoost,6003.688,-51.40088
17,CELEBRATION,300.4656972885132,390.49875,519.6181590557098,Medium,XGBoost,75.68225,314.8165
17,CLEANING,14726.223865527343,17866.352,22747.09191748047,Medium,XGBoost,18251.53,-385.17773
17,DAIRY,10785.114074707031,12745.374,15207.811582519531,Medium,XGBoost,12963.909,-218.53516
17,DELI,7139.706602416993,9033.48,11413.908374389648,Medium,XGBoost,9124.3955,-90.91504
17,EGGS,2715.5586147460936,3424.4438,4292.133122314453,Medium,XGBoost,3357.9146,66.5293
17,FROZEN FOODS,1345.7154693603516,1942.0396,2640.1752408447264,Medium,XGBoost,1833.0386,109.00098
17,GROCERY I,65953.39814765625,72633.13,84768.77783203125,Medium,XGBoost,74537.51,-1904.375
17,GROCERY II,333.7356786727905,484.50922,696.1853666305542,Medium,XGBoost,230.35114,254.15808
17,HARDWARE,385.48138211593033,418.7164,510.65205492973325,Medium,XGBoost,25.160393,393.556
17,HOME AND KITCHEN I,324.83547496795654,518.05963,785.1272926330566,Medium,XGBoost,355.10202,162.95761
17,HOME AND KITCHEN II,339.4413013458252,528.7333,795.8009147644043,Medium,XGBoost,279.5826,249.15067
17,HOME APPLIANCES,447.3706408172846,474.80362,562.2212345600128,Medium,XGBoost,23.137308,451.66632
17,HOME CARE,4300.0812613525395,5329.54,6643.838467407227,Medium,XGBoost,5391.737,-62.196777
17,LADIESWEAR,551.6539917007088,573.1895,654.2198570251464,Medium,XGBoost,20.782639,552.40686
17,LAWN AND GARDEN,3977.8743622094394,3997.5083,4078.5386837005617,Medium,XGBoost,17.382277,3980.126
17,LINGERIE,256.8418536186218,394.6035,596.160187959671,Medium,XGBoost,215.02208,179.5814
17,"LIQUOR,WINE,BEER",598.1180667877197,907.33325,1331.3319640960694,Medium,XGBoost,775.4486,131.88464
17,MAGAZINES,334.43603134155273,392.05457,502.0623710155487,Medium,XGBoost,42.160774,349.8938
17,MEATS,3708.428670288086,4604.916,5755.194404663086,Medium,XGBoost,4495.0757,109.84033
17,PERSONAL CARE,3657.713141479492,4620.686,5852.974611694336,Medium,XGBoost,4670.5083,-49.822266
17,PET SUPPLIES,363.19521684646605,405.24365,503.82642288208007,Medium,XGBoost,34.244003,370.99963
17,PLAYERS AND ELECTRONICS,315.7039031982422,409.33252,540.840883731842,Medium,XGBoost,92.02139,317.31113
17,POULTRY,4827.671338745117,6056.5874,7616.915752319336,Medium,XGBoost,5970.6064,85.98096
17,PREPARED FOODS,694.8923530578613,999.3316,1426.3861274719238,Medium,XGBoost,792.82886,206.50275
17,PRODUCE,19146.556936328125,25236.357,36162.851348632816,Medium,XGBoost,25727.922,-491.56445
17,SCHOOL AND OFFICE SUPPLIES,322.72017669677734,417.42523,589.3970232009888,Medium,XGBoost,204.6274,212.79784
17,SEAFOOD,333.87051486968994,499.592,733.9642944335938,Medium,XGBoost,242.58879,257.00323
18,AUTOMOTIVE,310.76087799072263,354.18805,450.9016005039215,Medium,XGBoost,38.336956,315.8511
18,BABY CARE,457.90491215288637,473.82816,550.6003394126892,Medium,XGBoost,13.921972,459.9062
18,BEAUTY,245.42662024497986,361.10483,534.4893629550934,Medium,XGBoost,150.79094,210.31389
18,BEVERAGES,32352.390823437498,39032.125,51167.7705078125,Medium,XGBoost,42003.19,-2971.0664
18,BOOKS,5170.021894100309,5184.282,5261.054316043854,Medium,XGBoost,11.81635,5172.466
18,BREAD/BAKERY,8382.007080078125,10342.267,12804.704587890625,Medium,XGBoost,10446.391,-104.12402
18,CELEBRATION,313.7965841293335,389.44736,509.01097083091736,Medium,XGBoost,71.53344,317.9139
18,CLEANING,8126.8392333984375,10087.099,12549.536741210937,Medium,XGBoost,10380.8125,-293.71387
18,DAIRY,9346.3232421875,11306.583,13769.02075,Medium,XGBoost,11557.746,-251.16309
18,DELI,3255.0464255371094,4114.013,5207.773914550781,Medium,XGBoost,4143.38,-29.3667
18,EGGS,2629.5141322021486,3375.92,4300.126885131836,Medium,XGBoost,3316.843,59.076904
18,FROZEN FOODS,877.2193450927734,1236.387,1714.2692439575194,Medium,XGBoost,1128.8292,107.55774
18,GROCERY I,40636.819534375,47316.555,59452.19921875,Medium,XGBoost,49108.844,-1792.2891
18,GROCERY II,320.26626682281494,445.56207,616.369029045105,Medium,XGBoost,188.83784,256.72424
18,HARDWARE,384.3533759213984,403.46027,484.4906204223633,Medium,XGBoost,14.539635,388.92062
18,HOME AND KITCHEN I,511.09400844573975,754.93225,1091.9941492080688,Medium,XGBoost,563.2488,191.68347
18,HOME AND KITCHEN II,296.35604763031006,461.52734,687.7258110046387,Medium,XGBoost,268.79138,192.73596
18,HOME APPLIANCES,505.3891494035721,519.8619,594.5049785137177,Medium,XGBoost,14.608706,505.25317
18,HOME CARE,2707.2670158081055,3547.4736,4612.975382141113,Medium,XGBoost,3626.1045,-78.63086
18,LADIESWEAR,328.68979930877686,425.91397,559.8112986087799,Medium,XGBoost,114.90531,311.00867
18,LAWN AND GARDEN,309.356597340107,383.77463,506.99403557777407,Medium,XGBoost,71.2682,312.5064
18,LINGERIE,245.59343695640564,393.8347,604.6924560070038,Medium,XGBoost,227.05899,166.7757
18,"LIQUOR,WINE,BEER",769.0017547607422,1109.9266,1570.8662788085937,Medium,XGBoost,1032.4792,77.44739
18,MAGAZINES,375.86875680312517,399.64365,484.93216428756716,Medium,XGBoost,19.055593,380.58804
18,MEATS,1609.219727203369,2224.8215,2962.5323692321776,Medium,XGBoost,2088.6782,136.14331
18,PERSONAL CARE,2375.464626647949,3103.11,3999.0582568969726,Medium,XGBoost,3180.878,-77.76782
18,PET SUPPLIES,334.69066182374956,380.63593,481.34778532981875,Medium,XGBoost,38.12754,342.5084
18,PLAYERS AND ELECTRONICS,313.20985746383667,392.39954,514.3521056175232,Medium,XGBoost,64.29988,328.09967
18,POULTRY,2806.788649902344,3590.7148,4571.439648193359,Medium,XGBoost,3493.4336,97.28125
18,PREPARED FOODS,759.2622947692871,1081.9443,1525.9414440002442,Medium,XGBoost,900.71277,181.23157
18,PRODUCE,25525.09241015625,31909.86,43440.929458496095,Medium,XGBoost,33047.18,-1137.3203
18,SCHOOL AND OFFICE SUPPLIES,105.77438926696777,381.80676,788.8628911972046,Medium,XGBoost,819.418,-437.61127
18,SEAFOOD,305.16544914245605,430.7087,605.4752161502838,Medium,XGBoost,167.75256,262.95615
19,AUTOMOTIVE,290.75398952960967,353.33783,463.8653640270233,Medium,XGBoost,53.626846,299.711
19,BABY CARE,353.5363144941628,361.4178,431.8026981830597,Medium,XGBoost,6.9464817,354.4713
19,BEAUTY,282.75873979628085,340.9059,453.2200207710266,Medium,XGBoost,74.456116,266.4498
19,BEVERAGES,32886.690994335935,39566.426,51702.07067871094,Medium,XGBoost,42502.52,-2936.0938
19,BOOKS,5162.88665542258,5170.318,5240.702856111527,Medium,XGBoost,6.2912583,5164.027
19,BREAD/BAKERY,2100.6276944580077,2771.9927,3583.163956665039,Medium,XGBoost,2822.9128,-50.920166
19,CELEBRATION,304.088686978817,365.40897,475.67663226127627,Medium,XGBoost,47.590862,317.8181
19,CLEANING,12420.269372949218,14970.464,18642.05215283203,Medium,XGBoost,15279.029,-308.56543
19,DAIRY,4899.050183959961,6127.9663,7688.29459753418,Medium,XGBoost,6200.118,-72.151855
19,DELI,4137.818382934571,5167.2773,6481.575588989258,Medium,XGBoost,5212.0283,-44.750977
19,EGGS,839.3930816650391,1235.0464,1746.8137301635743,Medium,XGBoost,1144.0226,91.0238
19,FROZEN FOODS,586.9839401245117,891.4232,1318.4777145385742,Medium,XGBoost,734.95746,156.46576
19,GROCERY I,47816.15913398437,54495.895,66631.53881835938,Medium,XGBoost,56017.086,-1521.1914
19,GROCERY II,575.7542562484741,819.5925,1156.6543970108032,Medium,XGBoost,586.28485,233.30768
19,HARDWARE,376.370893573761,387.1092,459.6232091903687,Medium,XGBoost,10.737537,376.37164
19,HOME AND KITCHEN I,310.86234951019287,488.26184,734.4586544036865,Medium,XGBoost,303.58185,184.68
19,HOME AND KITCHEN II,311.15536308288574,429.95343,590.7612075805664,Medium,XGBoost,159.09685,270.85657
19,HOME APPLIANCES,447.943285369873,455.55093,525.9358625888825,Medium,XGBoost,7.148842,448.4021
19,HOME CARE,2450.060345031738,3177.7058,4073.6539752807616,Medium,XGBoost,3219.8113,-42.10547
19,LADIESWEAR,328.6784944534302,411.0668,535.408313035965,Medium,XGBoost,79.55925,331.50757
19,LAWN AND GARDEN,3640.1856199741364,3645.6145,3713.8703402519227,Medium,XGBoost,5.352561,3640.262
19,LINGERIE,321.3089931115508,371.1981,472.68954291343687,Medium,XGBoost,41.11316,330.08493
19,"LIQUOR,WINE,BEER",605.1615972518921,875.93365,1252.992241859436,Medium,XGBoost,731.67365,144.26001
19,MAGAZINES,345.4959429219365,365.6462,446.676558303833,Medium,XGBoost,16.709124,348.93707
19,MEATS,1738.3138472290038,2372.1584,3126.811864074707,Medium,XGBoost,2240.0552,132.10327
19,PERSONAL CARE,2401.768368103027,3129.4138,4025.3619983520507,Medium,XGBoost,3187.696,-58.282227
19,PET SUPPLIES,403.5660414934158,419.43243,498.333685541153,Medium,XGBoost,14.031996,405.40045
19,PLAYERS AND ELECTRONICS,311.40541199445727,368.7696,476.648303604126,Medium,XGBoost,47.17279,321.5968
19,POULTRY,1866.8295065612792,2482.4312,3220.142148590088,Medium,XGBoost,2356.1982,126.23291
19,PREPARED FOODS,442.6907081604004,639.39484,906.4624671936035,Medium,XGBoost,362.43387,276.96097
19,PRODUCE,6235.327876098633,7996.1304,10212.538176391601,Medium,XGBoost,8018.8975,-22.76709
19,SCHOOL AND OFFICE SUPPLIES,2194.966896057129,2530.3992,2951.099496799469,Medium,XGBoost,1151.8601,1378.5391
19,SEAFOOD,264.0645217895508,280.8083,362.01586856842044,Medium,XGBoost,19.180227,261.62805
20,AUTOMOTIVE,318.54209423065186,408.57513,537.6945559978485,Medium,XGBoost,93.981964,314.59317
20,BABY CARE,754.6829196810722,786.0317,875.8382186889648,Medium,XGBoost,25.943464,760.0882
20,BEAUTY,270.05091190338135,395.29626,570.0627539157867,Medium,XGBoost,155.6635,239.63277
20,BEVERAGES,48141.2668,54821.004,66956.646484375,Medium,XGBoost,58257.004,-3436.0
20,BOOKS,5153.978862503171,5180.9478,5268.365454912186,Medium,XGBoost,22.598225,5158.3496
20,BREAD/BAKERY,6790.515742309571,8551.318,10767.726042602539,Medium,XGBoost,8748.931,-197.6123
20,CELEBRATION,319.4836654663086,413.11227,544.6206459999084,Medium,XGBoost,103.029434,310.08282
20,CLEANING,15697.926271484375,20607.857,29116.05013964844,Medium,XGBoost,21308.658,-700.8008
20,DAIRY,11233.30183125,13488.528,16555.541975097654,Medium,XGBoost,13816.605,-328.07715
20,DELI,9742.144360546876,11997.371,15064.384504394531,Medium,XGBoost,12197.535,-200.16406
20,EGGS,1623.489745147705,2257.8516,3023.8215098571777,Medium,XGBoost,2188.7156,69.13599
20,FROZEN FOODS,1066.487621307373,1498.6265,2044.279019439697,Medium,XGBoost,1394.0979,104.528564
20,GROCERY I,82982.73994453125,89662.48,101798.11962890625,Medium,XGBoost,91426.4,-1763.9219
20,GROCERY II,340.3911943435669,503.41388,739.6115121841431,Medium,XGBoost,242.50157,260.9123
20,HARDWARE,394.1846494838595,423.0836,510.50119709968567,Medium,XGBoost,26.915676,396.1679
20,HOME AND KITCHEN I,442.83954429626465,679.94434,1007.00705909729,Medium,XGBoost,487.45676,192.48758
20,HOME AND KITCHEN II,327.5335865020752,523.47284,792.3658418655396,Medium,XGBoost,330.00208,193.47076
20,HOME APPLIANCES,1492.413912037015,1520.1497,1607.5673153400421,Medium,XGBoost,23.984686,1496.1649
20,HOME CARE,4668.897504516602,5897.814,7458.141918090821,Medium,XGBoost,5978.0273,-80.21338
20,LADIESWEAR,341.46840393543243,427.41626,554.1467123031616,Medium,XGBoost,93.23929,334.17697
20,LAWN AND GARDEN,294.3034725189209,416.2394,584.6574242115021,Medium,XGBoost,165.46962,250.76979
20,LINGERIE,322.2890830039978,407.67313,543.5844113826752,Medium,XGBoost,79.68207,327.99106
20,"LIQUOR,WINE,BEER",682.7704887390137,1023.6954,1484.6350127868652,Medium,XGBoost,920.3401,103.355286
20,MAGAZINES,365.1207601904869,409.1745,508.0171211242676,Medium,XGBoost,34.34335,374.83115
20,MEATS,4695.672786743165,5858.103,7336.421464477539,Medium,XGBoost,5747.569,110.53418
20,PERSONAL CARE,4565.427671142578,5794.3438,7354.672084716797,Medium,XGBoost,5892.7837,-98.43994
20,PET SUPPLIES,320.56255865097046,402.74634,527.0878574848175,Medium,XGBoost,66.96948,335.77686
20,PLAYERS AND ELECTRONICS,331.10538387298584,421.13843,550.2578456401825,Medium,XGBoost,86.34654,334.79187
20,POULTRY,4498.349454589844,5727.2656,7287.593868164063,Medium,XGBoost,5649.2974,77.96826
20,PREPARED FOODS,836.8007545471191,1214.2112,1709.0360282287597,Medium,XGBoost,1012.59283,201.61835
20,PRODUCE,13900.071253808594,17925.102,24619.567213867187,Medium,XGBoost,18320.71,-395.60938
20,SCHOOL AND OFFICE SUPPLIES,152.00940799713135,399.75464,748.6410531997681,Medium,XGBoost,632.193,-232.43835
20,SEAFOOD,328.279803276062,488.76532,710.4406204223633,Medium,XGBoost,243.8719,244.89342
21,AUTOMOTIVE,287.6897859573364,377.72284,506.8422477245331,Medium,XGBoost,88.196014,289.52682
21,BABY CARE,317.4562649846077,333.39822,410.17039728164673,Medium,XGBoost,14.069958,319.32828
21,BEAUTY,267.2562777996063,358.4376,499.1267874240875,Medium,XGBoost,100.291466,258.14612
21,BEVERAGES,37994.75434882812,44674.49,56810.134033203125,Medium,XGBoost,48497.65,-3823.1602
21,BOOKS,5138.161136889457,5150.3457,5224.988767957688,Medium,XGBoost,10.128186,5140.2173
21,BREAD/BAKERY,6386.714228637696,8147.5166,10363.924528930664,Medium,XGBoost,8295.049,-147.53223
21,CELEBRATION,312.6757926940918,391.92215,513.8746981620789,Medium,XGBoost,72.71477,319.2074
21,CLEANING,15421.993849804689,20626.893,29739.660354003907,Medium,XGBoost,22018.404,-1391.5117
21,DAIRY,8838.901458740234,10799.161,13261.598966552734,Medium,XGBoost,11014.827,-215.66602
21,DELI,4562.023067504883,5724.4536,7202.771745239258,Medium,XGBoost,5799.9595,-75.50586
21,EGGS,3967.2252801513673,5092.1353,6513.935712524414,Medium,XGBoost,5039.462,52.67334
21,FROZEN FOODS,1175.3816687316894,1645.041,2247.2113122253418,Medium,XGBoost,1560.4756,84.56543
21,GROCERY I,58657.5177765625,65337.254,77472.8974609375,Medium,XGBoost,69555.01,-4217.754
21,GROCERY II,343.8237638473511,526.71124,797.4295597076416,Medium,XGBoost,270.5663,256.14493
21,HARDWARE,376.12502279281614,391.96777,470.86904778480533,Medium,XGBoost,14.076076,377.8917
21,HOME AND KITCHEN I,525.6869211196899,809.92584,1206.9828176498413,Medium,XGBoost,695.6256,114.30023
21,HOME AND KITCHEN II,479.4704875946045,770.4429,1177.4990100860596,Medium,XGBoost,638.6481,131.7948
21,HOME APPLIANCES,551.5328522115946,563.22833,637.8714240550995,Medium,XGBoost,9.624231,553.6041
21,HOME CARE,4229.110588745118,5258.5693,6572.867794799805,Medium,XGBoost,5338.139,-79.569824
21,LADIESWEAR,346.2208073496819,406.47833,516.7459872722626,Medium,XGBoost,47.146782,359.33154
21,LAWN AND GARDEN,314.2976228713989,377.93738,501.5614017486572,Medium,XGBoost,81.4095,296.5279
21,LINGERIE,324.0936346054077,421.3178,555.2151339054108,Medium,XGBoost,111.46704,309.85077
21,"LIQUOR,WINE,BEER",1101.5124282836914,1515.4084,2044.118451599121,Medium,XGBoost,1491.0707,24.337769
21,MAGAZINES,350.47304966673255,379.93057,467.60805401802065,Medium,XGBoost,24.294361,355.6362
21,MEATS,1487.869270324707,2084.1934,2782.329041809082,Medium,XGBoost,1956.1781,128.01526
21,PERSONAL CARE,3798.6500419311524,4809.3486,6095.388125305176,Medium,XGBoost,4894.707,-85.3584
21,PET SUPPLIES,356.1869910404086,394.14053,488.46514596939085,Medium,XGBoost,31.732357,362.40817
21,PLAYERS AND ELECTRONICS,323.6436257719994,384.62592,494.89357981681826,Medium,XGBoost,49.792576,334.83334
21,POULTRY,2253.7904599609374,2925.1553,3736.326722167969,Medium,XGBoost,2836.5752,88.58008
21,PREPARED FOODS,1862.2090743408203,2477.2935,3203.6879685058593,Medium,XGBoost,2335.6118,141.68164
21,PRODUCE,17879.104567578124,23084.004,32196.771071777344,Medium,XGBoost,24090.451,-1006.44727
21,SCHOOL AND OFFICE SUPPLIES,352.19821603298186,352.6389,416.636566734314,Medium,XGBoost,0.7571804,351.8817
21,SEAFOOD,271.12064814567566,358.37683,494.54797968864443,Medium,XGBoost,90.5674,267.80945
22,AUTOMOTIVE,247.56501133441924,291.58826,390.4308870315552,Medium,XGBoost,34.072605,257.51566
22,BABY CARE,992.193492218852,1003.1252,1075.6391870498658,Medium,XGBoost,10.220686,992.9045
22,BEAUTY,239.3359739154577,289.39313,396.6694692611694,Medium,XGBoost,51.585888,237.80724
22,BEVERAGES,18659.166336132814,25338.902,37474.54602050781,Medium,XGBoost,27478.496,-2139.5938
22,BOOKS,4738.6710232585665,4747.138,4817.523260164261,Medium,XGBoost,8.124288,4739.0137
22,BREAD/BAKERY,1974.7757536621093,2608.6204,3363.2737705078125,Medium,XGBoost,2607.8767,0.74365234
22,CELEBRATION,319.6179187655449,403.57007,528.1714504718781,Medium,XGBoost,83.88127,319.68878
22,CLEANING,7696.579406738281,9656.839,12119.276914550781,Medium,XGBoost,9991.155,-334.3164
22,DAIRY,4690.072611206055,5786.017,7182.325553100586,Medium,XGBoost,5875.337,-89.319824
22,DELI,2123.7759733276366,2776.3806,3559.293112854004,Medium,XGBoost,2818.6343,-42.253662
22,EGGS,726.2287216186523,1085.3964,1563.2786204833983,Medium,XGBoost,984.5762,100.82019
22,FROZEN FOODS,766.4312057495117,1107.3561,1568.2957297973633,Medium,XGBoost,960.6777,146.6784
22,GROCERY I,33116.4884796875,39796.223,51931.8681640625,Medium,XGBoost,41578.406,-1782.1836
22,GROCERY II,341.07043838500977,480.61353,674.1166591644287,Medium,XGBoost,216.81497,263.79855
22,HARDWARE,398.269210973382,412.75394,489.52612352371216,Medium,XGBoost,12.869325,399.8846
22,HOME AND KITCHEN I,331.52160453796387,514.14984,766.6951475143433,Medium,XGBoost,322.71243,191.43741
22,HOME AND KITCHEN II,305.5074796676636,503.96017,781.0270109176636,Medium,XGBoost,331.85184,172.10834
22,HOME APPLIANCES,677.9741151124239,688.4093,760.9233018875123,Medium,XGBoost,9.446375,678.96295
22,HOME CARE,2201.911306396484,2910.7966,3778.4858139648436,Medium,XGBoost,2959.3564,-48.559814
22,LADIESWEAR,381.6340983957052,400.5256,479.42685761451725,Medium,XGBoost,19.356892,381.1687
22,LAWN AND GARDEN,3214.6248681500556,3222.4365,3292.821401643753,Medium,XGBoost,7.0313864,3215.405
22,LINGERIE,314.44294480085375,378.46414,491.120763874054,Medium,XGBoost,48.417095,330.04706
22,"LIQUOR,WINE,BEER",905.3938484191895,1301.0471,1812.8144969177247,Medium,XGBoost,1239.8981,61.149048
22,MAGAZINES,361.0990564987063,382.7315,464.02172317504886,Medium,XGBoost,18.225094,364.5064
22,MEATS,1234.7198905944824,1812.8011,2493.9942872619627,Medium,XGBoost,1671.4857,141.31543
22,PERSONAL CARE,1989.5555830078124,2642.1604,3425.07272253418,Medium,XGBoost,2681.364,-39.203613
22,PET SUPPLIES,387.88470359146595,406.28235,485.1836153507233,Medium,XGBoost,17.182976,389.09937
22,PLAYERS AND ELECTRONICS,320.35575473308563,383.84677,496.24350786209106,Medium,XGBoost,56.141903,327.70486
22,POULTRY,2066.6325880737304,2700.477,3455.1306049194336,Medium,XGBoost,2584.5264,115.95068
22,PREPARED FOODS,545.6059064865112,816.3779,1193.4365510940552,Medium,XGBoost,593.3416,223.03632
22,PRODUCE,6371.045805297852,8264.819,10645.247577270507,Medium,XGBoost,8421.844,-157.02441
22,SCHOOL AND OFFICE SUPPLIES,432.4931163787842,512.9906,663.1386938095093,Medium,XGBoost,173.57686,339.41376
22,SEAFOOD,325.2906732320786,334.0864,404.73118557929996,Medium,XGBoost,10.03292,324.05347
23,AUTOMOTIVE,258.12544219493867,285.8792,373.29682183265686,Medium,XGBoost,23.87099,262.0082
23,BABY CARE,6782.958434759081,6796.2783,6870.9215072155,Medium,XGBoost,12.378296,6783.9
23,BEAUTY,165.15440464019775,282.51822,454.89577436447144,Medium,XGBoost,167.20695,115.311264
23,BEVERAGES,19159.70417792969,25839.44,37975.08386230469,Medium,XGBoost,26239.52,-400.08008
23,BOOKS,4999.128875432909,5012.4487,5087.091947889328,Medium,XGBoost,12.378296,5000.0703
23,BREAD/BAKERY,3640.767812133789,4537.2554,5687.533546508789,Medium,XGBoost,4547.282,-10.026855
23,CELEBRATION,376.7195224761963,543.4598,769.6582374572754,Medium,XGBoost,284.14645,259.31332
23,CLEANING,7441.754241943359,9402.014,11864.451749755859,Medium,XGBoost,9501.995,-99.981445
23,DAIRY,6394.3699951171875,8354.63,10817.067502929687,Medium,XGBoost,8491.346,-136.71582
23,DELI,1702.2734756469727,2298.5977,2996.7332471313475,Medium,XGBoost,2329.7778,-31.180176
23,EGGS,450.74090099334717,667.6454,964.7105379104614,Medium,XGBoost,473.6167,194.02869
23,FROZEN FOODS,939.3646621704102,1371.5035,1917.1560603027342,Medium,XGBoost,1235.249,136.25452
23,GROCERY I,29610.204055859376,36289.938,48425.583740234375,Medium,XGBoost,36882.19,-592.2539
23,GROCERY II,449.4283561706543,659.59937,946.6653671264648,Medium,XGBoost,436.30066,223.2987
23,HARDWARE,419.87941971868275,434.59537,509.2384646892548,Medium,XGBoost,14.967004,419.62836
23,HOME AND KITCHEN I,317.1387405395508,479.39618,707.4199895858765,Medium,XGBoost,265.78983,213.60635
23,HOME AND KITCHEN II,214.71551513671875,395.98523,646.7051830291748,Medium,XGBoost,271.25882,124.72641
23,HOME APPLIANCES,451.5964326620102,465.25864,539.9017280101776,Medium,XGBoost,12.838422,452.42023
23,HOME CARE,1646.0193939208984,2242.3435,2940.4791654052733,Medium,XGBoost,2260.9192,-18.575684
23,LADIESWEAR,333.3261260986328,434.14587,570.4321441650391,Medium,XGBoost,133.99763,300.14825
23,LAWN AND GARDEN,353.32683206647636,382.365,469.7825996875763,Medium,XGBoost,26.167383,356.1976
23,LINGERIE,322.53289265185595,373.36127,482.50683493614196,Medium,XGBoost,53.195778,320.1655
23,"LIQUOR,WINE,BEER",725.1216316223145,1084.2893,1562.1715304870604,Medium,XGBoost,1059.7386,24.55066
23,MAGAZINES,322.5266149401665,371.07224,474.17303190231326,Medium,XGBoost,42.35907,328.71317
23,MEATS,8361.080497436524,9988.911,12041.299326049804,Medium,XGBoost,9867.849,121.0625
23,PERSONAL CARE,1952.8978392333984,2586.7424,3341.3958560791016,Medium,XGBoost,2661.3733,-74.63086
23,PET SUPPLIES,338.6517571091652,388.32812,489.5597043514252,Medium,XGBoost,40.174286,348.15384
23,PLAYERS AND ELECTRONICS,313.18782234191895,385.24304,502.4176902770996,Medium,XGBoost,59.91162,325.33142
23,POULTRY,4186.461266235352,5215.92,6530.218472290039,Medium,XGBoost,5125.4253,90.49463
23,PREPARED FOODS,493.1956100463867,689.8997,956.9673690795898,Medium,XGBoost,420.5083,269.39142
23,PRODUCE,15674.787343066408,20289.752,28193.368575195313,Medium,XGBoost,20566.838,-277.08594
23,SCHOOL AND OFFICE SUPPLIES,2952.7848052978516,2952.785,3016.782472229004,Medium,XGBoost,0.0,2952.785
23,SEAFOOD,252.38055691197513,287.35767,385.25540924072266,Medium,XGBoost,49.585285,237.77238
24,AUTOMOTIVE,337.1459889411926,390.51065,495.7405331134796,Medium,XGBoost,46.636063,343.87457
24,BABY CARE,511.1427738547325,544.3923,636.0680671215057,Medium,XGBoost,30.000946,514.39136
24,BEAUTY,265.46088314056396,392.8153,581.5405316352844,Medium,XGBoost,169.60837,223.20694
24,BEVERAGES,49408.49653632812,56088.23,68223.87622070312,Medium,XGBoost,57374.402,-1286.1719
24,BOOKS,2125.301953816414,2163.4583,2257.782839679718,Medium,XGBoost,31.582832,2131.8755
24,BREAD/BAKERY,10427.90380859375,12388.164,14850.60131640625,Medium,XGBoost,12449.0205,-60.856445
24,CELEBRATION,351.05748558044434,506.21338,732.4118499755859,Medium,XGBoost,212.61266,293.6007
24,CLEANING,14868.597145117188,19188.594,26487.635741210936,Medium,XGBoost,19390.182,-201.58789
24,DAIRY,15654.763039648438,21449.596,31771.51481591797,Medium,XGBoost,21821.951,-372.35547
24,DELI,3707.359380126953,4603.8467,5754.125114501953,Medium,XGBoost,4690.6953,-86.84863
24,EGGS,3082.2505881347656,3941.2175,5034.9780771484375,Medium,XGBoost,3841.9048,99.312744
24,FROZEN FOODS,2193.177520446777,2883.3027,3722.7329053344724,Medium,XGBoost,2772.7395,110.56323
24,GROCERY I,59108.876175,65788.61,77924.255859375,Medium,XGBoost,67619.08,-1830.4688
24,GROCERY II,544.2015600204468,814.9736,1192.0322046279907,Medium,XGBoost,584.91675,230.05682
24,HARDWARE,477.17690888643267,519.81226,618.135177230835,Medium,XGBoost,34.915955,484.8963
24,HOME AND KITCHEN I,392.86820220947266,616.5061,923.5704650878906,Medium,XGBoost,474.82922,141.67688
24,HOME AND KITCHEN II,473.17077445983887,737.20935,1104.268793106079,Medium,XGBoost,587.90814,149.30121
24,HOME APPLIANCES,1658.8229092240333,1695.353,1789.417790699005,Medium,XGBoost,31.74782,1663.6052
24,HOME CARE,3704.4557393798827,4600.943,5751.221473754883,Medium,XGBoost,4618.471,-17.52832
24,LADIESWEAR,361.55259704589844,462.37234,598.6586151123047,Medium,XGBoost,154.9329,307.43945
24,LAWN AND GARDEN,546.6790981292725,810.71765,1177.7771167755127,Medium,XGBoost,628.6074,182.11023
24,LINGERIE,324.5512809753418,425.37103,561.657299041748,Medium,XGBoost,113.79832,311.57272
24,"LIQUOR,WINE,BEER",1195.41019821167,1737.0059,2384.3138452453613,Medium,XGBoost,1729.3296,7.6762695
24,MAGAZINES,345.1640396118164,455.45758,608.0915203094482,Medium,XGBoost,151.05783,304.39975
24,MEATS,5689.788863525391,6985.191,8627.529012939453,Medium,XGBoost,6926.497,58.693848
24,PERSONAL CARE,3669.92844140625,4566.416,5716.69417578125,Medium,XGBoost,4653.2373,-86.82129
24,PET SUPPLIES,341.19927310943604,497.9524,732.3246784210205,Medium,XGBoost,202.68195,295.27045
24,PLAYERS AND ELECTRONICS,332.3604545593262,433.1802,569.4664726257324,Medium,XGBoost,117.23649,315.94373
24,POULTRY,7182.342315673828,9142.602,11605.039823486328,Medium,XGBoost,9099.481,43.120117
24,PREPARED FOODS,1374.2579803466797,1970.582,2668.7177518310546,Medium,XGBoost,1784.8905,185.69153
24,PRODUCE,52127.37348945312,58807.11,70942.75317382812,Medium,XGBoost,60898.434,-2091.3242
24,SCHOOL AND OFFICE SUPPLIES,3027.3194885253906,3027.3196,3091.317155456543,Medium,XGBoost,0.0,3027.3196
24,SEAFOOD,395.83621406555176,606.0072,893.0732250213623,Medium,XGBoost,402.78046,203.22675
25,AUTOMOTIVE,405.76024571657183,444.94415,543.267070388794,Medium,XGBoost,31.59401,413.35016
25,BABY CARE,432.5379253514111,441.9005,512.2854366779328,Medium,XGBoost,10.830613,431.0699
25,BEAUTY,309.9635819196701,441.62723,627.9634883403778,Medium,XGBoost,228.19452,213.43271
25,BEVERAGES,22769.094558789064,29448.83,41584.47424316406,Medium,XGBoost,30511.662,-1062.832
25,BOOKS,4861.831248994917,4871.1636,4941.54834561348,Medium,XGBoost,10.008158,4861.1553
25,BREAD/BAKERY,4234.856648803711,5131.3438,6281.622383178711,Medium,XGBoost,5145.868,-14.524414
25,CELEBRATION,305.68149280548096,373.48468,488.27038407325745,Medium,XGBoost,57.11809,316.36658
25,CLEANING,5296.240525268555,6658.1284,8382.47641052246,Medium,XGBoost,6751.919,-93.79053
25,DAIRY,6264.762510620118,8158.5366,10538.964282592773,Medium,XGBoost,8339.963,-181.42627
25,DELI,1590.0543975830078,2186.3784,2884.5141690673827,Medium,XGBoost,2245.097,-58.718506
25,EGGS,1237.2382583618164,1797.0768,2461.327280212402,Medium,XGBoost,1658.3633,138.7135
25,FROZEN FOODS,1253.323601409912,1686.4973,2254.7824952697756,Medium,XGBoost,1546.2546,140.24268
25,GROCERY I,20191.53388984375,26871.27,39006.91357421875,Medium,XGBoost,28112.406,-1241.1367
25,GROCERY II,336.98472595214844,504.45496,747.0010814666748,Medium,XGBoost,223.5394,280.91556
25,HARDWARE,398.47080739587545,411.9773,486.62039217948916,Medium,XGBoost,13.639155,398.33813
25,HOME AND KITCHEN I,349.08231925964355,533.8009,784.5208606719971,Medium,XGBoost,315.3391,218.46179
25,HOME AND KITCHEN II,317.62010192871094,496.01257,740.3840379714966,Medium,XGBoost,314.04047,181.9721
25,HOME APPLIANCES,380.9562315613031,395.74097,472.51316118240356,Medium,XGBoost,11.425602,384.31537
25,HOME CARE,1052.1226387023926,1630.204,2311.397035369873,Medium,XGBoost,1618.8364,11.367554
25,LADIESWEAR,3337.6300843581557,3346.6855,3417.070592927933,Medium,XGBoost,8.799822,3337.8857
25,LAWN AND GARDEN,456.20754051208496,693.3123,1020.3750553131104,Medium,XGBoost,493.13324,200.17908
25,LINGERIE,335.59699968099596,388.70956,494.1993130207062,Medium,XGBoost,42.335907,346.37366
25,"LIQUOR,WINE,BEER",1929.347010620117,2581.9517,3364.8641501464845,Medium,XGBoost,2563.0676,18.884033
25,MAGAZINES,311.62841415405273,405.25702,536.7653946876526,Medium,XGBoost,83.26219,321.9948
25,MEATS,2628.0317379760745,3318.1567,4157.58712286377,Medium,XGBoost,3220.978,97.17871
25,PERSONAL CARE,1090.984474182129,1687.3086,2385.444245666504,Medium,XGBoost,1733.4952,-46.186646
25,PET SUPPLIES,325.72178426980975,382.30255,490.1812788009644,Medium,XGBoost,44.36477,337.93777
25,PLAYERS AND ELECTRONICS,314.3351151943207,393.3463,515.2988657951355,Medium,XGBoost,68.47356,324.87274
25,POULTRY,2092.16693560791,2726.0115,3480.6649524536133,Medium,XGBoost,2616.9727,109.03882
25,PREPARED FOODS,480.554967880249,690.72595,977.7919788360596,Medium,XGBoost,424.45337,266.27258
25,PRODUCE,17790.033815429688,22699.965,31208.15768359375,Medium,XGBoost,23164.041,-464.07617
25,SCHOOL AND OFFICE SUPPLIES,353.4012107849121,353.4012,417.3988777160645,Medium,XGBoost,0.0,353.4012
25,SEAFOOD,263.7803020477295,288.36832,377.7497304916382,Medium,XGBoost,43.88407,244.48425
26,AUTOMOTIVE,236.99616125822067,290.61124,396.10098443031313,Medium,XGBoost,50.08893,240.52231
26,BABY CARE,6541.576778450608,6550.532,6620.917364168167,Medium,XGBoost,8.219141,6542.313
26,BEAUTY,266.50912103652956,287.7347,367.1557053089142,Medium,XGBoost,27.965157,259.76956
26,BEVERAGES,14304.069910058593,16854.264,20525.852689941406,Medium,XGBoost,17079.447,-225.1836
26,BOOKS,4757.747219124436,4766.703,4837.087804841995,Medium,XGBoost,8.219141,4758.484
26,BREAD/BAKERY,2732.9138298339844,3554.3604,4591.603073486328,Medium,XGBoost,3578.3608,-24.000488
26,CELEBRATION,306.07847714424133,376.65866,493.8333168029785,Medium,XGBoost,60.915092,315.74356
26,CLEANING,5755.103965454102,7382.9346,9435.322794067382,Medium,XGBoost,7423.6143,-40.679688
26,DAIRY,3373.735617675781,4336.7085,5568.997087890625,Medium,XGBoost,4431.0806,-94.37207
26,DELI,1065.3832473754883,1588.7361,2219.101519592285,Medium,XGBoost,1644.692,-55.955933
26,EGGS,479.8876371383667,723.7259,1060.7877779006958,Medium,XGBoost,577.9475,145.77838
26,FROZEN FOODS,562.2397975921631,826.2784,1193.3378162384033,Medium,XGBoost,637.9432,188.3352
26,GROCERY I,19902.865603515627,26287.633,37818.70265185547,Medium,XGBoost,27394.295,-1106.6621
26,GROCERY II,389.32537841796875,586.0295,853.0971374511719,Medium,XGBoost,356.7481,229.28137
26,HARDWARE,386.85713933333756,399.49042,474.1335261821747,Medium,XGBoost,10.130218,389.3602
26,HOME AND KITCHEN I,291.85998725891113,438.76407,642.2663583755493,Medium,XGBoost,223.63235,215.13171
26,HOME AND KITCHEN II,271.6824531555176,383.57858,541.9974024295807,Medium,XGBoost,110.21073,273.36786
26,HOME APPLIANCES,425.3381505571306,436.1427,508.6567098617554,Medium,XGBoost,9.555267,426.58743
26,HOME CARE,1027.6639556884766,1478.0457,2040.6407286376952,Medium,XGBoost,1466.2202,11.825439
26,LADIESWEAR,1250.1954890333116,1262.7762,1337.41938624382,Medium,XGBoost,10.716287,1252.0599
26,LAWN AND GARDEN,305.1898365020752,397.6201,532.5243883132935,Medium,XGBoost,97.18483,300.43524
26,LINGERIE,381.9939501367509,397.1779,472.0808391094208,Medium,XGBoost,13.505996,383.6719
26,"LIQUOR,WINE,BEER",435.9895429611206,720.22845,1117.285439491272,Medium,XGBoost,652.97473,67.25372
26,MAGAZINES,405.9294568642974,418.50906,493.1521514415741,Medium,XGBoost,10.464647,408.0444
26,MEATS,3517.787548095703,4509.726,5767.5065087890625,Medium,XGBoost,4432.626,77.1001
26,PERSONAL CARE,1625.528305053711,2221.8523,2919.988076538086,Medium,XGBoost,2255.1118,-33.25952
26,PET SUPPLIES,337.958275949955,371.85425,465.6591164588928,Medium,XGBoost,27.64208,344.21216
26,PLAYERS AND ELECTRONICS,367.82192663401366,387.9315,468.96182708740236,Medium,XGBoost,16.552485,371.379
26,POULTRY,1930.1954266357423,2620.3206,3459.7508115234373,Medium,XGBoost,2523.2178,97.10278
26,PREPARED FOODS,460.9308052062988,671.1018,958.1678161621094,Medium,XGBoost,422.38367,248.71814
26,PRODUCE,7220.381342895508,8981.184,11197.591643188476,Medium,XGBoost,9139.198,-158.01465
26,SCHOOL AND OFFICE SUPPLIES,345.61231231689453,345.6123,409.6099792480469,Medium,XGBoost,0.0,345.6123
26,SEAFOOD,299.4002447128296,312.00272,385.0364555358887,Medium,XGBoost,11.398957,300.60376
27,AUTOMOTIVE,304.57080936431885,394.60385,523.7232711315155,Medium,XGBoost,80.23716,314.3667
27,BABY CARE,1580.1637776970863,1612.0061,1703.6819377422332,Medium,XGBoost,26.516771,1585.4894
27,BEAUTY,289.04771307706835,408.04477,589.8630093097687,Medium,XGBoost,166.28085,241.76392
27,BEVERAGES,46204.69868476562,52884.434,65020.078369140625,Medium,XGBoost,53876.832,-992.39844
27,BOOKS,1409.9511810779572,1440.5352,1530.081872367859,Medium,XGBoost,27.911806,1412.6233
27,BREAD/BAKERY,8627.727447509766,10587.987,13050.424955322265,Medium,XGBoost,10632.944,-44.95703
27,CELEBRATION,358.6604290008545,554.0778,821.1454563140869,Medium,XGBoost,284.99146,269.08636
27,CLEANING,13059.220532421876,15314.447,18381.46067626953,Medium,XGBoost,15446.114,-131.66699
27,DAIRY,14229.800256738281,16779.994,20451.583036621094,Medium,XGBoost,17079.46,-299.4668
27,DELI,3925.844977416992,4888.818,6121.106447631836,Medium,XGBoost,4931.584,-42.766113
27,EGGS,3348.2877830200196,4188.4946,5253.996149353027,Medium,XGBoost,4084.0764,104.41821
27,FROZEN FOODS,1705.6279935913085,2358.2327,3141.145133117676,Medium,XGBoost,2240.2937,117.938965
27,GROCERY I,56771.16304023437,63450.9,75586.54272460938,Medium,XGBoost,64778.527,-1327.6289
27,GROCERY II,471.9084539413452,688.8129,985.8780908584595,Medium,XGBoost,469.46558,219.34735
27,HARDWARE,372.94323444366455,421.63672,524.4776682853699,Medium,XGBoost,41.03239,380.60434
27,HOME AND KITCHEN I,508.64061069488525,765.94574,1123.0060033798218,Medium,XGBoost,610.7759,155.16986
27,HOME AND KITCHEN II,419.0403079986572,710.0127,1117.0688304901123,Medium,XGBoost,605.5625,104.450195
27,HOME APPLIANCES,483.4380358785391,514.66284,604.2095083236694,Medium,XGBoost,27.099728,487.5631
27,HOME CARE,3372.937262573242,4335.91,5568.198732788086,Medium,XGBoost,4366.5723,-30.66211
27,LADIESWEAR,345.3543291091919,442.57852,576.475828409195,Medium,XGBoost,121.1954,321.38312
27,LAWN AND GARDEN,530.2669677734375,780.8387,1127.8997344970703,Medium,XGBoost,588.65076,192.18793
27,LINGERIE,330.49024772644043,424.11887,555.6272282600403,Medium,XGBoost,99.44046,324.6784
27,"LIQUOR,WINE,BEER",1793.5409199523926,2465.4233,3287.9109300231935,Medium,XGBoost,2475.3438,-9.92041
27,MAGAZINES,330.30220651626587,397.2087,511.9944155216217,Medium,XGBoost,52.88505,344.32367
27,MEATS,4021.3704459228516,5050.829,6365.127651977539,Medium,XGBoost,4965.8486,84.98047
27,PERSONAL CARE,3121.6371298217773,3999.3643,5121.383741516113,Medium,XGBoost,4060.5146,-61.15039
27,PET SUPPLIES,318.24622535705566,419.06598,555.3522434234619,Medium,XGBoost,110.08057,308.9854
27,PLAYERS AND ELECTRONICS,313.30896949768066,406.9376,538.4459500312805,Medium,XGBoost,98.28396,308.65363
27,POULTRY,5317.811754882812,6746.1855,8552.543375976562,Medium,XGBoost,6664.916,81.26953
27,PREPARED FOODS,1031.6338195800781,1445.5299,1974.2398428955078,Medium,XGBoost,1243.2408,202.28906
27,PRODUCE,37765.65864570312,44445.395,56581.038330078125,Medium,XGBoost,45500.992,-1055.5977
27,SCHOOL AND OFFICE SUPPLIES,382.89225108623504,385.36563,451.49239230155945,Medium,XGBoost,2.171952,383.19366
27,SEAFOOD,321.6702585220337,498.03415,750.5794763565063,Medium,XGBoost,264.49094,233.54321
28,AUTOMOTIVE,287.2748737335205,380.9035,512.4118542671204,Medium,XGBoost,84.764015,296.1395
28,BABY CARE,3242.3099697321654,3268.698,3356.1156265735626,Medium,XGBoost,22.063305,3246.6348
28,BEAUTY,279.3620045185089,365.74496,513.2260134220123,Medium,XGBoost,98.6607,267.08426
28,BEVERAGES,47353.15400703125,54032.89,66168.53369140625,Medium,XGBoost,58212.332,-4179.4414
28,BOOKS,5187.595839330554,5213.984,5301.401496171951,Medium,XGBoost,22.063305,5191.9204
28,BREAD/BAKERY,8954.538891796876,11209.766,14276.779035644531,Medium,XGBoost,11435.149,-225.38379
28,CELEBRATION,340.33922290802,512.03125,754.57737159729,Medium,XGBoost,223.04224,288.989
28,CLEANING,16627.10555654297,22126.973,31844.314696777343,Medium,XGBoost,22914.738,-787.7656
28,DAIRY,13386.039026269531,15936.233,19607.821806152344,Medium,XGBoost,16372.083,-435.8496
28,DELI,5423.395493530274,6785.283,8509.63137878418,Medium,XGBoost,6873.299,-88.015625
28,EGGS,3875.8489904785156,4838.8223,6071.1104606933595,Medium,XGBoost,4781.234,57.58838
28,FROZEN FOODS,1010.2601547241211,1387.6707,1882.4954284057617,Medium,XGBoost,1245.1167,142.55396
28,GROCERY I,69345.98921210937,76025.73,88161.36889648438,Medium,XGBoost,79020.69,-2994.961
28,GROCERY II,389.1045217514038,592.85406,871.7462253570557,Medium,XGBoost,364.49362,228.36044
28,HARDWARE,364.2850255012512,399.98105,491.9167052745819,Medium,XGBoost,29.581394,370.39966
28,HOME AND KITCHEN I,523.8756685256958,808.1146,1205.1715650558472,Medium,XGBoost,695.48804,112.62659
28,HOME AND KITCHEN II,370.67963218688965,580.85065,867.9166431427002,Medium,XGBoost,411.27097,169.57968
28,HOME APPLIANCES,387.59569335505364,424.21042,516.4059340953827,Medium,XGBoost,30.134607,394.0758
28,HOME CARE,4020.3156821289062,5049.7744,6364.072888183594,Medium,XGBoost,5103.26,-53.48535
28,LADIESWEAR,3668.5437366329134,3689.5068,3770.5371730804445,Medium,XGBoost,20.011553,3669.4954
28,LAWN AND GARDEN,309.57516860961914,422.38046,575.014404296875,Medium,XGBoost,129.7713,292.60916
28,LINGERIE,309.0958602428436,395.14606,521.8765077590942,Medium,XGBoost,70.30933,324.83673
28,"LIQUOR,WINE,BEER",727.473087310791,1123.1263,1634.8937358093262,Medium,XGBoost,1041.9185,81.207886
28,MAGAZINES,356.16915546655656,397.69284,494.14651398658754,Medium,XGBoost,31.399076,366.29376
28,MEATS,2870.947615966797,3654.8738,4635.598614257812,Medium,XGBoost,3545.0256,109.848145
28,PERSONAL CARE,4372.715614990235,5402.1743,6716.472821044922,Medium,XGBoost,5486.945,-84.77051
28,PET SUPPLIES,313.4002752304077,389.05106,508.6146619319916,Medium,XGBoost,59.47957,329.57147
28,PLAYERS AND ELECTRONICS,308.89462995529175,394.4419,521.1723489761353,Medium,XGBoost,66.7507,327.6912
28,POULTRY,3163.1197837524414,4003.3264,5068.828150085449,Medium,XGBoost,3909.4424,93.88403
28,PREPARED FOODS,1039.1831703186035,1471.322,2016.9745684509276,Medium,XGBoost,1303.8018,167.52026
28,PRODUCE,22706.392482812502,28206.258,37923.601623046874,Medium,XGBoost,29194.406,-988.14844
28,SCHOOL AND OFFICE SUPPLIES,319.28609800338745,322.82617,391.08201112747196,Medium,XGBoost,2.0845566,320.7416
28,SEAFOOD,302.71523026227953,337.4348,431.67676725387577,Medium,XGBoost,39.5953,297.8395
29,AUTOMOTIVE,290.19776928424835,368.5302,490.4827742576599,Medium,XGBoost,64.18138,304.34882
29,BABY CARE,324.68840293586254,344.65396,425.68432598114015,Medium,XGBoost,17.50306,327.1509
29,BEAUTY,277.97839124202727,354.81342,492.2514225959778,Medium,XGBoost,92.08662,262.7268
29,BEVERAGES,40573.22407539062,47252.96,59388.603759765625,Medium,XGBoost,51236.023,-3983.0625
29,BOOKS,5189.897614812851,5205.3545,5282.126429080963,Medium,XGBoost,14.410653,5190.944
29,BREAD/BAKERY,7753.804870605469,9714.064,12176.502378417968,Medium,XGBoost,9935.778,-221.71387
29,CELEBRATION,330.1486511230469,438.2377,590.8716430664062,Medium,XGBoost,141.65817,296.57953
29,CLEANING,13141.802234667968,16281.931,21162.670286621094,Medium,XGBoost,16760.275,-478.34473
29,DAIRY,10648.02595234375,12903.253,15970.266096191406,Medium,XGBoost,13290.459,-387.20605
29,DELI,3699.029213623047,4728.4883,6042.786419677735,Medium,XGBoost,4806.253,-77.76465
29,EGGS,3255.8190333251955,4172.717,5317.461503295898,Medium,XGBoost,4112.516,60.200684
29,FROZEN FOODS,1015.3048362731934,1410.9581,1922.7254847717286,Medium,XGBoost,1275.103,135.8551
29,GROCERY I,55690.11885078125,62369.855,74505.49853515625,Medium,XGBoost,64864.434,-2494.5781
29,GROCERY II,420.9869861602783,631.158,918.2239971160889,Medium,XGBoost,410.07333,221.08469
29,HARDWARE,388.9102017760277,416.62674,504.30421528816225,Medium,XGBoost,21.449627,395.17712
29,HOME AND KITCHEN I,459.49266624450684,723.53125,1090.590684890747,Medium,XGBoost,597.06586,126.46539
29,HOME AND KITCHEN II,336.1317310333252,513.3733,764.0932388305664,Medium,XGBoost,277.58713,235.78616
29,HOME APPLIANCES,417.0328429147601,439.1882,522.3476323604584,Medium,XGBoost,19.044773,420.14343
29,HOME CARE,3371.393677429199,4315.6064,5519.636024963379,Medium,XGBoost,4349.7646,-34.158203
29,LADIESWEAR,3667.3823342904448,3680.8765,3755.51948390007,Medium,XGBoost,12.837785,3668.0386
29,LAWN AND GARDEN,286.89573649168017,378.03952,519.9955383300781,Medium,XGBoost,116.073204,261.9663
29,LINGERIE,312.6288402080536,390.40237,512.3549227714539,Medium,XGBoost,65.13126,325.27112
29,"LIQUOR,WINE,BEER",1351.830795928955,1894.4613,2564.4019386901855,Medium,XGBoost,1837.7202,56.74109
29,MAGAZINES,358.58999649733306,385.94116,473.3587791919708,Medium,XGBoost,23.155302,362.78586
29,MEATS,1535.4641952514648,2131.7883,2829.9239667358397,Medium,XGBoost,2008.8248,122.9635
29,PERSONAL CARE,3248.74878314209,4155.4414,5302.952885314941,Medium,XGBoost,4233.602,-78.160645
29,PET SUPPLIES,321.9397323131561,382.58463,492.59241557121277,Medium,XGBoost,53.71403,328.8706
29,PLAYERS AND ELECTRONICS,317.89306259155273,385.34946,500.13514733314514,Medium,XGBoost,57.702473,327.64697
29,POULTRY,2699.888649963379,3465.0547,4417.52052557373,Medium,XGBoost,3371.391,93.663574
29,PREPARED FOODS,809.4158821105957,1132.0979,1576.0950313415528,Medium,XGBoost,965.7501,166.34778
29,PRODUCE,18241.714259179687,22266.744,28961.21021923828,Medium,XGBoost,23096.375,-829.63086
29,SCHOOL AND OFFICE SUPPLIES,322.8333567157388,324.69907,390.8258273601532,Medium,XGBoost,1.1379589,323.5611
29,SEAFOOD,313.6180353164673,376.64667,491.0898443698883,Medium,XGBoost,82.175735,294.47095
30,AUTOMOTIVE,248.19846740961074,286.32935,382.78304200172425,Medium,XGBoost,27.290966,259.0384
30,BABY CARE,270.6555488562211,283.55762,358.2007220745087,Medium,XGBoost,10.228563,273.32904
30,BEAUTY,262.94335478544235,281.1097,360.0109659671784,Medium,XGBoost,15.70636,265.40335
30,BEVERAGES,16353.168899609376,23032.904,35168.548583984375,Medium,XGBoost,25831.55,-2798.6465
30,BOOKS,4757.885211119055,4766.5435,4836.928411531449,Medium,XGBoost,8.315251,4758.228
30,BREAD/BAKERY,2016.313044555664,2668.9177,3451.8301840820313,Medium,XGBoost,2756.2822,-87.3645
30,CELEBRATION,320.9709452629089,360.67212,454.9967183113098,Medium,XGBoost,37.884308,322.7878
30,CLEANING,14083.03446201172,18403.031,25702.073058105467,Medium,XGBoost,20601.693,-2198.662
30,DAIRY,3970.8128103027343,4867.3003,6017.5785446777345,Medium,XGBoost,5005.6016,-138.30127
30,DELI,1519.5279388427734,2115.852,2813.9877103271483,Medium,XGBoost,2146.0188,-30.166748
30,EGGS,1894.2267942504882,2546.8315,3329.7439337768556,Medium,XGBoost,2452.4229,94.40869
30,FROZEN FOODS,653.8444061279297,958.2837,1385.3381805419922,Medium,XGBoost,786.33594,171.94775
30,GROCERY I,23807.24812324219,30486.982,42622.62780761719,Medium,XGBoost,32541.75,-2054.7676
30,GROCERY II,293.8324918270111,367.6357,494.51090426445006,Medium,XGBoost,85.76026,281.87546
30,HARDWARE,412.80114974305036,425.00046,499.64356074333193,Medium,XGBoost,9.668101,415.33237
30,HOME AND KITCHEN I,254.07050895690918,407.35727,617.208065032959,Medium,XGBoost,207.23979,200.11748
30,HOME AND KITCHEN II,278.6538963317871,370.89496,505.7992534637451,Medium,XGBoost,80.62686,290.2681
30,HOME APPLIANCES,443.1865596845746,453.8116,526.3256074905396,Medium,XGBoost,10.524724,443.2869
30,HOME CARE,2051.0959533081054,2666.1802,3392.5748474731445,Medium,XGBoost,2667.3713,-1.1911621
30,LADIESWEAR,415.3277613945305,425.70465,498.21866054534917,Medium,XGBoost,9.541829,416.1628
30,LAWN AND GARDEN,3233.8387508347632,3241.8413,3312.2262478351595,Medium,XGBoost,7.2223496,3234.619
30,LINGERIE,325.1122130870819,364.98038,459.56485414505005,Medium,XGBoost,32.93593,332.04443
30,"LIQUOR,WINE,BEER",784.662919998169,1112.1208,1553.062192123413,Medium,XGBoost,964.31116,147.8097
30,MAGAZINES,428.20999088585376,442.857,519.6291813850403,Medium,XGBoost,11.884553,430.97244
30,MEATS,964.5973701477051,1305.5222,1766.4618941955566,Medium,XGBoost,1135.1589,170.36328
30,PERSONAL CARE,1274.5654373168945,1834.4039,2498.65445916748,Medium,XGBoost,1821.2227,13.181274
30,PET SUPPLIES,354.6789656609297,377.5779,460.73735518455504,Medium,XGBoost,20.667084,356.91083
30,PLAYERS AND ELECTRONICS,317.4279514908791,374.64505,482.52376613616946,Medium,XGBoost,45.768547,328.8765
30,POULTRY,1359.0340728759766,1955.3582,2653.4938443603514,Medium,XGBoost,1847.1024,108.25574
30,PREPARED FOODS,425.4079113006592,622.11206,889.1796703338623,Medium,XGBoost,370.91156,251.2005
30,PRODUCE,8243.078837719726,10431.82,13416.823245727539,Medium,XGBoost,10691.945,-260.125
30,SCHOOL AND OFFICE SUPPLIES,2125.813720703125,2125.8137,2189.8113876342773,Medium,XGBoost,0.0,2125.8137
30,SEAFOOD,271.8492471501231,289.5531,370.76067295074466,Medium,XGBoost,24.656359,264.89673
31,AUTOMOTIVE,287.5918617248535,381.22046,512.7288422584534,Medium,XGBoost,84.304985,296.91547
31,BABY CARE,355.21220526620743,384.721,472.3984783649445,Medium,XGBoost,23.533064,361.18796
31,BEAUTY,303.40141681432726,364.19565,480.2481866836548,Medium,XGBoost,53.441498,310.75415
31,BEVERAGES,42266.94819648437,48946.684,61082.327880859375,Medium,XGBoost,52253.227,-3306.543
31,BOOKS,5192.713513424247,5216.3696,5299.529036474228,Medium,XGBoost,20.962456,5195.407
31,BREAD/BAKERY,6972.798583984375,8933.059,11395.496091796875,Medium,XGBoost,9060.88,-127.82129
31,CELEBRATION,336.55084228515625,440.92065,585.3807640075684,Medium,XGBoost,141.27208,299.64856
31,CLEANING,16429.929579785156,21634.828,30747.596083984376,Medium,XGBoost,22350.03,-715.2012
31,DAIRY,9953.229992871095,12208.457,15275.47013671875,Medium,XGBoost,12470.686,-262.22852
31,DELI,3478.333440185547,4374.821,5525.099174560547,Medium,XGBoost,4427.8335,-53.012695
31,EGGS,4058.0346762695312,5087.4937,6401.791882324219,Medium,XGBoost,5037.5,49.993652
31,FROZEN FOODS,1226.789405822754,1713.6567,2310.136928405762,Medium,XGBoost,1585.5974,128.05933
31,GROCERY I,64759.68110664062,71439.414,83575.06079101562,Medium,XGBoost,74369.484,-2930.0703
31,GROCERY II,341.6596727371216,522.5004,776.871072769165,Medium,XGBoost,264.97806,257.52237
31,HARDWARE,423.4378619745374,454.5839,544.3904542922974,Medium,XGBoost,26.34676,428.23712
31,HOME AND KITCHEN I,392.03277015686035,615.67065,922.7350330352783,Medium,XGBoost,445.0332,170.63745
31,HOME AND KITCHEN II,413.91142654418945,610.61554,877.6831855773926,Medium,XGBoost,413.13202,197.48352
31,HOME APPLIANCES,432.80603434443475,458.48724,543.775754070282,Medium,XGBoost,22.378933,436.1083
31,HOME CARE,4083.1660986328125,5046.139,6278.427568847656,Medium,XGBoost,5102.4746,-56.33545
31,LADIESWEAR,356.96380764245987,407.09976,512.2470076084137,Medium,XGBoost,44.85397,362.2458
31,LAWN AND GARDEN,328.6810094833374,413.28226,550.7202374458313,Medium,XGBoost,92.117455,321.1648
31,LINGERIE,306.06990146636963,411.37717,555.8372592926025,Medium,XGBoost,108.90596,302.4712
31,"LIQUOR,WINE,BEER",426.29638957977295,670.13464,1007.196530342102,Medium,XGBoost,554.0447,116.089966
31,MAGAZINES,365.62865823060275,405.0773,499.40189065933225,Medium,XGBoost,32.359283,372.71802
31,MEATS,5138.829021484375,6301.2593,7779.577699218749,Medium,XGBoost,6190.526,110.7334
31,PERSONAL CARE,3718.392798461914,4681.3657,5913.654268676758,Medium,XGBoost,4772.3394,-90.97363
31,PET SUPPLIES,334.16993510723114,389.7685,497.3873338699341,Medium,XGBoost,48.170147,341.59836
31,PLAYERS AND ELECTRONICS,325.83311557769775,415.86615,544.9855773448944,Medium,XGBoost,85.48627,330.37988
31,POULTRY,1688.6932220458984,2285.0173,2983.1529935302733,Medium,XGBoost,2179.033,105.984375
31,PREPARED FOODS,824.7601013183594,1165.6849,1626.624625366211,Medium,XGBoost,1000.398,165.28693
31,PRODUCE,20067.02398876953,24976.957,33485.147856933596,Medium,XGBoost,25848.625,-871.66797
31,SCHOOL AND OFFICE SUPPLIES,346.735064303875,358.66797,431.4418514251709,Medium,XGBoost,15.499548,343.16843
31,SEAFOOD,268.7224412679672,296.45682,387.96730666160585,Medium,XGBoost,35.342075,261.11475
32,AUTOMOTIVE,263.7594036877155,281.2172,358.24924955368044,Medium,XGBoost,16.648647,264.56854
32,BABY CARE,6540.322824056447,6548.497,6618.88199429512,Medium,XGBoost,7.3773293,6541.1196
32,BEAUTY,273.23392667770383,296.274,377.82408142089844,Medium,XGBoost,28.628399,267.6456
32,BEVERAGES,12693.969629296875,15244.164,18915.752409179688,Medium,XGBoost,16793.344,-1549.1797
32,BOOKS,4756.493264730275,4764.6675,4835.052434968949,Medium,XGBoost,7.3773293,4757.29
32,BREAD/BAKERY,1377.2753280029297,1992.3596,2718.7542221679687,Medium,XGBoost,2044.8004,-52.440796
32,CELEBRATION,341.7665241003036,362.20474,445.36417479515075,Medium,XGBoost,18.19572,344.00903
32,CLEANING,10772.811998706055,13846.455,18645.184314819337,Medium,XGBoost,15480.166,-1633.7109
32,DAIRY,2349.0020138549803,3039.1272,3878.5573987426756,Medium,XGBoost,3081.6733,-42.546143
32,DELI,1234.9182014465332,1812.9995,2494.1925981140134,Medium,XGBoost,1830.1091,-17.10962
32,EGGS,2663.308248840332,3448.8845,4395.816860046387,Medium,XGBoost,3322.1538,126.73071
32,FROZEN FOODS,348.97957134246826,523.2034,767.5748796463013,Medium,XGBoost,263.86456,259.33887
32,GROCERY I,16600.283865039062,22690.084,33616.57827734375,Medium,XGBoost,24460.367,-1770.2832
32,GROCERY II,351.04050900787115,382.58972,474.18287138938905,Medium,XGBoost,35.57194,347.0178
32,HARDWARE,462.7804408572614,472.18646,544.7004720687867,Medium,XGBoost,8.194387,463.99207
32,HOME AND KITCHEN I,289.132098197937,418.35153,595.5069732666016,Medium,XGBoost,173.21515,245.13638
32,HOME AND KITCHEN II,320.15936270952227,358.37122,452.6958168983459,Medium,XGBoost,30.582882,327.78833
32,HOME APPLIANCES,816.9392391584813,824.3882,894.7730923175811,Medium,XGBoost,6.3169856,818.0712
32,HOME CARE,1098.922592163086,1658.7611,2323.0116140136715,Medium,XGBoost,1639.5364,19.224731
32,LADIESWEAR,3232.5166469953956,3239.9656,3310.3505001544954,Medium,XGBoost,6.3169856,3233.6487
32,LAWN AND GARDEN,3232.5166469953956,3239.9656,3310.3505001544954,Medium,XGBoost,6.3169856,3233.6487
32,LINGERIE,422.821908660233,430.87717,501.26207928657533,Medium,XGBoost,8.413849,422.46332
32,"LIQUOR,WINE,BEER",608.231671333313,865.5368,1222.5970640182495,Medium,XGBoost,695.70703,169.82977
32,MAGAZINES,674.8291875623166,682.5289,752.9137974262237,Medium,XGBoost,6.98216,675.5467
32,MEATS,975.1191825866699,1352.5297,1847.3544562683105,Medium,XGBoost,1188.4225,164.10718
32,PERSONAL CARE,903.3527374267578,1353.7344,1916.3295103759765,Medium,XGBoost,1361.7975,-8.06311
32,PET SUPPLIES,390.01276925355194,406.16183,485.0630957126618,Medium,XGBoost,14.177225,391.98462
32,PLAYERS AND ELECTRONICS,374.8998292207718,402.79102,492.25508537292484,Medium,XGBoost,28.861887,373.92914
32,POULTRY,761.9108085632324,1102.8357,1563.775332611084,Medium,XGBoost,924.34454,178.49115
32,PREPARED FOODS,334.81139743328094,445.79825,610.0019669532776,Medium,XGBoost,134.34856,311.4497
32,PRODUCE,3160.2951759033203,4085.7478,5261.518400756836,Medium,XGBoost,4144.34,-58.59204
32,SCHOOL AND OFFICE SUPPLIES,2124.0127487182617,2124.0127,2188.010415649414,Medium,XGBoost,0.0,2124.0127
32,SEAFOOD,283.8843536376953,300.53384,381.7414335250855,Medium,XGBoost,23.884071,276.64978
33,AUTOMOTIVE,233.04285597801208,311.52356,433.47612142562866,Medium,XGBoost,72.96103,238.56253
33,BABY CARE,6805.901141890883,6816.5625,6889.0765707016,Medium,XGBoost,9.60297,6806.9595
33,BEAUTY,241.0447285577655,285.57843,384.68094673156736,Medium,XGBoost,47.78746,237.79097
33,BEVERAGES,26020.120315625,32699.855,44835.5,Medium,XGBoost,35797.812,-3097.957
33,BOOKS,5022.071582564711,5032.733,5105.247011375428,Medium,XGBoost,9.60297,5023.13
33,BREAD/BAKERY,3259.8424826049804,4137.57,5259.5890942993165,Medium,XGBoost,4206.0825,-68.512695
33,CELEBRATION,370.9378356933594,537.0313,763.2297897338867,Medium,XGBoost,236.60739,300.42392
33,CLEANING,13859.269385351563,16704.432,20980.59480126953,Medium,XGBoost,17058.572,-354.14062
33,DAIRY,5957.558736816406,7518.904,9489.281829589843,Medium,XGBoost,7653.3667,-134.46289
33,DELI,2394.0288966674802,3121.6743,4017.622526916504,Medium,XGBoost,3151.6042,-29.929932
33,EGGS,2113.919905670166,2748.2817,3514.2516703796387,Medium,XGBoost,2662.122,86.15967
33,FROZEN FOODS,916.5539093017578,1257.4788,1718.4184333496094,Medium,XGBoost,1111.8656,145.61316
33,GROCERY I,42514.9543,49194.688,61330.333984375,Medium,XGBoost,51091.78,-1897.0938
33,GROCERY II,313.4307604938746,375.96243,495.67077894210814,Medium,XGBoost,70.97808,304.98434
33,HARDWARE,394.33092441260817,407.56042,482.20350489616396,Medium,XGBoost,12.019814,395.54062
33,HOME AND KITCHEN I,379.73521518707275,582.40594,859.4727735519409,Medium,XGBoost,364.9262,217.47974
33,HOME AND KITCHEN II,334.1256732940674,511.59766,762.3176307678223,Medium,XGBoost,275.37112,236.22653
33,HOME APPLIANCES,433.15793392807245,444.11615,516.6301633834839,Medium,XGBoost,11.41064,432.7055
33,HOME CARE,2881.959017150879,3722.1658,4787.667383483887,Medium,XGBoost,3758.9937,-36.82788
33,LADIESWEAR,3499.5408230885864,3508.03,3578.4149075031282,Medium,XGBoost,8.410733,3499.6194
33,LAWN AND GARDEN,3499.5408230885864,3508.03,3578.4149075031282,Medium,XGBoost,8.410733,3499.6194
33,LINGERIE,348.14997959136963,454.67816,599.1382522583008,Medium,XGBoost,151.30972,303.36844
33,"LIQUOR,WINE,BEER",564.9384593963623,874.1536,1298.152356704712,Medium,XGBoost,720.6651,153.48853
33,MAGAZINES,379.4844684362412,397.9231,476.82437005043033,Medium,XGBoost,18.01831,379.9048
33,MEATS,3805.283865966797,4768.257,6000.545336181641,Medium,XGBoost,4652.974,115.282715
33,PERSONAL CARE,2788.1498438720705,3534.5557,4458.762596801758,Medium,XGBoost,3585.141,-50.58545
33,PET SUPPLIES,373.43068459033964,397.37665,480.5360707759857,Medium,XGBoost,23.500027,373.87662
33,PLAYERS AND ELECTRONICS,329.45261120796204,389.1902,499.1979968547821,Medium,XGBoost,57.2255,331.9647
33,POULTRY,2944.542260192871,3709.7083,4662.174135803222,Medium,XGBoost,3616.6553,93.05298
33,PREPARED FOODS,504.1062479019165,734.4776,1051.5411367416382,Medium,XGBoost,524.06696,210.41064
33,PRODUCE,17993.917116210938,22903.85,31412.040984375002,Medium,XGBoost,23635.043,-731.19336
33,SCHOOL AND OFFICE SUPPLIES,2392.0756454467773,2392.0757,2456.0733123779296,Medium,XGBoost,0.0,2392.0757
33,SEAFOOD,296.2816581726074,308.88412,381.91786899566654,Medium,XGBoost,15.452177,293.43195
34,AUTOMOTIVE,332.1149413585663,396.66263,509.0593647956848,Medium,XGBoost,52.52295,344.13968
34,BABY CARE,439.54987659454343,470.33847,559.8851713180542,Medium,XGBoost,28.661127,441.67734
34,BEAUTY,290.605441570282,385.1744,535.0444011688232,Medium,XGBoost,118.14696,267.02747
34,BEVERAGES,30870.856643749998,37550.594,49686.236328125,Medium,XGBoost,39951.72,-2401.125
34,BOOKS,5998.48356487751,6029.2114,6118.758029365539,Medium,XGBoost,27.931583,6001.28
34,BREAD/BAKERY,8329.238159179688,10289.498,12751.935666992187,Medium,XGBoost,10473.353,-183.85449
34,CELEBRATION,305.803261756897,409.0202,551.0913698673248,Medium,XGBoost,103.64402,305.3762
34,CLEANING,11638.260314941406,13598.5205,16060.957822753906,Medium,XGBoost,13965.234,-366.71387
34,DAIRY,9426.103973388672,11386.363,13848.801481201172,Medium,XGBoost,11699.311,-312.94727
34,DELI,3095.9609610595703,3954.928,5048.688450073242,Medium,XGBoost,4010.678,-55.75
34,EGGS,1730.6019048767089,2364.9639,3130.9336695861816,Medium,XGBoost,2279.355,85.60889
34,FROZEN FOODS,932.1942863464355,1291.3619,1769.2441852111815,Medium,XGBoost,1133.4749,157.88708
34,GROCERY I,55203.97944648437,61883.715,74019.35913085938,Medium,XGBoost,64224.242,-2340.5273
34,GROCERY II,310.1270740032196,404.78433,545.4735214710236,Medium,XGBoost,114.53655,290.24777
34,HARDWARE,331.4926896095276,396.2472,508.64393281936646,Medium,XGBoost,55.79795,340.44925
34,HOME AND KITCHEN I,467.89344692230225,738.66547,1115.7240915298462,Medium,XGBoost,588.64667,150.0188
34,HOME AND KITCHEN II,453.14417362213135,710.44934,1067.5095663070679,Medium,XGBoost,553.7314,156.71796
34,HOME APPLIANCES,461.85752601623534,501.90714,598.1009439945221,Medium,XGBoost,34.61329,467.29385
34,HOME CARE,2852.3113883666992,3692.518,4758.019754699707,Medium,XGBoost,3722.7075,-30.189453
34,LADIESWEAR,327.9689254760742,397.56503,518.1356129646301,Medium,XGBoost,63.560238,334.0048
34,LAWN AND GARDEN,320.854679107666,420.98486,572.2368326187134,Medium,XGBoost,115.762436,305.2224
34,LINGERIE,349.5393660068512,409.67648,519.6842792034149,Medium,XGBoost,47.199364,362.4771
34,"LIQUOR,WINE,BEER",583.5731048583984,888.0124,1315.066879272461,Medium,XGBoost,821.75934,66.25305
34,MAGAZINES,379.11323046684265,430.70248,535.932389497757,Medium,XGBoost,43.888035,386.81445
34,MEATS,2360.0900662841796,3031.455,3842.626328491211,Medium,XGBoost,2909.941,121.51416
34,PERSONAL CARE,3429.8846486816406,4326.372,5476.650383056641,Medium,XGBoost,4408.6685,-82.29639
34,PET SUPPLIES,394.7961730957031,481.23364,607.9641160964966,Medium,XGBoost,76.17137,405.06226
34,PLAYERS AND ELECTRONICS,317.8433790206909,407.87643,536.9958407878876,Medium,XGBoost,78.71262,329.16382
34,POULTRY,1889.4024931640624,2523.247,3277.9005100097656,Medium,XGBoost,2427.2607,95.98633
34,PREPARED FOODS,519.8415012359619,783.88007,1150.9395198822021,Medium,XGBoost,577.28296,206.5971
34,PRODUCE,10040.2550296875,12590.449,16262.037809570313,Medium,XGBoost,12934.371,-343.92188
34,SCHOOL AND OFFICE SUPPLIES,390.4414916753769,397.7678,468.1527138233185,Medium,XGBoost,6.793961,390.97382
34,SEAFOOD,326.147980093956,337.64355,410.4174325942993,Medium,XGBoost,16.384996,321.25854
35,AUTOMOTIVE,240.53706271648406,296.73944,402.48905701637267,Medium,XGBoost,51.80577,244.93367
35,BABY CARE,4267.1606009557845,4275.452,4345.837011384964,Medium,XGBoost,7.72905,4267.723
35,BEAUTY,242.58481729328633,282.52634,375.50143866539,Medium,XGBoost,56.542114,225.98422
35,BEVERAGES,15603.898977343752,21693.7,32620.193389648437,Medium,XGBoost,23825.389,-2131.6895
35,BOOKS,4760.677141483128,4768.9688,4839.353551912308,Medium,XGBoost,7.72905,4761.2397
35,BREAD/BAKERY,1108.196346282959,1649.792,2297.0999933166504,Medium,XGBoost,1648.1771,1.6148682
35,CELEBRATION,332.02173005342485,379.16153,484.04890217781065,Medium,XGBoost,42.871117,336.2904
35,CLEANING,6276.059655517578,7970.3765,10104.774219970703,Medium,XGBoost,8220.259,-249.88232
35,DAIRY,2463.670077026367,3210.0757,4134.282829956055,Medium,XGBoost,3248.8096,-38.733887
35,DELI,1053.716049194336,1613.5546,2277.8050710449215,Medium,XGBoost,1614.731,-1.1763916
35,EGGS,1874.0820706787108,2545.447,3356.6183328857423,Medium,XGBoost,2465.214,80.23291
35,FROZEN FOODS,650.7878179550171,984.97925,1435.919716041565,Medium,XGBoost,816.24207,168.73718
35,GROCERY I,22656.13728339844,29335.873,41471.51696777344,Medium,XGBoost,30761.848,-1425.9746
35,GROCERY II,309.1426907777786,396.97095,538.6671237945557,Medium,XGBoost,103.6573,293.31366
35,HARDWARE,460.71956755146385,468.4699,538.8548183918,Medium,XGBoost,6.8528633,461.61703
35,HOME AND KITCHEN I,304.90986156463623,445.2436,638.7467231750488,Medium,XGBoost,206.53171,238.71188
35,HOME AND KITCHEN II,295.1995473265648,389.26486,533.6098493099213,Medium,XGBoost,117.13324,272.13162
35,HOME APPLIANCES,476.7544556520879,486.83124,559.3452646255494,Medium,XGBoost,9.955154,476.8761
35,HOME CARE,1250.0925216674805,1846.4166,2544.5522931518553,Medium,XGBoost,1840.115,6.3016357
35,LADIESWEAR,3236.7003559015693,3244.2666,3314.651449251175,Medium,XGBoost,6.668706,3237.598
35,LAWN AND GARDEN,3236.7003559015693,3244.2666,3314.651449251175,Medium,XGBoost,6.668706,3237.598
35,LINGERIE,419.44076302349566,431.29297,505.93607172966006,Medium,XGBoost,8.865012,422.42795
35,"LIQUOR,WINE,BEER",608.9231853485107,918.13837,1342.1370826568605,Medium,XGBoost,814.10614,104.03223
35,MAGAZINES,401.12159270346166,413.83096,488.4740661144257,Medium,XGBoost,11.0684185,402.76254
35,MEATS,2792.341915466309,3519.9873,4415.935545715332,Medium,XGBoost,3398.9539,121.03345
35,PERSONAL CARE,978.5574722290039,1501.9104,2132.2757444458007,Medium,XGBoost,1519.4547,-17.544312
35,PET SUPPLIES,387.47873963713647,405.8488,486.8791530609131,Medium,XGBoost,14.914209,390.93457
35,PLAYERS AND ELECTRONICS,387.3284519255161,405.93677,486.96711044311525,Medium,XGBoost,15.771923,390.16486
35,POULTRY,719.986515045166,1042.6686,1486.6656642761232,Medium,XGBoost,906.25684,136.41174
35,PREPARED FOODS,414.12733459472656,604.8387,863.7324848175049,Medium,XGBoost,329.49365,275.34503
35,PRODUCE,5902.680771850586,7264.5684,8988.916657104492,Medium,XGBoost,7497.0947,-232.52637
35,SCHOOL AND OFFICE SUPPLIES,485.64036560058594,485.64035,549.6380325317383,Medium,XGBoost,0.0,485.64035
35,SEAFOOD,511.2854337692261,511.28543,575.2831007003784,Medium,XGBoost,0.0,511.28543
36,AUTOMOTIVE,306.62713408470154,354.94208,457.7830271720886,Medium,XGBoost,39.691433,315.25064
36,BABY CARE,742.4891660809517,760.2562,839.1575170993805,Medium,XGBoost,16.071882,744.1843
36,BEAUTY,292.61088346242906,346.99423,456.39966254234315,Medium,XGBoost,66.11026,280.88397
36,BEVERAGES,38354.39936835937,45034.133,57169.779052734375,Medium,XGBoost,48110.79,-3076.6562
36,BOOKS,5189.897614812851,5205.3545,5282.126429080963,Medium,XGBoost,14.410653,5190.944
36,BREAD/BAKERY,5757.089076049805,7517.8916,9734.299376342773,Medium,XGBoost,7632.7695,-114.87793
36,CELEBRATION,331.6182270050049,432.438,568.7242450714111,Medium,XGBoost,126.068665,306.36932
36,CLEANING,12249.574584960938,14209.834,16672.272092773437,Medium,XGBoost,14559.767,-349.93262
36,DAIRY,8529.098236083984,10489.358,12951.795743896484,Medium,XGBoost,10735.951,-246.59277
36,DELI,2838.4021842041016,3697.3691,4791.129673217773,Medium,XGBoost,3724.126,-26.756836
36,EGGS,1918.6820631103515,2571.2869,3354.199202636719,Medium,XGBoost,2500.9197,70.36719
36,FROZEN FOODS,1256.6990798339843,1689.3553,2246.324225830078,Medium,XGBoost,1543.338,146.01733
36,GROCERY I,52094.9904328125,58774.727,70910.3701171875,Medium,XGBoost,60936.5,-2161.7734
36,GROCERY II,352.7142333984375,452.33563,592.0178227424622,Medium,XGBoost,108.304634,344.031
36,HARDWARE,414.9027148604393,433.37704,512.2783228397369,Medium,XGBoost,19.229599,414.14746
36,HOME AND KITCHEN I,341.154935836792,531.938,800.8309621810913,Medium,XGBoost,336.52347,195.41452
36,HOME AND KITCHEN II,247.1276340484619,402.89413,620.9187564849854,Medium,XGBoost,193.49347,209.40067
36,HOME APPLIANCES,610.2721265301109,624.0169,698.6600326061249,Medium,XGBoost,13.878145,610.13873
36,HOME CARE,2640.9524193115235,3462.399,4499.641662963867,Medium,XGBoost,3471.0942,-8.6953125
36,LADIESWEAR,3667.3823342904448,3680.8765,3755.51948390007,Medium,XGBoost,12.837785,3668.0386
36,LAWN AND GARDEN,470.76417541503906,707.86896,1034.9316902160645,Medium,XGBoost,495.46567,212.40329
36,LINGERIE,332.31170455217364,388.37152,496.2502332687378,Medium,XGBoost,46.051018,342.3205
36,"LIQUOR,WINE,BEER",702.1887588500977,1043.1136,1504.0532828979492,Medium,XGBoost,982.6188,60.494873
36,MAGAZINES,384.57288865298034,411.55246,498.97008061408997,Medium,XGBoost,22.966085,388.58636
36,MEATS,2945.2850548706056,3747.9714,4756.955175842285,Medium,XGBoost,3637.3472,110.62427
36,PERSONAL CARE,2694.5653985595704,3478.4915,4459.216396850586,Medium,XGBoost,3523.2195,-44.728027
36,PET SUPPLIES,365.56994512081144,400.8345,492.7701407909393,Medium,XGBoost,31.615843,369.21866
36,PLAYERS AND ELECTRONICS,317.2703085303307,380.97623,493.6328392982483,Medium,XGBoost,52.163303,328.81293
36,POULTRY,1518.6129837036133,2114.937,2813.072755187988,Medium,XGBoost,2025.5503,89.38672
36,PREPARED FOODS,534.8705625534058,832.5764,1249.6317110061646,Medium,XGBoost,659.585,172.9914
36,PRODUCE,18002.95029453125,22322.947,29621.988890624998,Medium,XGBoost,22785.781,-462.83398
36,SCHOOL AND OFFICE SUPPLIES,409.8170852661133,409.81708,473.81475219726565,Medium,XGBoost,0.0,409.81708
36,SEAFOOD,318.43126583099365,342.06958,431.4509824752808,Medium,XGBoost,29.861393,312.2082
37,AUTOMOTIVE,301.58109402656555,366.19757,478.59433221817017,Medium,XGBoost,51.616787,314.58078
37,BABY CARE,6742.953123310208,6769.388,6856.806006669998,Medium,XGBoost,22.228931,6747.159
37,BEAUTY,181.2753791809082,364.07626,614.7962455749512,Medium,XGBoost,257.02032,107.05594
37,BEVERAGES,41092.01338203125,47771.75,59907.39306640625,Medium,XGBoost,48691.203,-919.4531
37,BOOKS,5163.113981464505,5189.5493,5276.966864824295,Medium,XGBoost,22.228931,5167.3203
37,BREAD/BAKERY,7221.661682128906,9181.922,11644.359189941406,Medium,XGBoost,9218.825,-36.90332
37,CELEBRATION,313.16513538360596,403.19818,532.3175971508026,Medium,XGBoost,100.27699,302.9212
37,CLEANING,14134.191761035156,17274.32,22155.059812988282,Medium,XGBoost,17478.441,-204.1211
37,DAIRY,12936.049560546875,14896.31,17358.747068359375,Medium,XGBoost,15116.309,-219.99902
37,DELI,2069.6472533569336,2684.7314,3411.1261475219726,Medium,XGBoost,2723.0752,-38.34375
37,EGGS,1767.0132369995117,2363.3374,3061.4730084838866,Medium,XGBoost,2255.017,108.32031
37,FROZEN FOODS,1639.2837753295898,2235.608,2933.7435468139647,Medium,XGBoost,2121.4893,114.11865
37,GROCERY I,53533.93598945312,60213.67,72349.31567382812,Medium,XGBoost,61895.293,-1681.6211
37,GROCERY II,775.6173248291016,1080.0566,1507.111099243164,Medium,XGBoost,867.449,212.60767
37,HARDWARE,348.4115050077438,383.69736,475.6330100536346,Medium,XGBoost,30.234755,353.46262
37,HOME AND KITCHEN I,425.66000843048096,696.43207,1073.490653038025,Medium,XGBoost,557.90063,138.53143
37,HOME AND KITCHEN II,470.83861541748047,739.65314,1103.656756958008,Medium,XGBoost,579.22424,160.4289
37,HOME APPLIANCES,1402.6579772368073,1429.9236,1515.4719187736512,Medium,XGBoost,23.443632,1406.48
37,HOME CARE,3395.632115722656,4292.1196,5442.397850097656,Medium,XGBoost,4338.373,-46.253418
37,LADIESWEAR,442.2868366241455,658.97125,956.0364408493042,Medium,XGBoost,419.8621,239.10916
37,LAWN AND GARDEN,355.74358081817627,557.8961,834.9629640579224,Medium,XGBoost,323.15414,234.74197
37,LINGERIE,345.0163021802902,391.35165,492.32338042259215,Medium,XGBoost,35.56531,355.78635
37,"LIQUOR,WINE,BEER",1291.8729095458984,1888.197,2586.3326810302733,Medium,XGBoost,1877.5352,10.661865
37,MAGAZINES,305.6623592376709,406.48212,542.7683773040771,Medium,XGBoost,101.30507,305.17706
37,MEATS,3078.6287041015626,3900.0752,4937.317947753906,Medium,XGBoost,3807.564,92.51123
37,PERSONAL CARE,3314.093465209961,4210.581,5360.859199584961,Medium,XGBoost,4279.247,-68.666016
37,PET SUPPLIES,302.3541040420532,399.57828,533.4756033420563,Medium,XGBoost,92.56698,307.0113
37,PLAYERS AND ELECTRONICS,334.0357494354248,434.8555,571.141767501831,Medium,XGBoost,135.48056,299.37494
37,POULTRY,3683.7308858642577,4580.2183,5730.496620239258,Medium,XGBoost,4485.897,94.32129
37,PREPARED FOODS,911.4422264099121,1215.8815,1642.9360008239746,Medium,XGBoost,1000.0648,215.81665
37,PRODUCE,36312.19599921875,42991.93,55127.57568359375,Medium,XGBoost,43880.543,-888.6133
37,SCHOOL AND OFFICE SUPPLIES,844.7972583770752,844.79724,908.7949253082274,Medium,XGBoost,0.0,844.79724
37,SEAFOOD,245.49326483011245,298.22815,409.1602931022644,Medium,XGBoost,62.80937,235.41878
38,AUTOMOTIVE,291.5279350280762,370.22162,492.17418241500854,Medium,XGBoost,70.300026,299.9216
38,BABY CARE,6743.916699120402,6771.537,6858.954810380936,Medium,XGBoost,24.377512,6747.1597
38,BEAUTY,214.26933765411377,374.64902,598.4585382938385,Medium,XGBoost,235.84361,138.8054
38,BEVERAGES,39334.81965644531,46014.555,58150.19934082031,Medium,XGBoost,47200.81,-1186.2539
38,BOOKS,2818.4748045891524,2846.0952,2933.5129158496857,Medium,XGBoost,24.377512,2821.7178
38,BREAD/BAKERY,6076.4121961669925,7837.215,10053.62249645996,Medium,XGBoost,7860.4604,-23.245605
38,CELEBRATION,349.5980386734009,498.5935,708.4443054199219,Medium,XGBoost,208.23799,290.35553
38,CLEANING,14718.808777832031,18153.904,23639.21946582031,Medium,XGBoost,18335.584,-181.67969
38,DAIRY,11679.149475097656,13639.409,16101.846982910156,Medium,XGBoost,13813.732,-174.32324
38,DELI,2128.5709072875975,2818.696,3658.1262921752927,Medium,XGBoost,2855.065,-36.368896
38,EGGS,1223.3041534423828,1783.1427,2447.3931752929684,Medium,XGBoost,1662.6488,120.4939
38,FROZEN FOODS,1383.7916107177734,1980.1157,2678.2513822021483,Medium,XGBoost,1857.6083,122.50745
38,GROCERY I,55853.99018867187,62533.727,74669.36987304688,Medium,XGBoost,64055.047,-1521.3203
38,GROCERY II,458.6257314682007,675.5302,972.5953683853149,Medium,XGBoost,438.36215,237.16806
38,HARDWARE,355.6555788397789,396.37686,492.8305464267731,Medium,XGBoost,33.125523,363.25134
38,HOME AND KITCHEN I,510.16566944122314,772.2467,1126.2511850204469,Medium,XGBoost,624.76227,147.48444
38,HOME AND KITCHEN II,801.0173492431641,1141.9423,1602.8818732910156,Medium,XGBoost,1079.944,61.99829
38,HOME APPLIANCES,511.95766549929976,537.31024,622.5987559318543,Medium,XGBoost,23.117798,514.19244
38,HOME CARE,4146.474193603515,5308.905,6787.222871337891,Medium,XGBoost,5342.2173,-33.3125
38,LADIESWEAR,489.29671478271484,712.93463,1019.9989776611328,Medium,XGBoost,471.56024,241.37439
38,LAWN AND GARDEN,335.54145336151123,512.32104,758.517879486084,Medium,XGBoost,283.01984,229.30121
38,LINGERIE,303.3248281478882,400.549,534.4463274478912,Medium,XGBoost,92.966064,307.58295
38,"LIQUOR,WINE,BEER",2084.8637221679687,2657.4944,3375.559851135254,Medium,XGBoost,2641.8389,15.655518
38,MAGAZINES,310.3726100921631,411.19235,547.4786281585693,Medium,XGBoost,105.35083,305.84152
38,MEATS,2105.7778975219726,2739.6223,3494.275914367676,Medium,XGBoost,2638.0542,101.568115
38,PERSONAL CARE,4901.140729614258,6130.057,7690.385143188477,Medium,XGBoost,6226.9414,-96.88428
38,PET SUPPLIES,300.47246074676514,397.69666,531.5939600467682,Medium,XGBoost,84.68543,313.01123
38,PLAYERS AND ELECTRONICS,331.61156845092773,432.4313,568.717586517334,Medium,XGBoost,124.797325,307.63397
38,POULTRY,1708.963679321289,2361.5684,3144.4808188476563,Medium,XGBoost,2267.6514,93.91699
38,PREPARED FOODS,983.7691307067871,1379.4224,1891.1897792053223,Medium,XGBoost,1159.5735,219.84888
38,PRODUCE,26726.398391796876,33406.133,45541.778076171875,Medium,XGBoost,34158.395,-752.2617
38,SCHOOL AND OFFICE SUPPLIES,2601.5152893066406,2601.5154,2665.512956237793,Medium,XGBoost,0.0,2601.5154
38,SEAFOOD,305.93772888183594,472.2717,708.4693288803101,Medium,XGBoost,237.30487,234.96683
39,AUTOMOTIVE,289.32332706451416,386.54752,520.4448263645172,Medium,XGBoost,99.31225,287.23526
39,BABY CARE,351.518307672441,380.27847,467.69608998298645,Medium,XGBoost,26.502172,353.7763
39,BEAUTY,275.80959728956225,367.10046,511.4454396724701,Medium,XGBoost,111.4272,255.67326
39,BEVERAGES,55345.95967109375,62025.695,74161.33935546875,Medium,XGBoost,66187.66,-4161.961
39,BOOKS,5195.547426925599,5223.1978,5310.615332841873,Medium,XGBoost,23.500814,5199.697
39,BREAD/BAKERY,10999.02734375,12959.287,15421.7248515625,Medium,XGBoost,13155.331,-196.04395
39,CELEBRATION,316.18403244018555,417.00378,553.2900505065918,Medium,XGBoost,112.58886,304.41492
39,CLEANING,18653.927236621093,24743.729,35670.221648925784,Medium,XGBoost,25525.611,-781.8828
39,DAIRY,10135.860107421875,12096.12,14558.557615234375,Medium,XGBoost,12465.012,-368.8916
39,DELI,3200.607741394043,4078.335,5200.354353088379,Medium,XGBoost,4134.012,-55.677246
39,EGGS,5910.243872045899,8090.5474,11546.61192956543,Medium,XGBoost,8399.801,-309.25342
39,FROZEN FOODS,1084.8239860534668,1535.2057,2097.8007590026855,Medium,XGBoost,1420.6036,114.60205
39,GROCERY I,76835.74311835937,83515.48,95651.12280273438,Medium,XGBoost,88420.09,-4904.617
39,GROCERY II,512.4971513748169,769.8023,1126.8625440597534,Medium,XGBoost,584.08887,185.71344
39,HARDWARE,371.35473939478396,408.36166,502.4264042854309,Medium,XGBoost,31.631054,376.73062
39,HOME AND KITCHEN I,354.4830541610718,564.21136,851.2773685455322,Medium,XGBoost,391.7704,172.44098
39,HOME AND KITCHEN II,323.75477600097656,520.45886,787.5265350341797,Medium,XGBoost,366.8445,153.61435
39,HOME APPLIANCES,467.0214438170195,499.29364,589.1001977920532,Medium,XGBoost,25.55599,473.73764
39,HOME CARE,4939.311049804688,6234.713,7877.051199218749,Medium,XGBoost,6314.277,-79.563965
39,LADIESWEAR,350.6680335998535,463.47333,616.1072692871094,Medium,XGBoost,139.93227,323.54108
39,LAWN AND GARDEN,345.0450105667114,516.80005,759.3462085723877,Medium,XGBoost,259.13663,257.66342
39,LINGERIE,261.98589611053467,434.0001,668.3723850250244,Medium,XGBoost,303.38232,130.61777
39,"LIQUOR,WINE,BEER",918.809497833252,1350.9484,1896.600895965576,Medium,XGBoost,1278.2098,72.738525
39,MAGAZINES,331.19749665260315,395.9697,510.755384683609,Medium,XGBoost,53.41559,342.5541
39,MEATS,2391.3966306152342,3062.7615,3873.932892822266,Medium,XGBoost,2941.0525,121.708984
39,PERSONAL CARE,4245.290325195313,5407.7207,6886.039002929688,Medium,XGBoost,5508.4536,-100.73291
39,PET SUPPLIES,321.5477046966553,407.98517,534.7156476974487,Medium,XGBoost,86.577774,321.4074
39,PLAYERS AND ELECTRONICS,347.56147956848145,448.38123,584.6674976348877,Medium,XGBoost,138.22827,310.15295
39,POULTRY,3382.207924560547,4241.175,5334.935413574219,Medium,XGBoost,4154.7275,86.447266
39,PREPARED FOODS,818.3738288879395,1122.8131,1549.867603302002,Medium,XGBoost,916.122,206.6911
39,PRODUCE,24111.126175,30790.861,42926.505859375,Medium,XGBoost,31829.205,-1038.3438
39,SCHOOL AND OFFICE SUPPLIES,185.84597492218018,368.89456,621.4398803710938,Medium,XGBoost,277.9649,90.92966
39,SEAFOOD,339.11920642852783,510.74667,753.2928142547607,Medium,XGBoost,258.1966,252.55008
40,AUTOMOTIVE,304.4657185077667,372.0062,486.7919008731842,Medium,XGBoost,53.828556,318.17764
40,BABY CARE,337.8433376245201,367.68088,457.22757091522215,Medium,XGBoost,25.168337,342.51254
40,BEAUTY,261.16145038604736,362.47336,513.7253351211548,Medium,XGBoost,126.14994,236.32343
40,BEVERAGES,58706.56440742187,65386.3,77521.94409179688,Medium,XGBoost,68848.516,-3462.2148
40,BOOKS,5187.109637742489,5214.186,5301.603858232498,Medium,XGBoost,22.264723,5191.9214
40,BREAD/BAKERY,5225.041030273438,6520.443,8162.781179687499,Medium,XGBoost,6619.4946,-99.05176
40,CELEBRATION,359.34097385406494,553.2767,820.3443355560303,Medium,XGBoost,285.615,267.66168
40,CLEANING,21227.199099609377,27611.967,39143.03614794922,Medium,XGBoost,28824.695,-1212.7285
40,DAIRY,8803.229461669922,10763.489,13225.926969482422,Medium,XGBoost,10984.76,-221.27051
40,DELI,4205.836371459961,5168.8096,6401.097841674805,Medium,XGBoost,5235.84,-67.03027
40,EGGS,2285.157098144531,2956.522,3767.6933603515627,Medium,XGBoost,2885.2827,71.23926
40,FROZEN FOODS,990.7175407409668,1349.8853,1827.7674396057128,Medium,XGBoost,1197.3402,152.54504
40,GROCERY I,77466.64326484375,84146.375,96282.02294921875,Medium,XGBoost,87595.19,-3448.8125
40,GROCERY II,338.1999759674072,489.03778,707.0624103546143,Medium,XGBoost,230.71043,258.32733
40,HARDWARE,381.9758963033557,418.41956,512.4843018531799,Medium,XGBoost,31.648535,386.77103
40,HOME AND KITCHEN I,528.5699634552002,792.6085,1159.6679821014404,Medium,XGBoost,645.52234,147.08618
40,HOME AND KITCHEN II,355.8799066543579,548.52576,815.5933837890625,Medium,XGBoost,313.0453,235.48047
40,HOME APPLIANCES,429.8300748735666,457.88394,547.4306425094604,Medium,XGBoost,22.01279,435.87115
40,HOME CARE,5220.5735925292975,6515.9756,8158.31374194336,Medium,XGBoost,6552.09,-36.114258
40,LADIESWEAR,3665.178592291474,3689.4836,3774.7721358299254,Medium,XGBoost,20.101498,3669.382
40,LAWN AND GARDEN,456.28181773126124,480.82693,566.1154585838318,Medium,XGBoost,20.341595,460.48535
40,LINGERIE,331.54405975341797,438.35657,582.816686630249,Medium,XGBoost,118.9187,319.43787
40,"LIQUOR,WINE,BEER",699.4935569763184,1040.4185,1501.35808102417,Medium,XGBoost,959.3228,81.09564
40,MAGAZINES,341.9558494016528,387.6647,488.63643736839293,Medium,XGBoost,33.237495,354.42722
40,MEATS,1827.6780548095703,2424.0022,3122.137826293945,Medium,XGBoost,2294.0383,129.96387
40,PERSONAL CARE,4260.372609497071,5156.86,6307.13834387207,Medium,XGBoost,5208.582,-51.722168
40,PET SUPPLIES,332.35743645429613,385.09378,490.5835274219513,Medium,XGBoost,44.209244,340.88452
40,PLAYERS AND ELECTRONICS,308.0259017944336,401.6545,533.1628823280334,Medium,XGBoost,88.56441,313.0901
40,POULTRY,2589.687844604492,3261.0527,4072.2241068115236,Medium,XGBoost,3166.2896,94.76318
40,PREPARED FOODS,764.6152000427246,1069.0544,1496.108974456787,Medium,XGBoost,870.4748,198.57965
40,PRODUCE,17284.115736035157,21014.18,27104.069060058595,Medium,XGBoost,21611.646,-597.4668
40,SCHOOL AND OFFICE SUPPLIES,2568.1897888183594,2568.1897,2632.1874557495116,Medium,XGBoost,0.0,2568.1897
40,SEAFOOD,271.67921928167345,313.93628,420.35039196014407,Medium,XGBoost,45.977646,267.95862
41,AUTOMOTIVE,287.86295318603516,380.2932,515.1975049972534,Medium,XGBoost,100.50206,279.79114
41,BABY CARE,583.8850782871247,600.0727,676.8449006080627,Medium,XGBoost,16.029696,584.04297
41,BEAUTY,188.92513847351074,359.75946,594.1317729949951,Medium,XGBoost,237.68793,122.07153
41,BEVERAGES,40771.249221875,47450.984,59586.62890625,Medium,XGBoost,48617.047,-1166.0625
41,BOOKS,5190.854430532456,5207.0117,5283.783838748932,Medium,XGBoost,15.999281,5191.012
41,BREAD/BAKERY,6497.127653442383,8390.901,10771.329425415039,Medium,XGBoost,8419.96,-29.058594
41,CELEBRATION,336.6380338668823,471.09595,664.5990791320801,Medium,XGBoost,177.38483,293.71112
41,CLEANING,15718.753529589845,20333.719,28237.33476171875,Medium,XGBoost,20786.436,-452.7168
41,DAIRY,10495.610547070313,12750.838,15817.850690917969,Medium,XGBoost,12967.998,-217.16016
41,DELI,3264.060806945801,4208.274,5412.303154479981,Medium,XGBoost,4281.5444,-73.27051
41,EGGS,1846.5231596679687,2480.3677,3235.021176513672,Medium,XGBoost,2376.2434,104.12427
41,FROZEN FOODS,1987.9532804565429,2640.5579,3423.4704199829102,Medium,XGBoost,2494.7458,145.81201
41,GROCERY I,55783.8751984375,62463.61,74599.2548828125,Medium,XGBoost,63908.29,-1444.6797
41,GROCERY II,584.7578010559082,862.2633,1249.3210716247559,Medium,XGBoost,640.0993,222.164
41,HARDWARE,357.73841501176355,385.60352,473.0211193561554,Medium,XGBoost,24.70387,360.89966
41,HOME AND KITCHEN I,415.3717269897461,631.6436,928.7088212966919,Medium,XGBoost,460.2645,171.37912
41,HOME AND KITCHEN II,460.6885814666748,670.8596,957.9255924224854,Medium,XGBoost,423.91962,246.94
41,HOME APPLIANCES,441.73339624851945,457.26776,531.9108661174774,Medium,XGBoost,17.905329,439.36243
41,HOME CARE,3392.6043463134765,4355.5776,5587.8658165283205,Medium,XGBoost,4390.633,-35.055176
41,LADIESWEAR,456.1790542602539,666.32513,953.3911380767822,Medium,XGBoost,418.4669,247.85825
41,LAWN AND GARDEN,360.9592351913452,551.80536,822.5237045288086,Medium,XGBoost,298.31262,253.49274
41,LINGERIE,327.5450096130371,428.36475,564.6510276794434,Medium,XGBoost,114.80019,313.56454
41,"LIQUOR,WINE,BEER",1328.2063125,1870.3195,2528.943707397461,Medium,XGBoost,1849.1774,21.14209
41,MAGAZINES,302.63419342041016,403.45395,539.7402114868164,Medium,XGBoost,99.207275,304.24667
41,MEATS,2976.5432246704104,3704.1887,4600.136854919434,Medium,XGBoost,3612.2522,91.93652
41,PERSONAL CARE,5201.714466430664,6696.5737,8584.941823364257,Medium,XGBoost,6816.877,-120.30322
41,PET SUPPLIES,342.3998718261719,451.125,603.7589435577393,Medium,XGBoost,147.80856,303.31644
41,PLAYERS AND ELECTRONICS,310.07737922668457,403.706,535.2143597602844,Medium,XGBoost,95.2129,308.4931
41,POULTRY,2662.50518737793,3446.4314,4427.156185668945,Medium,XGBoost,3341.9746,104.45679
41,PREPARED FOODS,674.2387275695801,978.678,1405.7325019836426,Medium,XGBoost,758.24554,220.43243
41,PRODUCE,28774.62666328125,35454.363,47590.00634765625,Medium,XGBoost,36154.797,-700.4336
41,SCHOOL AND OFFICE SUPPLIES,362.8326940536499,362.8327,426.83036098480227,Medium,XGBoost,0.0,362.8327
41,SEAFOOD,266.15116938054564,313.7631,420.6969326019287,Medium,XGBoost,60.031197,253.7319
42,AUTOMOTIVE,309.81843613386155,358.2499,459.4814935207367,Medium,XGBoost,37.582108,320.6678
42,BABY CARE,7032.519516563416,7048.7554,7125.527735233307,Medium,XGBoost,16.038687,7032.717
42,BEAUTY,202.64866828918457,356.53616,574.5607814788818,Medium,XGBoost,207.34575,149.19041
42,BEVERAGES,39075.58491523437,45755.32,57890.964599609375,Medium,XGBoost,46674.145,-918.8242
42,BOOKS,5190.657425498963,5206.8936,5283.665644168854,Medium,XGBoost,16.038687,5190.855
42,BREAD/BAKERY,6840.39453125,8800.654,11263.0920390625,Medium,XGBoost,8810.296,-9.641602
42,CELEBRATION,310.94272804260254,412.6638,554.7349302768707,Medium,XGBoost,114.60317,298.0606
42,CLEANING,12131.014465332031,14091.274,16553.71197314453,Medium,XGBoost,14224.61,-133.33594
42,DAIRY,12368.790356640626,14624.018,17691.030500488283,Medium,XGBoost,14841.59,-217.57227
42,DELI,2334.4068323974607,3080.8125,4005.0195853271484,Medium,XGBoost,3131.6116,-50.799072
42,EGGS,1967.8922926635742,2601.7368,3356.3903095092774,Medium,XGBoost,2494.246,107.49072
42,FROZEN FOODS,1496.282127380371,2092.6062,2790.741898864746,Medium,XGBoost,1978.7731,113.83313
42,GROCERY I,49282.75263984375,55962.49,68098.13232421875,Medium,XGBoost,57676.184,-1713.6953
42,GROCERY II,481.75327491760254,732.32495,1079.3860416412354,Medium,XGBoost,519.30615,213.0188
42,HARDWARE,373.53894081413745,401.10922,488.52682423591614,Medium,XGBoost,22.065239,379.04398
42,HOME AND KITCHEN I,460.7122745513916,670.8833,957.9492855072021,Medium,XGBoost,462.14395,208.73935
42,HOME AND KITCHEN II,363.3188018798828,542.93634,790.9584913253784,Medium,XGBoost,328.02402,214.91232
42,HOME APPLIANCES,439.2423629522324,455.2042,531.9763836860657,Medium,XGBoost,16.341616,438.86258
42,HOME CARE,3070.0276877441406,3928.9946,5022.7551767578125,Medium,XGBoost,3969.9148,-40.920166
42,LADIESWEAR,406.0849828720093,614.03894,901.1049270629883,Medium,XGBoost,364.52548,249.51346
42,LAWN AND GARDEN,499.4331121444702,770.20514,1147.2637567520142,Medium,XGBoost,585.89056,184.31458
42,LINGERIE,278.3546636462212,389.87347,549.5591493606568,Medium,XGBoost,150.4835,239.38997
42,"LIQUOR,WINE,BEER",949.6605415344238,1400.0422,1962.6373144836425,Medium,XGBoost,1371.1642,28.878052
42,MAGAZINES,303.45541858673096,386.29733,510.6388428211212,Medium,XGBoost,82.57967,303.71765
42,MEATS,3272.7835776367187,4131.7505,5225.511066650391,Medium,XGBoost,4046.602,85.14844
42,PERSONAL CARE,3163.8391409301757,4041.5664,5163.585752624512,Medium,XGBoost,4112.0103,-70.44385
42,PET SUPPLIES,309.6720857620239,399.70514,528.8245475292206,Medium,XGBoost,85.3344,314.37073
42,PLAYERS AND ELECTRONICS,307.8902883529663,397.92334,527.042750120163,Medium,XGBoost,89.206924,308.71643
42,POULTRY,3344.4418630981445,4222.169,5344.1884747924805,Medium,XGBoost,4127.6636,94.50537
42,PREPARED FOODS,677.4198875427246,981.85913,1408.913661956787,Medium,XGBoost,765.9636,215.89551
42,PRODUCE,36147.81086738281,42827.547,54963.19055175781,Medium,XGBoost,43691.99,-864.4414
42,SCHOOL AND OFFICE SUPPLIES,2986.6977882385254,2986.6978,3050.6954551696776,Medium,XGBoost,0.0,2986.6978
42,SEAFOOD,319.1622190475464,489.64417,725.8418054580688,Medium,XGBoost,258.37073,231.27344
43,AUTOMOTIVE,304.3069968223572,371.96744,486.75313210487366,Medium,XGBoost,61.702637,310.2648
43,BABY CARE,361.6606315970421,389.77783,477.19542717933655,Medium,XGBoost,25.706701,364.07114
43,BEAUTY,271.02060869932177,368.79175,517.914620256424,Medium,XGBoost,120.52134,248.27042
43,BEVERAGES,74117.67060859375,80797.41,92933.05029296875,Medium,XGBoost,84462.17,-3664.7656
43,BOOKS,5164.761271178722,5192.8174,5280.235236406326,Medium,XGBoost,25.497019,5167.3203
43,BREAD/BAKERY,7479.495910644531,9439.756,11902.193418457031,Medium,XGBoost,9617.363,-177.60742
43,CELEBRATION,374.69456577301025,565.1195,832.1871547698975,Medium,XGBoost,287.10922,278.01028
43,CLEANING,15433.338954003906,19458.37,26152.8349140625,Medium,XGBoost,20023.023,-564.6543
43,DAIRY,9277.450286865234,11237.71,13700.147794677734,Medium,XGBoost,11527.744,-290.03418
43,DELI,3752.374211669922,4648.8613,5799.139946044922,Medium,XGBoost,4726.0054,-77.14404
43,EGGS,3016.297791809082,3772.9087,4694.348912536621,Medium,XGBoost,3695.6228,77.28589
43,FROZEN FOODS,783.5004577636719,1142.6681,1620.5503566284178,Medium,XGBoost,1038.0696,104.59851
43,GROCERY I,71604.80903632812,78284.55,90420.18872070312,Medium,XGBoost,81319.56,-3035.0156
43,GROCERY II,327.0153560638428,439.82065,592.4545917510986,Medium,XGBoost,176.60391,263.21674
43,HARDWARE,2900.508163461089,2928.3384,3015.756062746048,Medium,XGBoost,24.349752,2903.9885
43,HOME AND KITCHEN I,314.29983139038086,491.9854,734.5315494537354,Medium,XGBoost,312.4172,179.5682
43,HOME AND KITCHEN II,348.38006019592285,518.9018,761.447904586792,Medium,XGBoost,257.43048,261.4713
43,HOME APPLIANCES,541.553012022376,569.04443,656.4620583057404,Medium,XGBoost,23.659834,545.3846
43,HOME CARE,3189.69372467041,4067.421,5189.440336364746,Medium,XGBoost,4119.0303,-51.609375
43,LADIESWEAR,3699.703431496024,3727.0107,3814.428321123123,Medium,XGBoost,23.445263,3703.5654
43,LAWN AND GARDEN,312.3115758895874,437.84308,608.6500463485718,Medium,XGBoost,176.52776,261.3153
43,LINGERIE,374.5233610600233,410.6344,502.57005801200864,Medium,XGBoost,33.88294,376.75146
43,"LIQUOR,WINE,BEER",1175.129968963623,1589.5435,2129.5697401428224,Medium,XGBoost,1544.2195,45.323975
43,MAGAZINES,348.32859936952593,399.78445,502.88526449203493,Medium,XGBoost,49.597603,350.18686
43,MEATS,2726.210872680664,3547.6575,4584.900116333008,Medium,XGBoost,3435.8123,111.845215
43,PERSONAL CARE,3748.5750799560547,4711.5483,5943.836550170899,Medium,XGBoost,4763.79,-52.2417
43,PET SUPPLIES,333.5841398596764,388.17667,493.66641507148745,Medium,XGBoost,49.87159,338.30508
43,PLAYERS AND ELECTRONICS,367.5389883041382,418.66534,522.0260035514832,Medium,XGBoost,44.020878,374.64447
43,POULTRY,3203.5544548339844,4025.001,5062.243698486328,Medium,XGBoost,3929.9722,95.02881
43,PREPARED FOODS,1521.1473846435547,2117.4714,2815.6071561279296,Medium,XGBoost,1962.7715,154.69995
43,PRODUCE,16803.81174472656,21123.809,28422.85034082031,Medium,XGBoost,21740.945,-617.1367
43,SCHOOL AND OFFICE SUPPLIES,322.5536332130432,331.921,404.4349948883057,Medium,XGBoost,7.065364,324.85562
43,SEAFOOD,356.72423458099365,356.72424,420.721901512146,Medium,XGBoost,0.0,356.72424
44,AUTOMOTIVE,354.1513729095459,530.1762,774.5476770401001,Medium,XGBoost,269.37485,260.80136
44,BABY CARE,6956.846591579914,6987.6177,7075.554987382889,Medium,XGBoost,27.934618,6959.683
44,BEAUTY,307.7535800933838,505.93903,776.6573734283447,Medium,XGBoost,360.34174,145.59729
44,BEVERAGES,153149.5080109375,159829.25,171964.8876953125,Medium,XGBoost,164848.16,-5018.9062
44,BOOKS,762.9519134640693,793.72296,881.6603092670441,Medium,XGBoost,27.934618,765.7883
44,BREAD/BAKERY,21707.347122265626,28387.082,40522.726806640625,Medium,XGBoost,28352.834,34.248047
44,CELEBRATION,584.0390930175781,861.54456,1248.6023635864258,Medium,XGBoost,610.02344,251.52112
44,CLEANING,37772.094925,44451.83,56587.474609375,Medium,XGBoost,45126.68,-674.85156
44,DAIRY,35961.01924140625,42640.754,54776.39892578125,Medium,XGBoost,43433.94,-793.1875
44,DELI,7963.020170532227,9856.794,12237.221942504882,Medium,XGBoost,10009.394,-152.59961
44,EGGS,8949.238310180664,10843.012,13223.44008215332,Medium,XGBoost,10751.039,91.97266
44,FROZEN FOODS,6335.810964599609,7897.156,9867.534057373046,Medium,XGBoost,7782.5547,114.601074
44,GROCERY I,155817.81318671876,162497.55,174633.19287109375,Medium,XGBoost,172850.44,-10352.891
44,GROCERY II,1366.506248474121,1962.8303,2660.966019958496,Medium,XGBoost,1761.5664,201.26392
44,HARDWARE,361.2925376057625,416.63742,522.6469183444976,Medium,XGBoost,54.106247,362.5312
44,HOME AND KITCHEN I,1681.9567031860352,2278.2808,2976.41647467041,Medium,XGBoost,2182.0603,96.22046
44,HOME AND KITCHEN II,1558.2808303833008,2154.605,2852.7406018676757,Medium,XGBoost,2072.2788,82.32617
44,HOME APPLIANCES,423.5585178375244,457.3036,547.6298963546753,Medium,XGBoost,29.272982,428.0306
44,HOME CARE,10461.531689648438,12716.759,15783.771833496094,Medium,XGBoost,12788.579,-71.82031
44,LADIESWEAR,529.0628385543823,845.0115,1279.0093618240358,Medium,XGBoost,827.59906,17.412415
44,LAWN AND GARDEN,475.00369358062744,691.90814,988.9733304977417,Medium,XGBoost,462.3884,229.51974
44,LINGERIE,226.64855575561523,484.69437,843.5799655914307,Medium,XGBoost,542.1914,-57.49704
44,"LIQUOR,WINE,BEER",4589.884609252929,5752.315,7230.633286987305,Medium,XGBoost,5779.5977,-27.282715
44,MAGAZINES,473.99461364746094,697.6325,1004.6968765258789,Medium,XGBoost,444.5281,253.1044
44,MEATS,12491.274158496093,15631.402,20512.14221044922,Medium,XGBoost,15623.667,7.7353516
44,PERSONAL CARE,8073.893064819336,9967.667,12348.094836791992,Medium,XGBoost,10129.656,-161.98926
44,PET SUPPLIES,845.0262985229492,1167.7084,1611.7054477539064,Medium,XGBoost,919.3681,248.34027
44,PLAYERS AND ELECTRONICS,598.9217462539673,856.22687,1213.2871389389038,Medium,XGBoost,614.61316,241.61371
44,POULTRY,16667.940028222656,20692.97,27387.43598828125,Medium,XGBoost,20625.025,67.94531
44,PREPARED FOODS,4407.619450927735,5304.107,6454.3851853027345,Medium,XGBoost,5101.5107,202.59619
44,PRODUCE,141297.1857453125,147976.92,160112.5654296875,Medium,XGBoost,159424.28,-11447.359
44,SCHOOL AND OFFICE SUPPLIES,133.48860836029053,676.9052,1331.1565734634398,Medium,XGBoost,1675.8789,-998.9737
44,SEAFOOD,1307.6528434753418,1849.2485,2496.556490509033,Medium,XGBoost,1669.0626,180.18591
45,AUTOMOTIVE,353.2282371520996,498.8009,708.651683807373,Medium,XGBoost,219.91823,278.8827
45,BABY CARE,6953.796335026622,6984.8413,7072.518662309647,Medium,XGBoost,27.342953,6957.4985
45,BEAUTY,255.7903709411621,440.50894,691.2289123535156,Medium,XGBoost,314.4402,126.068756
45,BEVERAGES,150232.2580109375,156912.0,169047.6376953125,Medium,XGBoost,162252.03,-5340.0312
45,BOOKS,3331.9730165451765,3363.0178,3450.695343828201,Medium,XGBoost,27.373367,3335.6445
45,BREAD/BAKERY,15995.462038085938,20905.395,29413.58590625,Medium,XGBoost,20933.188,-27.792969
45,CELEBRATION,504.9940233230591,721.8985,1018.9636602401733,Medium,XGBoost,466.6467,255.2518
45,CLEANING,37713.384841992185,44393.12,56528.76452636719,Medium,XGBoost,45129.637,-736.5156
45,DAIRY,31487.978469921876,38167.715,50303.358154296875,Medium,XGBoost,38860.176,-692.46094
45,DELI,10432.473388671875,12392.733,14855.170896484375,Medium,XGBoost,12577.558,-184.82422
45,EGGS,5352.902604125977,6714.7905,8439.138489379882,Medium,XGBoost,6599.48,115.31055
45,FROZEN FOODS,4433.781125732422,5662.6973,7223.025539306641,Medium,XGBoost,5540.8164,121.88086
45,GROCERY I,159063.0998078125,165742.83,177878.4794921875,Medium,XGBoost,180312.97,-14570.141
45,GROCERY II,1950.6623061523437,2565.7466,3292.1412003173828,Medium,XGBoost,2367.3994,198.34717
45,HARDWARE,383.24530390501025,431.20276,534.3035803794861,Medium,XGBoost,39.191704,392.01105
45,HOME AND KITCHEN I,946.5094795227051,1323.9199,1818.7447532043457,Medium,XGBoost,1168.4524,155.46753
45,HOME AND KITCHEN II,989.6917457580566,1494.8019,2108.224643157959,Medium,XGBoost,1418.7921,76.009766
45,HOME APPLIANCES,396.29963635206224,440.54706,539.3897026062011,Medium,XGBoost,36.072094,404.47498
45,HOME CARE,9730.848919873048,11986.076,15053.089063720703,Medium,XGBoost,12108.139,-122.0625
45,LADIESWEAR,484.252872467041,761.75836,1148.8161430358887,Medium,XGBoost,722.98193,38.77643
45,LAWN AND GARDEN,635.0600452423096,899.09863,1266.1580638885498,Medium,XGBoost,681.31854,217.78009
45,LINGERIE,336.67935342788695,438.82874,588.211470079422,Medium,XGBoost,113.28965,325.5391
45,"LIQUOR,WINE,BEER",2933.290220275879,3727.4214,4705.3795863647465,Medium,XGBoost,3756.3286,-28.907227
45,MAGAZINES,386.04087257385254,563.16113,813.8810729980469,Medium,XGBoost,248.53835,314.6228
45,MEATS,15450.270093945313,19180.334,25270.22341796875,Medium,XGBoost,19163.852,16.482422
45,PERSONAL CARE,9820.979626660157,12076.207,15143.219770507812,Medium,XGBoost,12263.075,-186.86816
45,PET SUPPLIES,470.0133857727051,693.6513,1000.715648651123,Medium,XGBoost,427.3292,266.3221
45,PLAYERS AND ELECTRONICS,501.0516815185547,724.6896,1031.7539443969727,Medium,XGBoost,464.56323,260.12634
45,POULTRY,17222.362672851563,22132.295,30640.486541015624,Medium,XGBoost,21958.695,173.59961
45,PREPARED FOODS,3424.185997680664,4283.153,5376.913486694336,Medium,XGBoost,4088.2837,194.86914
45,PRODUCE,96932.081253125,103611.82,115747.4609375,Medium,XGBoost,105343.2,-1731.3828
45,SCHOOL AND OFFICE SUPPLIES,973.0604292602538,1544.4232,2299.076677497864,Medium,XGBoost,2287.5054,-743.08215
45,SEAFOOD,1130.1437301635742,1544.0398,2072.7497534790036,Medium,XGBoost,1356.4254,187.61438
46,AUTOMOTIVE,322.44584560394287,439.57767,600.3854465484619,Medium,XGBoost,163.04866,276.529
46,BABY CARE,6942.700407028198,6968.398,7055.815589189529,Medium,XGBoost,21.050894,6947.347
46,BEAUTY,295.1517848968506,495.5841,772.6509275436401,Medium,XGBoost,387.96964,107.61447
46,BEVERAGES,97560.9552765625,104240.69,116376.3349609375,Medium,XGBoost,105801.09,-1560.4062
46,BOOKS,666.8277396321297,693.7781,781.1957161426544,Medium,XGBoost,23.914343,669.8637
46,BREAD/BAKERY,13697.09543515625,16542.256,20818.420851074217,Medium,XGBoost,16622.312,-80.05664
46,CELEBRATION,387.3179655075073,548.1926,774.3910789489746,Medium,XGBoost,232.82408,315.36853
46,CLEANING,34916.775466992185,41596.51,53732.15515136719,Medium,XGBoost,42368.902,-772.3906
46,DAIRY,20939.09773261719,27618.832,39754.47741699219,Medium,XGBoost,28278.465,-659.6328
46,DELI,11237.8057375,13493.032,16560.045881347654,Medium,XGBoost,13698.901,-205.86914
46,EGGS,2114.8090756835936,2786.174,3597.345337890625,Medium,XGBoost,2657.77,128.40405
46,FROZEN FOODS,3269.2324180908204,4090.679,5127.921661743164,Medium,XGBoost,3964.4973,126.18164
46,GROCERY I,147249.84248359376,153929.58,166065.22216796875,Medium,XGBoost,166786.52,-12856.9375
46,GROCERY II,702.6678123474121,1007.10706,1434.1615867614746,Medium,XGBoost,761.32513,245.78192
46,HARDWARE,375.1381544113159,420.00528,519.1077884674072,Medium,XGBoost,32.83452,387.17078
46,HOME AND KITCHEN I,616.6919050216675,887.4639,1264.5225496292114,Medium,XGBoost,659.6031,227.86084
46,HOME AND KITCHEN II,475.49946117401123,705.8708,1022.9343500137329,Medium,XGBoost,537.8355,168.03528
46,HOME APPLIANCES,443.92399604320525,478.4092,570.6047236919403,Medium,XGBoost,27.291862,451.11734
46,HOME CARE,9128.967407226562,11089.228,13551.664915039062,Medium,XGBoost,11201.694,-112.4668
46,LADIESWEAR,509.94694995880127,794.1859,1191.2428464889526,Medium,XGBoost,755.31415,38.871765
46,LAWN AND GARDEN,491.06354427337646,734.9018,1071.9636850357056,Medium,XGBoost,530.12805,204.77374
46,LINGERIE,220.28231048583984,433.72043,732.0473492145538,Medium,XGBoost,374.53293,59.1875
46,"LIQUOR,WINE,BEER",1449.2921606750488,2064.8938,2802.6048027038573,Medium,XGBoost,2075.4775,-10.58374
46,MAGAZINES,342.2212505340576,428.65872,555.3891935348511,Medium,XGBoost,98.812225,329.8465
46,MEATS,14429.33702470703,17569.465,22450.205076660157,Medium,XGBoost,17610.262,-40.796875
46,PERSONAL CARE,10566.543316845704,12821.7705,15888.78346069336,Medium,XGBoost,12964.117,-142.34668
46,PET SUPPLIES,459.5511236190796,676.45557,973.5207605361938,Medium,XGBoost,411.121,265.33456
46,PLAYERS AND ELECTRONICS,634.7208662033081,905.4929,1282.551510810852,Medium,XGBoost,652.8151,252.6778
46,POULTRY,11510.076501855468,14060.2705,17731.85928173828,Medium,XGBoost,13972.6,87.6709
46,PREPARED FOODS,1952.4322020263671,2586.2766,3340.9302188720703,Medium,XGBoost,2397.478,188.79858
46,PRODUCE,40502.186111523435,47181.92,59317.56579589844,Medium,XGBoost,47804.184,-622.2617
46,SCHOOL AND OFFICE SUPPLIES,267.8101507873535,701.1634,1354.1614872741698,Medium,XGBoost,1614.4402,-913.2768
46,SEAFOOD,790.8049736022949,1095.2443,1522.2987480163574,Medium,XGBoost,869.0569,226.18738
47,AUTOMOTIVE,334.50597953796387,468.31836,653.6476345062256,Medium,XGBoost,193.3634,274.95496
47,BABY CARE,6944.428142225743,6966.438,7049.597273778915,Medium,XGBoost,19.350513,6947.0874
47,BEAUTY,296.7845678329468,494.0812,762.9742040634155,Medium,XGBoost,381.33356,112.74765
47,BEVERAGES,138961.97920234376,145641.72,157777.35888671875,Medium,XGBoost,150173.6,-4531.875
47,BOOKS,504.4633878827095,526.62683,609.786261510849,Medium,XGBoost,19.504255,507.1226
47,BREAD/BAKERY,15206.205348046875,19231.236,25925.70130810547,Medium,XGBoost,19290.352,-59.115234
47,CELEBRATION,496.3643445968628,713.2688,1010.333981513977,Medium,XGBoost,459.29282,253.97598
47,CLEANING,34616.868240429685,41296.6,53432.24792480469,Medium,XGBoost,41883.38,-586.77734
47,DAIRY,30771.031570507814,37450.766,49586.41125488281,Medium,XGBoost,38046.152,-595.3867
47,DELI,9799.629425048828,11759.889,14222.326932861328,Medium,XGBoost,11939.482,-179.59375
47,EGGS,5153.68040246582,6382.5967,7942.924816040039,Medium,XGBoost,6271.2383,111.3584
47,FROZEN FOODS,3738.0390997314453,4701.012,5933.300569946289,Medium,XGBoost,4569.591,131.42139
47,GROCERY I,151380.4376984375,158060.17,170195.8173828125,Medium,XGBoost,171278.36,-13218.1875
47,GROCERY II,833.2258834838867,1155.908,1599.9050327148439,Medium,XGBoost,922.6797,233.22827
47,HARDWARE,388.61486396789553,427.2235,519.6789058208466,Medium,XGBoost,30.688953,396.53455
47,HOME AND KITCHEN I,838.3898162841797,1197.5575,1675.4397151489256,Medium,XGBoost,1060.2188,137.33875
47,HOME AND KITCHEN II,1008.5705718994141,1477.1951,2056.7327196655274,Medium,XGBoost,1382.7803,94.414795
47,HOME APPLIANCES,404.1493518382311,442.0515,534.5069011211395,Medium,XGBoost,31.546822,410.5047
47,HOME CARE,9654.299011230469,11614.559,14076.996519042968,Medium,XGBoost,11721.43,-106.87109
47,LADIESWEAR,515.8242540359497,800.0632,1197.120150566101,Medium,XGBoost,757.3111,42.752075
47,LAWN AND GARDEN,532.1935558319092,796.2322,1163.2915744781494,Medium,XGBoost,590.6717,205.56049
47,LINGERIE,291.31777254343035,413.66898,600.708481168747,Medium,XGBoost,183.43546,230.23352
47,"LIQUOR,WINE,BEER",2561.8958645019534,3270.7812,4138.470372070313,Medium,XGBoost,3320.1633,-49.38208
47,MAGAZINES,366.2188024520874,490.40417,659.3857975006104,Medium,XGBoost,166.33412,324.07007
47,MEATS,13945.227869042968,16495.422,20167.01064892578,Medium,XGBoost,16487.75,7.671875
47,PERSONAL CARE,10181.816052441407,12437.043,15504.056196289062,Medium,XGBoost,12623.964,-186.9209
47,PET SUPPLIES,448.6418752670288,658.1188,945.1848030090332,Medium,XGBoost,391.06943,267.04935
47,PLAYERS AND ELECTRONICS,524.1108016967773,747.7487,1054.8130645751953,Medium,XGBoost,498.28818,249.46054
47,POULTRY,15776.068898242189,20391.033,28294.650130371094,Medium,XGBoost,20306.502,84.53125
47,PREPARED FOODS,3015.9484825439454,3837.395,4874.637726196289,Medium,XGBoost,3645.7974,191.59766
47,PRODUCE,86336.72041328125,93016.45,105152.10009765625,Medium,XGBoost,94535.25,-1518.7969
47,SCHOOL AND OFFICE SUPPLIES,0.0,375.53644,1005.9018125610351,Medium,XGBoost,1457.9279,-1082.3914
47,SEAFOOD,842.9045639038086,1220.3151,1715.1398375854492,Medium,XGBoost,1023.23755,197.07751
48,AUTOMOTIVE,325.3182563781738,449.00745,617.9890727996826,Medium,XGBoost,178.30305,270.7044
48,BABY CARE,6945.763551278413,6970.912,7056.200541591645,Medium,XGBoost,22.906128,6948.006
48,BEAUTY,311.3359775543213,517.1297,804.1957092285156,Medium,XGBoost,413.43393,103.69577
48,BEVERAGES,73277.02021796875,79956.76,92092.39990234375,Medium,XGBoost,80991.48,-1034.7188
48,BOOKS,4170.606675668061,4195.7554,4281.043665981293,Medium,XGBoost,22.906128,4172.849
48,BREAD/BAKERY,11606.467114453126,13861.694,16928.70725830078,Medium,XGBoost,13927.334,-65.63965
48,CELEBRATION,444.47941875457764,647.917,924.9838037490845,Medium,XGBoost,371.36884,276.54816
48,CLEANING,29805.472000195314,36485.207,48620.85168457031,Medium,XGBoost,37101.695,-616.4883
48,DAIRY,16843.950990722657,21753.883,30262.07485888672,Medium,XGBoost,22217.77,-463.88672
48,DELI,8861.030639648438,10821.29,13283.728147460937,Medium,XGBoost,11016.375,-195.08496
48,EGGS,1651.5246305541991,2304.1294,3087.0417700805665,Medium,XGBoost,2175.5486,128.58081
48,FROZEN FOODS,2672.084926940918,3399.7305,4295.678557189942,Medium,XGBoost,3265.413,134.31738
48,GROCERY I,128775.29805,135455.03,147590.677734375,Medium,XGBoost,141600.98,-6145.953
48,GROCERY II,706.9977340698242,1011.437,1438.4915084838867,Medium,XGBoost,757.2314,254.20563
48,HARDWARE,465.0806198507547,499.00385,589.0702825546265,Medium,XGBoost,28.568008,470.43585
48,HOME AND KITCHEN I,503.0768451690674,767.1154,1134.1748638153076,Medium,XGBoost,588.3706,178.74481
48,HOME AND KITCHEN II,683.9607877731323,1018.1522,1469.0926858596802,Medium,XGBoost,899.42,118.73224
48,HOME APPLIANCES,476.5443979541771,515.2289,609.8133263587952,Medium,XGBoost,29.65,485.5789
48,HOME CARE,8054.586608886719,10014.847,12477.284116699218,Medium,XGBoost,10104.824,-89.97754
48,LADIESWEAR,505.1985101699829,789.43744,1186.4944067001343,Medium,XGBoost,743.3347,46.102722
48,LAWN AND GARDEN,343.3885488510132,501.85162,723.5269412994385,Medium,XGBoost,241.79521,260.0564
48,LINGERIE,398.29683619737625,439.08768,533.6721501350403,Medium,XGBoost,37.880207,401.20746
48,"LIQUOR,WINE,BEER",1411.3767821044921,2008.7357,2729.504049316406,Medium,XGBoost,2018.8959,-10.160156
48,MAGAZINES,343.6055564880371,422.8519,544.8044619560242,Medium,XGBoost,75.56678,347.28513
48,MEATS,12634.11301328125,15479.274,19755.438429199217,Medium,XGBoost,15506.957,-27.682617
48,PERSONAL CARE,10211.364758496095,12466.592,15533.60490234375,Medium,XGBoost,12631.303,-164.71094
48,PET SUPPLIES,448.21846771240234,659.0299,947.9212808609009,Medium,XGBoost,382.92255,276.10736
48,PLAYERS AND ELECTRONICS,460.6889305114746,684.32684,991.3911933898926,Medium,XGBoost,431.4167,252.91016
48,POULTRY,11581.291528710937,14131.485,17803.07430859375,Medium,XGBoost,14071.749,59.73633
48,PREPARED FOODS,1342.560546875,1756.4567,2285.1665701904294,Medium,XGBoost,1540.0718,216.38489
48,PRODUCE,25928.507156445314,32608.242,44743.88684082031,Medium,XGBoost,33227.992,-619.75
48,SCHOOL AND OFFICE SUPPLIES,20.55808734893799,368.8435,972.2671493759154,Medium,XGBoost,1351.5991,-982.7556
48,SEAFOOD,464.6983871459961,699.5282,1026.590898513794,Medium,XGBoost,468.95685,230.57135
49,AUTOMOTIVE,320.0683927536011,424.8786,569.3387050628662,Medium,XGBoost,142.69507,282.18353
49,BABY CARE,6947.408139169216,6981.0845,7070.890942573547,Medium,XGBoost,32.423973,6948.6606
49,BEAUTY,241.83415985107422,424.91675,675.6367263793945,Medium,XGBoost,285.06375,139.853
49,BEVERAGES,111164.9630890625,117844.695,129980.3427734375,Medium,XGBoost,119908.91,-2064.211
49,BOOKS,4175.554425179958,4209.2305,4299.03722858429,Medium,XGBoost,32.423973,4176.8066
49,BREAD/BAKERY,15280.319411328126,20485.219,29597.985915527344,Medium,XGBoost,20502.99,-17.771484
49,CELEBRATION,436.63279724121094,652.22125,949.2864503860474,Medium,XGBoost,377.62344,274.5978
49,CLEANING,27070.870437695314,33750.605,45886.25012207031,Medium,XGBoost,34020.51,-269.90625
49,DAIRY,31177.667190624998,37857.402,49993.046875,Medium,XGBoost,38431.758,-574.35547
49,DELI,6365.061181396484,8059.378,10193.775745849609,Medium,XGBoost,8210.206,-150.82812
49,EGGS,6630.020138427734,8457.309,10755.726174560546,Medium,XGBoost,8356.85,100.458984
49,FROZEN FOODS,5109.507645629883,6471.3955,8195.743530883788,Medium,XGBoost,6343.495,127.90039
49,GROCERY I,122562.39717109376,129242.13,141377.77685546875,Medium,XGBoost,133776.88,-4534.742
49,GROCERY II,956.2278861999512,1278.9099,1722.9070354309083,Medium,XGBoost,1050.6096,228.3003
49,HARDWARE,396.548947095871,450.92593,558.5447874069214,Medium,XGBoost,43.15435,407.77158
49,HOME AND KITCHEN I,925.5848922729492,1284.7526,1762.6347911376952,Medium,XGBoost,1114.1829,170.5697
49,HOME AND KITCHEN II,677.1916046142578,981.63086,1408.6853790283203,Medium,XGBoost,885.53656,96.0943
49,HOME APPLIANCES,414.93803015947344,466.92123,572.4109924793244,Medium,XGBoost,41.3002,425.62103
49,HOME CARE,6825.516569458008,8719.291,11099.718341430664,Medium,XGBoost,8817.318,-98.02734
49,LADIESWEAR,325.18760681152344,562.2924,889.3551216125488,Medium,XGBoost,497.96594,64.32648
49,LAWN AND GARDEN,530.1439180374146,787.4491,1144.509310722351,Medium,XGBoost,573.0078,214.44128
49,LINGERIE,277.94435024261475,482.86325,763.5807695388794,Medium,XGBoost,375.5368,107.32645
49,"LIQUOR,WINE,BEER",3245.2672084350584,4313.8965,5650.920272766113,Medium,XGBoost,4349.304,-35.407715
49,MAGAZINES,389.38264751434326,558.3741,800.9202079772949,Medium,XGBoost,243.18375,315.19034
49,MEATS,11834.993188867187,14385.1875,18056.77596875,Medium,XGBoost,14407.864,-22.676758
49,PERSONAL CARE,6836.323362670899,8730.098,11110.525134643554,Medium,XGBoost,8870.532,-140.43457
49,PET SUPPLIES,393.249041557312,584.86127,851.9288997650146,Medium,XGBoost,271.97217,312.8891
49,PLAYERS AND ELECTRONICS,489.5052127838135,699.6762,986.742223739624,Medium,XGBoost,433.1185,266.5577
49,POULTRY,15005.786255859375,18440.883,23926.196943847655,Medium,XGBoost,18406.895,33.98828
49,PREPARED FOODS,3305.3168173217773,4183.044,5305.063429016113,Medium,XGBoost,3993.9636,189.08032
49,PRODUCE,117271.22529609375,123950.96,136086.60498046875,Medium,XGBoost,130285.79,-6334.828
49,SCHOOL AND OFFICE SUPPLIES,396.08447297668454,854.4091,1513.033412864685,Medium,XGBoost,1809.4941,-955.085
49,SEAFOOD,977.2934913635254,1336.4612,1814.3433902282713,Medium,XGBoost,1140.3792,196.08203
50,AUTOMOTIVE,309.6462450027466,413.73547,561.5915246009827,Medium,XGBoost,130.28384,283.45163
50,BABY CARE,6944.9310270885935,6969.1113,7054.399912929535,Medium,XGBoost,21.049574,6948.0615
50,BEAUTY,253.7423276901245,445.19434,705.9134950637817,Medium,XGBoost,330.3143,114.880035
50,BEVERAGES,69037.22431953125,75716.96,87852.60400390625,Medium,XGBoost,77020.52,-1303.5625
50,BOOKS,563.5289358596317,587.9296,673.2181635856629,Medium,XGBoost,22.326986,565.60266
50,BREAD/BAKERY,8361.837493896484,10322.098,12784.535001708984,Medium,XGBoost,10396.226,-74.12793
50,CELEBRATION,501.0891513824463,738.194,1065.2566661834717,Medium,XGBoost,501.0677,237.12628
50,CLEANING,23677.1720734375,30356.906,42492.5517578125,Medium,XGBoost,30650.803,-293.89648
50,DAIRY,16178.244288476562,20203.275,26897.740248535156,Medium,XGBoost,20542.387,-339.11133
50,DELI,6685.33346081543,8446.136,10662.543761108398,Medium,XGBoost,8562.381,-116.24512
50,EGGS,1470.0442848205566,2048.1255,2729.318681488037,Medium,XGBoost,1927.2977,120.82776
50,FROZEN FOODS,2128.6465069580076,2818.7717,3658.201891845703,Medium,XGBoost,2695.0635,123.70825
50,GROCERY I,101687.87763984375,108367.61,120503.25732421875,Medium,XGBoost,111091.47,-2723.8594
50,GROCERY II,1431.8095016479492,1991.648,2655.898523498535,Medium,XGBoost,1776.7145,214.93347
50,HARDWARE,425.96509783323853,454.55078,541.9683754444122,Medium,XGBoost,28.066391,426.48438
50,HOME AND KITCHEN I,735.971508026123,1040.4108,1467.4652824401855,Medium,XGBoost,856.97046,183.4403
50,HOME AND KITCHEN II,636.4611968994141,940.90045,1367.9549713134766,Medium,XGBoost,789.002,151.89844
50,HOME APPLIANCES,441.6295138001442,472.03897,559.7164448261261,Medium,XGBoost,29.233915,442.80505
50,HOME CARE,6379.8670301513675,8140.6694,10357.077330444336,Medium,XGBoost,8176.236,-35.566406
50,LADIESWEAR,450.6097869873047,746.3581,1150.358432373047,Medium,XGBoost,654.493,91.86511
50,LAWN AND GARDEN,324.6657133102417,433.87543,584.1204302310944,Medium,XGBoost,152.98341,280.89203
50,LINGERIE,356.2257964134216,410.24274,515.9923786640168,Medium,XGBoost,45.42533,364.8174
50,"LIQUOR,WINE,BEER",1621.8810513916014,2293.2458,3104.417313598633,Medium,XGBoost,2298.496,-5.250244
50,MAGAZINES,337.83705043792725,445.54822,598.1821441650391,Medium,XGBoost,121.3764,324.1718
50,MEATS,7966.8547652587895,9860.629,12241.056537231445,Medium,XGBoost,9846.097,14.532227
50,PERSONAL CARE,6981.588621459961,8875.362,11255.790393432617,Medium,XGBoost,9014.446,-139.08398
50,PET SUPPLIES,375.6444272994995,504.20657,681.3620090484619,Medium,XGBoost,187.84045,316.36612
50,PLAYERS AND ELECTRONICS,457.6006832122803,667.7717,954.8376941680908,Medium,XGBoost,409.21893,258.5528
50,POULTRY,5858.996416748047,7287.37,9093.728037841796,Medium,XGBoost,7202.864,84.50635
50,PREPARED FOODS,983.4665756225586,1360.8771,1855.7018493041992,Medium,XGBoost,1130.2435,230.63354
50,PRODUCE,30495.836746289064,37175.57,49311.21643066406,Medium,XGBoost,37642.684,-467.11328
50,SCHOOL AND OFFICE SUPPLIES,21.366701126098633,372.9481,959.4291466140746,Medium,XGBoost,1300.4248,-927.4767
50,SEAFOOD,343.5148649215698,514.049,752.0720138549805,Medium,XGBoost,269.60352,244.4455
51,AUTOMOTIVE,313.1236162185669,403.15668,532.2760779857635,Medium,XGBoost,80.32237,322.8343
51,BABY CARE,6774.489721648395,6794.543,6875.5732906341555,Medium,XGBoost,17.569643,6776.973
51,BEAUTY,236.85948371887207,389.1698,602.4165139198303,Medium,XGBoost,216.50296,172.66684
51,BEVERAGES,67805.95210273437,74485.69,86621.33178710938,Medium,XGBoost,76159.14,-1673.4531
51,BOOKS,477.89929070919754,498.3266,579.3569438934326,Medium,XGBoost,18.356012,479.97058
51,BREAD/BAKERY,12399.215283398438,14654.442,17721.455427246092,Medium,XGBoost,14700.708,-46.265625
51,CELEBRATION,323.58054065704346,420.80472,554.7020399570465,Medium,XGBoost,104.762505,316.0422
51,CLEANING,18661.431448046875,24751.232,35677.725860351566,Medium,XGBoost,24967.95,-216.7168
51,DAIRY,20062.336306640627,26447.104,37978.17335498047,Medium,XGBoost,26868.064,-420.96094
51,DELI,3497.7583974609374,4394.2456,5544.524131835938,Medium,XGBoost,4491.965,-97.71924
51,EGGS,4867.594583862305,5963.539,7359.847525756836,Medium,XGBoost,5864.2114,99.32764
51,FROZEN FOODS,3548.5028372192382,4426.23,5548.249448913574,Medium,XGBoost,4333.7144,92.515625
51,GROCERY I,77479.01460273437,84158.75,96294.39428710938,Medium,XGBoost,86106.86,-1948.1094
51,GROCERY II,658.6899213790894,956.39575,1373.4510698318481,Medium,XGBoost,713.63544,242.76031
51,HARDWARE,383.6596249133348,412.88162,500.5591057300568,Medium,XGBoost,23.552254,389.32938
51,HOME AND KITCHEN I,580.2275152206421,850.9996,1228.058159828186,Medium,XGBoost,688.6897,162.30988
51,HOME AND KITCHEN II,573.8887062072754,878.328,1305.382480621338,Medium,XGBoost,769.84015,108.487854
51,HOME APPLIANCES,405.12123277187345,439.02628,530.9619342327118,Medium,XGBoost,26.928629,412.09766
51,HOME CARE,4796.513559692383,5892.458,7288.766501586914,Medium,XGBoost,5958.3228,-65.864746
51,LADIESWEAR,362.46275345087054,417.05484,522.5445888996124,Medium,XGBoost,46.067413,370.98743
51,LAWN AND GARDEN,667.4595174789429,983.40814,1417.4060407485963,Medium,XGBoost,784.8366,198.57153
51,LINGERIE,320.6478958129883,414.27652,545.7848763465881,Medium,XGBoost,83.429375,330.84714
51,"LIQUOR,WINE,BEER",1734.4719022216796,2405.837,3217.008164428711,Medium,XGBoost,2405.854,-0.017089844
51,MAGAZINES,341.15971183776855,447.97223,592.4323387145996,Medium,XGBoost,136.29517,311.67706
51,MEATS,8383.348523144532,10638.575,13705.588666992187,Medium,XGBoost,10700.422,-61.84668
51,PERSONAL CARE,3931.5507421875,4894.524,6126.812212402344,Medium,XGBoost,4980.923,-86.398926
51,PET SUPPLIES,364.68682193756104,546.68207,805.5758972167969,Medium,XGBoost,248.4122,298.26987
51,PLAYERS AND ELECTRONICS,327.2020311355591,441.4676,602.2753772735596,Medium,XGBoost,134.0514,307.4162
51,POULTRY,13993.759302148437,16543.953,20215.54208203125,Medium,XGBoost,17651.986,-1108.0332
51,PREPARED FOODS,1522.0705642700195,2118.3948,2816.5303357543944,Medium,XGBoost,1941.786,176.60876
51,PRODUCE,78363.67231757812,85043.41,97179.05200195312,Medium,XGBoost,88306.32,-3262.914
51,SCHOOL AND OFFICE SUPPLIES,317.04450500011444,321.63785,389.893682384491,Medium,XGBoost,3.4946866,318.14316
51,SEAFOOD,668.1247406005859,972.564,1399.6185150146484,Medium,XGBoost,773.4815,199.08252
52,AUTOMOTIVE,353.5993299484253,467.8996,628.7073860168457,Medium,XGBoost,152.35387,315.54572
52,BABY CARE,7473.480597317219,7506.106,7595.912304878235,Medium,XGBoost,28.14756,7477.9585
52,BEAUTY,237.0049057006836,405.9857,640.3579978942871,Medium,XGBoost,267.181,138.80469
52,BEVERAGES,63963.50508125,70643.24,82778.884765625,Medium,XGBoost,72037.51,-1394.2656
52,BOOKS,5893.641211330891,5926.2666,6016.072918891907,Medium,XGBoost,28.14756,5898.119
52,BREAD/BAKERY,10904.651245117188,12864.911,15327.348752929687,Medium,XGBoost,12941.856,-76.94531
52,CELEBRATION,357.70175647735596,462.10846,606.5685787200928,Medium,XGBoost,144.53285,317.57562
52,CLEANING,20311.081375195314,26990.816,39126.46105957031,Medium,XGBoost,27285.367,-294.55078
52,DAIRY,14954.270264648438,18389.365,23874.680952636718,Medium,XGBoost,18719.424,-330.0586
52,DELI,4769.416489624024,6131.304,7855.652374877929,Medium,XGBoost,6292.92,-161.61572
52,EGGS,2695.6110681152345,3479.537,4460.26206640625,Medium,XGBoost,3368.5151,111.02197
52,FROZEN FOODS,3914.0756950683594,5076.5063,6554.824372802735,Medium,XGBoost,4977.133,99.373535
52,GROCERY I,87222.90400703125,93902.64,106038.28369140625,Medium,XGBoost,96077.1,-2174.461
52,GROCERY II,880.0531578063965,1184.4924,1611.546932220459,Medium,XGBoost,966.6201,217.87231
52,HARDWARE,367.9389269351959,428.92563,538.9334228038788,Medium,XGBoost,51.32512,377.60052
52,HOME AND KITCHEN I,701.9757919311523,1006.41504,1433.4695663452148,Medium,XGBoost,838.9895,167.42554
52,HOME AND KITCHEN II,615.1233749389648,919.5626,1346.6171493530273,Medium,XGBoost,819.9656,99.597046
52,HOME APPLIANCES,460.2482668042183,498.55734,592.6220696449279,Medium,XGBoost,35.047638,463.5097
52,HOME CARE,4831.76612475586,5994.197,7472.514802490235,Medium,XGBoost,6042.596,-48.399414
52,LADIESWEAR,346.9652099609375,447.78494,584.0712280273438,Medium,XGBoost,120.92456,326.86038
52,LAWN AND GARDEN,841.2420196533203,1200.4097,1678.2919185180663,Medium,XGBoost,1007.7106,192.6991
52,LINGERIE,340.2511959075928,441.07095,577.357213973999,Medium,XGBoost,110.38191,330.68903
52,"LIQUOR,WINE,BEER",2805.5200405273436,3514.4053,4382.094548095703,Medium,XGBoost,3547.6504,-33.245117
52,MAGAZINES,351.1537914276123,451.97354,588.2598094940186,Medium,XGBoost,129.36806,322.60547
52,MEATS,6469.183617919922,8163.5,10297.898182373046,Medium,XGBoost,8118.9214,44.578613
52,PERSONAL CARE,4511.691127807618,5674.1216,7152.439805541992,Medium,XGBoost,5799.724,-125.60254
52,PET SUPPLIES,363.3829708099365,509.0813,718.9320907592773,Medium,XGBoost,195.12025,313.96106
52,PLAYERS AND ELECTRONICS,398.03974437713623,593.198,860.2656135559082,Medium,XGBoost,311.36743,281.83057
52,POULTRY,6340.664330810547,8034.981,10169.378895263671,Medium,XGBoost,7986.8794,48.101562
52,PREPARED FOODS,1555.8075561523438,2152.1316,2850.2673276367186,Medium,XGBoost,1970.5413,181.59033
52,PRODUCE,67791.0255890625,74470.76,86606.4052734375,Medium,XGBoost,76952.336,-2481.5781
52,SCHOOL AND OFFICE SUPPLIES,375.0880701825023,386.148,458.92187480926515,Medium,XGBoost,9.571232,376.57678
52,SEAFOOD,267.3341935634613,325.90982,441.8797327041626,Medium,XGBoost,82.794914,243.1149
53,AUTOMOTIVE,300.67339515686035,394.302,525.8103756904602,Medium,XGBoost,96.74329,297.55872
53,BABY CARE,350.33752931058405,362.92358,437.5666945934296,Medium,XGBoost,9.288207,353.63538
53,BEAUTY,265.4032822370529,362.1962,517.3638369560242,Medium,XGBoost,118.15324,244.04297
53,BEVERAGES,30802.522903515623,37482.258,49617.902587890625,Medium,XGBoost,38358.496,-876.2383
53,BOOKS,5196.282326826453,5208.7197,5283.362638807297,Medium,XGBoost,9.108939,5199.611
53,BREAD/BAKERY,6390.394895874024,8284.169,10664.59666784668,Medium,XGBoost,8326.84,-42.6709
53,CELEBRATION,328.232834815979,411.07474,535.4162590503693,Medium,XGBoost,89.86676,321.20798
53,CLEANING,13840.75255205078,16980.88,21861.620604003907,Medium,XGBoost,17181.889,-201.00781
53,DAIRY,7365.128997802734,9325.389,11787.826505615234,Medium,XGBoost,9558.247,-232.8584
53,DELI,3341.4656302490234,4200.4326,5294.193119262695,Medium,XGBoost,4275.448,-75.015625
53,EGGS,1212.4421119689941,1754.0378,2401.3457590026856,Medium,XGBoost,1637.6996,116.33826
53,FROZEN FOODS,1689.6962095947265,2323.5408,3078.1942264404297,Medium,XGBoost,2202.8794,120.66138
53,GROCERY I,46060.45820625,52740.195,64875.837890625,Medium,XGBoost,54329.62,-1589.4258
53,GROCERY II,355.760404586792,498.35776,700.0347137451172,Medium,XGBoost,216.13434,282.22342
53,HARDWARE,391.66821482181547,408.8739,487.77516427040104,Medium,XGBoost,15.785693,393.0882
53,HOME AND KITCHEN I,416.7540340423584,640.39197,947.4562969207764,Medium,XGBoost,487.75275,152.63922
53,HOME AND KITCHEN II,461.7045211791992,685.3424,992.4067840576172,Medium,XGBoost,496.46014,188.88226
53,HOME APPLIANCES,455.2247067153454,468.5499,545.322084903717,Medium,XGBoost,9.083369,459.46652
53,HOME CARE,2871.04574810791,3711.2524,4776.754114440918,Medium,XGBoost,3737.641,-26.388672
53,LADIESWEAR,328.0102082848549,388.65134,498.9190009593964,Medium,XGBoost,49.662197,338.98914
53,LAWN AND GARDEN,338.1601800918579,457.6989,620.3320417404175,Medium,XGBoost,198.45184,259.24707
53,LINGERIE,323.76365327835083,385.9071,498.30384492874146,Medium,XGBoost,50.580013,335.3271
53,"LIQUOR,WINE,BEER",1153.395076751709,1640.2623,2236.742599334717,Medium,XGBoost,1638.8446,1.4177246
53,MAGAZINES,360.1042266488075,389.60168,477.2791698932648,Medium,XGBoost,27.738121,361.86356
53,MEATS,3873.6937033691406,4903.1523,6217.450909423828,Medium,XGBoost,4829.3677,73.78467
53,PERSONAL CARE,3222.942772583008,4081.9097,5175.67026159668,Medium,XGBoost,4143.303,-61.393555
53,PET SUPPLIES,321.97691665887834,382.9806,491.3790319442749,Medium,XGBoost,49.01821,333.96237
53,PLAYERS AND ELECTRONICS,318.0941927433014,389.93018,507.10483741760254,Medium,XGBoost,64.65124,325.27893
53,POULTRY,2855.186794616699,3582.8323,4478.780424865723,Medium,XGBoost,3481.7534,101.07886
53,PREPARED FOODS,859.0482788085938,1181.7303,1625.727428039551,Medium,XGBoost,956.4493,225.28107
53,PRODUCE,26864.061477734376,33543.797,45679.441162109375,Medium,XGBoost,34176.508,-632.71094
53,SCHOOL AND OFFICE SUPPLIES,388.36356258392334,388.36356,452.3612295150757,Medium,XGBoost,0.0,388.36356
53,SEAFOOD,256.1134967803955,280.7015,370.08292522430423,Medium,XGBoost,45.99706,234.70445
54,AUTOMOTIVE,241.84627846479415,307.38025,420.03687200546267,Medium,XGBoost,51.481083,255.89917
54,BABY CARE,6548.93722974509,6562.074,6636.717436170578,Medium,XGBoost,10.693469,6551.381
54,BEAUTY,274.51727428436277,300.30078,385.8491837501526,Medium,XGBoost,28.196402,272.10437
54,BEVERAGES,44850.8439484375,51530.58,63666.2236328125,Medium,XGBoost,54800.42,-3269.8438
54,BOOKS,4765.107670418918,4778.2446,4852.8878768444065,Medium,XGBoost,10.693469,4767.5513
54,BREAD/BAKERY,3192.5728919067383,4136.7856,5340.815239440918,Medium,XGBoost,4171.7305,-34.944824
54,CELEBRATION,335.3284386008978,391.34592,506.5362117767334,Medium,XGBoost,73.61901,317.7269
54,CLEANING,14148.099195507813,17878.162,23968.05251953125,Medium,XGBoost,18343.664,-465.50195
54,DAIRY,3343.35258392334,4221.0796,5343.099195617676,Medium,XGBoost,4309.5894,-88.509766
54,DELI,3173.0792014160156,4032.0461,5125.8066904296875,Medium,XGBoost,4070.9495,-38.90332
54,EGGS,895.7809562683105,1273.1914,1768.0162299499511,Medium,XGBoost,1162.2404,110.95105
54,FROZEN FOODS,596.035210609436,880.2742,1277.3311071395874,Medium,XGBoost,706.0325,174.2417
54,GROCERY I,44175.0236359375,50854.758,62990.4033203125,Medium,XGBoost,52830.35,-1975.5938
54,GROCERY II,289.6417565345764,391.26114,536.7282264232635,Medium,XGBoost,99.75492,291.50623
54,HARDWARE,407.5999004691839,423.23123,500.0034146308899,Medium,XGBoost,13.154263,410.07697
54,HOME AND KITCHEN I,418.49090003967285,633.53864,932.4291763305664,Medium,XGBoost,428.15356,205.38507
54,HOME AND KITCHEN II,328.4971179962158,445.92426,606.732048034668,Medium,XGBoost,163.27232,282.65192
54,HOME APPLIANCES,544.0576483204961,558.12885,634.9010338783264,Medium,XGBoost,10.218924,547.9099
54,HOME CARE,3098.565035217285,3938.7717,5004.273401550293,Medium,XGBoost,3972.2012,-33.429443
54,LADIESWEAR,3237.154599416256,3249.5413,3324.1843245983123,Medium,XGBoost,9.278131,3240.2632
54,LAWN AND GARDEN,3237.154599416256,3249.5413,3324.1843245983123,Medium,XGBoost,9.278131,3240.2632
54,LINGERIE,355.17218204140664,392.24045,484.4359652996063,Medium,XGBoost,33.7371,358.50336
54,"LIQUOR,WINE,BEER",561.9000205993652,866.3393,1293.3937950134277,Medium,XGBoost,771.3096,95.029724
54,MAGAZINES,408.7195037424564,428.28992,509.32027130126954,Medium,XGBoost,15.123655,413.16626
54,MEATS,688.9836044311523,993.42285,1420.4773788452148,Medium,XGBoost,813.06714,180.35571
54,PERSONAL CARE,2427.6812283325194,3117.8064,3957.2366132202146,Medium,XGBoost,3140.3787,-22.572266
54,PET SUPPLIES,609.1555985093116,627.8936,708.9239757537841,Medium,XGBoost,14.291555,613.60205
54,PLAYERS AND ELECTRONICS,345.53200537320225,377.42017,467.2267427444458,Medium,XGBoost,26.27824,351.14194
54,POULTRY,915.4723243713379,1256.3972,1717.3368484191894,Medium,XGBoost,1078.8679,177.5293
54,PREPARED FOODS,1106.5482444763184,1502.2015,2013.9688929748536,Medium,XGBoost,1292.4563,209.74524
54,PRODUCE,9318.004089355469,11278.264,13740.701597167968,Medium,XGBoost,11524.96,-246.69629
54,SCHOOL AND OFFICE SUPPLIES,2129.5138931274414,2129.514,2193.5115600585937,Medium,XGBoost,0.0,2129.514
54,SEAFOOD,286.47416641935706,299.12643,372.1601718902588,Medium,XGBoost,15.935525,283.19092
1,AUTOMOTIVE,1132.1404087543488,1214.9414,1339.2829086780548,High,XGBoost,74.97394,1139.9675
1,BABY CARE,7682.104133258574,7692.612,7765.125948143006,High,XGBoost,9.1222725,7683.4897
1,BEAUTY,1251.634834086895,1339.1826,1466.1728845596313,High,XGBoost,116.14535,1223.0372
1,BEVERAGES,28737.42711455078,34827.227,45753.72152685547,High,XGBoost,35023.445,-196.21875
1,BOOKS,1385.3733267873524,1397.5729,1470.0869314193724,High,XGBoost,13.75259,1383.8203
1,BREAD/BAKERY,4732.119719848633,5857.03,7278.83015222168,High,XGBoost,5785.8306,71.19922
1,CELEBRATION,501.769229888916,686.09125,944.9850540161133,High,XGBoost,266.99005,419.1012
1,CLEANING,9001.084133789063,10828.372,13126.790169921875,High,XGBoost,10867.421,-39.04883
1,DAIRY,9584.302181884766,11411.591,13710.008218017578,High,XGBoost,11512.032,-100.44141
1,DELI,1686.850383758545,2264.9316,2946.124780426025,High,XGBoost,2235.7485,29.183105
1,EGGS,1819.9533233642578,2416.2773,3114.4130948486327,High,XGBoost,2270.081,146.19629
1,FROZEN FOODS,1567.4803085327148,2127.3188,2791.5693303833004,High,XGBoost,2000.3756,126.94324
1,GROCERY I,35083.50285917969,41173.305,52099.79727148438,High,XGBoost,41896.668,-723.3633
1,GROCERY II,430.675555229187,634.1131,911.1799402236938,High,XGBoost,369.83237,264.28073
1,HARDWARE,1094.511196899414,1112.7585,1191.659788751602,High,XGBoost,17.838299,1094.9203
1,HOME AND KITCHEN I,495.60085010528564,712.5053,1009.5704870223999,High,XGBoost,487.1352,225.37012
1,HOME AND KITCHEN II,394.49377727508545,638.33203,975.3939180374146,High,XGBoost,528.31287,110.019165
1,HOME APPLIANCES,1195.1326087623834,1209.4089,1284.052095746994,High,XGBoost,13.234737,1196.1742
1,HOME CARE,2259.964812927246,2950.0898,3789.520197814941,High,XGBoost,2927.4563,22.633545
1,LADIESWEAR,848.8223419189453,949.6421,1085.9283599853516,High,XGBoost,107.198204,842.4439
1,LAWN AND GARDEN,453.9582872390747,631.73956,884.284873008728,High,XGBoost,263.79517,367.9444
1,LINGERIE,1047.399135351181,1129.3096,1253.6511375904083,High,XGBoost,72.41276,1056.8969
1,"LIQUOR,WINE,BEER",1068.2359466552734,1555.1033,2151.5834692382814,High,XGBoost,1499.9689,55.1344
1,MAGAZINES,1022.6893196105957,1094.5455,1211.7201557159424,High,XGBoost,58.575947,1035.9696
1,MEATS,3870.141307861328,4862.08,6119.8602685546875,High,XGBoost,4756.2676,105.8125
1,PERSONAL CARE,1825.473188720703,2440.5574,3166.952082885742,High,XGBoost,2448.8113,-8.253906
1,PET SUPPLIES,1111.1757121443748,1168.1648,1276.043465232849,High,XGBoost,46.504875,1121.6599
1,PLAYERS AND ELECTRONICS,892.785231590271,994.3273,1136.398409128189,High,XGBoost,92.02165,902.3056
1,POULTRY,4550.5305153808595,5608.9546,6948.745211914063,High,XGBoost,5491.0913,117.86328
1,PREPARED FOODS,806.7344436645508,1111.1737,1538.2282180786133,High,XGBoost,886.99536,224.17834
1,PRODUCE,32125.200857226562,38215.0,49141.49526953125,High,XGBoost,38792.21,-577.21094
1,SCHOOL AND OFFICE SUPPLIES,3422.667282104492,3422.6672,3486.6649490356444,High,XGBoost,0.0,3422.6672
1,SEAFOOD,380.06892490386963,576.7036,853.7704439163208,High,XGBoost,289.40375,287.29987
2,AUTOMOTIVE,1085.5344796180725,1161.081,1280.6446874141693,High,XGBoost,65.63858,1095.4425
2,BABY CARE,7795.786577133369,7814.7925,7893.693747186661,High,XGBoost,17.034428,7797.758
2,BEAUTY,1124.4683628082275,1273.7898,1483.6405563354492,High,XGBoost,200.96294,1072.8269
2,BEVERAGES,44645.526565625,51325.26,63460.90625,High,XGBoost,51704.574,-379.3125
2,BOOKS,6275.218004135322,6294.224,6373.125174188614,High,XGBoost,17.034428,6277.1895
2,BREAD/BAKERY,9117.838562011719,11078.099,13540.536069824218,High,XGBoost,11026.324,51.774414
2,CELEBRATION,859.9392395019531,965.7992,1110.2593116760254,High,XGBoost,155.64517,810.15405
2,CLEANING,13913.640271191407,16168.867,19235.88041503906,High,XGBoost,16198.651,-29.78418
2,DAIRY,12567.709362988282,14822.937,17889.949506835936,High,XGBoost,14954.464,-131.52734
2,DELI,3034.83058392334,3875.0374,4940.538950256348,High,XGBoost,3830.7126,44.324707
2,EGGS,2492.3803037109374,3163.745,3974.916565917969,High,XGBoost,2997.1938,166.55127
2,FROZEN FOODS,1538.051658630371,2134.3757,2832.511430114746,High,XGBoost,1985.583,148.79272
2,GROCERY I,62788.26509101562,69468.0,81603.64477539062,High,XGBoost,69907.07,-439.0703
2,GROCERY II,749.8801879882812,1054.3195,1481.3739624023438,High,XGBoost,808.8181,245.50134
2,HARDWARE,1156.6274507641792,1183.0568,1268.3452635765075,High,XGBoost,23.46161,1159.5951
2,HOME AND KITCHEN I,612.1880912780762,813.02136,1084.3345867004396,High,XGBoost,372.2988,440.72256
2,HOME AND KITCHEN II,624.19407081604,933.40924,1357.4079681243898,High,XGBoost,706.5999,226.80933
2,HOME APPLIANCES,1270.0653803758323,1293.8434,1377.0027913570405,High,XGBoost,20.83637,1273.007
2,HOME CARE,3739.600041748047,4636.0874,5786.365776123047,High,XGBoost,4599.4966,36.59082
2,LADIESWEAR,481.2327518463135,691.40375,978.469762802124,High,XGBoost,412.55585,278.8479
2,LAWN AND GARDEN,544.2949867248535,722.9439,969.1407451629639,High,XGBoost,298.42963,424.51428
2,LINGERIE,972.7349100112915,1117.0254,1324.4872152805328,High,XGBoost,188.02237,929.00305
2,"LIQUOR,WINE,BEER",1215.7979202270508,1666.1796,2228.7746931762695,High,XGBoost,1606.7152,59.464355
2,MAGAZINES,940.2724609375,1026.71,1153.4404039382935,High,XGBoost,79.82538,946.8846
2,MEATS,6459.920045239258,8249.746,10742.690038208008,High,XGBoost,8118.4976,131.24854
2,PERSONAL CARE,3592.4970999145507,4470.224,5592.243711608887,High,XGBoost,4463.8003,6.423828
2,PET SUPPLIES,962.9271411895752,1056.5558,1188.064121723175,High,XGBoost,88.45188,968.1039
2,PLAYERS AND ELECTRONICS,949.3036413192749,1039.3367,1168.4561030864716,High,XGBoost,85.07359,954.26306
2,POULTRY,6512.747736938477,8273.55,10489.958037231445,High,XGBoost,8144.128,129.42188
2,PREPARED FOODS,1337.077091217041,1915.1584,2596.3514878845212,High,XGBoost,1712.7145,202.44397
2,PRODUCE,32640.913772656248,39320.65,51456.29345703125,High,XGBoost,39795.164,-474.51562
2,SCHOOL AND OFFICE SUPPLIES,3527.4265747070312,3527.4265,3591.4242416381835,High,XGBoost,0.0,3527.4265
2,SEAFOOD,440.25680351257324,668.8716,985.9351358413696,High,XGBoost,433.62408,235.2475
3,AUTOMOTIVE,875.0462617874146,985.129,1137.7629623413086,High,XGBoost,131.62965,853.4994
3,BABY CARE,1341.3877020597458,1391.0664,1494.4271418571473,High,XGBoost,39.062836,1352.0035
3,BEAUTY,748.0803871154785,932.58936,1183.3093566894531,High,XGBoost,313.4082,619.18115
3,BEVERAGES,134447.37373359376,141127.11,153262.75341796875,High,XGBoost,140825.55,301.5625
3,BOOKS,6471.219716846943,6507.957,6600.152544736862,High,XGBoost,32.69912,6475.258
3,BREAD/BAKERY,16048.358607324219,20073.389,26767.854567382812,High,XGBoost,19987.01,86.37891
3,CELEBRATION,740.5658798217773,1018.07135,1405.129150390625,High,XGBoost,724.0947,293.97662
3,CLEANING,27477.47175605469,34157.207,46292.85144042969,High,XGBoost,34179.453,-22.246094
3,DAIRY,28349.9933625,35029.727,47165.373046875,High,XGBoost,35285.766,-256.03906
3,DELI,5305.516495727539,6667.4043,8391.752380981445,High,XGBoost,6620.264,47.140137
3,EGGS,6677.679043457031,8504.967,10803.385079589843,High,XGBoost,8307.577,197.38965
3,FROZEN FOODS,5008.878797241211,6237.795,7798.12321081543,High,XGBoost,6060.401,177.39404
3,GROCERY I,125231.1896515625,131910.92,144046.5693359375,High,XGBoost,132664.86,-753.9375
3,GROCERY II,1224.6930809020996,1729.8032,2343.2259783020017,High,XGBoost,1490.3234,239.47986
3,HARDWARE,1090.2024583816528,1153.8975,1266.2942719459534,High,XGBoost,51.830376,1102.0671
3,HOME AND KITCHEN I,849.0517454147339,1146.7576,1563.8128938674927,High,XGBoost,907.18616,239.57141
3,HOME AND KITCHEN II,805.2860908508301,1109.7253,1536.7798652648926,High,XGBoost,971.1224,138.60297
3,HOME APPLIANCES,1164.0602966547012,1218.6161,1326.234923362732,High,XGBoost,41.37236,1177.2438
3,HOME CARE,7069.133116088868,8962.907,11343.334888061523,High,XGBoost,8929.336,33.57129
3,LADIESWEAR,714.4059572219849,998.6449,1395.7018537521362,High,XGBoost,705.3191,293.3258
3,LAWN AND GARDEN,906.759838104248,1229.4419,1673.4389873352052,High,XGBoost,979.4707,249.97119
3,LINGERIE,380.28057384490967,608.9086,925.972149848938,High,XGBoost,419.57892,189.32971
3,"LIQUOR,WINE,BEER",3029.3815838623045,3804.7527,4754.451827270508,High,XGBoost,3713.98,90.772705
3,MAGAZINES,458.58720779418945,649.9863,917.0539627075195,High,XGBoost,310.6016,339.38474
3,MEATS,10656.305933007812,13206.5,16878.088712890625,High,XGBoost,13119.415,87.08496
3,PERSONAL CARE,6979.4863570556645,8873.261,11253.68812902832,High,XGBoost,8864.871,8.389648
3,PET SUPPLIES,561.9509534835815,746.929,1005.8228225708008,High,XGBoost,253.98766,492.94135
3,PLAYERS AND ELECTRONICS,444.508544921875,640.2579,907.3255004882812,High,XGBoost,305.8025,334.45538
3,POULTRY,15571.30861953125,19596.34,26290.804579589843,High,XGBoost,19408.04,188.30078
3,PREPARED FOODS,3489.2210897216796,4385.7085,5535.98682409668,High,XGBoost,4164.7285,220.97998
3,PRODUCE,118322.69990546875,125002.44,137138.07958984375,High,XGBoost,128394.484,-3392.0469
3,SCHOOL AND OFFICE SUPPLIES,1116.1157769322394,1127.13,1199.9039304733276,High,XGBoost,12.830515,1114.2994
3,SEAFOOD,1123.7249298095703,1537.621,2066.3309531249997,High,XGBoost,1286.752,250.86902
4,AUTOMOTIVE,1275.1374292373657,1322.3138,1425.154815196991,High,XGBoost,40.08405,1282.2297
4,BABY CARE,7219.709164766968,7242.53,7325.6892613887785,High,XGBoost,19.602467,7222.9272
4,BEAUTY,1227.171067237854,1375.7362,1588.982952594757,High,XGBoost,215.49706,1160.2391
4,BEVERAGES,36576.03889472656,43255.773,55391.41857910156,High,XGBoost,43618.01,-362.23828
4,BOOKS,1836.979019074142,1863.4257,1948.974049282074,High,XGBoost,21.268581,1842.1571
4,BREAD/BAKERY,5292.713030517578,6721.0864,8527.444651611328,High,XGBoost,6658.645,62.441406
4,CELEBRATION,820.2199373245239,917.4441,1051.341436624527,High,XGBoost,102.46862,814.97546
4,CLEANING,11915.840771679688,14171.067,17238.080915527345,High,XGBoost,14229.454,-58.38672
4,DAIRY,11098.930066113282,13354.157,16421.170209960936,High,XGBoost,13492.43,-138.27246
4,DELI,2845.99720703125,3629.9233,4610.648205322265,High,XGBoost,3565.3386,64.58472
4,EGGS,1972.4069563598632,2606.2515,3360.9049732055664,High,XGBoost,2436.1848,170.06665
4,FROZEN FOODS,1235.516056060791,1777.1117,2424.4197030944824,High,XGBoost,1630.7522,146.3595
4,GROCERY I,49475.1974640625,56154.934,68290.5771484375,High,XGBoost,56647.26,-492.32812
4,GROCERY II,461.20172595977783,669.2296,956.2956085205078,High,XGBoost,402.61365,266.61597
4,HARDWARE,1087.6815096020698,1120.0598,1211.7355418682098,High,XGBoost,29.228775,1090.831
4,HOME AND KITCHEN I,723.7753524780273,891.99695,1121.8461017608643,High,XGBoost,258.89093,633.106
4,HOME AND KITCHEN II,798.9398641586304,933.69446,1119.0237197875977,High,XGBoost,199.77582,733.91864
4,HOME APPLIANCES,1196.7656147062778,1222.5421,1307.8306494712829,High,XGBoost,22.124325,1200.4178
4,HOME CARE,3352.8236440429687,4249.311,5399.589378417969,High,XGBoost,4216.3696,32.941406
4,LADIESWEAR,422.4359302520752,622.75775,899.8245878219604,High,XGBoost,325.17334,297.5844
4,LAWN AND GARDEN,383.84525203704834,571.1731,840.0660486221313,High,XGBoost,283.62827,287.54483
4,LINGERIE,1135.2857567511498,1168.7784,1260.714104795456,High,XGBoost,25.523092,1143.2554
4,"LIQUOR,WINE,BEER",1187.4980010986328,1601.394,2130.104024414062,High,XGBoost,1566.9884,34.40564
4,MAGAZINES,1049.1717767715454,1128.3969,1250.3494353294373,High,XGBoost,69.236664,1059.1602
4,MEATS,5128.778177612305,6224.7227,7621.031119506836,High,XGBoost,6085.8228,138.8999
4,PERSONAL CARE,2990.0192861938476,3867.7463,4989.765897888184,High,XGBoost,3873.8794,-6.1330566
4,PET SUPPLIES,962.2586660385132,1052.2917,1181.4111278057098,High,XGBoost,81.34661,970.9451
4,PLAYERS AND ELECTRONICS,928.4396438598633,1029.2594,1165.5456619262695,High,XGBoost,97.35834,931.90106
4,POULTRY,5514.968613647461,6876.8564,8601.204498901367,High,XGBoost,6735.569,141.2876
4,PREPARED FOODS,618.1815376281738,922.6208,1349.6753120422363,High,XGBoost,674.4757,248.14508
4,PRODUCE,30229.950149609376,36909.684,49045.329833984375,High,XGBoost,37310.273,-400.58984
4,SCHOOL AND OFFICE SUPPLIES,2283.2872619628906,2283.2874,2347.284928894043,High,XGBoost,0.0,2283.2874
4,SEAFOOD,375.57021141052246,573.56177,852.4539623260498,High,XGBoost,304.48495,269.0768
5,AUTOMOTIVE,1170.8401365637778,1224.6898,1330.1796291828155,High,XGBoost,46.146595,1178.5432
5,BABY CARE,3096.645629349351,3127.6016,3224.9356186389923,High,XGBoost,82.60995,3044.9917
5,BEAUTY,1012.9565324783325,1175.7582,1401.9566802978516,High,XGBoost,218.45642,957.30176
5,BEVERAGES,23971.301590039064,30651.037,42786.68127441406,High,XGBoost,30905.3,-254.26367
5,BOOKS,6187.37536456734,6197.661,6270.175264549256,High,XGBoost,8.843585,6188.8174
5,BREAD/BAKERY,4955.318735473633,6051.263,7447.571677368164,High,XGBoost,5976.7285,74.53467
5,CELEBRATION,383.25575160980225,548.7451,791.2912750244141,High,XGBoost,226.127,322.6181
5,CLEANING,13727.761840820312,15688.021,18150.459348632812,High,XGBoost,15726.669,-38.64746
5,DAIRY,7319.044586181641,9279.305,11741.74209399414,High,XGBoost,9396.362,-117.05762
5,DELI,2923.874028564453,3820.3613,4970.639762939453,High,XGBoost,3784.55,35.81128
5,EGGS,1127.1357383728027,1632.2458,2245.668635772705,High,XGBoost,1452.947,179.29883
5,FROZEN FOODS,1223.518741607666,1728.6288,2342.051639007568,High,XGBoost,1595.2322,133.3966
5,GROCERY I,42912.78364570312,49592.52,61728.163330078125,High,XGBoost,50194.41,-601.8906
5,GROCERY II,928.0712738037109,1287.2389,1765.121172668457,High,XGBoost,1032.2307,255.00818
5,HARDWARE,1107.0786392271518,1120.2206,1194.8636840343474,High,XGBoost,11.921131,1108.2994
5,HOME AND KITCHEN I,375.42151737213135,592.326,889.3911542892456,High,XGBoost,450.81152,141.51447
5,HOME AND KITCHEN II,388.9069719314575,571.9815,830.8753051757812,High,XGBoost,296.86514,275.11636
5,HOME APPLIANCES,1136.5121869258583,1148.2185,1220.7325002670286,High,XGBoost,11.244419,1136.9741
5,HOME CARE,3074.2364400634765,3970.7236,5121.002174438477,High,XGBoost,3944.5166,26.207031
5,LADIESWEAR,674.5764951705933,793.33887,962.320484161377,High,XGBoost,157.23404,636.10486
5,LAWN AND GARDEN,900.4387590885162,1002.2537,1147.7208354473114,High,XGBoost,113.34482,888.90894
5,LINGERIE,832.3492946624756,925.9779,1057.4862751960754,High,XGBoost,90.62604,835.35187
5,"LIQUOR,WINE,BEER",694.986385345459,1054.154,1532.036284210205,High,XGBoost,1003.70953,50.44452
5,MAGAZINES,1056.7837962269782,1120.3871,1233.0436593055724,High,XGBoost,51.321285,1069.0658
5,MEATS,3322.296422363281,4218.7837,5369.062156738281,High,XGBoost,4090.0059,128.77783
5,PERSONAL CARE,3173.7518056640624,4070.2393,5220.517540039063,High,XGBoost,4081.7283,-11.489014
5,PET SUPPLIES,1082.9597240567207,1126.7238,1225.5664337158203,High,XGBoost,33.981453,1092.7423
5,PLAYERS AND ELECTRONICS,1012.8453235626221,1083.6749,1200.849557876587,High,XGBoost,59.616837,1024.0581
5,POULTRY,3109.951994934082,3987.6792,5109.698606628418,High,XGBoost,3865.1184,122.56079
5,PREPARED FOODS,616.6769819259644,914.3828,1331.4381303787231,High,XGBoost,684.32166,230.06116
5,PRODUCE,19075.220950195315,25459.988,36991.05799853516,High,XGBoost,25686.117,-226.1289
5,SCHOOL AND OFFICE SUPPLIES,1114.5652961730957,1114.5653,1178.562963104248,High,XGBoost,0.0,1114.5653
5,SEAFOOD,910.9211696580053,962.7249,1072.0477023601532,High,XGBoost,65.64142,897.0835
6,AUTOMOTIVE,1069.0381989479065,1151.1044,1275.4458801746368,High,XGBoost,62.289337,1088.8151
6,BABY CARE,1327.9094869927503,1343.9296,1420.7017998695374,High,XGBoost,15.012638,1328.9169
6,BEAUTY,1172.5997047424316,1305.689,1491.0182266235352,High,XGBoost,182.56712,1123.1218
6,BEVERAGES,51872.55830390625,58552.293,70687.93798828125,High,XGBoost,58710.777,-158.48438
6,BOOKS,6216.316346860956,6232.218,6308.98992395401,High,XGBoost,14.37169,6217.846
6,BREAD/BAKERY,7555.7633056640625,9516.023,11978.460813476562,High,XGBoost,9457.356,58.666992
6,CELEBRATION,763.826096534729,883.2352,1052.2168312072754,High,XGBoost,160.2169,723.0183
6,CLEANING,15761.818019921877,21261.684,30979.02716015625,High,XGBoost,21357.336,-95.65234
6,DAIRY,14457.475147265624,17597.604,22478.34319921875,High,XGBoost,17742.262,-144.6582
6,DELI,4857.28440637207,6086.2007,7646.528819946289,High,XGBoost,6053.771,32.429688
6,EGGS,2579.0934140014647,3269.2185,4108.64879888916,High,XGBoost,3103.6792,165.5393
6,FROZEN FOODS,2038.6214933471679,2691.226,3474.1386328735352,High,XGBoost,2545.2817,145.94434
6,GROCERY I,72389.436721875,79069.17,91204.81640625,High,XGBoost,79678.98,-609.8047
6,GROCERY II,571.0284910202026,814.86676,1151.9286317825317,High,XGBoost,569.81244,245.05432
6,HARDWARE,1126.946521010995,1149.852,1230.8824451446533,High,XGBoost,20.97389,1128.8782
6,HOME AND KITCHEN I,516.2973718643188,773.60254,1130.6627645492554,High,XGBoost,626.26935,147.33319
6,HOME AND KITCHEN II,649.161750793457,953.601,1380.6555252075195,High,XGBoost,828.0123,125.588684
6,HOME APPLIANCES,1218.401383664459,1234.2224,1310.9946236610413,High,XGBoost,14.235322,1219.987
6,HOME CARE,4903.2539466552735,5999.1987,7395.506888549805,High,XGBoost,5954.382,44.816895
6,LADIESWEAR,517.5830154418945,741.22095,1048.2852783203125,High,XGBoost,454.29538,286.92557
6,LAWN AND GARDEN,417.17599868774414,584.5864,820.7840929031372,High,XGBoost,256.30978,328.27664
6,LINGERIE,804.9073867797852,1013.6403,1302.5316400527954,High,XGBoost,388.34085,625.29944
6,"LIQUOR,WINE,BEER",1217.4782791137695,1667.86,2230.455052062988,High,XGBoost,1629.814,38.04602
6,MAGAZINES,966.3322439193726,1041.983,1161.5466306209564,High,XGBoost,73.52474,968.4583
6,MEATS,6519.865014404297,8214.182,10348.579578857421,High,XGBoost,8077.0596,137.12207
6,PERSONAL CARE,4372.515528076172,5468.46,6864.768469970703,High,XGBoost,5490.5547,-22.094727
6,PET SUPPLIES,829.8792533874512,930.699,1066.9852714538574,High,XGBoost,94.49635,836.20264
6,PLAYERS AND ELECTRONICS,816.1635637283325,932.4701,1093.2778778076172,High,XGBoost,164.37352,768.09656
6,POULTRY,7921.2329390869145,9815.007,12195.43471105957,High,XGBoost,9694.804,120.203125
6,PREPARED FOODS,1241.1623344421387,1673.3013,2218.9537325744627,High,XGBoost,1449.5605,223.74072
6,PRODUCE,35495.253494335935,42174.99,54310.63317871094,High,XGBoost,42378.008,-203.01953
6,SCHOOL AND OFFICE SUPPLIES,3465.4200592041016,3465.42,3529.417726135254,High,XGBoost,0.0,3465.42
6,SEAFOOD,589.1613512039185,873.40027,1270.4572477340698,High,XGBoost,627.6308,245.76947
7,AUTOMOTIVE,1260.8171236515045,1335.9525,1455.5161435604095,High,XGBoost,60.331028,1275.6215
7,BABY CARE,1414.3978432655335,1444.1361,1533.6828493118287,High,XGBoost,26.591415,1417.5447
7,BEAUTY,1242.372883796692,1407.5377,1633.7361679077148,High,XGBoost,238.66403,1168.8737
7,BEVERAGES,58205.55073554687,64885.285,77020.93041992188,High,XGBoost,65179.51,-294.22656
7,BOOKS,1619.275192642212,1648.8647,1738.4114641189576,High,XGBoost,27.045557,1621.8192
7,BREAD/BAKERY,9826.085388183594,11786.345,14248.782895996093,High,XGBoost,11711.748,74.59668
7,CELEBRATION,423.40833282470703,605.276,864.169807434082,High,XGBoost,246.37758,358.89844
7,CLEANING,15000.883619335938,18730.947,24820.836943359376,High,XGBoost,18804.822,-73.875
7,DAIRY,16189.440944726564,21689.307,31406.650084960937,High,XGBoost,21871.984,-182.67773
7,DELI,2545.358767211914,3291.7644,4215.971520141602,High,XGBoost,3251.1711,40.59326
7,EGGS,4041.9427388916015,4938.43,6088.708473266602,High,XGBoost,4788.3657,150.06445
7,FROZEN FOODS,3127.6595510253906,4024.147,5174.425285400391,High,XGBoost,3885.0972,139.0498
7,GROCERY I,58104.15669257812,64783.89,76919.53637695312,High,XGBoost,65689.9,-906.0078
7,GROCERY II,568.2507705688477,872.69006,1299.7445449829102,High,XGBoost,629.83905,242.85101
7,HARDWARE,1031.4961378574371,1092.2506,1202.2583854198456,High,XGBoost,50.389732,1041.8608
7,HOME AND KITCHEN I,629.6975755691528,932.1793,1346.1788469161988,High,XGBoost,760.86115,171.31818
7,HOME AND KITCHEN II,380.1551704406738,630.72687,977.7879371643066,High,XGBoost,516.95984,113.76703
7,HOME APPLIANCES,1187.4104570865632,1226.201,1322.3949141025544,High,XGBoost,32.171917,1194.0292
7,HOME CARE,3459.155248046875,4355.6426,5505.920982421875,High,XGBoost,4318.626,37.0166
7,LADIESWEAR,534.3831424713135,699.3824,941.9285202026367,High,XGBoost,219.15054,480.23184
7,LAWN AND GARDEN,532.6335353851318,783.2052,1130.2663021087646,High,XGBoost,546.1763,237.02893
7,LINGERIE,850.1437730789185,1012.5732,1236.3826773166656,High,XGBoost,254.88814,757.68506
7,"LIQUOR,WINE,BEER",2176.6699886474607,2885.5552,3753.24449621582,High,XGBoost,2853.1538,32.401367
7,MAGAZINES,802.1051864624023,902.9249,1039.2112045288086,High,XGBoost,127.174126,775.7508
7,MEATS,6581.881436035156,8409.17,10707.587472167968,High,XGBoost,8283.204,125.96582
7,PERSONAL CARE,3334.0427907714843,4230.5303,5380.8085251464845,High,XGBoost,4227.6426,2.8876953
7,PET SUPPLIES,1038.172451019287,1124.61,1251.3403940200806,High,XGBoost,75.17262,1049.4374
7,PLAYERS AND ELECTRONICS,844.2092800140381,951.0218,1095.4819068908691,High,XGBoost,142.20325,808.81854
7,POULTRY,9278.656372070312,11238.916,13701.353879882812,High,XGBoost,11125.492,113.42383
7,PREPARED FOODS,1811.2406463623047,2407.5647,3105.7004178466796,High,XGBoost,2205.749,201.81567
7,PRODUCE,75064.90010078125,81744.63,93880.27978515625,High,XGBoost,82441.57,-696.9375
7,SCHOOL AND OFFICE SUPPLIES,1512.120246887207,1512.1202,1576.1179138183593,High,XGBoost,0.0,1512.1202
7,SEAFOOD,570.288125038147,827.59326,1184.6535177230835,High,XGBoost,592.8856,234.70764
8,AUTOMOTIVE,936.7512979507446,1033.9755,1167.8727972507477,High,XGBoost,84.68687,949.2886
8,BABY CARE,1483.8629447937012,1522.1279,1618.3217482089997,High,XGBoost,35.275703,1486.8522
8,BEAUTY,878.5729904174805,1044.7056,1279.0779113769531,High,XGBoost,236.21898,808.4866
8,BEVERAGES,68419.84346015625,75099.58,87235.22314453125,High,XGBoost,75269.38,-169.80469
8,BOOKS,3803.7303866028788,3836.4148,3928.0904994487764,High,XGBoost,32.692093,3803.7227
8,BREAD/BAKERY,12331.423950195312,14291.684,16754.121458007812,High,XGBoost,14211.427,80.256836
8,CELEBRATION,435.8171577453613,625.3545,892.4221305847168,High,XGBoost,283.25098,342.10352
8,CLEANING,16301.842665722657,21506.742,30619.509169921876,High,XGBoost,21553.104,-46.36133
8,DAIRY,18183.168264453125,24272.969,35199.462676757816,High,XGBoost,24458.041,-185.07227
8,DELI,4064.342261352539,5027.3154,6259.603731567383,High,XGBoost,4988.382,38.933594
8,EGGS,4587.11312487793,5749.5435,7227.861802612305,High,XGBoost,5572.9736,176.56982
8,FROZEN FOODS,2320.9333248291014,3029.8186,3897.507832397461,High,XGBoost,2862.684,167.13452
8,GROCERY I,75679.1564484375,82358.89,94494.5361328125,High,XGBoost,83028.61,-669.71875
8,GROCERY II,588.3030090332031,838.8747,1185.935775756836,High,XGBoost,568.6733,270.20142
8,HARDWARE,1078.275255203247,1153.4731,1273.036700963974,High,XGBoost,63.66118,1089.812
8,HOME AND KITCHEN I,690.3991041183472,1006.3477,1440.3456273880006,High,XGBoost,791.78174,214.56598
8,HOME AND KITCHEN II,640.0793447494507,937.78516,1354.8404932022095,High,XGBoost,777.7571,160.02808
8,HOME APPLIANCES,1370.4409232497214,1420.6979,1523.7987223625182,High,XGBoost,40.59983,1380.098
8,HOME CARE,5197.254772216797,6359.685,7838.003449951172,High,XGBoost,6305.0024,54.682617
8,LADIESWEAR,589.26207447052,819.6334,1136.6969633102417,High,XGBoost,524.58435,295.04907
8,LAWN AND GARDEN,563.5559015274048,820.861,1177.9212942123413,High,XGBoost,575.0768,245.78424
8,LINGERIE,402.66601181030273,604.07104,881.137864112854,High,XGBoost,404.38882,199.68222
8,"LIQUOR,WINE,BEER",1859.066117614746,2530.431,3341.6023798217775,High,XGBoost,2451.4482,78.982666
8,MAGAZINES,455.54432487487793,632.64575,891.539529800415,High,XGBoost,237.33163,395.31412
8,MEATS,6427.031028442383,8054.862,10107.249857055664,High,XGBoost,7891.736,163.12598
8,PERSONAL CARE,4670.251323730469,5832.6816,7311.000001464844,High,XGBoost,5820.0664,12.615234
8,PET SUPPLIES,462.1873712539673,657.63293,924.7005729675293,High,XGBoost,313.35532,344.27762
8,PLAYERS AND ELECTRONICS,428.7394218444824,622.52045,889.5881061553955,High,XGBoost,270.5598,351.96063
8,POULTRY,8910.000671386719,10870.261,13332.698179199218,High,XGBoost,10726.46,143.80078
8,PREPARED FOODS,2031.1404905395507,2683.745,3466.657630065918,High,XGBoost,2463.1523,220.59277
8,PRODUCE,70032.1339875,76711.87,88847.513671875,High,XGBoost,77462.01,-750.1406
8,SCHOOL AND OFFICE SUPPLIES,1659.8970968723297,1664.8145,1733.0702456474303,High,XGBoost,3.5730023,1661.2415
8,SEAFOOD,682.8171873092651,980.523,1397.578335762024,High,XGBoost,722.5545,257.9685
9,AUTOMOTIVE,891.2935371398926,992.1133,1128.3995552062988,High,XGBoost,149.30988,842.8034
9,BABY CARE,2053.736349248886,2088.033,2179.9687205791474,High,XGBoost,28.887207,2059.1458
9,BEAUTY,1074.7873182296753,1235.6268,1461.82523727417,High,XGBoost,209.72575,1025.9011
9,BEVERAGES,50110.19599921875,56789.93,68925.57568359375,High,XGBoost,59204.805,-2414.875
9,BOOKS,6911.80154261887,6940.209,7027.62677693367,High,XGBoost,26.587683,6913.621
9,BREAD/BAKERY,7636.3515625,9596.611,12059.0490703125,High,XGBoost,9547.399,49.211914
9,CELEBRATION,553.2040176391602,746.6197,1017.3380451202393,High,XGBoost,320.72235,425.89734
9,CLEANING,20599.183230468752,26983.951,38515.020278808595,High,XGBoost,27419.826,-435.875
9,DAIRY,12453.81715107422,14709.044,17776.057294921873,High,XGBoost,14841.3955,-132.35156
9,DELI,7739.696929931641,9699.957,12162.39443774414,High,XGBoost,9688.229,11.728516
9,EGGS,3139.417742431641,3885.8235,4810.030495361329,High,XGBoost,3714.6155,171.20801
9,FROZEN FOODS,1396.0014343261719,1955.84,2620.0904561767575,High,XGBoost,1760.1229,195.71704
9,GROCERY I,104724.11006171875,111403.84,123539.48974609375,High,XGBoost,112775.7,-1371.8594
9,GROCERY II,817.0619115829468,947.128,1132.4572792053223,High,XGBoost,221.17781,725.9502
9,HARDWARE,1218.1250673681498,1258.0917,1356.4145790100097,High,XGBoost,34.139645,1223.952
9,HOME AND KITCHEN I,740.8791646957397,1038.585,1455.6403131484985,High,XGBoost,788.5938,249.99115
9,HOME AND KITCHEN II,610.5737075805664,888.07916,1275.136978149414,High,XGBoost,612.3695,275.70966
9,HOME APPLIANCES,1538.030005799234,1570.5568,1660.3633241653442,High,XGBoost,28.251509,1542.3053
9,HOME CARE,6052.208855957031,7746.5254,9880.923420410156,High,XGBoost,7727.9414,18.583984
9,LADIESWEAR,760.7688703536987,899.1433,1092.6464042663574,High,XGBoost,207.66376,691.47955
9,LAWN AND GARDEN,955.6142482757568,1076.2139,1244.6318409442902,High,XGBoost,146.57297,929.64087
9,LINGERIE,957.3772020339966,1128.6626,1368.8197882175446,High,XGBoost,285.1253,843.5373
9,"LIQUOR,WINE,BEER",812.8751678466797,1172.0428,1649.9250667114256,High,XGBoost,1013.697,158.34583
9,MAGAZINES,1158.539747953415,1218.2639,1328.2717063426971,High,XGBoost,47.53066,1170.7333
9,MEATS,5162.679519042969,6458.0815,8100.419668457031,High,XGBoost,6249.192,208.88965
9,PERSONAL CARE,6003.019826904297,7564.3647,9534.742919677734,High,XGBoost,7566.955,-2.590332
9,PET SUPPLIES,1050.6607341766357,1144.2893,1275.7977147102356,High,XGBoost,88.30265,1055.9867
9,PLAYERS AND ELECTRONICS,1036.4916152954102,1136.113,1275.7952046394348,High,XGBoost,107.08462,1029.0284
9,POULTRY,5789.464895263672,7350.81,9321.187988037109,High,XGBoost,7154.101,196.70898
9,PREPARED FOODS,1437.2085342407227,2033.5326,2731.6683057250975,High,XGBoost,1814.3335,219.1991
9,PRODUCE,21358.227224414062,27448.027,38374.52163671875,High,XGBoost,27945.977,-497.94922
9,SCHOOL AND OFFICE SUPPLIES,843.8383665084839,1178.0298,1628.9702645950317,High,XGBoost,1052.2203,125.80945
9,SEAFOOD,514.8226251602173,690.8965,935.2679433822632,High,XGBoost,270.7414,420.1551
10,AUTOMOTIVE,1306.9383596390485,1317.8846,1390.398622703552,High,XGBoost,11.273772,1306.6108
10,BABY CARE,7718.006582203508,7723.2944,7791.550424480439,High,XGBoost,4.6558895,7718.6387
10,BEAUTY,1258.0929289793596,1317.9604,1424.749518251419,High,XGBoost,92.048386,1225.9121
10,BEVERAGES,14463.639333789064,20553.44,31479.93374609375,High,XGBoost,22066.387,-1512.9473
10,BOOKS,5993.447072926164,5998.735,6066.990915203095,High,XGBoost,4.6558895,5994.079
10,BREAD/BAKERY,1244.396728515625,1840.7208,2538.8565,High,XGBoost,1784.6355,56.085327
10,CELEBRATION,1252.9370319604873,1279.2032,1364.4918242454528,High,XGBoost,23.655588,1255.5476
10,CLEANING,9286.347290039062,11246.607,13709.044797851562,High,XGBoost,11333.925,-87.31738
10,DAIRY,4222.7810888671875,5185.7544,6418.042559082031,High,XGBoost,5117.9146,67.83984
10,DELI,3433.130879760742,4329.618,5479.896614135742,High,XGBoost,4256.7036,72.91455
10,EGGS,655.3973979949951,946.36975,1353.4259204864502,High,XGBoost,746.1119,200.25787
10,FROZEN FOODS,485.5587205886841,715.93005,1032.9936094284058,High,XGBoost,480.5924,235.33765
10,GROCERY I,33655.82368476562,40335.56,52471.203369140625,High,XGBoost,41522.434,-1186.875
10,GROCERY II,992.3505299091339,1090.3523,1233.4304704666138,High,XGBoost,109.66475,980.68756
10,HARDWARE,1276.7525435492396,1281.7129,1349.9687289237975,High,XGBoost,4.2856045,1277.4272
10,HOME AND KITCHEN I,916.3941268920898,1052.2039,1237.5331840515137,High,XGBoost,176.18323,876.0206
10,HOME AND KITCHEN II,1011.9704282641411,1092.5809,1223.9741838932036,High,XGBoost,81.460625,1011.1203
10,HOME APPLIANCES,1500.9468493431807,1508.2563,1578.641210603714,High,XGBoost,5.4185524,1502.8378
10,HOME CARE,2341.1140346679686,3049.9993,3917.688542236328,High,XGBoost,3012.096,37.90332
10,LADIESWEAR,1157.5366591140628,1173.3131,1250.085237979889,High,XGBoost,15.409762,1157.9033
10,LAWN AND GARDEN,4259.679900507629,4264.61,4332.86567106247,High,XGBoost,3.8081198,4260.802
10,LINGERIE,1194.7633172392846,1203.4963,1273.881315279007,High,XGBoost,8.696855,1194.7994
10,"LIQUOR,WINE,BEER",792.5602922439575,963.8646,1198.236904144287,High,XGBoost,260.81345,703.05115
10,MAGAZINES,1207.6232445165515,1217.465,1289.9789564132689,High,XGBoost,8.700551,1208.7644
10,MEATS,2144.8627745361327,2778.7073,3533.360791381836,High,XGBoost,2579.8594,198.8479
10,PERSONAL CARE,2239.867660217285,2929.9927,3769.4230451049802,High,XGBoost,2909.424,20.568604
10,PET SUPPLIES,1189.8306366801262,1202.923,1277.5660384654998,High,XGBoost,12.813206,1190.1097
10,PLAYERS AND ELECTRONICS,1051.1287747859956,1094.4873,1191.2007872104646,High,XGBoost,36.265125,1058.2222
10,POULTRY,1868.66644732666,2502.511,3257.1644641723633,High,XGBoost,2302.525,199.98608
10,PREPARED FOODS,513.0806751251221,723.2517,1010.3176860809326,High,XGBoost,412.38828,310.86343
10,PRODUCE,3549.452184082031,4445.9395,5596.217918457031,High,XGBoost,4371.9585,73.98096
10,SCHOOL AND OFFICE SUPPLIES,2977.5848655700684,3145.6934,3390.916565357208,High,XGBoost,532.2593,2613.434
10,SEAFOOD,1108.746506690979,1115.0477,1183.5634455680847,High,XGBoost,8.070984,1106.9768
11,AUTOMOTIVE,1030.0153360366821,1127.2395,1261.1368353366852,High,XGBoost,89.821526,1037.418
11,BABY CARE,1446.5127044439316,1485.6909,1581.8847212314606,High,XGBoost,32.822376,1452.8685
11,BEAUTY,1349.7141790390015,1465.6727,1635.6612918376923,High,XGBoost,138.36032,1327.3124
11,BEVERAGES,68927.08735664062,75606.82,87742.46704101562,High,XGBoost,77752.82,-2146.0
11,BOOKS,6528.905668595433,6557.3135,6644.7309029102325,High,XGBoost,26.587683,6530.7256
11,BREAD/BAKERY,9735.115783691406,11695.376,14157.813291503906,High,XGBoost,11692.474,2.9023438
11,CELEBRATION,900.182825088501,1110.3539,1397.4198360443115,High,XGBoost,415.5154,694.8385
11,CLEANING,25111.748855664064,31791.484,43927.12854003906,High,XGBoost,32319.215,-527.73047
11,DAIRY,9417.000244140625,11377.26,13839.697751953125,High,XGBoost,11491.3955,-114.13574
11,DELI,6844.969909667969,8805.2295,11267.667417480468,High,XGBoost,8805.668,-0.43847656
11,EGGS,2856.3704309692384,3621.5364,4574.0023065795895,High,XGBoost,3506.3447,115.19165
11,FROZEN FOODS,1283.311408996582,1770.1787,2366.65893157959,High,XGBoost,1560.7037,209.47498
11,GROCERY I,115307.83760078125,121987.57,134123.21728515625,High,XGBoost,123831.57,-1844.0
11,GROCERY II,619.8538312911987,863.6921,1200.7539720535278,High,XGBoost,552.89465,310.79742
11,HARDWARE,1322.0543386816978,1357.7686,1451.8332417488098,High,XGBoost,31.402802,1326.3657
11,HOME AND KITCHEN I,529.649847984314,773.4881,1110.549988746643,High,XGBoost,504.583,268.9051
11,HOME AND KITCHEN II,546.6427841186523,733.8264,992.7202377319336,High,XGBoost,318.52057,415.30585
11,HOME APPLIANCES,1319.5689603328706,1354.1951,1446.1306926250459,High,XGBoost,30.238714,1323.9563
11,HOME CARE,6398.683348022461,8292.457,10672.885119995117,High,XGBoost,8276.316,16.140625
11,LADIESWEAR,803.4295063018799,950.8071,1152.4840965270996,High,XGBoost,238.17152,712.6356
11,LAWN AND GARDEN,1182.3548595070838,1236.2076,1341.6973751544951,High,XGBoost,43.117104,1193.0906
11,LINGERIE,1029.9032096862793,1130.7229,1267.0092277526855,High,XGBoost,92.34036,1038.3826
11,"LIQUOR,WINE,BEER",740.7821111679077,1056.7307,1490.7286344375611,High,XGBoost,853.946,202.78473
11,MAGAZINES,1152.9705579280853,1212.4607,1322.468510389328,High,XGBoost,46.690205,1165.7705
11,MEATS,8866.10482788086,10826.364,13288.802335693359,High,XGBoost,10630.086,196.27832
11,PERSONAL CARE,5472.1125040283205,6834.0,8558.348389282226,High,XGBoost,6832.8843,1.1157227
11,PET SUPPLIES,1137.3736793994904,1197.3221,1307.3299491405487,High,XGBoost,47.246284,1150.0758
11,PLAYERS AND ELECTRONICS,839.3305826187134,976.2708,1169.7739524841309,High,XGBoost,190.94292,785.3279
11,POULTRY,5324.462542236328,6752.836,8559.194163330078,High,XGBoost,6558.1616,194.67432
11,PREPARED FOODS,1266.9173431396484,1863.2415,2561.3771146240233,High,XGBoost,1608.7036,254.53784
11,PRODUCE,19016.155886718752,25400.924,36931.992935058595,High,XGBoost,26058.727,-657.80273
11,SCHOOL AND OFFICE SUPPLIES,943.1170444488525,1180.2218,1507.284559249878,High,XGBoost,586.1033,594.1185
11,SEAFOOD,821.1153259277344,932.7223,1088.7521328926086,High,XGBoost,148.38667,784.33563
12,AUTOMOTIVE,1073.8593561172486,1116.9852,1215.5679656982422,High,XGBoost,39.45984,1077.5254
12,BABY CARE,7976.84260745123,7982.637,8050.893167400361,High,XGBoost,6.097953,7976.539
12,BEAUTY,1321.300194170326,1366.4435,1463.936669778824,High,XGBoost,60.06784,1306.3756
12,BEVERAGES,20588.516555859376,27268.252,39403.896240234375,High,XGBoost,28805.686,-1537.4336
12,BOOKS,6194.255449248105,6200.0503,6268.306009197236,High,XGBoost,6.097953,6193.952
12,BREAD/BAKERY,2357.7939783935544,3104.1997,4028.406731323242,High,XGBoost,3083.1438,21.055908
12,CELEBRATION,969.8331623077393,1062.2634,1197.1677141189575,High,XGBoost,91.818756,970.4447
12,CLEANING,10788.130432128906,12748.391,15210.827939941406,High,XGBoost,12869.717,-121.32617
12,DAIRY,5938.80269909668,7699.605,9916.012999389648,High,XGBoost,7698.2485,1.3564453
12,DELI,3231.3716481933593,4127.859,5278.1373825683595,High,XGBoost,4065.2742,62.584717
12,EGGS,958.6278190612793,1317.7955,1795.6777179260253,High,XGBoost,1120.9213,196.87427
12,FROZEN FOODS,583.7934560775757,854.5655,1231.6241006851196,High,XGBoost,628.56195,226.00354
12,GROCERY I,40375.526565625,47055.26,59190.90625,High,XGBoost,48037.71,-982.4492
12,GROCERY II,784.8637075424194,900.0662,1058.485033273697,High,XGBoost,163.35316,736.7131
12,HARDWARE,1173.3161296248436,1186.9485,1261.5915969371795,High,XGBoost,11.977201,1174.9713
12,HOME AND KITCHEN I,487.9309902191162,657.8756,900.4217205047607,High,XGBoost,266.43494,391.44067
12,HOME AND KITCHEN II,578.9975700378418,713.09094,898.4202346801758,High,XGBoost,197.94301,515.14795
12,HOME APPLIANCES,1233.2961573004723,1238.9454,1307.2012194633483,High,XGBoost,5.7484407,1233.197
12,HOME CARE,2375.00580090332,3121.4116,4045.618553833008,High,XGBoost,3082.7139,38.697754
12,LADIESWEAR,936.9392776489258,1015.99634,1137.9489150047302,High,XGBoost,64.86222,951.1341
12,LAWN AND GARDEN,4460.495754861831,4465.925,4534.1804751396185,High,XGBoost,5.11985,4460.805
12,LINGERIE,828.5467987060547,997.91656,1235.6847729682922,High,XGBoost,275.7316,722.18494
12,"LIQUOR,WINE,BEER",699.3568124771118,983.59576,1380.6527090072632,High,XGBoost,766.5733,217.02246
12,MAGAZINES,1187.3910918354989,1197.0505,1267.4354115009307,High,XGBoost,12.671306,1184.3793
12,MEATS,2096.0650450439452,2729.9097,3484.5630618896485,High,XGBoost,2531.7615,198.1482
12,PERSONAL CARE,2263.5998287353514,2972.485,3840.174336303711,High,XGBoost,2959.3464,13.138672
12,PET SUPPLIES,1168.3758328080178,1182.0864,1256.7295783519744,High,XGBoost,13.865996,1168.2205
12,PLAYERS AND ELECTRONICS,1040.2453353762626,1090.9523,1194.0530634880065,High,XGBoost,46.92433,1044.028
12,POULTRY,2234.8788665161132,2849.9631,3576.3577606811523,High,XGBoost,2660.8103,189.15283
12,PREPARED FOODS,555.4640731811523,779.102,1086.1663360595703,High,XGBoost,473.96667,305.1353
12,PRODUCE,5144.971387573242,6373.8877,7934.215801147461,High,XGBoost,6317.3765,56.51123
12,SCHOOL AND OFFICE SUPPLIES,1626.1810750961304,1790.6947,2048.912676525116,High,XGBoost,455.13794,1335.5568
12,SEAFOOD,1033.5500316619873,1046.1525,1119.1862424850463,High,XGBoost,14.035667,1032.1168
13,AUTOMOTIVE,1232.8585227124393,1268.657,1361.1123279094695,High,XGBoost,34.378017,1234.2789
13,BABY CARE,7814.790262126922,7820.1357,7888.391611003876,High,XGBoost,5.178194,7814.9575
13,BEAUTY,1210.817031095922,1244.469,1336.664519071579,High,XGBoost,37.57991,1206.889
13,BEVERAGES,18226.924270703126,24906.66,37042.303955078125,High,XGBoost,26212.166,-1305.5059
13,BOOKS,6090.230905437469,6095.576,6163.832254314423,High,XGBoost,5.178194,6090.398
13,BREAD/BAKERY,1760.4543533325195,2356.7786,3054.9141248168944,High,XGBoost,2284.351,72.42749
13,CELEBRATION,945.1581902503967,1007.51306,1119.9098114967346,High,XGBoost,52.42686,955.0862
13,CLEANING,9704.859252929688,11665.119,14127.556760742187,High,XGBoost,11808.628,-143.50879
13,DAIRY,3945.131125488281,4908.104,6140.392595703125,High,XGBoost,4860.3604,47.743652
13,DELI,2187.1135282592772,2839.7183,3622.6306677856446,High,XGBoost,2766.608,73.11035
13,EGGS,815.5610542297363,1120.0004,1547.0548286437988,High,XGBoost,921.8907,198.10968
13,FROZEN FOODS,547.3333644866943,784.4382,1111.5008792877197,High,XGBoost,532.418,252.02014
13,GROCERY I,37967.44331367187,44647.18,56782.822998046875,High,XGBoost,45775.207,-1128.0273
13,GROCERY II,714.177170753479,842.5264,1019.6818885803223,High,XGBoost,195.59123,646.9352
13,HARDWARE,2434.5935283482077,2440.3613,2508.617082500458,High,XGBoost,5.204501,2435.1567
13,HOME AND KITCHEN I,684.225344657898,845.7135,1065.5634679794312,High,XGBoost,239.60672,606.1068
13,HOME AND KITCHEN II,746.961874961853,916.3698,1150.7421379089355,High,XGBoost,216.40082,699.969
13,HOME APPLIANCES,1539.5765048235655,1546.2909,1616.6758099079132,High,XGBoost,5.139658,1541.1512
13,HOME CARE,2015.534422241211,2630.6187,3357.01331640625,High,XGBoost,2586.5227,44.095947
13,LADIESWEAR,1143.366380238533,1155.2618,1229.9049743175506,High,XGBoost,10.397797,1144.864
13,LAWN AND GARDEN,4356.436024624109,4361.4507,4429.706720256806,High,XGBoost,4.3304243,4357.12
13,LINGERIE,1156.4527863427998,1173.5621,1252.4634005069731,High,XGBoost,14.177007,1159.3851
13,"LIQUOR,WINE,BEER",628.5539112091064,892.59247,1259.6519298553467,High,XGBoost,642.228,250.36444
13,MAGAZINES,1155.1076625114306,1166.9135,1241.5565398693084,High,XGBoost,10.140989,1156.7725
13,MEATS,2253.9499572143554,2869.0342,3595.4288513793945,High,XGBoost,2663.3232,205.71094
13,PERSONAL CARE,2355.7858212890624,3027.1506,3838.322083496094,High,XGBoost,2980.3374,46.813232
13,PET SUPPLIES,1152.7597657750362,1161.8195,1232.204328584671,High,XGBoost,9.774844,1152.0446
13,PLAYERS AND ELECTRONICS,1042.127799785137,1115.2932,1232.7277751922607,High,XGBoost,64.433304,1050.8599
13,POULTRY,1358.0365447998047,1881.3894,2511.7548170166015,High,XGBoost,1672.0166,209.3728
13,PREPARED FOODS,517.4499378204346,708.16125,967.0550880432129,High,XGBoost,343.36517,364.79608
13,PRODUCE,2757.9766779174806,3523.1426,4475.608553527832,High,XGBoost,3382.0593,141.08325
13,SCHOOL AND OFFICE SUPPLIES,2981.639274597168,3242.531,3583.964112270355,High,XGBoost,901.8741,2340.657
13,SEAFOOD,1098.5675945281982,1111.17,1184.2038053512572,High,XGBoost,11.084607,1100.0854
14,AUTOMOTIVE,1153.1909207314252,1202.4604,1303.6920686244964,High,XGBoost,46.823574,1155.6368
14,BABY CARE,8011.860841351748,8026.931,8103.703150272369,High,XGBoost,13.183527,8013.7476
14,BEAUTY,1303.6787673085928,1368.5581,1486.9995597362517,High,XGBoost,67.695885,1300.8622
14,BEVERAGES,16692.17243964844,23371.908,35507.55212402344,High,XGBoost,25007.328,-1635.4199
14,BOOKS,6229.267579632998,6244.338,6321.109888553619,High,XGBoost,13.183527,6231.1543
14,BREAD/BAKERY,2166.441564880371,2781.526,3507.92045904541,High,XGBoost,2756.19,25.335938
14,CELEBRATION,871.3174438476562,972.1372,1108.4234619140625,High,XGBoost,111.51499,860.6222
14,CLEANING,14184.941834472656,17620.037,23105.352522460937,High,XGBoost,17822.217,-202.17969
14,DAIRY,5410.792745605469,6972.1377,8942.515838378906,High,XGBoost,6932.641,39.496582
14,DELI,3724.9481099853515,4621.4355,5771.713844360352,High,XGBoost,4550.008,71.427734
14,EGGS,625.5762395858765,923.28204,1340.3373880386353,High,XGBoost,715.4684,207.81366
14,FROZEN FOODS,719.1564855575562,1016.8623,1433.917634010315,High,XGBoost,778.5615,238.30078
14,GROCERY I,40189.92353828125,46869.66,59005.30322265625,High,XGBoost,48030.582,-1160.9219
14,GROCERY II,670.4942874908447,815.17926,1016.8561859130859,High,XGBoost,222.61298,592.5663
14,HARDWARE,1198.8034291669726,1216.0206,1294.9218737125395,High,XGBoost,15.223429,1200.7972
14,HOME AND KITCHEN I,767.3037576675415,945.096,1197.6413259506226,High,XGBoost,291.26105,653.83496
14,HOME AND KITCHEN II,536.2818756103516,699.75916,934.1314697265625,High,XGBoost,242.74023,457.01892
14,HOME APPLIANCES,1251.812166544795,1266.6907,1343.4628891944885,High,XGBoost,13.35684,1253.3339
14,HOME CARE,2920.243071899414,3704.1692,4684.894070190429,High,XGBoost,3629.9417,74.22754
14,LADIESWEAR,1154.880340117216,1177.8704,1261.029841375351,High,XGBoost,19.357536,1158.5128
14,LAWN AND GARDEN,4502.835626611113,4515.502,4590.145124769211,High,XGBoost,11.751612,4503.7505
14,LINGERIE,1100.1859891802073,1131.647,1219.3244675159453,High,XGBoost,30.912107,1100.7349
14,"LIQUOR,WINE,BEER",520.0682697296143,743.09424,1050.1585998535156,High,XGBoost,429.56134,313.5329
14,MAGAZINES,1151.7973406769336,1177.894,1265.311675310135,High,XGBoost,21.171232,1156.7228
14,MEATS,3710.401689880371,4721.1006,6007.139773254395,High,XGBoost,4516.6294,204.47119
14,PERSONAL CARE,3498.0026143798827,4394.4897,5544.768348754883,High,XGBoost,4366.293,28.196777
14,PET SUPPLIES,1167.147596439719,1197.2444,1287.0509386062622,High,XGBoost,23.377464,1173.867
14,PLAYERS AND ELECTRONICS,1128.0756829500199,1181.639,1287.3886112689972,High,XGBoost,45.624916,1136.0142
14,POULTRY,1289.9591751098633,1740.3408,2302.935948059082,High,XGBoost,1526.5945,213.74634
14,PREPARED FOODS,1135.7195930480957,1640.8297,2254.252490447998,High,XGBoost,1373.811,267.01868
14,PRODUCE,5830.206596069336,7458.0376,9510.425424682617,High,XGBoost,7386.8364,71.20117
14,SCHOOL AND OFFICE SUPPLIES,1062.4561233520508,1147.304,1301.970014476776,High,XGBoost,127.45236,1019.85156
14,SEAFOOD,975.9419257998467,998.8368,1088.2182401657103,High,XGBoost,27.757067,971.0797
15,AUTOMOTIVE,1353.3073786377906,1394.2706,1490.7242994785308,High,XGBoost,36.639774,1357.6309
15,BABY CARE,1225.4771824866534,1257.4719,1345.4092888355256,High,XGBoost,28.743023,1228.7289
15,BEAUTY,1309.1069217801094,1372.6404,1489.2126844406127,High,XGBoost,64.69764,1307.9427
15,BEVERAGES,20757.8517609375,27437.586,39573.2314453125,High,XGBoost,29099.057,-1661.4707
15,BOOKS,6262.124366736412,6274.81,6349.45309290886,High,XGBoost,11.057692,6263.7524
15,BREAD/BAKERY,2123.461666748047,2757.3062,3511.95968359375,High,XGBoost,2725.7222,31.583984
15,CELEBRATION,1362.8122847676277,1391.2446,1478.9221123218535,High,XGBoost,23.757322,1367.4873
15,CLEANING,12188.405029296875,14148.665,16611.102537109375,High,XGBoost,14321.927,-173.26172
15,DAIRY,5067.334884033204,6362.737,8005.075033447266,High,XGBoost,6332.5625,30.174316
15,DELI,3880.650090576172,4777.137,5927.415824951172,High,XGBoost,4722.9365,54.200684
15,EGGS,1120.328025817871,1607.1953,2203.675548400879,High,XGBoost,1483.0914,124.10388
15,FROZEN FOODS,876.6952896118164,1217.6201,1678.559813659668,High,XGBoost,980.2685,237.35162
15,GROCERY I,37980.36567695312,44660.1,56795.745361328125,High,XGBoost,45840.207,-1180.1055
15,GROCERY II,939.3453125953674,1040.9698,1186.436938047409,High,XGBoost,121.46239,919.50745
15,HARDWARE,1200.4346887469292,1216.7566,1293.5287194252014,High,XGBoost,15.81051,1200.946
15,HOME AND KITCHEN I,582.5261754989624,783.4799,1070.5459384918213,High,XGBoost,345.48517,437.99475
15,HOME AND KITCHEN II,467.2297525405884,629.31445,863.6867733001709,High,XGBoost,230.5637,398.75073
15,HOME APPLIANCES,2039.0636556625366,2052.726,2129.49814081192,High,XGBoost,10.530269,2042.1958
15,HOME CARE,2886.4989462280273,3764.226,4886.245557922363,High,XGBoost,3726.4983,37.727783
15,LADIESWEAR,1013.0956563949585,1101.9303,1234.4456894397736,High,XGBoost,89.06209,1012.8682
15,LAWN AND GARDEN,4533.937602999807,4545.974,4620.617185926438,High,XGBoost,9.62578,4536.348
15,LINGERIE,1083.6232543870806,1124.0333,1220.227185678482,High,XGBoost,38.57931,1085.454
15,"LIQUOR,WINE,BEER",525.2816572189331,742.1861,1039.2512941360474,High,XGBoost,497.15662,245.02948
15,MAGAZINES,1146.949169576168,1167.1353,1248.1655948638916,High,XGBoost,19.083755,1148.0515
15,MEATS,1799.7089080810547,2396.033,3094.1686795654296,High,XGBoost,2201.134,194.89893
15,PERSONAL CARE,2437.776851989746,3165.4224,4061.3704822387695,High,XGBoost,3127.7043,37.718018
15,PET SUPPLIES,1139.1918775439262,1157.5859,1236.4872614383696,High,XGBoost,17.428083,1140.1578
15,PLAYERS AND ELECTRONICS,1100.1427791118622,1162.3993,1274.7960457801819,High,XGBoost,43.870426,1118.5288
15,POULTRY,1379.9952850341797,1976.3193,2674.4550565185546,High,XGBoost,1792.9907,183.32861
15,PREPARED FOODS,610.9588031768799,901.9312,1308.987325668335,High,XGBoost,638.90326,263.02795
15,PRODUCE,9423.001111035157,11678.229,14745.241254882812,High,XGBoost,11764.474,-86.24512
15,SCHOOL AND OFFICE SUPPLIES,3145.6796646118164,3406.5715,3748.0045022850036,High,XGBoost,944.6809,2461.8906
15,SEAFOOD,1038.5125142805277,1057.6774,1135.2291939735412,High,XGBoost,22.570957,1035.1064
16,AUTOMOTIVE,1209.087981530279,1255.6517,1354.7542137145997,High,XGBoost,33.900368,1221.7513
16,BABY CARE,5985.2213045662265,5993.7026,6064.087636995316,High,XGBoost,8.138383,5985.5645
16,BEAUTY,1279.0863476604222,1299.348,1378.5091326236725,High,XGBoost,24.753815,1274.5942
16,BEVERAGES,15330.557180468752,21420.357,32346.851592773437,High,XGBoost,22830.408,-1410.0508
16,BOOKS,5840.504397282004,5848.9717,5919.356634187699,High,XGBoost,8.124288,5840.847
16,BREAD/BAKERY,1932.6210447998046,2566.4656,3321.119061645508,High,XGBoost,2538.3242,28.141357
16,CELEBRATION,1245.8522938087583,1306.7072,1415.1055906295776,High,XGBoost,54.103302,1252.6039
16,CLEANING,11930.917675976563,14186.145,17253.157819824217,High,XGBoost,15093.848,-907.7031
16,DAIRY,3548.4884237060546,4444.9756,5595.254158081055,High,XGBoost,4412.6426,32.333008
16,DELI,2221.6955808105467,2893.0605,3704.2318430175783,High,XGBoost,2840.521,52.53955
16,EGGS,2011.0760358276368,2682.441,3493.612298034668,High,XGBoost,2511.5898,170.85107
16,FROZEN FOODS,612.3477735519409,901.3626,1295.3637929763795,High,XGBoost,661.7241,239.63849
16,GROCERY I,27635.0119171875,34314.746,46450.3916015625,High,XGBoost,35841.168,-1526.4219
16,GROCERY II,1023.9635236620903,1113.9482,1252.5082922935485,High,XGBoost,97.40948,1016.53876
16,HARDWARE,1217.9729339420796,1230.62,1305.2630599498748,High,XGBoost,11.552699,1219.0673
16,HOME AND KITCHEN I,953.4435272216797,1078.2344,1247.2159805297852,High,XGBoost,157.10133,921.13306
16,HOME AND KITCHEN II,792.3394641876221,899.152,1043.6120910644531,High,XGBoost,141.92822,757.22375
16,HOME APPLIANCES,1970.9287230566144,1980.4044,2052.9184057235716,High,XGBoost,7.700099,1972.7043
16,HOME CARE,2353.3762966918944,3043.5015,3882.9316815795896,High,XGBoost,2995.0325,48.468994
16,LADIESWEAR,4112.324743027985,4120.136,4190.521276521683,High,XGBoost,7.0313864,4113.105
16,LAWN AND GARDEN,4112.324743027985,4120.136,4190.521276521683,High,XGBoost,7.0313864,4113.105
16,LINGERIE,1144.8764220803976,1162.7098,1241.6111284732817,High,XGBoost,16.875484,1145.8344
16,"LIQUOR,WINE,BEER",921.64453125,1280.8123,1758.694430114746,High,XGBoost,1070.3145,210.4978
16,MAGAZINES,1168.8554522633553,1182.1079,1256.7510169506072,High,XGBoost,13.074114,1169.0338
16,MEATS,748.7443466186523,1053.1836,1480.2381210327148,High,XGBoost,806.2145,246.96912
16,PERSONAL CARE,1768.0763212890624,2401.921,3156.5743381347656,High,XGBoost,2366.3594,35.561523
16,PET SUPPLIES,1166.701949107647,1187.926,1271.0854405879975,High,XGBoost,16.733837,1171.1921
16,PLAYERS AND ELECTRONICS,1097.9229753255845,1135.1593,1227.3548381328583,High,XGBoost,32.9168,1102.2426
16,POULTRY,972.2321243286133,1349.6426,1844.4673980102539,High,XGBoost,1135.1536,214.48901
16,PREPARED FOODS,544.5895729064941,768.2275,1075.291835784912,High,XGBoost,454.81845,313.40903
16,PRODUCE,7680.1485595703125,9640.408,12102.846067382812,High,XGBoost,9691.159,-50.750977
16,SCHOOL AND OFFICE SUPPLIES,2991.1395721435547,2991.1396,3055.137239074707,High,XGBoost,0.0,2991.1396
16,SEAFOOD,1137.2395668029785,1137.2396,1201.2372337341308,High,XGBoost,0.0,1137.2396
17,AUTOMOTIVE,1139.7944021224976,1229.8274,1358.9468638896942,High,XGBoost,100.760864,1129.0665
17,BABY CARE,1369.85156057477,1400.0991,1489.645800971985,High,XGBoost,24.362637,1375.7365
17,BEAUTY,1022.271635055542,1123.8219,1275.0739259719849,High,XGBoost,125.2199,998.602
17,BEVERAGES,45693.32612617187,52373.062,64508.705810546875,High,XGBoost,55217.816,-2844.754
17,BOOKS,6279.08303027749,6301.582,6384.7416219234465,High,XGBoost,19.51131,6282.071
17,BREAD/BAKERY,4886.682659179688,6049.1133,7527.431336914063,High,XGBoost,6003.688,45.425293
17,CELEBRATION,982.9905576705933,1073.0236,1202.14301943779,High,XGBoost,75.68225,997.3413
17,CLEANING,14861.142871875,18001.271,22882.010923828126,High,XGBoost,18251.53,-250.25781
17,DAIRY,10915.31396484375,12875.574,15338.01147265625,High,XGBoost,12963.909,-88.33496
17,DELI,7245.614103637696,9139.388,11519.815875610351,High,XGBoost,9124.3955,14.9921875
17,EGGS,2808.5911312255857,3517.4766,4385.165638793946,High,XGBoost,3357.9146,159.56201
17,FROZEN FOODS,1431.072265625,2027.3964,2725.532037109375,High,XGBoost,1833.0386,194.35779
17,GROCERY I,66486.932815625,73166.67,85302.3125,High,XGBoost,74537.51,-1370.8359
17,GROCERY II,661.9590978622437,812.73267,1024.4087858200073,High,XGBoost,230.35114,582.38153
17,HARDWARE,1175.4019143424928,1208.637,1300.5725871562959,High,XGBoost,25.160393,1183.4766
17,HOME AND KITCHEN I,436.2854986190796,629.50964,896.5773162841797,High,XGBoost,355.10202,274.40762
17,HOME AND KITCHEN II,445.340238571167,634.6322,901.6998519897461,High,XGBoost,279.5826,355.0496
17,HOME APPLIANCES,1266.4840918213129,1293.9171,1381.3346855640411,High,XGBoost,23.137308,1270.7798
17,HOME CARE,4388.372399047852,5417.831,6732.129605102539,High,XGBoost,5391.737,26.094238
17,LADIESWEAR,1406.995538713038,1428.531,1509.5614040374755,High,XGBoost,20.782639,1407.7484
17,LAWN AND GARDEN,4910.048953273892,4929.683,5010.713274765015,High,XGBoost,17.382277,4912.301
17,LINGERIE,923.5942149162292,1061.3558,1262.9125492572784,High,XGBoost,215.02208,846.33374
17,"LIQUOR,WINE,BEER",685.2378597259521,994.45306,1418.4517570343019,High,XGBoost,775.4486,219.00446
17,MAGAZINES,1132.328281402588,1189.9468,1299.9546210765839,High,XGBoost,42.160774,1147.786
17,MEATS,3795.5482229003906,4692.0356,5842.313957275391,High,XGBoost,4495.0757,196.95996
17,PERSONAL CARE,3746.350104370117,4709.323,5941.611574584961,High,XGBoost,4670.5083,38.81494
17,PET SUPPLIES,1170.7538563728333,1212.8022,1311.3850624084473,High,XGBoost,34.244003,1178.5582
17,PLAYERS AND ELECTRONICS,907.1246967315674,1000.7533,1132.2616772651672,High,XGBoost,92.02139,908.73193
17,POULTRY,4912.195356079102,6141.1113,7701.439769653321,High,XGBoost,5970.6064,170.50488
17,PREPARED FOODS,777.8993377685547,1082.3386,1509.3931121826172,High,XGBoost,792.82886,289.50977
17,PRODUCE,19277.186697070312,25366.988,36293.481109375,High,XGBoost,25727.922,-360.9336
17,SCHOOL AND OFFICE SUPPLIES,1140.330623626709,1235.0356,1407.0074701309204,High,XGBoost,204.6274,1030.4082
17,SEAFOOD,492.02835750579834,657.7498,892.1221370697021,High,XGBoost,242.58879,415.161
18,AUTOMOTIVE,1258.8701766967774,1302.2974,1399.0108992099763,High,XGBoost,38.336956,1263.9604
18,BABY CARE,1514.4449788719417,1530.3682,1607.1404061317444,High,XGBoost,13.921972,1516.4462
18,BEAUTY,1128.5907943248749,1244.269,1417.6535370349884,High,XGBoost,150.79094,1093.4781
18,BEVERAGES,32739.967849804685,39419.703,51555.34753417969,High,XGBoost,42003.19,-2583.4883
18,BOOKS,6313.403089168668,6327.663,6404.435511112213,High,XGBoost,11.81635,6315.8467
18,BREAD/BAKERY,8511.530822753906,10471.791,12934.228330566406,High,XGBoost,10446.391,25.40039
18,CELEBRATION,956.9554395675659,1032.6062,1152.1698262691498,High,XGBoost,71.53344,961.07275
18,CLEANING,8248.468078613281,10208.728,12671.165586425781,High,XGBoost,10380.8125,-172.08496
18,DAIRY,9474.915588378906,11435.176,13897.613096191406,High,XGBoost,11557.746,-122.57031
18,DELI,3355.1516501464844,4214.1187,5307.879139160156,High,XGBoost,4143.38,70.73877
18,EGGS,2729.6195856933596,3476.0254,4400.232338623047,High,XGBoost,3316.843,159.18237
18,FROZEN FOODS,969.6487350463867,1328.8164,1806.6986339111327,High,XGBoost,1128.8292,199.98718
18,GROCERY I,40885.97163398437,47565.707,59701.351318359375,High,XGBoost,49108.844,-1543.1367
18,GROCERY II,828.6795930862427,953.9754,1124.7823553085327,High,XGBoost,188.83784,765.1376
18,HARDWARE,1187.5958743192255,1206.7028,1287.7331188201904,High,XGBoost,14.539635,1192.1631
18,HOME AND KITCHEN I,619.5629949569702,863.40125,1200.4631357192993,High,XGBoost,563.2488,300.15247
18,HOME AND KITCHEN II,681.2635259628296,846.4348,1072.6332893371582,High,XGBoost,268.79138,577.64343
18,HOME APPLIANCES,1370.8148104906081,1385.2876,1459.9306396007537,High,XGBoost,14.608706,1370.6788
18,HOME CARE,2801.4594138793946,3641.6663,4707.167780212402,High,XGBoost,3626.1045,15.561768
18,LADIESWEAR,915.6852464675903,1012.9094,1146.8067457675934,High,XGBoost,114.90531,898.0041
18,LAWN AND GARDEN,1038.3756631970405,1112.7937,1236.0131014347076,High,XGBoost,71.2682,1041.5255
18,LINGERIE,1008.7836396694183,1157.0249,1367.8826587200165,High,XGBoost,227.05899,929.96594
18,"LIQUOR,WINE,BEER",863.1942901611328,1204.1191,1665.0588142089844,High,XGBoost,1032.4792,171.6399
18,MAGAZINES,1185.9835772834717,1209.7584,1295.0469847679137,High,XGBoost,19.055593,1190.7029
18,MEATS,1703.4120260925292,2319.0137,3056.724668121338,High,XGBoost,2088.6782,230.33545
18,PERSONAL CARE,2469.6569026489256,3197.3025,4093.250532897949,High,XGBoost,3180.878,16.42456
18,PET SUPPLIES,1141.1393312573432,1187.0846,1287.7964547634124,High,XGBoost,38.12754,1148.957
18,PLAYERS AND ELECTRONICS,1008.0277743339539,1087.2174,1209.1700224876404,High,XGBoost,64.29988,1022.91754
18,POULTRY,2896.868270263672,3680.7944,4661.519268554687,High,XGBoost,3493.4336,187.36084
18,PREPARED FOODS,849.3418807983398,1172.0239,1616.021030029297,High,XGBoost,900.71277,271.31116
18,PRODUCE,25994.84546191406,32379.613,43910.68251025391,High,XGBoost,33047.18,-667.5664
18,SCHOOL AND OFFICE SUPPLIES,826.3151798248291,1117.2876,1524.3437023162842,High,XGBoost,819.418,297.86957
18,SEAFOOD,741.2872772216797,866.83057,1041.5970442295074,High,XGBoost,167.75256,699.078
19,AUTOMOTIVE,1063.2496751070023,1125.8335,1236.361049604416,High,XGBoost,53.626846,1072.2067
19,BABY CARE,1393.3260521955788,1401.2075,1471.5924358844757,High,XGBoost,6.9464817,1394.261
19,BEAUTY,1275.4402802854777,1333.5874,1445.9015612602234,High,XGBoost,74.456116,1259.1313
19,BEVERAGES,33261.18623359375,39940.92,52076.56591796875,High,XGBoost,42502.52,-2561.5977
19,BOOKS,6299.195279690158,6306.6265,6377.011480379105,High,XGBoost,6.2912583,6300.3354
19,BREAD/BAKERY,2193.6605618896483,2865.0254,3676.19682409668,High,XGBoost,2822.9128,42.11255
19,CELEBRATION,1088.2862406134604,1149.6066,1259.8741858959197,High,XGBoost,47.590862,1102.0157
19,CLEANING,12544.620325097656,15094.814,18766.40310498047,High,XGBoost,15279.029,-184.21484
19,DAIRY,4997.393445678711,6226.3096,7786.63785925293,High,XGBoost,6200.118,26.191406
19,DELI,4230.850670532227,5260.3096,6574.607876586914,High,XGBoost,5212.0283,48.28125
19,EGGS,932.4259605407715,1328.0792,1839.8466090393067,High,XGBoost,1144.0226,184.05664
19,FROZEN FOODS,672.340648651123,976.7799,1403.8344230651855,High,XGBoost,734.95746,241.82245
19,GROCERY I,48091.23335273437,54770.97,66906.61303710938,High,XGBoost,56017.086,-1246.1172
19,GROCERY II,689.845648765564,933.6839,1270.745789527893,High,XGBoost,586.28485,347.39905
19,HARDWARE,1168.647691822052,1179.386,1251.9000074386595,High,XGBoost,10.737537,1168.6484
19,HOME AND KITCHEN I,658.7196683883667,836.11914,1082.3159732818604,High,XGBoost,303.58185,532.5373
19,HOME AND KITCHEN II,808.8784923553467,927.6766,1088.4843368530273,High,XGBoost,159.09685,768.5797
19,HOME APPLIANCES,1266.7245153427125,1274.3322,1344.7170925617218,High,XGBoost,7.148842,1267.1833
19,HOME CARE,2537.1800654907224,3264.8257,4160.7736957397465,High,XGBoost,3219.8113,45.014404
19,LADIESWEAR,949.3871698379517,1031.7755,1156.1169884204865,High,XGBoost,79.55925,952.21625
19,LAWN AND GARDEN,4572.362042093277,4577.791,4646.046762371064,High,XGBoost,5.352561,4572.4385
19,LINGERIE,1025.4881293877959,1075.3772,1176.868679189682,High,XGBoost,41.11316,1034.264
19,"LIQUOR,WINE,BEER",724.5218076705933,995.2938,1372.3524522781372,High,XGBoost,731.67365,263.62018
19,MAGAZINES,1147.0376299336554,1167.1879,1248.2182453155517,High,XGBoost,16.709124,1150.4788
19,MEATS,1825.4336439819335,2459.278,3213.9316608276367,High,XGBoost,2240.0552,219.2229
19,PERSONAL CARE,2488.8880885620115,3216.5337,4112.4817188110355,High,XGBoost,3187.696,28.837646
19,PET SUPPLIES,1192.189202809334,1208.0555,1286.9568468570708,High,XGBoost,14.031996,1194.0236
19,PLAYERS AND ELECTRONICS,1045.5801337122916,1102.9443,1210.8230253219604,High,XGBoost,47.17279,1055.7715
19,POULTRY,1949.8361593933105,2565.4377,3303.148801422119,High,XGBoost,2356.1982,209.2395
19,PREPARED FOODS,562.8838729858398,759.588,1026.655632019043,High,XGBoost,362.43387,397.15414
19,PRODUCE,6361.437067993164,8122.2393,10338.647368286132,High,XGBoost,8018.8975,103.3418
19,SCHOOL AND OFFICE SUPPLIES,3114.0972213745117,3449.5295,3870.2298221168517,High,XGBoost,1151.8601,2297.6694
19,SEAFOOD,1021.158109664917,1037.9019,1119.1094564437865,High,XGBoost,19.180227,1018.7216
20,AUTOMOTIVE,1004.0957479476929,1094.1288,1223.2482097148895,High,XGBoost,93.981964,1000.14685
20,BABY CARE,1797.3511144518852,1828.6998,1918.5064134597778,High,XGBoost,25.943464,1802.7563
20,BEAUTY,962.2441263198853,1087.4895,1262.2559683322906,High,XGBoost,155.6635,931.826
20,BEVERAGES,48545.51606757812,55225.25,67360.89575195312,High,XGBoost,58257.004,-3031.754
20,BOOKS,6297.36005757153,6324.329,6411.746649980545,High,XGBoost,22.598225,6301.731
20,BREAD/BAKERY,6908.016322143555,8668.818,10885.226622436523,High,XGBoost,8748.931,-80.112305
20,CELEBRATION,924.8837032318115,1018.5123,1150.0206837654114,High,XGBoost,103.029434,915.4829
20,CLEANING,15899.691347167969,20809.623,29317.815215332033,High,XGBoost,21308.658,-499.03516
20,DAIRY,11375.757275585938,13630.984,16697.997419433592,High,XGBoost,13816.605,-185.6211
20,DELI,9873.356152539063,12128.583,15195.596296386719,High,XGBoost,12197.535,-68.95215
20,EGGS,1723.595114715576,2357.957,3123.926879425049,High,XGBoost,2188.7156,169.24146
20,FROZEN FOODS,1158.9169731140137,1591.0559,2136.7083712463377,High,XGBoost,1394.0979,196.95801
20,GROCERY I,83303.63447578125,89983.37,102119.01416015625,High,XGBoost,91426.4,-1443.0312
20,GROCERY II,710.528323173523,873.551,1109.7486410140991,High,XGBoost,242.50157,631.04944
20,HARDWARE,1198.4924802944065,1227.3914,1314.8090279102325,High,XGBoost,26.915676,1200.4757
20,HOME AND KITCHEN I,542.0635738372803,779.1684,1106.2310886383057,High,XGBoost,487.45676,291.71164
20,HOME AND KITCHEN II,631.7546806335449,827.694,1096.5869359970093,High,XGBoost,330.00208,497.6919
20,HOME APPLIANCES,2409.0938570290805,2436.8296,2524.2472603321075,High,XGBoost,23.984686,2412.845
20,HOME CARE,4771.425214477539,6000.3413,7560.669628051758,High,XGBoost,5978.0273,22.313965
20,LADIESWEAR,1071.0563269853592,1157.0042,1283.7346353530884,High,XGBoost,93.23929,1063.7649
20,LAWN AND GARDEN,903.7642631530762,1025.7002,1194.1182148456573,High,XGBoost,165.46962,860.2306
20,LINGERIE,1075.2361884117126,1160.6202,1296.53151679039,High,XGBoost,79.68207,1080.9382
20,"LIQUOR,WINE,BEER",778.8442611694336,1119.7692,1580.7087852172851,High,XGBoost,920.3401,199.42908
20,MAGAZINES,1165.1369497656822,1209.1907,1308.0333106994628,High,XGBoost,34.34335,1174.8473
20,MEATS,4803.723537475586,5966.154,7444.472215209961,High,XGBoost,5747.569,218.58496
20,PERSONAL CARE,4660.8769661865235,5889.793,7450.1213797607425,High,XGBoost,5892.7837,-2.9907227
20,PET SUPPLIES,1071.4565958976746,1153.6404,1277.9818947315216,High,XGBoost,66.96948,1086.6709
20,PLAYERS AND ELECTRONICS,933.2222127914429,1023.25525,1152.3746745586395,High,XGBoost,86.34654,936.9087
20,POULTRY,4593.411756225586,5822.328,7382.656169799805,High,XGBoost,5649.2974,173.03076
20,PREPARED FOODS,926.8804817199707,1304.291,1799.1157554016113,High,XGBoost,1012.59283,291.69818
20,PRODUCE,14032.422450097656,18057.453,24751.91841015625,High,XGBoost,18320.71,-263.2578
20,SCHOOL AND OFFICE SUPPLIES,939.2651243209839,1190.5775,1539.4639081954956,High,XGBoost,632.193,558.3845
20,SEAFOOD,722.6877374649048,883.1732,1104.848554611206,High,XGBoost,243.8719,639.30133
21,AUTOMOTIVE,965.777606010437,1055.8107,1184.9300677776337,High,XGBoost,88.196014,967.6146
21,BABY CARE,1357.641399872303,1373.5834,1450.355532169342,High,XGBoost,14.069958,1359.5134
21,BEAUTY,1061.9658887386322,1153.1472,1293.8363983631134,High,XGBoost,100.291466,1052.8557
21,BEVERAGES,38881.64582832031,45561.383,57697.02551269531,High,XGBoost,48497.65,-2936.2656
21,BOOKS,6281.542331957817,6293.727,6368.369963026047,High,XGBoost,10.128186,6283.5986
21,BREAD/BAKERY,6497.340510375977,8258.143,10474.550810668945,High,XGBoost,8295.049,-36.90625
21,CELEBRATION,992.5855541229248,1071.8319,1193.7844595909119,High,XGBoost,72.71477,999.1171
21,CLEANING,15895.796950390626,21100.695,30213.463454589844,High,XGBoost,22018.404,-917.709
21,DAIRY,8960.146057128906,10920.406,13382.843564941406,High,XGBoost,11014.827,-94.4209
21,DELI,4663.645153076172,5826.0757,7304.393830810547,High,XGBoost,5799.9595,26.11621
21,EGGS,4073.051970825195,5197.962,6619.762403198242,High,XGBoost,5039.462,158.5
21,FROZEN FOODS,1267.81102053833,1737.4703,2339.6406640319824,High,XGBoost,1560.4756,176.99475
21,GROCERY I,59547.02803046875,66226.766,78362.40771484375,High,XGBoost,69555.01,-3328.2422
21,GROCERY II,485.43963527679443,668.3271,939.045431137085,High,XGBoost,270.5663,397.76077
21,HARDWARE,1183.0208739280702,1198.8636,1277.764898920059,High,XGBoost,14.076076,1184.7876
21,HOME AND KITCHEN I,619.8792161941528,904.11816,1301.1751127243042,High,XGBoost,695.6256,208.49255
21,HOME AND KITCHEN II,573.6627559661865,864.63513,1271.6912784576416,High,XGBoost,638.6481,225.98706
21,HOME APPLIANCES,1429.4854622274638,1441.1809,1515.8240340709685,High,XGBoost,9.624231,1431.5566
21,HOME CARE,4323.302681640625,5352.7617,6667.059887695313,High,XGBoost,5338.139,14.622559
21,LADIESWEAR,971.1589997172356,1031.4165,1141.6841796398162,High,XGBoost,47.146782,984.2697
21,LAWN AND GARDEN,1118.7290441513062,1182.3688,1305.9928230285645,High,XGBoost,81.4095,1100.9592
21,LINGERIE,949.8949213027954,1047.1191,1181.0164206027985,High,XGBoost,111.46704,935.6521
21,"LIQUOR,WINE,BEER",1195.7048530578613,1609.601,2138.3108763732907,High,XGBoost,1491.0707,118.53027
21,MAGAZINES,1116.8518281243742,1146.3093,1233.9868324756621,High,XGBoost,24.294361,1122.015
21,MEATS,1582.0617294311523,2178.3857,2876.521500915527,High,XGBoost,1956.1781,222.20764
21,PERSONAL CARE,3894.3596061401367,4905.058,6191.09768951416,High,XGBoost,4894.707,10.351074
21,PET SUPPLIES,1146.3301623508335,1184.2837,1278.6083172798158,High,XGBoost,31.732357,1152.5514
21,PLAYERS AND ELECTRONICS,1099.4437508940696,1160.426,1270.6937049388885,High,XGBoost,49.792576,1110.6334
21,POULTRY,2343.8700192871092,3015.2349,3826.406281494141,High,XGBoost,2836.5752,178.65967
21,PREPARED FOODS,1952.288603149414,2567.3728,3293.767497314453,High,XGBoost,2335.6118,231.76099
21,PRODUCE,18507.014845898437,23711.914,32824.68135009766,High,XGBoost,24090.451,-378.5371
21,SCHOOL AND OFFICE SUPPLIES,1145.8967109441758,1146.3374,1210.3350616455077,High,XGBoost,0.7571804,1145.5802
21,SEAFOOD,880.4366796016693,967.6929,1103.864011144638,High,XGBoost,90.5674,877.1255
22,AUTOMOTIVE,1258.6917575120926,1302.715,1401.5576332092285,High,XGBoost,34.072605,1268.6423
22,BABY CARE,2055.0870144814253,2066.0188,2138.532709312439,High,XGBoost,10.220686,2055.798
22,BEAUTY,1171.558585342765,1221.6157,1328.8920806884767,High,XGBoost,51.585888,1170.0298
22,BEVERAGES,18892.913528515626,25572.648,37708.293212890625,High,XGBoost,27478.496,-1905.8477
22,BOOKS,5874.980410465598,5883.4478,5953.832647371292,High,XGBoost,8.124288,5875.323
22,BREAD/BAKERY,2067.80862109375,2701.653,3456.306637939453,High,XGBoost,2607.8767,93.77637
22,CELEBRATION,951.7535484194756,1035.7057,1160.3070801258086,High,XGBoost,83.88127,951.8244
22,CLEANING,7819.617156982422,9779.877,12242.314664794922,High,XGBoost,9991.155,-211.27832
22,DAIRY,4783.10474621582,5879.0493,7275.357688110352,High,XGBoost,5875.337,3.7124023
22,DELI,2216.8088407592772,2869.4136,3652.3259802856446,High,XGBoost,2818.6343,50.779297
22,EGGS,819.261474609375,1178.4292,1656.311373474121,High,XGBoost,984.5762,193.85303
22,FROZEN FOODS,851.787899017334,1192.7128,1653.6524230651855,High,XGBoost,960.6777,232.0351
22,GROCERY I,33338.75093085937,40018.484,52154.130615234375,High,XGBoost,41578.406,-1559.9219
22,GROCERY II,819.6372470855713,959.18036,1152.6834678649902,High,XGBoost,216.81497,742.36536
22,HARDWARE,1206.08204857409,1220.5668,1297.3389611244202,High,XGBoost,12.869325,1207.6974
22,HOME AND KITCHEN I,564.8202610015869,747.4485,999.9938039779663,High,XGBoost,322.71243,424.73605
22,HOME AND KITCHEN II,593.5500478744507,792.00275,1069.0695791244507,High,XGBoost,331.85184,460.1509
22,HOME APPLIANCES,1508.8834569245578,1519.3186,1591.8326436996458,High,XGBoost,9.446375,1509.8722
22,HOME CARE,2289.031103149414,2997.9165,3865.6056107177733,High,XGBoost,2959.3564,38.56006
22,LADIESWEAR,1155.7073234170675,1174.5989,1253.5000826358794,High,XGBoost,19.356892,1155.242
22,LAWN AND GARDEN,4146.800725694001,4154.6123,4224.997259187699,High,XGBoost,7.0313864,4147.581
22,LINGERIE,1044.4686005473136,1108.4897,1221.1464196205138,High,XGBoost,48.417095,1060.0726
22,"LIQUOR,WINE,BEER",996.2763328552246,1391.9296,1903.6969813537598,High,XGBoost,1239.8981,152.0315
22,MAGAZINES,1160.4801237747074,1182.1125,1263.4027904510497,High,XGBoost,18.225094,1163.8875
22,MEATS,1321.8397636413574,1899.921,2581.1141603088377,High,XGBoost,1671.4857,228.4353
22,PERSONAL CARE,2076.6752958374022,2729.28,3512.1924353637696,High,XGBoost,2681.364,47.916016
22,PET SUPPLIES,1180.8286160975695,1199.2263,1278.1275278568266,High,XGBoost,17.182976,1182.0433
22,PLAYERS AND ELECTRONICS,1027.288713335991,1090.7798,1203.1764664649963,High,XGBoost,56.141903,1034.638
22,POULTRY,2149.6393400878906,2783.484,3538.1373569335938,High,XGBoost,2584.5264,198.95752
22,PREPARED FOODS,628.6128721237183,899.3849,1276.4435167312622,High,XGBoost,593.3416,306.04327
22,PRODUCE,6497.666227661133,8391.44,10771.867999633789,High,XGBoost,8421.844,-30.40332
22,SCHOOL AND OFFICE SUPPLIES,1301.479079246521,1381.9766,1532.124656677246,High,XGBoost,173.57686,1208.3997
22,SEAFOOD,1043.2380304098128,1052.0337,1122.6785427570342,High,XGBoost,10.03292,1042.0007
23,AUTOMOTIVE,1307.1800600767135,1334.9338,1422.3514397144318,High,XGBoost,23.87099,1311.0629
23,BABY CARE,7859.996825872362,7873.317,7947.9598983287815,High,XGBoost,12.378296,7860.9385
23,BEAUTY,1199.1298580169678,1316.4937,1488.8712277412415,High,XGBoost,167.20695,1149.2867
23,BEVERAGES,19370.261673046876,26049.996,38185.641357421875,High,XGBoost,26239.52,-189.52344
23,BOOKS,6135.437438665331,6148.7573,6223.40051112175,High,XGBoost,12.378296,6136.379
23,BREAD/BAKERY,3733.8000234375,4630.287,5780.5657578125,High,XGBoost,4547.282,83.00488
23,CELEBRATION,789.1691951751709,955.9094,1182.10791015625,High,XGBoost,284.14645,671.76294
23,CLEANING,7553.579528808594,9513.839,11976.277036621093,High,XGBoost,9501.995,11.84375
23,DAIRY,6507.128479003906,8467.389,10929.825986816406,High,XGBoost,8491.346,-23.957031
23,DELI,1795.3062896728516,2391.6304,3089.7660611572264,High,XGBoost,2329.7778,61.85254
23,EGGS,543.7734670639038,760.6779,1057.743103981018,High,XGBoost,473.6167,287.06122
23,FROZEN FOODS,1024.7214851379395,1456.8604,2002.5128832702635,High,XGBoost,1235.249,221.61133
23,GROCERY I,29664.77742011719,36344.51,48480.15710449219,High,XGBoost,36882.19,-537.6797
23,GROCERY II,536.5479907989502,746.719,1033.7850017547607,High,XGBoost,436.30066,310.41833
23,HARDWARE,1219.7101329907775,1234.426,1309.0691779613494,High,XGBoost,14.967004,1219.459
23,HOME AND KITCHEN I,602.4063415527344,764.66376,992.6875905990601,High,XGBoost,265.78983,498.87393
23,HOME AND KITCHEN II,836.4475727081299,1017.7173,1268.437240600586,High,XGBoost,271.25882,746.4585
23,HOME APPLIANCES,1277.5895013570785,1291.2517,1365.8947967052459,High,XGBoost,12.838422,1278.4133
23,HOME CARE,1733.1390914916992,2329.4631,3027.598862976074,High,XGBoost,2260.9192,68.543945
23,LADIESWEAR,888.0081787109375,988.82794,1125.1141967773438,High,XGBoost,133.99763,854.8303
23,LAWN AND GARDEN,1142.2115862473845,1171.2498,1258.6673538684845,High,XGBoost,26.167383,1145.0824
23,LINGERIE,1076.3277592137456,1127.1561,1236.3017014980317,High,XGBoost,53.195778,1073.9603
23,"LIQUOR,WINE,BEER",812.2414016723633,1171.409,1649.2913005371092,High,XGBoost,1059.7386,111.67041
23,MAGAZINES,1133.8497617602347,1182.3954,1285.4961787223815,High,XGBoost,42.35907,1140.0364
23,MEATS,8478.042014770508,10105.873,12158.260843383789,High,XGBoost,9867.849,238.02441
23,PERSONAL CARE,2040.017620727539,2673.862,3428.515637573242,High,XGBoost,2661.3733,12.48877
23,PET SUPPLIES,1132.7336567521095,1182.41,1283.6416039943695,High,XGBoost,40.174286,1142.2357
23,PLAYERS AND ELECTRONICS,1003.9996643066406,1076.0549,1193.2295322418213,High,XGBoost,59.91162,1016.1433
23,POULTRY,4269.468041137695,5298.927,6613.225247192383,High,XGBoost,5125.4253,173.50146
23,PREPARED FOODS,576.2024078369141,772.90656,1039.9741668701172,High,XGBoost,420.5083,352.39825
23,PRODUCE,15815.447316210939,20430.412,28334.028548339844,High,XGBoost,20566.838,-136.42578
23,SCHOOL AND OFFICE SUPPLIES,3871.914840698242,3871.9148,3935.9125076293944,High,XGBoost,0.0,3871.9148
23,SEAFOOD,1025.2083748288453,1060.1854,1158.0832271575928,High,XGBoost,49.585285,1010.60016
24,AUTOMOTIVE,1393.0883526802063,1446.453,1551.6828968524933,High,XGBoost,46.636063,1399.8169
24,BABY CARE,1581.0425789237022,1614.2921,1705.9678721904754,High,XGBoost,30.000946,1584.2911
24,BEAUTY,1202.8521566390991,1330.2065,1518.9318051338196,High,XGBoost,169.60837,1160.5981
24,BEVERAGES,50188.99580390625,56868.73,69004.37548828125,High,XGBoost,57374.402,-505.67188
24,BOOKS,3282.0429549455644,3320.1992,3414.5238408088685,High,XGBoost,31.582832,3288.6165
24,BREAD/BAKERY,10560.638366699219,12520.898,14983.335874511718,High,XGBoost,12449.0205,71.87793
24,CELEBRATION,716.7365779876709,871.89246,1098.0909423828125,High,XGBoost,212.61266,659.2798
24,CLEANING,15022.711891210938,19342.709,26641.750487304686,High,XGBoost,19390.182,-47.472656
24,DAIRY,15805.961159765626,21600.795,31922.712936035157,High,XGBoost,21821.951,-221.15625
24,DELI,3809.7195943603515,4706.207,5856.485328735352,High,XGBoost,4690.6953,15.511719
24,EGGS,3184.610985473633,4043.578,5137.338474487305,High,XGBoost,3841.9048,201.6731
24,FROZEN FOODS,2287.8618771362303,2977.987,3817.4172620239256,High,XGBoost,2772.7395,205.24756
24,GROCERY I,59729.69380195312,66409.43,78545.07348632812,High,XGBoost,67619.08,-1209.6484
24,GROCERY II,649.1522054672241,919.92426,1296.982850074768,High,XGBoost,584.91675,335.0075
24,HARDWARE,1291.423290646076,1334.0586,1432.3815589904784,High,XGBoost,34.915955,1299.1426
24,HOME AND KITCHEN I,633.3069458007812,856.9448,1164.0092086791992,High,XGBoost,474.82922,382.1156
24,HOME AND KITCHEN II,582.0134525299072,846.05206,1213.1114711761475,High,XGBoost,587.90814,258.14392
24,HOME APPLIANCES,2604.942820417881,2641.473,2735.537701892853,High,XGBoost,31.74782,2609.725
24,HOME CARE,3800.9032338867187,4697.3906,5847.668968261719,High,XGBoost,4618.471,78.91943
24,LADIESWEAR,888.9960327148438,989.8158,1126.10205078125,High,XGBoost,154.9329,834.8829
24,LAWN AND GARDEN,643.1264514923096,907.16504,1274.2244701385498,High,XGBoost,628.6074,278.55762
24,LINGERIE,940.4319343566895,1041.2517,1177.5379524230957,High,XGBoost,113.79832,927.45337
24,"LIQUOR,WINE,BEER",1291.8577156066895,1833.4534,2480.761362640381,High,XGBoost,1729.3296,104.12378
24,MAGAZINES,914.0623226165771,1024.3558,1176.989803314209,High,XGBoost,151.05783,873.298
24,MEATS,5790.958815917969,7086.361,8728.69896533203,High,XGBoost,6926.497,159.86377
24,PERSONAL CARE,3766.375951171875,4662.8633,5813.141685546875,High,XGBoost,4653.2373,9.625977
24,PET SUPPLIES,565.3065099716187,722.05963,956.4319152832031,High,XGBoost,202.68195,519.3777
24,PLAYERS AND ELECTRONICS,1045.0126953125,1145.8324,1282.1187133789062,High,XGBoost,117.23649,1028.596
24,POULTRY,7292.928283691406,9253.188,11715.625791503906,High,XGBoost,9099.481,153.70703
24,PREPARED FOODS,1466.5924453735352,2062.9165,2761.05221685791,High,XGBoost,1784.8905,278.026
24,PRODUCE,52847.22993476562,59526.965,71662.60961914062,High,XGBoost,60898.434,-1371.4688
24,SCHOOL AND OFFICE SUPPLIES,3966.8819122314453,3966.8818,4030.879579162598,High,XGBoost,0.0,3966.8818
24,SEAFOOD,504.3479251861572,714.5189,1001.5849361419678,High,XGBoost,402.78046,311.73846
25,AUTOMOTIVE,1393.1746381878852,1432.3585,1530.6814628601073,High,XGBoost,31.59401,1400.7645
25,BABY CARE,1491.364585507661,1500.7272,1571.1120968341827,High,XGBoost,10.830613,1489.8966
25,BEAUTY,1350.2970970869064,1481.9607,1668.2970035076141,High,XGBoost,228.19452,1253.7661
25,BEVERAGES,23339.74079902344,30019.477,42155.12048339844,High,XGBoost,30511.662,-492.18555
25,BOOKS,6003.410655733198,6012.7427,6083.127752351761,High,XGBoost,10.008158,6002.7344
25,BREAD/BAKERY,4322.054189086914,5218.5415,6368.819923461914,High,XGBoost,5145.868,72.67334
25,CELEBRATION,1068.500906944275,1136.3041,1251.0897982120514,High,XGBoost,57.11809,1079.186
25,CLEANING,5383.0934610595705,6744.9814,8469.329346313476,High,XGBoost,6751.919,-6.9375
25,DAIRY,6360.391111694336,8254.165,10634.592883666992,High,XGBoost,8339.963,-85.79785
25,DELI,1677.2525329589844,2273.5767,2971.7123044433592,High,XGBoost,2245.097,28.479736
25,EGGS,1324.4364624023438,1884.2749,2548.5254842529293,High,XGBoost,1658.3633,225.91162
25,FROZEN FOODS,1332.8457724304199,1766.0194,2334.3046662902834,High,XGBoost,1546.2546,219.76477
25,GROCERY I,20508.10554511719,27187.84,39323.48522949219,High,XGBoost,28112.406,-924.5664
25,GROCERY II,437.4777603149414,604.948,847.4941158294678,High,XGBoost,223.5394,381.4086
25,HARDWARE,1212.177192054689,1225.6837,1300.3267768383025,High,XGBoost,13.639155,1212.0446
25,HOME AND KITCHEN I,754.1656150817871,938.88416,1189.6041564941406,High,XGBoost,315.3391,623.54504
25,HOME AND KITCHEN II,658.4724521636963,836.8649,1081.236388206482,High,XGBoost,314.04047,522.82446
25,HOME APPLIANCES,1198.1280932098628,1212.9128,1289.6850228309631,High,XGBoost,11.425602,1201.4872
25,HOME CARE,1133.4079551696777,1711.4893,2392.682351837158,High,XGBoost,1618.8364,92.65283
25,LADIESWEAR,4275.07663282007,4284.1323,4354.517141389847,High,XGBoost,8.799822,4275.3325
25,LAWN AND GARDEN,556.2446422576904,793.3494,1120.4121570587158,High,XGBoost,493.13324,300.2162
25,LINGERIE,977.7623896956444,1030.875,1136.3647030353545,High,XGBoost,42.335907,988.53906
25,"LIQUOR,WINE,BEER",2010.6323118286132,2663.237,3446.1494513549806,High,XGBoost,2563.0676,100.16943
25,MAGAZINES,937.3653964996338,1030.994,1162.5023770332336,High,XGBoost,83.26219,947.7318
25,MEATS,2709.3168942260745,3399.442,4238.87227911377,High,XGBoost,3220.978,178.46387
25,PERSONAL CARE,1172.2696914672852,1768.5938,2466.72946295166,High,XGBoost,1733.4952,35.09851
25,PET SUPPLIES,1106.4807335495948,1163.0615,1270.9402280807494,High,XGBoost,44.36477,1118.6968
25,PLAYERS AND ELECTRONICS,993.669399023056,1072.6805,1194.6331496238708,High,XGBoost,68.47356,1004.207
25,POULTRY,2169.3392912597656,2803.1838,3557.8373081054688,High,XGBoost,2616.9727,186.21118
25,PREPARED FOODS,559.6084842681885,769.7795,1056.845495223999,High,XGBoost,424.45337,345.3261
25,PRODUCE,18266.36627392578,23176.299,31684.490142089842,High,XGBoost,23164.041,12.2578125
25,SCHOOL AND OFFICE SUPPLIES,1159.9272003173828,1159.9272,1223.924867248535,High,XGBoost,0.0,1159.9272
25,SEAFOOD,1006.2599391937256,1030.8479,1120.2293676376341,High,XGBoost,43.88407,986.9638
26,AUTOMOTIVE,1080.606746470928,1134.2218,1239.7115696430205,High,XGBoost,50.08893,1084.1328
26,BABY CARE,7626.80102161467,7635.757,7706.14160733223,High,XGBoost,8.219141,7627.5376
26,BEAUTY,1315.9857188224792,1337.2113,1416.6323030948638,High,XGBoost,27.965157,1309.2461
26,BEVERAGES,14552.028039941406,17102.223,20773.81081982422,High,XGBoost,17079.447,22.77539
26,BOOKS,5902.243038216233,5911.1987,5981.583623933792,High,XGBoost,8.219141,5902.9795
26,BREAD/BAKERY,2834.1330833740235,3655.5796,4692.822327026367,High,XGBoost,3578.3608,77.21875
26,CELEBRATION,1035.2727234363556,1105.8529,1223.0275630950928,High,XGBoost,60.915092,1044.9379
26,CLEANING,5878.201865844727,7506.0327,9558.420694458007,High,XGBoost,7423.6143,82.41846
26,DAIRY,3474.9544744873047,4437.9277,5670.215944702149,High,XGBoost,4431.0806,6.847168
26,DELI,1166.6025466918945,1689.9554,2320.3208189086913,High,XGBoost,1644.692,45.263428
26,EGGS,581.1066808700562,824.94495,1162.0068216323853,High,XGBoost,577.9475,246.99744
26,FROZEN FOODS,655.7828960418701,919.8215,1286.8809146881104,High,XGBoost,637.9432,281.8783
26,GROCERY I,20029.11133105469,26413.879,37944.94837939453,High,XGBoost,27394.295,-980.416
26,GROCERY II,678.8523712158203,875.5565,1142.6241302490234,High,XGBoost,356.7481,518.8084
26,HARDWARE,1189.915574773401,1202.5488,1277.191961622238,High,XGBoost,10.130218,1192.4186
26,HOME AND KITCHEN I,795.3506507873535,942.2547,1145.7570219039917,High,XGBoost,223.63235,718.6223
26,HOME AND KITCHEN II,843.9467372894287,955.8429,1114.2616865634918,High,XGBoost,110.21073,845.63214
26,HOME APPLIANCES,1237.2486119829118,1248.0532,1320.5671712875364,High,XGBoost,9.555267,1238.4979
26,HOME CARE,1122.970359802246,1573.352,2135.947132751465,High,XGBoost,1466.2202,107.131836
26,LADIESWEAR,2161.1100245557727,2173.691,2248.333921766281,High,XGBoost,10.716287,2162.9746
26,LAWN AND GARDEN,906.3565311431885,998.7868,1133.6910829544067,High,XGBoost,97.18483,901.602
26,LINGERIE,1191.1505606256426,1206.3345,1281.2374495983122,High,XGBoost,13.505996,1192.8285
26,"LIQUOR,WINE,BEER",551.2462205886841,835.48517,1232.5421171188354,High,XGBoost,652.97473,182.51044
26,MAGAZINES,1204.2759343728424,1216.8555,1291.498628950119,High,XGBoost,10.464647,1206.3909
26,MEATS,3613.093669921875,4605.032,5862.812630615234,High,XGBoost,4432.626,172.40625
26,PERSONAL CARE,1720.8345489501953,2317.1587,3015.29432043457,High,XGBoost,2255.1118,62.046875
26,PET SUPPLIES,1158.061453974247,1191.9574,1285.7622944831849,High,XGBoost,27.64208,1164.3153
26,PLAYERS AND ELECTRONICS,1169.387255232036,1189.4968,1270.5271556854248,High,XGBoost,16.552485,1172.9443
26,POULTRY,2021.3888775634766,2711.514,3550.9442624511717,High,XGBoost,2523.2178,188.29614
26,PREPARED FOODS,567.1372547149658,777.3083,1064.3742656707764,High,XGBoost,422.38367,354.92462
26,PRODUCE,7363.644251831055,9124.446,11340.854552124023,High,XGBoost,9139.198,-14.751953
26,SCHOOL AND OFFICE SUPPLIES,1147.7396850585938,1147.7397,1211.737351989746,High,XGBoost,0.0,1147.7397
26,SEAFOOD,1103.0945491790771,1115.697,1188.730760002136,High,XGBoost,11.398957,1104.2981
27,AUTOMOTIVE,1079.247374534607,1169.2804,1298.3998363018036,High,XGBoost,80.23716,1089.0432
27,BABY CARE,2612.852132189274,2644.6946,2736.370292234421,High,XGBoost,26.516771,2618.1777
27,BEAUTY,1337.5585182070731,1456.5555,1638.3738144397735,High,XGBoost,166.28085,1290.2747
27,BEVERAGES,46805.36274726562,53485.098,65620.74243164062,High,XGBoost,53876.832,-391.73438
27,BOOKS,2515.338618898392,2545.9226,2635.4693101882935,High,XGBoost,27.911806,2518.0107
27,BREAD/BAKERY,8740.334014892578,10700.594,13163.031522705078,High,XGBoost,10632.944,67.649414
27,CELEBRATION,489.3060531616211,684.72345,951.7910804748535,High,XGBoost,284.99146,399.732
27,CLEANING,13174.376172070313,15429.604,18496.616315917967,High,XGBoost,15446.114,-16.510742
27,DAIRY,14349.988489160156,16900.184,20571.77126904297,High,XGBoost,17079.46,-179.27734
27,DELI,4013.0425177001953,4976.0156,6208.303987915039,High,XGBoost,4931.584,44.43164
27,EGGS,3435.485613220215,4275.6924,5341.193979553223,High,XGBoost,4084.0764,191.61597
27,FROZEN FOODS,1785.149943359375,2437.7546,3220.6670828857423,High,XGBoost,2240.2937,197.46094
27,GROCERY I,57252.34223945312,63932.08,76067.72192382812,High,XGBoost,64778.527,-846.4492
27,GROCERY II,564.4814291000366,781.38586,1078.4510660171509,High,XGBoost,469.46558,311.9203
27,HARDWARE,1166.398648262024,1215.0922,1317.9330821037292,High,XGBoost,41.03239,1174.0598
27,HOME AND KITCHEN I,597.4509325027466,854.75604,1211.816325187683,High,XGBoost,610.7759,243.98016
27,HOME AND KITCHEN II,512.5272121429443,803.4996,1210.5557346343994,High,XGBoost,605.5625,197.93707
27,HOME APPLIANCES,1302.102996739745,1333.3278,1422.8744691848756,High,XGBoost,27.099728,1306.228
27,HOME CARE,3454.2224798583984,4417.196,5649.483950073242,High,XGBoost,4366.5723,50.623535
27,LADIESWEAR,911.8790292739868,1009.1032,1143.0005285739899,High,XGBoost,121.1954,887.90784
27,LAWN AND GARDEN,613.4333305358887,864.005,1211.0660972595215,High,XGBoost,588.65076,275.35425
27,LINGERIE,909.025354385376,1002.654,1134.1623349189758,High,XGBoost,99.44046,903.2135
27,"LIQUOR,WINE,BEER",1874.8261753845215,2546.7085,3369.1961854553224,High,XGBoost,2475.3438,71.364746
27,MAGAZINES,1149.2146401405334,1216.1211,1330.9068491458893,High,XGBoost,52.88505,1163.2361
27,MEATS,4102.655358032226,5132.1143,6446.412564086914,High,XGBoost,4965.8486,166.26562
27,PERSONAL CARE,3202.9221029663086,4080.6492,5202.668714660645,High,XGBoost,4060.5146,20.134521
27,PET SUPPLIES,829.1149101257324,929.93463,1066.2209281921387,High,XGBoost,110.08057,819.85406
27,PLAYERS AND ELECTRONICS,1010.2841129302979,1103.9127,1235.4210934638977,High,XGBoost,98.28396,1005.6288
27,POULTRY,5399.536699951172,6827.91,8634.268321044921,High,XGBoost,6664.916,162.99414
27,PREPARED FOODS,1108.8062744140625,1522.7024,2051.412297729492,High,XGBoost,1243.2408,279.46155
27,PRODUCE,38184.73616035156,44864.473,57000.11584472656,High,XGBoost,45500.992,-636.51953
27,SCHOOL AND OFFICE SUPPLIES,1200.4086189985276,1202.882,1269.008760213852,High,XGBoost,2.171952,1200.71
27,SEAFOOD,528.0857725143433,704.4497,956.9949903488159,High,XGBoost,264.49094,439.95877
28,AUTOMOTIVE,979.4605770111084,1073.0892,1204.5975575447083,High,XGBoost,84.764015,988.3252
28,BABY CARE,4327.53021890819,4353.9185,4441.335875749588,High,XGBoost,22.063305,4331.855
28,BEAUTY,1290.468938112259,1376.8519,1524.3329470157623,High,XGBoost,98.6607,1278.1913
28,BEVERAGES,48045.43501289062,54725.17,66860.81469726562,High,XGBoost,58212.332,-3487.1602
28,BOOKS,6332.090895482897,6358.479,6445.896552324295,High,XGBoost,22.063305,6336.4155
28,BREAD/BAKERY,9083.9512453125,11339.179,14406.191389160156,High,XGBoost,11435.149,-95.9707
28,CELEBRATION,540.1956586837769,711.8877,954.4338073730469,High,XGBoost,223.04224,488.84546
28,CLEANING,16808.235988671877,22308.102,32025.44512890625,High,XGBoost,22914.738,-606.6367
28,DAIRY,13525.251916894531,16075.446,19747.034696777344,High,XGBoost,16372.083,-296.63672
28,DELI,5527.734147094727,6889.622,8613.970032348632,High,XGBoost,6873.299,16.323242
28,EGGS,3977.067862548828,4940.041,6172.329332763672,High,XGBoost,4781.234,158.80713
28,FROZEN FOODS,1103.8033180236816,1481.2139,1976.0385917053222,High,XGBoost,1245.1167,236.09717
28,GROCERY I,70042.15718085937,76721.89,88857.53686523438,High,XGBoost,79020.69,-2298.7969
28,GROCERY II,830.6280546188354,1034.3776,1313.2697582244873,High,XGBoost,364.49362,669.8839
28,HARDWARE,1172.0627640724183,1207.7588,1299.694443845749,High,XGBoost,29.581394,1178.1774
28,HOME AND KITCHEN I,619.1818361282349,903.4208,1300.4777326583862,High,XGBoost,695.48804,207.93274
28,HOME AND KITCHEN II,478.43150901794434,688.60254,975.6685199737549,High,XGBoost,411.27097,277.33157
28,HOME APPLIANCES,1193.6846196703614,1230.2993,1322.4948604106903,High,XGBoost,30.134607,1200.1647
28,HOME CARE,4115.621697143555,5145.0806,6459.378903198242,High,XGBoost,5103.26,41.8208
28,LADIESWEAR,4608.905202087015,4629.868,4710.898638534546,High,XGBoost,20.011553,4609.8564
28,LAWN AND GARDEN,839.8962554931641,952.70154,1105.33549118042,High,XGBoost,129.7713,822.93024
28,LINGERIE,1024.437130689621,1110.4873,1237.2177782058716,High,XGBoost,70.30933,1040.178
28,"LIQUOR,WINE,BEER",822.7793045043945,1218.4326,1730.1999530029298,High,XGBoost,1041.9185,176.51416
28,MAGAZINES,1157.2993434548378,1198.823,1295.2767019748687,High,XGBoost,31.399076,1167.424
28,MEATS,2966.2535546875,3750.1797,4730.904552978515,High,XGBoost,3545.0256,205.15405
28,PERSONAL CARE,4472.64179296875,5502.1006,6816.398999023438,High,XGBoost,5486.945,15.155762
28,PET SUPPLIES,1105.5444593429565,1181.1952,1300.7588460445404,High,XGBoost,59.47957,1121.7156
28,PLAYERS AND ELECTRONICS,1073.2403903007507,1158.7876,1285.5181093215942,High,XGBoost,66.7507,1092.0369
28,POULTRY,3254.3131583862305,4094.52,5160.021524719238,High,XGBoost,3909.4424,185.07764
28,PREPARED FOODS,1130.3766899108887,1562.5156,2108.1680880432127,High,XGBoost,1303.8018,258.71387
28,PRODUCE,23012.04128652344,28511.908,38229.25042675781,High,XGBoost,29194.406,-682.49805
28,SCHOOL AND OFFICE SUPPLIES,1129.4989838600159,1133.0391,1201.2948969841002,High,XGBoost,2.0845566,1130.9545
28,SEAFOOD,962.7060807108879,997.42566,1091.667617702484,High,XGBoost,39.5953,957.8304
29,AUTOMOTIVE,1074.9861718416214,1153.3186,1275.271176815033,High,XGBoost,64.18138,1089.1372
29,BABY CARE,1391.3825662583113,1411.3481,1492.3784893035888,High,XGBoost,17.50306,1393.8451
29,BEAUTY,1318.0019412755967,1394.837,1532.2749726295472,High,XGBoost,92.08662,1302.7504
29,BEVERAGES,41009.81611640625,47689.55,59825.19580078125,High,XGBoost,51236.023,-3546.4727
29,BOOKS,6334.392670965195,6349.849,6426.621485233307,High,XGBoost,14.410653,6335.4385
29,BREAD/BAKERY,7882.471862792969,9842.731,12305.169370605468,High,XGBoost,9935.778,-93.046875
29,CELEBRATION,924.1894416809082,1032.2784,1184.9124336242676,High,XGBoost,141.65817,890.62024
29,CLEANING,13281.691577929687,16421.82,21302.559629882813,High,XGBoost,16760.275,-338.45508
29,DAIRY,10780.09464741211,13035.321,16102.334791259766,High,XGBoost,13290.459,-255.1377
29,DELI,3800.24775,4829.7065,6144.004956054688,High,XGBoost,4806.253,23.453613
29,EGGS,3357.038103759766,4273.9355,5418.6805737304685,High,XGBoost,4112.516,161.41943
29,FROZEN FOODS,1108.848056793213,1504.5013,2016.2687052917481,High,XGBoost,1275.103,229.39832
29,GROCERY I,56138.8205109375,62818.555,74954.2001953125,High,XGBoost,64864.434,-2045.8789
29,GROCERY II,645.5847148895264,855.75574,1142.821725845337,High,XGBoost,410.07333,445.6824
29,HARDWARE,1185.5239941954612,1213.2405,1300.9180077075957,High,XGBoost,21.449627,1191.7909
29,HOME AND KITCHEN I,554.7987613677979,818.83734,1185.896780014038,High,XGBoost,597.06586,221.77148
29,HOME AND KITCHEN II,507.5045051574707,684.74603,935.4660129547119,High,XGBoost,277.58713,407.1589
29,HOME APPLIANCES,1248.756361286342,1270.9117,1354.0711507320405,High,XGBoost,19.044773,1251.867
29,HOME CARE,3466.699570373535,4410.9126,5614.941917907715,High,XGBoost,4349.7646,61.14795
29,LADIESWEAR,4607.744501648844,4621.239,4695.881651258469,High,XGBoost,12.837785,4608.401
29,LAWN AND GARDEN,1069.546979701519,1160.6908,1302.646781539917,High,XGBoost,116.073204,1044.6176
29,LINGERIE,991.9310233592987,1069.7046,1191.657105922699,High,XGBoost,65.13126,1004.5733
29,"LIQUOR,WINE,BEER",1447.1371237487792,1989.7676,2659.7082665100097,High,XGBoost,1837.7202,152.04736
29,MAGAZINES,1154.3336869880557,1181.6848,1269.1024696826935,High,XGBoost,23.155302,1158.5295
29,MEATS,1630.770248413086,2227.0942,2925.230019897461,High,XGBoost,2008.8248,218.26941
29,PERSONAL CARE,3345.5721779174805,4252.2646,5399.776280090332,High,XGBoost,4233.602,18.662598
29,PET SUPPLIES,1115.6079223155975,1176.2528,1286.2606055736542,High,XGBoost,53.71403,1122.5388
29,PLAYERS AND ELECTRONICS,1041.5625610351562,1109.0189,1223.8046457767487,High,XGBoost,57.702473,1051.3164
29,POULTRY,2791.0820703735353,3556.248,4508.713945983886,High,XGBoost,3371.391,184.85693
29,PREPARED FOODS,900.609432220459,1223.2915,1667.2885814514161,High,XGBoost,965.7501,257.54138
29,PRODUCE,18507.170374902344,22532.201,29226.666334960937,High,XGBoost,23096.375,-564.1738
29,SCHOOL AND OFFICE SUPPLIES,1089.8299377933145,1091.6957,1157.8224084377289,High,XGBoost,1.1379589,1090.5577
29,SEAFOOD,940.2194137573242,1003.24805,1117.6912228107453,High,XGBoost,82.175735,921.0723
30,AUTOMOTIVE,1204.9593469262122,1243.0902,1339.5439215183258,High,XGBoost,27.290966,1215.7992
30,BABY CARE,1320.1322238897906,1333.0343,1407.677397108078,High,XGBoost,10.228563,1322.8058
30,BEAUTY,1297.7906638979912,1315.957,1394.858275079727,High,XGBoost,15.70636,1300.2507
30,BEVERAGES,16669.196243359376,23348.932,35484.575927734375,High,XGBoost,25831.55,-2482.6191
30,BOOKS,5902.381030210852,5911.039,5981.424230623245,High,XGBoost,8.315251,5902.7236
30,BREAD/BAKERY,2103.4364042358397,2756.041,3538.953543762207,High,XGBoost,2756.2822,-0.24121094
30,CELEBRATION,1154.6254900932313,1194.3267,1288.6512631416322,High,XGBoost,37.884308,1156.4424
30,CLEANING,14508.40799716797,18828.406,26127.446593261717,High,XGBoost,20601.693,-1773.2871
30,DAIRY,4057.9356588134765,4954.423,6104.701393188477,High,XGBoost,5005.6016,-51.17871
30,DELI,1606.651252746582,2202.9753,2901.111024230957,High,XGBoost,2146.0188,56.956543
30,EGGS,1981.3501920776366,2633.9548,3416.867331604004,High,XGBoost,2452.4229,181.53198
30,FROZEN FOODS,733.2916259765625,1037.731,1464.785400390625,High,XGBoost,786.33594,251.39502
30,GROCERY I,24102.523269726564,30782.258,42917.90295410156,High,XGBoost,32541.75,-1759.4922
30,GROCERY II,1008.1981591701508,1082.0013,1208.8765716075898,High,XGBoost,85.76026,996.2411
30,HARDWARE,1228.80034102723,1240.9996,1315.6427520275115,High,XGBoost,9.668101,1231.3315
30,HOME AND KITCHEN I,821.5743923187256,974.86115,1184.7119483947754,High,XGBoost,207.23979,767.62134
30,HOME AND KITCHEN II,969.5110082626343,1061.7521,1196.6563653945923,High,XGBoost,80.62686,981.12524
30,HOME APPLIANCES,1267.1677398756146,1277.7927,1350.3067876815794,High,XGBoost,10.524724,1267.268
30,HOME CARE,2132.306265197754,2747.3906,3473.785159362793,High,XGBoost,2667.3713,80.01929
30,LADIESWEAR,1248.5445430107416,1258.9214,1331.4354421615599,High,XGBoost,9.541829,1249.3795
30,LAWN AND GARDEN,4174.201284404099,4182.204,4252.588781404495,High,XGBoost,7.2223496,4174.982
30,LINGERIE,1096.1328429698945,1136.001,1230.5854840278625,High,XGBoost,32.93593,1103.0651
30,"LIQUOR,WINE,BEER",873.5703983306885,1201.0283,1641.9696704559326,High,XGBoost,964.31116,236.71716
30,MAGAZINES,1248.2979139357806,1262.945,1339.717104434967,High,XGBoost,11.884553,1251.0604
30,MEATS,1045.8078269958496,1386.7327,1847.6723510437012,High,XGBoost,1135.1589,251.57373
30,PERSONAL CARE,1355.7759094238281,1915.6144,2579.8649312744137,High,XGBoost,1821.2227,94.39172
30,PET SUPPLIES,1154.5042620629072,1177.4032,1260.5626515865326,High,XGBoost,20.667084,1156.7361
30,PLAYERS AND ELECTRONICS,1080.6852146744727,1137.9023,1245.781029319763,High,XGBoost,45.768547,1092.1338
30,POULTRY,1436.1315460205078,2032.4557,2730.5913175048827,High,XGBoost,1847.1024,185.35327
30,PREPARED FOODS,586.6130294799805,783.31714,1050.3847885131836,High,XGBoost,370.91156,412.40558
30,PRODUCE,8378.455577221679,10567.196,13552.199985229492,High,XGBoost,10691.945,-124.74902
30,SCHOOL AND OFFICE SUPPLIES,3053.128890991211,3053.129,3117.126557922363,High,XGBoost,0.0,3053.129
30,SEAFOOD,1039.6092588230968,1057.3131,1138.5206846237181,High,XGBoost,24.656359,1032.6567
31,AUTOMOTIVE,1010.4646739959717,1104.0933,1235.6016545295715,High,XGBoost,84.304985,1019.78827
31,BABY CARE,1415.8498910419644,1445.3586,1533.0361641407012,High,XGBoost,23.533064,1421.8256
31,BEAUTY,1338.3603268027305,1399.1545,1515.207096672058,High,XGBoost,53.441498,1345.713
31,BEVERAGES,43063.64839179687,49743.383,61879.028076171875,High,XGBoost,52253.227,-2509.8438
31,BOOKS,6344.281140377372,6367.937,6451.096663427353,High,XGBoost,20.962456,6346.9746
31,BREAD/BAKERY,7086.9842529296875,9047.244,11509.681760742187,High,XGBoost,9060.88,-13.635742
31,CELEBRATION,973.9711990356445,1078.3411,1222.8011207580566,High,XGBoost,141.27208,937.069
31,CLEANING,16617.67768769531,21822.576,30935.344191894532,High,XGBoost,22350.03,-527.4531
31,DAIRY,10092.961743359376,12348.188,15415.201887207031,High,XGBoost,12470.686,-122.49707
31,DELI,3586.624989868164,4483.1123,5633.390724243164,High,XGBoost,4427.8335,55.27881
31,EGGS,4165.980492309571,5195.4395,6509.737698364258,High,XGBoost,5037.5,157.93945
31,FROZEN FOODS,1327.4052658081055,1814.2726,2410.7527883911134,High,XGBoost,1585.5974,228.67517
31,GROCERY I,65251.21138007812,71930.945,84066.59106445312,High,XGBoost,74369.484,-2438.539
31,GROCERY II,651.3087282180786,832.1495,1086.520128250122,High,XGBoost,264.97806,567.1714
31,HARDWARE,1253.1936908319592,1284.3397,1374.1462831497192,High,XGBoost,26.34676,1257.9929
31,HOME AND KITCHEN I,497.56199645996094,721.1999,1028.264259338379,High,XGBoost,445.0332,276.1667
31,HOME AND KITCHEN II,536.8543853759766,733.5585,1000.6261444091797,High,XGBoost,413.13202,320.42645
31,HOME APPLIANCES,1263.8595755279064,1289.5408,1374.8292952537536,High,XGBoost,22.378933,1267.1619
31,HOME CARE,4185.544699707031,5148.5176,6380.806169921875,High,XGBoost,5102.4746,46.04297
31,LADIESWEAR,1174.2066207528114,1224.3425,1329.4898207187653,High,XGBoost,44.85397,1179.4885
31,LAWN AND GARDEN,1088.1616022109986,1172.7628,1310.2008301734925,High,XGBoost,92.117455,1080.6454
31,LINGERIE,958.1679601669312,1063.4752,1207.935317993164,High,XGBoost,108.90596,954.5693
31,"LIQUOR,WINE,BEER",662.6728849411011,906.5111,1243.5730257034302,High,XGBoost,554.0447,352.46643
31,MAGAZINES,1169.9381083801388,1209.3867,1303.7113408088685,High,XGBoost,32.359283,1177.0275
31,MEATS,5244.656444580078,6407.087,7885.4051223144525,High,XGBoost,6190.526,216.56104
31,PERSONAL CARE,3826.9600744628906,4789.933,6022.2215446777345,High,XGBoost,4772.3394,17.59375
31,PET SUPPLIES,1145.8040579557419,1201.4026,1309.0214567184448,High,XGBoost,48.170147,1153.2324
31,PLAYERS AND ELECTRONICS,1062.9147748947144,1152.9479,1282.067236661911,High,XGBoost,85.48627,1067.4617
31,POULTRY,1786.9591598510742,2383.2832,3081.418931335449,High,XGBoost,2179.033,204.25024
31,PREPARED FOODS,923.0261611938477,1263.951,1724.8906852416992,High,XGBoost,1000.398,263.55304
31,PRODUCE,20309.11090283203,25219.043,33727.234770996096,High,XGBoost,25848.625,-629.58203
31,SCHOOL AND OFFICE SUPPLIES,1165.1999738574027,1177.1329,1249.9067609786987,High,XGBoost,15.499548,1161.6334
31,SEAFOOD,1027.4317718267441,1055.1661,1146.6766372203826,High,XGBoost,35.342075,1019.82404
32,AUTOMOTIVE,1251.2736620724202,1268.7314,1345.763507938385,High,XGBoost,16.648647,1252.0828
32,BABY CARE,7625.546914632619,7633.721,7704.106084871292,High,XGBoost,7.3773293,7626.3438
32,BEAUTY,1306.3557585716248,1329.3959,1410.9459133148193,High,XGBoost,28.628399,1300.7675
32,BEVERAGES,12916.859949121093,15467.055,19138.642729003906,High,XGBoost,16793.344,-1326.2891
32,BOOKS,5900.989083822072,5909.163,5979.548254060745,High,XGBoost,7.3773293,5901.7856
32,BREAD/BAKERY,1464.3986571655273,2079.483,2805.8775513305663,High,XGBoost,2044.8004,34.682495
32,CELEBRATION,1360.0625655889512,1380.5007,1463.6602162837983,High,XGBoost,18.19572,1362.305
32,CLEANING,11389.314226489258,14462.957,19261.68654260254,High,XGBoost,15480.166,-1017.209
32,DAIRY,2436.1254116821287,3126.2505,3965.680796569824,High,XGBoost,3081.6733,44.57715
32,DELI,1322.041431427002,1900.1228,2581.315828094482,High,XGBoost,1830.1091,70.01367
32,EGGS,2750.431509338379,3536.0078,4482.940120544434,High,XGBoost,3322.1538,213.854
32,FROZEN FOODS,478.495831489563,652.71967,897.091139793396,High,XGBoost,263.86456,388.8551
32,GROCERY I,16760.537283007812,22850.338,33776.8316953125,High,XGBoost,24460.367,-1610.0293
32,GROCERY II,1110.7342097982764,1142.2834,1233.8765721797943,High,XGBoost,35.57194,1106.7115
32,HARDWARE,1294.939025451988,1304.3451,1376.859056663513,High,XGBoost,8.194387,1296.1508
32,HOME AND KITCHEN I,894.4110746383667,1023.6305,1200.7859497070312,High,XGBoost,173.21515,850.41534
32,HOME AND KITCHEN II,1078.4908045887946,1116.7026,1211.0272587776185,High,XGBoost,30.582882,1086.1198
32,HOME APPLIANCES,1678.545592918247,1685.9945,1756.3794460773468,High,XGBoost,6.3169856,1679.6775
32,HOME CARE,1180.133071899414,1739.9716,2404.2220937499997,High,XGBoost,1639.5364,100.43518
32,LADIESWEAR,4172.879073753208,4180.328,4250.712926912308,High,XGBoost,6.3169856,4174.011
32,LAWN AND GARDEN,4172.879073753208,4180.328,4250.712926912308,High,XGBoost,6.3169856,4174.011
32,LINGERIE,1252.3849846795201,1260.4402,1330.8251553058624,High,XGBoost,8.413849,1252.0264
32,"LIQUOR,WINE,BEER",719.3324823379517,976.63763,1333.6978750228882,High,XGBoost,695.70703,280.9306
32,MAGAZINES,1569.8595563672484,1577.5592,1647.9441662311554,High,XGBoost,6.98216,1570.577
32,MEATS,1056.3297119140625,1433.7402,1928.564985595703,High,XGBoost,1188.4225,245.31775
32,PERSONAL CARE,984.5632591247559,1434.945,1997.5400320739745,High,XGBoost,1361.7975,73.14746
32,PET SUPPLIES,1212.8844790771604,1229.0336,1307.93480553627,High,XGBoost,14.177225,1214.8563
32,PLAYERS AND ELECTRONICS,1178.386203122139,1206.2773,1295.7414592742919,High,XGBoost,28.861887,1177.4154
32,POULTRY,839.0083999633789,1179.9332,1640.8729240112305,High,XGBoost,924.34454,255.58868
32,PREPARED FOODS,887.0259112119675,998.01276,1162.216480731964,High,XGBoost,134.34856,863.6642
32,PRODUCE,3271.0628303222657,4196.5156,5372.286055175781,High,XGBoost,4144.34,52.17578
32,SCHOOL AND OFFICE SUPPLIES,3051.3279876708984,3051.3281,3115.3256546020507,High,XGBoost,0.0,3051.3281
32,SEAFOOD,1084.3527526855469,1101.0022,1182.2098325729369,High,XGBoost,23.884071,1077.1182
33,AUTOMOTIVE,997.8000810146332,1076.2808,1198.2333464622498,High,XGBoost,72.96103,1003.3197
33,BABY CARE,7891.126178511977,7901.7876,7974.301607322694,High,XGBoost,9.60297,7892.1846
33,BEAUTY,1260.057524959743,1304.5912,1403.693743133545,High,XGBoost,47.78746,1256.8037
33,BEVERAGES,26433.66316230469,33113.4,45249.04284667969,High,XGBoost,35797.812,-2684.414
33,BOOKS,6166.566577681899,6177.228,6249.7420064926155,High,XGBoost,9.60297,6167.625
33,BREAD/BAKERY,3346.965636291504,4224.693,5346.71224798584,High,XGBoost,4206.0825,18.610352
33,CELEBRATION,969.2646827697754,1135.3582,1361.5566368103027,High,XGBoost,236.60739,898.75073
33,CLEANING,13985.527319921875,16830.69,21106.852735839842,High,XGBoost,17058.572,-227.88281
33,DAIRY,6053.525259033203,7614.87,9585.24835180664,High,XGBoost,7653.3667,-38.496582
33,DELI,2481.1522944946287,3208.7979,4104.745924743653,High,XGBoost,3151.6042,57.193604
33,EGGS,2201.0431203918456,2835.405,3601.3748851013183,High,XGBoost,2662.122,173.28296
33,FROZEN FOODS,996.0011558532715,1336.926,1797.865679901123,High,XGBoost,1111.8656,225.06042
33,GROCERY I,42740.42085273437,49420.156,61555.800537109375,High,XGBoost,51091.78,-1671.625
33,GROCERY II,1072.6249858051538,1135.1566,1254.8650042533875,High,XGBoost,70.97808,1064.1786
33,HARDWARE,1195.4684137314557,1208.6979,1283.3409942150115,High,XGBoost,12.019814,1196.6781
33,HOME AND KITCHEN I,478.1103296279907,680.78107,957.8478879928589,High,XGBoost,364.9262,315.85486
33,HOME AND KITCHEN II,426.74033546447754,604.21234,854.9322929382324,High,XGBoost,275.37112,328.84122
33,HOME APPLIANCES,1253.2458054795861,1264.204,1336.7180349349974,High,XGBoost,11.41064,1252.7933
33,HOME CARE,2963.1693290405274,3803.376,4868.877695373535,High,XGBoost,3758.9937,44.382324
33,LADIESWEAR,4439.902975188195,4448.392,4518.777059602738,High,XGBoost,8.410733,4439.9814
33,LAWN AND GARDEN,4439.902975188195,4448.392,4518.777059602738,High,XGBoost,8.410733,4439.9814
33,LINGERIE,841.8097124099731,948.3379,1092.7979850769043,High,XGBoost,151.30972,797.0282
33,"LIQUOR,WINE,BEER",666.2003765106201,975.4155,1399.4142738189698,High,XGBoost,720.6651,254.75043
33,MAGAZINES,1178.4541263341903,1196.8928,1275.7940279483794,High,XGBoost,18.01831,1178.8745
33,MEATS,3886.494055786133,4849.4673,6081.755526000977,High,XGBoost,4652.974,196.49316
33,PERSONAL CARE,2869.3600794677736,3615.7659,4539.972832397461,High,XGBoost,3585.141,30.624756
33,PET SUPPLIES,1159.0320563554765,1182.978,1266.1374425411225,High,XGBoost,23.500027,1159.478
33,PLAYERS AND ELECTRONICS,1012.0459244251251,1071.7836,1181.7913100719452,High,XGBoost,57.2255,1014.55804
33,POULTRY,3021.6398096313474,3786.8057,4739.271685241699,High,XGBoost,3616.6553,170.15039
33,PREPARED FOODS,593.598973274231,823.97034,1141.0338621139526,High,XGBoost,524.06696,299.90338
33,PRODUCE,18121.10016064453,23031.031,31539.224028808596,High,XGBoost,23635.043,-604.0117
33,SCHOOL AND OFFICE SUPPLIES,3319.3924407958984,3319.3923,3383.3901077270507,High,XGBoost,0.0,3319.3923
33,SEAFOOD,1100.1344356536865,1112.7369,1185.7706464767455,High,XGBoost,15.452177,1097.2848
34,AUTOMOTIVE,1282.248633146286,1346.7963,1459.1930565834045,High,XGBoost,52.52295,1294.2733
34,BABY CARE,1517.2380727767945,1548.0266,1637.5733675003053,High,XGBoost,28.661127,1519.3655
34,BEAUTY,1356.890426158905,1451.4594,1601.3293857574463,High,XGBoost,118.14696,1333.3124
34,BEVERAGES,31125.082962109373,37804.816,49940.462646484375,High,XGBoost,39951.72,-2146.9023
34,BOOKS,7171.191786313057,7201.9194,7291.466250801086,High,XGBoost,27.931583,7173.988
34,BREAD/BAKERY,8483.8720703125,10444.132,12906.569578125,High,XGBoost,10473.353,-29.220703
34,CELEBRATION,950.4756078720093,1053.6926,1195.7637159824371,High,XGBoost,103.64402,950.0486
34,CLEANING,11800.114135742188,13760.374,16222.811643554687,High,XGBoost,13965.234,-204.86035
34,DAIRY,9584.078521728516,11544.338,14006.776029541015,High,XGBoost,11699.311,-154.97266
34,DELI,3225.391808227539,4084.3586,5178.119297241211,High,XGBoost,4010.678,73.680664
34,EGGS,1860.0330267028808,2494.395,3260.3647914123535,High,XGBoost,2279.355,215.04004
34,FROZEN FOODS,1053.9494667053223,1413.1172,1890.9993655700682,High,XGBoost,1133.4749,279.64233
34,GROCERY I,55799.86079414062,62479.594,74615.24047851562,High,XGBoost,64224.242,-1744.6484
34,GROCERY II,1147.498732328415,1242.156,1382.8451797962189,High,XGBoost,114.53655,1127.6195
34,HARDWARE,1155.756977558136,1220.5115,1332.9082207679749,High,XGBoost,55.79795,1164.7135
34,HOME AND KITCHEN I,591.4115438461304,862.1836,1239.2421884536743,High,XGBoost,588.64667,273.53693
34,HOME AND KITCHEN II,663.430230140686,920.73535,1277.7956228256226,High,XGBoost,553.7314,367.00397
34,HOME APPLIANCES,1307.3661949157715,1347.4158,1443.6096128940583,High,XGBoost,34.61329,1312.8025
34,HOME CARE,2975.82960736084,3816.0364,4881.537973693848,High,XGBoost,3722.7075,93.32886
34,LADIESWEAR,1144.9379558563232,1214.534,1335.1046433448792,High,XGBoost,63.560238,1150.9739
34,LAWN AND GARDEN,1129.3426246643066,1229.4728,1380.724778175354,High,XGBoost,115.762436,1113.7103
34,LINGERIE,1204.584549188614,1264.7217,1374.7294623851776,High,XGBoost,47.199364,1217.5223
34,"LIQUOR,WINE,BEER",717.2734680175781,1021.7127,1448.7672424316406,High,XGBoost,821.75934,199.95337
34,MAGAZINES,1204.7943103313446,1256.3835,1361.613469362259,High,XGBoost,43.888035,1212.4955
34,MEATS,2483.608193725586,3154.9731,3966.1444559326173,High,XGBoost,2909.941,245.03223
34,PERSONAL CARE,3553.402867675781,4449.89,5600.168602050781,High,XGBoost,4408.6685,41.22168
34,PET SUPPLIES,1124.2715530395508,1210.709,1337.4394960403442,High,XGBoost,76.17137,1134.5376
34,PLAYERS AND ELECTRONICS,1093.3462362289429,1183.3793,1312.4986979961395,High,XGBoost,78.71262,1104.6666
34,POULTRY,2008.8078276367187,2642.6523,3397.305844482422,High,XGBoost,2427.2607,215.3916
34,PREPARED FOODS,641.1280765533447,905.1667,1272.226095199585,High,XGBoost,577.28296,327.88373
34,PRODUCE,10224.847131738281,12775.041,16446.629911621094,High,XGBoost,12934.371,-159.33008
34,SCHOOL AND OFFICE SUPPLIES,1245.7626643896103,1253.089,1323.4738865375518,High,XGBoost,6.793961,1246.295
34,SEAFOOD,1172.2130454778671,1183.7086,1256.4824979782104,High,XGBoost,16.384996,1167.3236
35,AUTOMOTIVE,1074.2382908582688,1130.4407,1236.1902851581574,High,XGBoost,51.80577,1078.6349
35,BABY CARE,5352.381670291722,5360.6733,5431.058080720902,High,XGBoost,7.72905,5352.9443
35,BEAUTY,1287.9727519780397,1327.9143,1420.8893733501434,High,XGBoost,56.542114,1271.3722
35,BEVERAGES,15858.431448046877,21948.232,32874.725860351566,High,XGBoost,23825.389,-1877.1562
35,BOOKS,5905.172960574925,5913.4644,5983.849371004105,High,XGBoost,7.72905,5905.7354
35,BREAD/BAKERY,1195.3196983337402,1736.9154,2384.2233453674316,High,XGBoost,1648.1771,88.73828
35,CELEBRATION,1311.761150944233,1358.9009,1463.7883230686189,High,XGBoost,42.871117,1316.0298
35,CLEANING,6371.280511230469,8065.597,10199.995075683593,High,XGBoost,8220.259,-154.66162
35,DAIRY,2550.793429077148,3297.1992,4221.406182006836,High,XGBoost,3248.8096,48.38965
35,DELI,1140.8394012451172,1700.6779,2364.928423095703,High,XGBoost,1614.731,85.9469
35,EGGS,1961.9645245971678,2633.3293,3444.5007868041994,High,XGBoost,2465.214,168.11523
35,FROZEN FOODS,733.997706413269,1068.1891,1519.1296044998169,High,XGBoost,816.24207,251.94702
35,GROCERY I,22812.761673046876,29492.496,41628.141357421875,High,XGBoost,30761.848,-1269.3516
35,GROCERY II,913.206144452095,1001.0344,1142.730577468872,High,XGBoost,103.6573,897.37714
35,HARDWARE,1296.9668591164052,1304.7172,1375.1021099567413,High,XGBoost,6.8528633,1297.8643
35,HOME AND KITCHEN I,843.1979856491089,983.53174,1177.0348472595215,High,XGBoost,206.53171,777.0
35,HOME AND KITCHEN II,962.1849599242211,1056.2502,1200.5952619075774,High,XGBoost,117.13324,939.117
35,HOME APPLIANCES,1302.03333100304,1312.1101,1384.6241399765013,High,XGBoost,9.955154,1302.1549
35,HOME CARE,1331.3029403686523,1927.6271,2625.762711853027,High,XGBoost,1840.115,87.512085
35,LADIESWEAR,4177.062858953327,4184.629,4255.013952302933,High,XGBoost,6.668706,4177.96
35,LAWN AND GARDEN,4177.062858953327,4184.629,4255.013952302933,High,XGBoost,6.668706,4177.96
35,LINGERIE,1241.2541404038668,1253.1063,1327.749449110031,High,XGBoost,8.865012,1244.2413
35,"LIQUOR,WINE,BEER",740.2657642364502,1049.481,1473.4796615448,High,XGBoost,814.10614,235.37482
35,MAGAZINES,1202.2591468721628,1214.9685,1289.6116202831267,High,XGBoost,11.0684185,1203.9001
35,MEATS,2873.5520747680666,3601.1975,4497.14570501709,High,XGBoost,3398.9539,202.24365
35,PERSONAL CARE,1059.7679748535156,1583.1208,2213.4862470703124,High,XGBoost,1519.4547,63.666138
35,PET SUPPLIES,1197.6564930856227,1216.0266,1297.0569065093994,High,XGBoost,14.914209,1201.1124
35,PLAYERS AND ELECTRONICS,1182.644661718607,1201.2529,1282.283320236206,High,XGBoost,15.771923,1185.481
35,POULTRY,797.0840530395508,1119.7661,1563.763202270508,High,XGBoost,906.25684,213.50928
35,PREPARED FOODS,594.2081508636475,784.9195,1043.8133010864258,High,XGBoost,329.49365,455.42584
35,PRODUCE,6022.4477091064455,7384.3354,9108.683594360351,High,XGBoost,7497.0947,-112.75928
35,SCHOOL AND OFFICE SUPPLIES,1324.8638458251953,1324.8639,1388.8615127563476,High,XGBoost,0.0,1324.8639
35,SEAFOOD,1355.758056640625,1355.758,1419.7557235717773,High,XGBoost,0.0,1355.758
36,AUTOMOTIVE,1356.5535790920258,1404.8685,1507.7094721794128,High,XGBoost,39.691433,1365.1771
36,BABY CARE,1804.2316263318062,1821.9988,1900.899977350235,High,XGBoost,16.071882,1805.9269
36,BEAUTY,1319.2806775450706,1373.6641,1483.0694566249847,High,XGBoost,66.11026,1307.5538
36,BEVERAGES,38719.54560859375,45399.28,57534.92529296875,High,XGBoost,48110.79,-2711.5078
36,BOOKS,6334.392670965195,6349.849,6426.621485233307,High,XGBoost,14.410653,6335.4385
36,BREAD/BAKERY,5861.342341430664,7622.1445,9838.552641723632,High,XGBoost,7632.7695,-10.625
36,CELEBRATION,869.171272277832,969.991,1106.2772903442383,High,XGBoost,126.068665,843.92236
36,CLEANING,12380.482299804688,14340.742,16803.179807617187,High,XGBoost,14559.767,-219.02441
36,DAIRY,8655.411163330078,10615.671,13078.108671142578,High,XGBoost,10735.951,-120.28027
36,DELI,2939.621254638672,3798.5881,4892.348743652344,High,XGBoost,3724.126,74.46216
36,EGGS,2019.9013700561522,2672.506,3455.4185095825196,High,XGBoost,2500.9197,171.58643
36,FROZEN FOODS,1350.242315612793,1782.8986,2339.8674616088865,High,XGBoost,1543.338,239.56055
36,GROCERY I,52506.04634101562,59185.78,71321.42602539062,High,XGBoost,60936.5,-1750.7188
36,GROCERY II,1003.3146057128906,1102.936,1242.6181950569153,High,XGBoost,108.304634,994.6314
36,HARDWARE,1235.222836625576,1253.6971,1332.5984446048735,High,XGBoost,19.229599,1234.4675
36,HOME AND KITCHEN I,499.33162117004395,690.1147,959.0076475143433,High,XGBoost,336.52347,353.59122
36,HOME AND KITCHEN II,950.3740882873535,1106.1406,1324.165210723877,High,XGBoost,193.49347,912.64716
36,HOME APPLIANCES,1503.8094800457359,1517.5543,1592.1973861217498,High,XGBoost,13.878145,1503.6761
36,HOME CARE,2736.258647949219,3557.705,4594.947891601562,High,XGBoost,3471.0942,86.61084
36,LADIESWEAR,4607.744501648844,4621.239,4695.881651258469,High,XGBoost,12.837785,4608.401
36,LAWN AND GARDEN,576.1087474822998,813.21356,1140.2762622833252,High,XGBoost,495.46567,317.7479
36,LINGERIE,1058.475686943531,1114.5355,1222.4142156600951,High,XGBoost,46.051018,1068.4845
36,"LIQUOR,WINE,BEER",797.495059967041,1138.4199,1599.3595840148926,High,XGBoost,982.6188,155.80115
36,MAGAZINES,1203.9862454339861,1230.9658,1318.3834373950958,High,XGBoost,22.966085,1207.9998
36,MEATS,3040.5911766967774,3843.2776,4852.261297668457,High,XGBoost,3637.3472,205.93042
36,PERSONAL CARE,2789.8715966796876,3573.7976,4554.522594970703,High,XGBoost,3523.2195,50.578125
36,PET SUPPLIES,1173.137642645836,1208.4022,1300.3378383159638,High,XGBoost,31.615843,1176.7864
36,PLAYERS AND ELECTRONICS,1095.1199865698813,1158.8259,1271.482517337799,High,XGBoost,52.163303,1106.6626
36,POULTRY,1609.8063735961914,2206.1304,2904.2661450805663,High,XGBoost,2025.5503,180.58008
36,PREPARED FOODS,626.0638227462769,923.76965,1340.8249711990356,High,XGBoost,659.585,264.18463
36,PRODUCE,18267.096229589843,22587.094,29886.13482568359,High,XGBoost,22785.781,-198.6875
36,SCHOOL AND OFFICE SUPPLIES,1228.2992820739746,1228.2993,1292.2969490051269,High,XGBoost,0.0,1228.2993
36,SEAFOOD,1127.235556602478,1150.8739,1240.255273246765,High,XGBoost,29.861393,1121.0125
37,AUTOMOTIVE,1202.3913547992706,1267.0078,1379.4045929908752,High,XGBoost,51.616787,1215.391
37,BABY CARE,7821.173765400052,7847.609,7935.026648759842,High,XGBoost,22.228931,7825.38
37,BEAUTY,1224.8323287963867,1407.6332,1658.3531951904297,High,XGBoost,257.02032,1150.6128
37,BEVERAGES,41603.79072578125,48283.527,60419.17041015625,High,XGBoost,48691.203,-407.67578
37,BOOKS,6300.605070331692,6327.0405,6414.4579536914825,High,XGBoost,22.228931,6304.8115
37,BREAD/BAKERY,7325.816680908203,9286.076,11748.514188720703,High,XGBoost,9218.825,67.25098
37,CELEBRATION,999.3069906234741,1089.3401,1218.4594523906708,High,XGBoost,100.27699,989.0631
37,CLEANING,14254.287952441406,17394.416,22275.156004394532,High,XGBoost,17478.441,-84.02539
37,DAIRY,13056.503540039062,15016.764,17479.201047851562,High,XGBoost,15116.309,-99.54492
37,DELI,2149.766699157715,2764.851,3491.245593322754,High,XGBoost,2723.0752,41.77588
37,EGGS,1847.1326522827148,2443.4568,3141.5924237670897,High,XGBoost,2255.017,188.4397
37,FROZEN FOODS,1711.7271270751953,2308.0513,3006.18689855957,High,XGBoost,2121.4893,186.56201
37,GROCERY I,53978.44673164062,60658.184,72793.82641601562,High,XGBoost,61895.293,-1237.1094
37,GROCERY II,849.823902130127,1154.2632,1581.3176765441895,High,XGBoost,867.449,286.8142
37,HARDWARE,1122.0573771238328,1157.3433,1249.2788821697236,High,XGBoost,30.234755,1127.1085
37,HOME AND KITCHEN I,514.5832624435425,785.3553,1162.4139070510864,High,XGBoost,557.90063,227.45465
37,HOME AND KITCHEN II,560.9829292297363,829.7974,1193.8010707702638,High,XGBoost,579.22424,250.57318
37,HOME APPLIANCES,2310.657063616812,2337.9226,2423.471005153656,High,XGBoost,23.443632,2314.479
37,HOME CARE,3469.8382161865234,4366.3257,5516.603950561524,High,XGBoost,4338.373,27.952637
37,LADIESWEAR,520.2556838989258,736.9401,1034.0052881240845,High,XGBoost,419.8621,317.07803
37,LAWN AND GARDEN,453.0383520126343,655.1909,932.2577352523804,High,XGBoost,323.15414,332.03677
37,LINGERIE,1130.8438740491868,1177.1792,1278.1509522914887,High,XGBoost,35.56531,1141.6139
37,"LIQUOR,WINE,BEER",1366.0793838500977,1962.4034,2660.5391553344725,High,XGBoost,1877.5352,84.868286
37,MAGAZINES,974.9625282287598,1075.7822,1212.068546295166,High,XGBoost,101.30507,974.4772
37,MEATS,3152.8350487060547,3974.2815,5011.524292358398,High,XGBoost,3807.564,166.71753
37,PERSONAL CARE,3388.2996267089843,4284.787,5435.0653610839845,High,XGBoost,4279.247,5.540039
37,PET SUPPLIES,989.9966325759888,1087.2208,1221.1181318759918,High,XGBoost,92.56698,994.6539
37,PLAYERS AND ELECTRONICS,853.5760498046875,954.3958,1090.6820678710938,High,XGBoost,135.48056,818.9153
37,POULTRY,3753.8243612060546,4650.3115,5800.590095581055,High,XGBoost,4485.897,164.41455
37,PREPARED FOODS,981.5359039306641,1285.9752,1713.0296783447266,High,XGBoost,1000.0648,285.9104
37,PRODUCE,36632.2345734375,43311.97,55447.6142578125,High,XGBoost,43880.543,-568.5742
37,SCHOOL AND OFFICE SUPPLIES,1741.818588256836,1741.8186,1805.8162551879882,High,XGBoost,0.0,1741.8186
37,SEAFOOD,933.2374903321266,985.97235,1096.9045186042786,High,XGBoost,62.80937,923.16296
38,AUTOMOTIVE,1176.3765125274658,1255.0702,1377.0227599143982,High,XGBoost,70.300026,1184.7701
38,BABY CARE,7822.1372801750895,7849.758,7937.175391435623,High,XGBoost,24.377512,7825.3804
38,BEAUTY,1068.3840398788452,1228.7637,1452.57324051857,High,XGBoost,235.84361,992.92004
38,BEVERAGES,40245.1408234375,46924.875,59060.5205078125,High,XGBoost,47200.81,-275.9336
38,BOOKS,3958.0517088860274,3985.672,4073.0898201465607,High,XGBoost,24.377512,3961.2947
38,BREAD/BAKERY,6166.789362915039,7927.592,10143.999663208007,High,XGBoost,7860.4604,67.13135
38,CELEBRATION,677.277024269104,826.2725,1036.123291015625,High,XGBoost,208.23799,618.03455
38,CLEANING,14871.409607910156,18306.506,23791.820295898437,High,XGBoost,18335.584,-29.078125
38,DAIRY,11793.501647949219,13753.762,16216.199155761718,High,XGBoost,13813.732,-59.970703
38,DELI,2210.7774349975584,2900.9026,3740.3328198852537,High,XGBoost,2855.065,45.837646
38,EGGS,1305.510627746582,1865.3491,2529.5996495971676,High,XGBoost,1662.6488,202.70032
38,FROZEN FOODS,1458.322021484375,2054.646,2752.78179296875,High,XGBoost,1857.6083,197.03772
38,GROCERY I,56310.65107734375,62990.387,75126.03076171875,High,XGBoost,64055.047,-1064.6602
38,GROCERY II,540.0693349838257,756.9738,1054.03897190094,High,XGBoost,438.36215,318.61166
38,HARDWARE,1156.348495709896,1197.0698,1293.5234632968902,High,XGBoost,33.125523,1163.9443
38,HOME AND KITCHEN I,634.6467771530151,896.72784,1250.7322927322389,High,XGBoost,624.76227,271.96558
38,HOME AND KITCHEN II,877.3109703063965,1218.2358,1679.175494354248,High,XGBoost,1079.944,138.29187
38,HOME APPLIANCES,1344.3459044061601,1369.6985,1454.9869948387145,High,XGBoost,23.117798,1346.5807
38,HOME CARE,4222.422054321289,5384.8525,6863.170732055664,High,XGBoost,5342.2173,42.635254
38,LADIESWEAR,574.0355415344238,797.67346,1104.7378044128418,High,XGBoost,471.56024,326.11322
38,LAWN AND GARDEN,577.7306184768677,754.51025,1000.7070446014404,High,XGBoost,283.01984,471.49042
38,LINGERIE,986.038083076477,1083.2623,1217.15958237648,High,XGBoost,92.966064,990.29626
38,"LIQUOR,WINE,BEER",2163.9697936401367,2736.6003,3454.665922607422,High,XGBoost,2641.8389,94.761475
38,MAGAZINES,925.702522277832,1026.5222,1162.8085403442383,High,XGBoost,105.35083,921.1714
38,MEATS,2182.071301147461,2815.9158,3570.569317993164,High,XGBoost,2638.0542,177.86157
38,PERSONAL CARE,4990.762128540039,6219.678,7780.006542114258,High,XGBoost,6226.9414,-7.2631836
38,PET SUPPLIES,1021.8677606582642,1119.0919,1252.9892599582672,High,XGBoost,84.68543,1034.4065
38,PLAYERS AND ELECTRONICS,1015.8059387207031,1116.6257,1252.9119567871094,High,XGBoost,124.797325,991.8284
38,POULTRY,1781.1440687255858,2433.7488,3216.661208251953,High,XGBoost,2267.6514,166.09741
38,PREPARED FOODS,1055.9498558044434,1451.6031,1963.3705043029786,High,XGBoost,1159.5735,292.02966
38,PRODUCE,26924.66133125,33604.4,45740.041015625,High,XGBoost,34158.395,-553.9961
38,SCHOOL AND OFFICE SUPPLIES,3523.9149169921875,3523.9148,3587.9125839233398,High,XGBoost,0.0,3523.9148
38,SEAFOOD,614.8086166381836,781.1426,1017.3402166366577,High,XGBoost,237.30487,543.8377
39,AUTOMOTIVE,997.2589349746704,1094.4832,1228.3804342746735,High,XGBoost,99.31225,995.1709
39,BABY CARE,1396.9746522769333,1425.7349,1513.1524345874786,High,XGBoost,26.502172,1399.2327
39,BEAUTY,1301.3398287653922,1392.6307,1536.9756711483,High,XGBoost,111.4272,1281.2035
39,BEVERAGES,56325.67573554687,63005.41,75141.05541992188,High,XGBoost,66187.66,-3182.246
39,BOOKS,6342.198183761537,6369.8486,6457.266089677811,High,XGBoost,23.500814,6346.3477
39,BREAD/BAKERY,11134.108459472656,13094.368,15556.805967285156,High,XGBoost,13155.331,-60.96289
39,CELEBRATION,885.4647941589355,986.28455,1122.5708122253418,High,XGBoost,112.58886,873.6957
39,CLEANING,18827.306448046875,24917.107,35843.600860351566,High,XGBoost,25525.611,-608.5039
39,DAIRY,10270.283386230469,12230.543,14692.980894042968,High,XGBoost,12465.012,-234.46875
39,DELI,3303.982481994629,4181.7095,5303.729093688965,High,XGBoost,4134.012,47.697266
39,EGGS,6080.692465185547,8260.996,11717.060522705078,High,XGBoost,8399.801,-138.80469
39,FROZEN FOODS,1180.5229187011719,1630.9045,2193.4996916503906,High,XGBoost,1420.6036,210.3009
39,GROCERY I,77478.74458320312,84158.48,96294.12426757812,High,XGBoost,88420.09,-4261.617
39,GROCERY II,609.9589548110962,867.2641,1224.3243474960327,High,XGBoost,584.08887,283.17523
39,HARDWARE,1167.3702881008387,1204.3772,1298.4419529914856,High,XGBoost,31.631054,1172.7461
39,HOME AND KITCHEN I,475.50643825531006,685.23474,972.3007526397705,High,XGBoost,391.7704,293.46436
39,HOME AND KITCHEN II,489.500732421875,686.20483,953.2724914550781,High,XGBoost,366.8445,319.36032
39,HOME APPLIANCES,1321.3170408934354,1353.5892,1443.3957948684692,High,XGBoost,25.55599,1328.0332
39,HOME CARE,5037.59910522461,6333.001,7975.339254638671,High,XGBoost,6314.277,18.724121
39,LADIESWEAR,915.0811805725098,1027.8865,1180.5204162597656,High,XGBoost,139.93227,887.9542
39,LAWN AND GARDEN,593.476580619812,765.2316,1007.7777786254883,High,XGBoost,259.13663,506.095
39,LINGERIE,921.1491441726685,1093.1633,1327.5356330871582,High,XGBoost,303.38232,789.781
39,"LIQUOR,WINE,BEER",1016.2715797424316,1448.4104,1994.0629778747557,High,XGBoost,1278.2098,170.20056
39,MAGAZINES,1143.3578646183014,1208.13,1322.9157526493073,High,XGBoost,53.41559,1154.7144
39,MEATS,2488.858529418945,3160.2234,3971.3947916259767,High,XGBoost,2941.0525,219.1709
39,PERSONAL CARE,4342.752010375977,5505.1826,6983.500688110352,High,XGBoost,5508.4536,-3.270996
39,PET SUPPLIES,1034.7145805358887,1121.1521,1247.8825235366821,High,XGBoost,86.577774,1034.5743
39,PLAYERS AND ELECTRONICS,970.9775276184082,1071.7972,1208.0835456848145,High,XGBoost,138.22827,933.569
39,POULTRY,3475.5568930664062,4334.524,5428.284382080078,High,XGBoost,4154.7275,179.79639
39,PREPARED FOODS,911.7230911254883,1216.1624,1643.2168655395508,High,XGBoost,916.122,300.04034
39,PRODUCE,24356.82136542969,31036.557,43172.20104980469,High,XGBoost,31829.205,-792.64844
39,SCHOOL AND OFFICE SUPPLIES,1001.7573699951172,1184.8059,1437.3512754440308,High,XGBoost,277.9649,906.841
39,SEAFOOD,477.27963161468506,648.9071,891.453239440918,High,XGBoost,258.1966,390.7105
40,AUTOMOTIVE,1148.305623292923,1215.8461,1330.6318056583405,High,XGBoost,53.828556,1162.0175
40,BABY CARE,1390.2187515191733,1420.0563,1509.6029848098756,High,XGBoost,25.168337,1394.888
40,BEAUTY,1299.1324129104614,1400.4443,1551.6962976455688,High,XGBoost,126.14994,1274.2944
40,BEVERAGES,59954.24873359375,66633.984,78769.62841796875,High,XGBoost,68848.516,-2214.5312
40,BOOKS,6326.6878237776455,6353.7646,6441.182044267654,High,XGBoost,22.264723,6331.5
40,BREAD/BAKERY,5307.246962890626,6602.649,8244.987112304687,High,XGBoost,6619.4946,-16.845703
40,CELEBRATION,750.7040739059448,944.6398,1211.7074356079102,High,XGBoost,285.615,659.0248
40,CLEANING,21640.021731445315,28024.79,39555.85877978516,High,XGBoost,28824.695,-799.90625
40,DAIRY,8908.019073486328,10868.279,13330.716581298828,High,XGBoost,10984.76,-116.48047
40,DELI,4288.042349853516,5251.0156,6483.3038200683595,High,XGBoost,5235.84,15.175781
40,EGGS,2367.363625854492,3038.7285,3849.8998880615236,High,XGBoost,2885.2827,153.4458
40,FROZEN FOODS,1065.2479438781738,1424.4156,1902.2978427429198,High,XGBoost,1197.3402,227.07544
40,GROCERY I,78125.16474921875,84804.9,96940.54443359375,High,XGBoost,87595.19,-2790.289
40,GROCERY II,789.6213722229004,940.45917,1158.4838066101074,High,XGBoost,230.71043,709.7487
40,HARDWARE,1180.9728998586536,1217.4166,1311.4813054084777,High,XGBoost,31.648535,1185.7681
40,HOME AND KITCHEN I,604.8632831573486,868.90186,1235.9613018035889,High,XGBoost,645.52234,223.37952
40,HOME AND KITCHEN II,434.0546178817749,626.70044,893.7680950164795,High,XGBoost,313.0453,313.65515
40,HOME APPLIANCES,1255.7739396959544,1283.8278,1373.3745073318482,High,XGBoost,22.01279,1261.815
40,HOME CARE,5298.038833007813,6593.441,8235.778982421874,High,XGBoost,6552.09,41.351074
40,LADIESWEAR,4600.623904791474,4624.9287,4710.217448329926,High,XGBoost,20.101498,4604.827
40,LAWN AND GARDEN,1269.9595292180777,1294.5046,1379.793170070648,High,XGBoost,20.341595,1274.1631
40,LINGERIE,1014.8877201080322,1121.7002,1266.1603469848633,High,XGBoost,118.9187,1002.7815
40,"LIQUOR,WINE,BEER",784.1097221374512,1125.0345,1585.9742461853027,High,XGBoost,959.3228,165.71173
40,MAGAZINES,1136.0013015195727,1181.7102,1282.681889486313,High,XGBoost,33.237495,1148.4727
40,MEATS,1903.9714965820312,2500.2957,3198.431268066406,High,XGBoost,2294.0383,206.25732
40,PERSONAL CARE,4336.665944458008,5233.1533,6383.431678833008,High,XGBoost,5208.582,24.57129
40,PET SUPPLIES,1134.1380818247794,1186.8744,1292.3641727924346,High,XGBoost,44.209244,1142.6652
40,PLAYERS AND ELECTRONICS,986.622163772583,1080.2507,1211.7591443061829,High,XGBoost,88.56441,991.68634
40,POULTRY,2661.868508666992,3333.2334,4144.404770874024,High,XGBoost,3166.2896,166.94385
40,PREPARED FOODS,836.7958908081055,1141.2351,1568.289665222168,High,XGBoost,870.4748,270.7603
40,PRODUCE,17392.3881359375,21122.451,27212.34145996094,High,XGBoost,21611.646,-489.1953
40,SCHOOL AND OFFICE SUPPLIES,3490.5894470214844,3490.5894,3554.5871139526366,High,XGBoost,0.0,3490.5894
40,SEAFOOD,995.9322576880455,1038.1893,1144.603430366516,High,XGBoost,45.977646,992.2117
41,AUTOMOTIVE,938.1768054962158,1030.607,1165.511357307434,High,XGBoost,100.50206,930.105
41,BABY CARE,1620.6631430149077,1636.8508,1713.622965335846,High,XGBoost,16.029696,1620.8212
41,BEAUTY,1208.9502639770508,1379.7845,1614.1568984985352,High,XGBoost,237.68793,1142.0967
41,BEVERAGES,41640.428909375,48320.164,60455.80859375,High,XGBoost,48617.047,-296.8828
41,BOOKS,6330.432616567612,6346.59,6423.362024784088,High,XGBoost,15.999281,6330.5903
41,BREAD/BAKERY,6592.1316207275395,8485.905,10866.333392700195,High,XGBoost,8419.96,65.94531
41,CELEBRATION,763.2825880050659,897.7405,1091.2436332702637,High,XGBoost,177.38483,720.35565
41,CLEANING,15980.86803154297,20595.832,28499.449263671875,High,XGBoost,20786.436,-190.60352
41,DAIRY,10600.500378613282,12855.728,15922.740522460937,High,XGBoost,12967.998,-112.27051
41,DELI,3346.2670294799805,4290.48,5494.50937701416,High,XGBoost,4281.5444,8.935547
41,EGGS,1928.7297026367187,2562.5742,3317.227719482422,High,XGBoost,2376.2434,186.33081
41,FROZEN FOODS,2062.4836759643554,2715.0884,3498.0008154907227,High,XGBoost,2494.7458,220.34253
41,GROCERY I,56360.37690742187,63040.113,75175.75659179688,High,XGBoost,63908.29,-868.1758
41,GROCERY II,662.932689666748,940.4382,1327.4959602355957,High,XGBoost,640.0993,300.33887
41,HARDWARE,1159.3382437318564,1187.2034,1274.6209480762482,High,XGBoost,24.70387,1162.4995
41,HOME AND KITCHEN I,493.54636001586914,709.8183,1006.8834543228149,High,XGBoost,460.2645,249.5538
41,HOME AND KITCHEN II,536.6464443206787,746.81744,1033.8834552764893,High,XGBoost,423.91962,322.89783
41,HOME APPLIANCES,1259.6953770682214,1275.2297,1349.8728469371795,High,XGBoost,17.905329,1257.3245
41,HOME CARE,3468.8977880859375,4431.871,5664.159258300781,High,XGBoost,4390.633,41.23828
41,LADIESWEAR,581.9454040527344,792.0915,1079.1574878692627,High,XGBoost,418.4669,373.6246
41,LAWN AND GARDEN,450.72566318511963,641.5718,912.290132522583,High,XGBoost,298.31262,343.25916
41,LINGERIE,921.6053504943848,1022.4251,1158.711368560791,High,XGBoost,114.80019,907.62494
41,"LIQUOR,WINE,BEER",1404.499883972168,1946.6129,2605.237278869629,High,XGBoost,1849.1774,97.43555
41,MAGAZINES,904.7692604064941,1005.589,1141.8752784729004,High,XGBoost,99.207275,906.3817
41,MEATS,3052.8366664428713,3780.4822,4676.430296691895,High,XGBoost,3612.2522,168.22998
41,PERSONAL CARE,5308.413837768555,6803.2734,8691.641194702148,High,XGBoost,6816.877,-13.603516
41,PET SUPPLIES,939.7494640350342,1048.4746,1201.1085357666016,High,XGBoost,147.80856,900.666
41,PLAYERS AND ELECTRONICS,922.2299289703369,1015.8585,1147.3669095039368,High,XGBoost,95.2129,920.6456
41,POULTRY,2734.68585144043,3518.612,4499.336849731445,High,XGBoost,3341.9746,176.63745
41,PREPARED FOODS,746.4195251464844,1050.8588,1477.9132995605469,High,XGBoost,758.24554,292.61322
41,PRODUCE,28943.15388496094,35622.89,47758.53356933594,High,XGBoost,36154.797,-531.90625
41,SCHOOL AND OFFICE SUPPLIES,1155.091709136963,1155.0917,1219.0893760681151,High,XGBoost,0.0,1155.0917
41,SEAFOOD,906.0872760623694,953.6992,1060.6330392837524,High,XGBoost,60.031197,893.668
42,AUTOMOTIVE,1362.643711555004,1411.0752,1512.3067689418792,High,XGBoost,37.582108,1373.493
42,BABY CARE,8110.741959190369,8126.978,8203.75017786026,High,XGBoost,16.038687,8110.9395
42,BEAUTY,1252.31245803833,1406.2,1624.2245712280273,High,XGBoost,207.34575,1198.8542
42,BEVERAGES,39614.37861640625,46294.113,58429.75830078125,High,XGBoost,46674.145,-380.03125
42,BOOKS,6330.235611534119,6346.4717,6423.24383020401,High,XGBoost,16.038687,6330.433
42,BREAD/BAKERY,6935.839111328125,8896.099,11358.536619140625,High,XGBoost,8810.296,85.802734
42,CELEBRATION,906.6517162322998,1008.37274,1150.443918466568,High,XGBoost,114.60317,893.7696
42,CLEANING,12244.240783691406,14204.5,16666.938291503906,High,XGBoost,14224.61,-20.110352
42,DAIRY,12491.257031445313,14746.484,17813.49717529297,High,XGBoost,14841.59,-95.10547
42,DELI,2416.6133295898435,3163.019,4087.2260825195312,High,XGBoost,3131.6116,31.40747
42,EGGS,2050.098789855957,2683.9434,3438.59680670166,High,XGBoost,2494.246,189.69727
42,FROZEN FOODS,1570.8125381469727,2167.1367,2865.2723096313475,High,XGBoost,1978.7731,188.36365
42,GROCERY I,49664.19502265625,56343.93,68479.57470703125,High,XGBoost,57676.184,-1332.2539
42,GROCERY II,572.3233528137207,822.895,1169.9561195373535,High,XGBoost,519.30615,303.58887
42,HARDWARE,1178.3646778136492,1205.9349,1293.3525612354279,High,XGBoost,22.065239,1183.8698
42,HOME AND KITCHEN I,550.9723148345947,761.1433,1048.2093257904053,High,XGBoost,462.14395,298.99936
42,HOME AND KITCHEN II,674.3024196624756,853.9199,1101.9421091079712,High,XGBoost,328.02402,525.8959
42,HOME APPLIANCES,1248.8313960790633,1264.7932,1341.5654168128967,High,XGBoost,16.341616,1248.4515
42,HOME CARE,3146.3211600341797,4005.288,5099.0486490478515,High,XGBoost,3969.9148,35.37329
42,LADIESWEAR,499.9440584182739,707.898,994.9640026092529,High,XGBoost,364.52548,343.37253
42,LAWN AND GARDEN,580.8767728805542,851.6488,1228.7074174880981,High,XGBoost,585.89056,265.75824
42,LINGERIE,917.2326887011528,1028.7515,1188.4371744155883,High,XGBoost,150.4835,878.26794
42,"LIQUOR,WINE,BEER",1025.9541664123535,1476.3358,2038.9309393615722,High,XGBoost,1371.1642,105.17163
42,MAGAZINES,1067.5846223831177,1150.4265,1274.768046617508,High,XGBoost,82.57967,1067.8468
42,MEATS,3349.0769736328125,4208.044,5301.804462646484,High,XGBoost,4046.602,161.4419
42,PERSONAL CARE,3240.1325979614257,4117.86,5239.879209655762,High,XGBoost,4112.0103,5.8496094
42,PET SUPPLIES,978.8114309310913,1068.8445,1197.963892698288,High,XGBoost,85.3344,983.5101
42,PLAYERS AND ELECTRONICS,978.0461568832397,1068.0792,1197.1986186504364,High,XGBoost,89.206924,978.8723
42,POULTRY,3416.62243560791,4294.3496,5416.369047302246,High,XGBoost,4127.6636,166.68604
42,PREPARED FOODS,749.6005973815918,1054.0399,1481.0943717956543,High,XGBoost,765.9636,288.0763
42,PRODUCE,36424.986404492185,43104.723,55240.36608886719,High,XGBoost,43691.99,-587.2656
42,SCHOOL AND OFFICE SUPPLIES,3909.097686767578,3909.0977,3973.095353698731,High,XGBoost,0.0,3909.0977
42,SEAFOOD,558.5490465164185,729.031,965.2286329269409,High,XGBoost,258.37073,470.66028
43,AUTOMOTIVE,1313.952474117279,1381.6129,1496.3986093997955,High,XGBoost,61.702637,1319.9103
43,BABY CARE,1412.3106474280357,1440.4279,1527.8454430103302,High,XGBoost,25.706701,1414.7212
43,BEAUTY,1323.9104593157767,1421.6816,1570.804470872879,High,XGBoost,120.52134,1301.1603
43,BEVERAGES,75167.46821601562,81847.2,93982.84790039062,High,XGBoost,84462.17,-2614.9688
43,BOOKS,6304.339457213879,6332.396,6419.8134224414825,High,XGBoost,25.497019,6306.899
43,BREAD/BAKERY,7590.5260009765625,9550.786,12013.223508789062,High,XGBoost,9617.363,-66.57715
43,CELEBRATION,535.0401525497437,725.4651,992.5327415466309,High,XGBoost,287.10922,438.35587
43,CLEANING,15588.327906640625,19613.357,26307.82386669922,High,XGBoost,20023.023,-409.66602
43,DAIRY,9399.028259277344,11359.288,13821.725767089843,High,XGBoost,11527.744,-168.45605
43,DELI,3848.676045776367,4745.1636,5895.441780151367,High,XGBoost,4726.0054,19.158203
43,EGGS,3114.117417663574,3870.7283,4792.1685383911135,High,XGBoost,3695.6228,175.10547
43,FROZEN FOODS,872.126823425293,1231.2944,1709.176722290039,High,XGBoost,1038.0696,193.22485
43,GROCERY I,72233.15010078125,78912.88,91048.52978515625,High,XGBoost,81319.56,-2406.6797
43,GROCERY II,925.7024078369141,1038.5077,1191.14164352417,High,XGBoost,176.60391,861.9038
43,HARDWARE,3817.2777500241996,3845.1082,3932.5256493091583,High,XGBoost,24.349752,3820.7583
43,HOME AND KITCHEN I,688.9553699493408,866.6409,1109.1870880126953,High,XGBoost,312.4172,554.22375
43,HOME AND KITCHEN II,549.4121170043945,719.93384,962.4799613952637,High,XGBoost,257.43048,462.50336
43,HOME APPLIANCES,1391.8994246810676,1419.3909,1506.8084709644318,High,XGBoost,23.659834,1395.7311
43,HOME CARE,3280.0829153442382,4157.81,5279.829527038574,High,XGBoost,4119.0303,38.779785
43,LADIESWEAR,4635.14831674993,4662.4556,4749.873206377029,High,XGBoost,23.445263,4639.0103
43,LAWN AND GARDEN,996.5347890853882,1122.0663,1292.8732595443726,High,XGBoost,176.52776,945.5385
43,LINGERIE,1167.4042089909315,1203.5153,1295.450905942917,High,XGBoost,33.88294,1169.6323
43,"LIQUOR,WINE,BEER",1269.2821296081543,1683.6956,2223.7219007873537,High,XGBoost,1544.2195,139.47607
43,MAGAZINES,1116.2836908459662,1167.7395,1270.8403559684753,High,XGBoost,49.597603,1118.1418
43,MEATS,2816.600200683594,3638.0466,4675.289444335937,High,XGBoost,3435.8123,202.23438
43,PERSONAL CARE,3838.964087524414,4801.937,6034.225557739258,High,XGBoost,4763.79,38.146973
43,PET SUPPLIES,1140.3162527441978,1194.9088,1300.3985279560088,High,XGBoost,49.87159,1145.0372
43,PLAYERS AND ELECTRONICS,1188.3142797470093,1239.4407,1342.8012949943543,High,XGBoost,44.020878,1195.4198
43,POULTRY,3289.830959350586,4111.2773,5148.5202030029295,High,XGBoost,3929.9722,181.30518
43,PREPARED FOODS,1607.4238891601562,2203.748,2901.883660644531,High,XGBoost,1962.7715,240.97656
43,PRODUCE,16932.153846777343,21252.152,28551.19244287109,High,XGBoost,21740.945,-488.79297
43,SCHOOL AND OFFICE SUPPLIES,1121.6205554008484,1130.9879,1203.5019170761107,High,XGBoost,7.065364,1123.9226
43,SEAFOOD,1161.2495727539062,1161.2495,1225.2472396850585,High,XGBoost,0.0,1161.2495
44,AUTOMOTIVE,582.5086059570312,758.53345,1002.9049100875854,High,XGBoost,269.37485,489.1586
44,BABY CARE,8058.862369167805,8089.6333,8177.570764970779,High,XGBoost,27.934618,8061.6987
44,BEAUTY,500.5725154876709,698.758,969.4763088226318,High,XGBoost,360.34174,338.41626
44,BEVERAGES,157003.69209296876,163683.42,175819.07177734375,High,XGBoost,164848.16,-1164.7344
44,BOOKS,1828.8912006497383,1859.6622,1947.599596452713,High,XGBoost,27.934618,1831.7277
44,BREAD/BAKERY,21824.118972851564,28503.854,40639.49865722656,High,XGBoost,28352.834,151.01953
44,CELEBRATION,690.0388679504395,967.5444,1354.602138519287,High,XGBoost,610.02344,357.52094
44,CLEANING,38060.972732617185,44740.707,56876.35241699219,High,XGBoost,45126.68,-385.97266
44,DAIRY,36219.928299023435,42899.664,55035.30798339844,High,XGBoost,43433.94,-534.27734
44,DELI,8086.184812866211,9979.959,12360.386584838867,High,XGBoost,10009.394,-29.43457
44,EGGS,9085.786833129883,10979.561,13359.988605102539,High,XGBoost,10751.039,228.52148
44,FROZEN FOODS,6443.427236572265,8004.7725,9975.150329345703,High,XGBoost,7782.5547,222.21777
44,GROCERY I,158427.86494453126,165107.6,177243.24462890625,High,XGBoost,172850.44,-7742.8438
44,GROCERY II,1466.5931015014648,2062.9172,2761.0528729858397,High,XGBoost,1761.5664,301.35083
44,HARDWARE,1117.1204899907111,1172.4653,1278.4748707294464,High,XGBoost,54.106247,1118.3591
44,HOME AND KITCHEN I,1782.0434951782227,2378.3677,3076.5032666625975,High,XGBoost,2182.0603,196.30737
44,HOME AND KITCHEN II,1658.3677673339844,2254.692,2952.8275388183592,High,XGBoost,2072.2788,182.41309
44,HOME APPLIANCES,1254.9686721801759,1288.7137,1379.0400506973267,High,XGBoost,29.272982,1259.4408
44,HOME CARE,10580.903943066407,12836.131,15903.144086914062,High,XGBoost,12788.579,47.551758
44,LADIESWEAR,631.0310201644897,946.9796,1380.9775434341432,High,XGBoost,827.59906,119.380554
44,LAWN AND GARDEN,596.7947378158569,813.6992,1110.7643747329712,High,XGBoost,462.3884,351.31082
44,LINGERIE,745.9814109802246,1004.0272,1362.91282081604,High,XGBoost,542.1914,461.83582
44,"LIQUOR,WINE,BEER",4697.78693774414,5860.2173,7338.535615478516,High,XGBoost,5779.5977,80.61963
44,MAGAZINES,595.9574165344238,819.59534,1126.6596794128418,High,XGBoost,444.5281,375.06723
44,MEATS,12615.591236132812,15755.72,20636.459288085938,High,XGBoost,15623.667,132.05273
44,PERSONAL CARE,8205.80169519043,10099.576,12480.003467163086,High,XGBoost,10129.656,-30.080078
44,PET SUPPLIES,945.1133308410645,1267.7954,1711.7924800720216,High,XGBoost,919.3681,348.4273
44,PLAYERS AND ELECTRONICS,699.0085382461548,956.31366,1313.3739309310913,High,XGBoost,614.61316,341.7005
44,POULTRY,16782.031214746094,20807.062,27501.527174804687,High,XGBoost,20625.025,182.03711
44,PREPARED FOODS,4503.5937551269535,5400.081,6550.359489501953,High,XGBoost,5101.5107,298.5703
44,PRODUCE,145584.98506171876,152264.72,164400.36474609375,High,XGBoost,159424.28,-7159.5625
44,SCHOOL AND OFFICE SUPPLIES,778.9353361129761,1332.0404,1986.2917320022582,High,XGBoost,1675.8789,-343.8385
44,SEAFOOD,1414.1601905822754,1955.7559,2603.063837615967,High,XGBoost,1669.0626,286.69324
45,AUTOMOTIVE,597.9836845397949,743.55634,953.4071311950684,High,XGBoost,219.91823,523.6381
45,BABY CARE,8055.812600895762,8086.8574,8174.534928178788,High,XGBoost,27.342953,8059.5146
45,BEAUTY,902.7972373962402,1087.5159,1338.2357788085938,High,XGBoost,314.4402,773.0757
45,BEVERAGES,154504.45967109376,161184.19,173319.83935546875,High,XGBoost,162252.03,-1067.8438
45,BOOKS,4472.581132695079,4503.626,4591.303459978104,High,XGBoost,27.373367,4476.2524
45,BREAD/BAKERY,16155.449159667969,21065.38,29573.57302783203,High,XGBoost,20933.188,132.19336
45,CELEBRATION,625.0896863937378,841.99414,1139.059323310852,High,XGBoost,466.6467,375.34744
45,CLEANING,38012.33833320312,44692.074,56827.718017578125,High,XGBoost,45129.637,-437.5625
45,DAIRY,31699.5197296875,38379.254,50514.8994140625,High,XGBoost,38860.176,-480.92188
45,DELI,10579.030334472656,12539.29,15001.727842285156,High,XGBoost,12577.558,-38.26758
45,EGGS,5479.91166784668,6841.7993,8566.147553100585,High,XGBoost,6599.48,242.31934
45,FROZEN FOODS,4551.9255501708985,5780.842,7341.1699637451175,High,XGBoost,5540.8164,240.02539
45,GROCERY I,164520.1964875,171199.94,183335.576171875,High,XGBoost,180312.97,-9113.031
45,GROCERY II,2064.845129333496,2679.9294,3406.324023498535,High,XGBoost,2367.3994,312.53003
45,HARDWARE,1201.9469049334525,1249.9044,1353.0051814079284,High,XGBoost,39.191704,1210.7128
45,HOME AND KITCHEN I,1060.692481994629,1438.1029,1932.9277556762695,High,XGBoost,1168.4524,269.6505
45,HOME AND KITCHEN II,1103.8746452331543,1608.9847,2222.4075426330564,High,XGBoost,1418.7921,190.19263
45,HOME APPLIANCES,1209.1942133784294,1253.4417,1352.2842796325683,High,XGBoost,36.072094,1217.3695
45,HOME CARE,9870.466443066407,12125.693,15192.706586914062,High,XGBoost,12108.139,17.554688
45,LADIESWEAR,608.6177940368652,886.1233,1273.181064605713,High,XGBoost,722.98193,163.14136
45,LAWN AND GARDEN,749.2429027557373,1013.2815,1380.3409214019775,High,XGBoost,681.31854,331.96295
45,LINGERIE,1110.1615769386292,1212.3109,1361.6936935901642,High,XGBoost,113.28965,1099.0212
45,"LIQUOR,WINE,BEER",3048.990171447754,3843.1213,4821.0795375366215,High,XGBoost,3756.3286,86.792725
45,MAGAZINES,544.4906711578369,721.6109,972.3308715820312,High,XGBoost,248.53835,473.07257
45,MEATS,15591.421888378907,19321.484,25411.375212402345,High,XGBoost,19163.852,157.63281
45,PERSONAL CARE,9965.871472363282,12221.099,15288.111616210937,High,XGBoost,12263.075,-41.976562
45,PET SUPPLIES,586.0773544311523,809.7153,1116.7796173095703,High,XGBoost,427.3292,382.38608
45,PLAYERS AND ELECTRONICS,617.1156959533691,840.7536,1147.817958831787,High,XGBoost,464.56323,376.19037
45,POULTRY,17357.729188964844,22267.66,30775.853057128905,High,XGBoost,21958.695,308.96484
45,PREPARED FOODS,3534.256020263672,4393.223,5486.983509277344,High,XGBoost,4088.2837,304.93945
45,PRODUCE,98114.11299140625,104793.85,116929.49267578125,High,XGBoost,105343.2,-549.35156
45,SCHOOL AND OFFICE SUPPLIES,1386.6962858886718,2020.5408,2775.194302734375,High,XGBoost,2287.5054,-266.9646
45,SEAFOOD,1250.7470779418945,1664.6432,2193.353101257324,High,XGBoost,1356.4254,308.21777
46,AUTOMOTIVE,986.4737672805786,1103.6056,1264.4133682250977,High,XGBoost,163.04866,940.55695
46,BABY CARE,8044.716642379761,8070.414,8157.831824541092,High,XGBoost,21.050894,8049.3633
46,BEAUTY,519.109296798706,719.5416,996.6084394454956,High,XGBoost,387.96964,331.572
46,BEVERAGES,98595.66865546875,105275.41,117411.04833984375,High,XGBoost,105801.09,-525.6875
46,BOOKS,1784.670978462696,1811.6213,1899.0389549732208,High,XGBoost,23.914343,1787.707
46,BREAD/BAKERY,13848.991187109375,16694.152,20970.316603027342,High,XGBoost,16622.312,71.83984
46,CELEBRATION,565.8156003952026,726.69025,952.8887138366699,High,XGBoost,232.82408,493.86615
46,CLEANING,35241.05122382812,41920.785,54056.430908203125,High,XGBoost,42368.902,-448.1172
46,DAIRY,21176.243118359376,27855.979,39991.622802734375,High,XGBoost,28278.465,-422.48633
46,DELI,11380.418652539063,13635.6455,16702.658796386717,High,XGBoost,13698.901,-63.25586
46,EGGS,2234.9048932495116,2906.2698,3717.441155456543,High,XGBoost,2657.77,248.49976
46,FROZEN FOODS,3381.6521416015626,4203.0986,5240.341385253906,High,XGBoost,3964.4973,238.60132
46,GROCERY I,152025.06709296876,158704.8,170840.44677734375,High,XGBoost,166786.52,-8081.7188
46,GROCERY II,816.8506698608398,1121.2899,1548.3444442749023,High,XGBoost,761.32513,359.96478
46,HARDWARE,1199.4217866897584,1244.289,1343.3914207458497,High,XGBoost,32.83452,1211.4545
46,HOME AND KITCHEN I,730.8747968673706,1001.64685,1378.7054414749146,High,XGBoost,659.6031,342.04376
46,HOME AND KITCHEN II,594.0330095291138,824.40436,1141.4678983688354,High,XGBoost,537.8355,286.56885
46,HOME APPLIANCES,1273.4132309675217,1307.8984,1400.0939586162567,High,XGBoost,27.291862,1280.6066
46,HOME CARE,9257.353454589844,11217.613,13680.050962402343,High,XGBoost,11201.694,15.918945
46,LADIESWEAR,626.0110063552856,910.24994,1307.306902885437,High,XGBoost,755.31415,154.93579
46,LAWN AND GARDEN,607.1275281906128,850.96576,1188.027668952942,High,XGBoost,530.12805,320.8377
46,LINGERIE,868.0837097167969,1081.5219,1379.8487484455109,High,XGBoost,374.53293,706.9889
46,"LIQUOR,WINE,BEER",1563.475052520752,2179.0767,2916.7876945495605,High,XGBoost,2075.4775,103.59912
46,MAGAZINES,1071.531436920166,1157.9689,1284.6993799209595,High,XGBoost,98.812225,1059.1566
46,MEATS,14566.733325976562,17706.861,22587.601377929688,High,XGBoost,17610.262,96.59961
46,PERSONAL CARE,10713.52042866211,12968.747,16035.760572509766,High,XGBoost,12964.117,4.629883
46,PET SUPPLIES,575.6151266098022,792.5196,1089.5847635269165,High,XGBoost,411.121,381.3986
46,PLAYERS AND ELECTRONICS,748.9036779403687,1019.6757,1396.7343225479126,High,XGBoost,652.8151,366.8606
46,POULTRY,11650.732995996093,14200.928,17872.515775878906,High,XGBoost,13972.6,228.32812
46,PREPARED FOODS,2062.5020567626952,2696.3467,3451.0000736083985,High,XGBoost,2397.478,298.86865
46,PRODUCE,40862.98127753906,47542.715,59678.36096191406,High,XGBoost,47804.184,-261.46875
46,SCHOOL AND OFFICE SUPPLIES,859.3571821899413,1383.7449,2036.7429501342772,High,XGBoost,1614.4402,-230.69531
46,SEAFOOD,911.4085235595703,1215.8478,1642.9022979736328,High,XGBoost,869.0569,346.7909
47,AUTOMOTIVE,810.8822746276855,944.69464,1130.0239295959473,High,XGBoost,193.3634,751.33124
47,BABY CARE,8046.444377577305,8068.454,8151.613509130478,High,XGBoost,19.350513,8049.1035
47,BEAUTY,591.0082559585571,788.30493,1057.1978921890259,High,XGBoost,381.33356,406.97137
47,BEVERAGES,142788.95185859376,149468.69,161604.33154296875,High,XGBoost,150173.6,-704.90625
47,BOOKS,1562.2253812909125,1584.3888,1667.5482549190522,High,XGBoost,19.504255,1564.8845
47,BREAD/BAKERY,15372.223109277344,19397.254,26091.719069335937,High,XGBoost,19290.352,106.90234
47,CELEBRATION,627.1257314682007,844.0302,1141.095368385315,High,XGBoost,459.29282,384.7374
47,CLEANING,34924.00459296875,41603.74,53739.38427734375,High,XGBoost,41883.38,-279.64062
47,DAIRY,30982.41755683594,37662.152,49797.79724121094,High,XGBoost,38046.152,-384.0
47,DELI,9943.27001953125,11903.529,14365.96752734375,High,XGBoost,11939.482,-35.953125
47,EGGS,5282.206861206055,6511.123,8071.451274780274,High,XGBoost,6271.2383,239.88477
47,FROZEN FOODS,3851.9761572265625,4814.949,6047.237627441406,High,XGBoost,4569.591,245.3584
47,GROCERY I,156731.4142609375,163411.16,175546.7939453125,High,XGBoost,171278.36,-7867.203
47,GROCERY II,947.4088745117188,1270.091,1714.088023742676,High,XGBoost,922.6797,347.41125
47,HARDWARE,1223.2363162994384,1261.845,1354.3003581523894,High,XGBoost,30.688953,1231.156
47,HOME AND KITCHEN I,955.7233047485352,1314.891,1792.773203613281,High,XGBoost,1060.2188,254.67224
47,HOME AND KITCHEN II,1122.7535591125488,1591.378,2170.915706878662,High,XGBoost,1382.7803,208.59778
47,HOME APPLIANCES,1227.1499087840318,1265.0521,1357.5074580669402,High,XGBoost,31.546822,1233.5052
47,HOME CARE,9787.561340332031,11747.821,14210.258848144531,High,XGBoost,11721.43,26.391602
47,LADIESWEAR,641.8831338882446,926.1221,1323.179030418396,High,XGBoost,757.3111,168.81097
47,LAWN AND GARDEN,646.3763904571533,910.415,1277.4744091033936,High,XGBoost,590.6717,319.7433
47,LINGERIE,1101.6328627228736,1223.9841,1411.0235713481902,High,XGBoost,183.43546,1040.5487
47,"LIQUOR,WINE,BEER",2677.595968261719,3386.4812,4254.170475830078,High,XGBoost,3320.1633,66.31787
47,MAGAZINES,911.6778039932251,1035.8632,1204.844799041748,High,XGBoost,166.33412,869.52905
47,MEATS,14085.370386132812,16635.564,20307.153166015625,High,XGBoost,16487.75,147.81445
47,PERSONAL CARE,10325.919079785157,12581.146,15648.159223632812,High,XGBoost,12623.964,-42.817383
47,PET SUPPLIES,562.8246431350708,772.3016,1059.3675708770752,High,XGBoost,391.06943,381.23215
47,PLAYERS AND ELECTRONICS,641.4439697265625,865.08185,1172.1462326049805,High,XGBoost,498.28818,366.79367
47,POULTRY,15913.483510058595,20528.45,28432.0647421875,High,XGBoost,20306.502,221.94727
47,PREPARED FOODS,3126.0185814208985,3947.465,4984.707825073242,High,XGBoost,3645.7974,301.66772
47,PRODUCE,87174.66914375,93854.41,105990.048828125,High,XGBoost,94535.25,-680.84375
47,SCHOOL AND OFFICE SUPPLIES,625.0520973205566,1148.405,1778.7703695373534,High,XGBoost,1457.9279,-309.52283
47,SEAFOOD,963.5080337524414,1340.9185,1835.743307434082,High,XGBoost,1023.23755,317.6809
48,AUTOMOTIVE,906.9965991973877,1030.6858,1199.6674156188965,High,XGBoost,178.30305,852.38275
48,BABY CARE,8047.779786629975,8072.928,8158.216776943207,High,XGBoost,22.906128,8050.022
48,BEAUTY,540.0070838928223,745.8008,1032.8668155670166,High,XGBoost,413.43393,332.36685
48,BEVERAGES,74195.7873078125,80875.52,93011.1669921875,High,XGBoost,80991.48,-115.953125
48,BOOKS,5333.978181405366,5359.1265,5444.415171718598,High,XGBoost,22.906128,5336.22
48,BREAD/BAKERY,11752.805005078126,14008.032,17075.04514892578,High,XGBoost,13927.334,80.69824
48,CELEBRATION,575.8708276748657,779.3084,1056.3752126693726,High,XGBoost,371.36884,407.93958
48,CLEANING,30079.049270703126,36758.785,48894.428955078125,High,XGBoost,37101.695,-342.91016
48,DAIRY,17047.681825683594,21957.613,30465.80569384766,High,XGBoost,22217.77,-260.15625
48,DELI,9006.910247802734,10967.17,13429.607755615234,High,XGBoost,11016.375,-49.20508
48,EGGS,1771.620417602539,2424.225,3207.1375571289063,High,XGBoost,2175.5486,248.67651
48,FROZEN FOODS,2784.5046962280276,3512.1501,4408.098326477051,High,XGBoost,3265.413,246.73706
48,GROCERY I,131697.987503125,138377.72,150513.3671875,High,XGBoost,141600.98,-3223.2656
48,GROCERY II,821.1806640625,1125.6199,1552.6744384765625,High,XGBoost,757.2314,368.3885
48,HARDWARE,1295.6280575186015,1329.5513,1419.617720222473,High,XGBoost,28.568008,1300.9833
48,HOME AND KITCHEN I,619.1409702301025,883.17957,1250.2389888763428,High,XGBoost,588.3706,294.80896
48,HOME AND KITCHEN II,813.9663572311401,1148.1577,1599.098255317688,High,XGBoost,899.42,248.73773
48,HOME APPLIANCES,1312.9132238666527,1351.5977,1446.1821522712708,High,XGBoost,29.65,1321.9476
48,HOME CARE,8183.464538574219,10143.725,12606.162046386718,High,XGBoost,10104.824,38.90039
48,LADIESWEAR,641.6291818618774,925.8681,1322.9250783920288,High,XGBoost,743.3347,182.53339
48,LAWN AND GARDEN,869.3131284713745,1027.7762,1249.4515209197998,High,XGBoost,241.79521,785.981
48,LINGERIE,1234.853919327259,1275.6448,1370.229233264923,High,XGBoost,37.880207,1237.7645
48,"LIQUOR,WINE,BEER",1525.5596968383788,2122.9185,2843.6869640502928,High,XGBoost,2018.8959,104.02258
48,MAGAZINES,1118.9678859710693,1198.2142,1320.1667914390564,High,XGBoost,75.56678,1122.6475
48,MEATS,12784.86691953125,15630.028,19906.192335449217,High,XGBoost,15506.957,123.07129
48,PERSONAL CARE,10360.479138378907,12615.706,15682.719282226562,High,XGBoost,12631.303,-15.59668
48,PET SUPPLIES,590.7138671875,801.5253,1090.4166803359985,High,XGBoost,382.92255,418.60278
48,PLAYERS AND ELECTRONICS,578.2988510131836,801.93677,1109.0011138916016,High,XGBoost,431.4167,370.52008
48,POULTRY,11716.652856835937,14266.847,17938.43563671875,High,XGBoost,14071.749,195.09766
48,PREPARED FOODS,1452.630599975586,1866.5267,2395.2366232910153,High,XGBoost,1540.0718,326.45496
48,PRODUCE,26212.350540234376,32892.086,45027.730224609375,High,XGBoost,33227.992,-335.90625
48,SCHOOL AND OFFICE SUPPLIES,692.4753789901733,1190.852,1794.2756504287718,High,XGBoost,1351.5991,-160.74707
48,SEAFOOD,602.2096061706543,837.0394,1164.1021175384521,High,XGBoost,468.95685,368.08258
49,AUTOMOTIVE,951.9799890518188,1056.7902,1201.250301361084,High,XGBoost,142.69507,914.0951
49,BABY CARE,8049.424466073513,8083.1006,8172.907269477844,High,XGBoost,32.423973,8050.677
49,BEAUTY,1025.330307006836,1208.4128,1459.1328735351562,High,XGBoost,285.06375,923.3491
49,BEVERAGES,112912.61055,119592.34,131727.990234375,High,XGBoost,119908.91,-316.5625
49,BOOKS,5338.925717294216,5372.602,5462.408520698547,High,XGBoost,32.423973,5340.178
49,BREAD/BAKERY,15438.429457714845,20643.328,29756.095961914063,High,XGBoost,20502.99,140.33789
49,CELEBRATION,584.6698989868164,800.25836,1097.3235521316528,High,XGBoost,377.62344,422.63492
49,CLEANING,27176.52546699219,33856.26,45991.90515136719,High,XGBoost,34020.51,-164.25
49,DAIRY,31391.933792187498,38071.668,50207.3134765625,High,XGBoost,38431.758,-360.08984
49,DELI,6493.6557248535155,8187.972,10322.37028930664,High,XGBoost,8210.206,-22.233887
49,EGGS,6763.857601806641,8591.1455,10889.563637939453,High,XGBoost,8356.85,234.2959
49,FROZEN FOODS,5228.755723022461,6590.6436,8314.991608276367,High,XGBoost,6343.495,247.14844
49,GROCERY I,124460.60127265625,131140.34,143275.98095703125,High,XGBoost,133776.88,-2636.5312
49,GROCERY II,1070.4108772277832,1393.0929,1837.0900264587403,High,XGBoost,1050.6096,342.48328
49,HARDWARE,1214.1555526256561,1268.5326,1376.1513929367065,High,XGBoost,43.15435,1225.3783
49,HOME AND KITCHEN I,1039.7678184509277,1398.9355,1876.8177173156737,High,XGBoost,1114.1829,284.7527
49,HOME AND KITCHEN II,791.374397277832,1095.8137,1522.8681716918945,High,XGBoost,885.53656,210.27716
49,HOME APPLIANCES,1244.6225718617438,1296.6057,1402.0955341815948,High,XGBoost,41.3002,1255.3055
49,HOME CARE,6948.197721801758,8841.972,11222.399493774414,High,XGBoost,8817.318,24.65332
49,LADIESWEAR,473.3030376434326,710.40784,1037.470552444458,High,XGBoost,497.96594,212.4419
49,LAWN AND GARDEN,644.3267068862915,901.63184,1258.692099571228,High,XGBoost,573.0078,328.62402
49,LINGERIE,788.849024772644,993.76794,1274.4854440689087,High,XGBoost,375.5368,618.23114
49,"LIQUOR,WINE,BEER",3363.243725158691,4431.873,5768.896789489746,High,XGBoost,4349.304,82.56885
49,MAGAZINES,543.3514776229858,712.3429,954.8890380859375,High,XGBoost,243.18375,469.15915
49,MEATS,11971.074609765625,14521.269,18192.857389648438,High,XGBoost,14407.864,113.4043
49,PERSONAL CARE,6967.943083129883,8861.717,11242.144855102539,High,XGBoost,8870.532,-8.81543
49,PET SUPPLIES,514.9571580886841,706.5694,973.6370162963867,High,XGBoost,271.97217,434.59723
49,PLAYERS AND ELECTRONICS,605.5692958831787,815.7403,1102.8063068389893,High,XGBoost,433.1185,382.6218
49,POULTRY,15148.665162109375,18583.762,24069.075850097655,High,XGBoost,18406.895,176.86719
49,PREPARED FOODS,3415.3868856811523,4293.114,5415.133497375488,High,XGBoost,3993.9636,299.15015
49,PRODUCE,119932.4201203125,126612.16,138747.7998046875,High,XGBoost,130285.79,-3673.6328
49,SCHOOL AND OFFICE SUPPLIES,976.3842070922851,1518.4973,2177.121601989746,High,XGBoost,1809.4941,-290.99683
49,SEAFOOD,1097.8968620300293,1457.0646,1934.9467608947753,High,XGBoost,1140.3792,316.68542
50,AUTOMOTIVE,1018.2541036605835,1122.3434,1270.1993832588196,High,XGBoost,130.28384,992.0596
50,BABY CARE,8046.946957264375,8071.1274,8156.4158431053165,High,XGBoost,21.049574,8050.0776
50,BEAUTY,740.3586320877075,931.81067,1192.5297994613647,High,XGBoost,330.3143,601.49634
50,BEVERAGES,70017.2560578125,76696.99,88832.6357421875,High,XGBoost,77020.52,-323.53125
50,BOOKS,1625.3796228866092,1649.7803,1735.0688506126403,High,XGBoost,22.326986,1627.4532
50,BREAD/BAKERY,8499.664184570312,10459.924,12922.361692382812,High,XGBoost,10396.226,63.698242
50,CELEBRATION,630.0977573394775,867.2026,1194.265272140503,High,XGBoost,501.0677,366.1349
50,CLEANING,23869.449661328126,30549.186,42684.829345703125,High,XGBoost,30650.803,-101.61719
50,DAIRY,16333.225977929687,20358.256,27052.72193798828,High,XGBoost,20542.387,-184.13086
50,DELI,6815.605097778321,8576.407,10792.815398071289,High,XGBoost,8562.381,14.026367
50,EGGS,1590.139949798584,2168.2212,2849.414346466064,High,XGBoost,1927.2977,240.92346
50,FROZEN FOODS,2241.0662686157225,2931.1914,3770.6216535034177,High,XGBoost,2695.0635,236.12793
50,GROCERY I,102262.2794953125,108942.016,121077.6591796875,High,XGBoost,111091.47,-2149.4531
50,GROCERY II,1545.9923706054688,2105.8308,2770.0813924560543,High,XGBoost,1776.7145,329.11633
50,HARDWARE,1265.1103080993519,1293.6959,1381.1135857105255,High,XGBoost,28.066391,1265.6295
50,HOME AND KITCHEN I,850.1545104980469,1154.5938,1581.6482849121094,High,XGBoost,856.97046,297.6233
50,HOME AND KITCHEN II,750.6440467834473,1055.0833,1482.1378211975098,High,XGBoost,789.002,266.08124
50,HOME APPLIANCES,1277.9983511567116,1308.4078,1396.0852821826934,High,XGBoost,29.233915,1279.174
50,HOME CARE,6498.341609008789,8259.145,10475.551909301757,High,XGBoost,8176.236,82.90869
50,LADIESWEAR,589.3806648254395,885.12897,1289.1293102111817,High,XGBoost,654.493,230.63599
50,LAWN AND GARDEN,928.3457765579224,1037.5555,1187.800493478775,High,XGBoost,152.98341,884.57214
50,LINGERIE,1175.9602782249451,1229.9773,1335.7268604755402,High,XGBoost,45.42533,1184.552
50,"LIQUOR,WINE,BEER",1736.0638669433592,2407.4287,3218.600129150391,High,XGBoost,2298.496,108.93262
50,MAGAZINES,996.5405187606812,1104.2517,1256.885612487793,High,XGBoost,121.3764,982.8753
50,MEATS,8099.131407104493,9992.905,12373.333179077148,High,XGBoost,9846.097,146.8086
50,PERSONAL CARE,7114.017973266602,9007.792,11388.219745239257,High,XGBoost,9014.446,-6.654297
50,PET SUPPLIES,888.827145576477,1017.3893,1194.5447273254395,High,XGBoost,187.84045,829.5488
50,PLAYERS AND ELECTRONICS,578.6965961456299,788.8676,1075.9336071014404,High,XGBoost,409.21893,379.64868
50,POULTRY,5977.412066162109,7405.7856,9212.143687255859,High,XGBoost,7202.864,202.92188
50,PREPARED FOODS,1093.5366516113281,1470.9471,1965.7719252929687,High,XGBoost,1130.2435,340.7036
50,PRODUCE,30690.41804511719,37370.152,49505.79772949219,High,XGBoost,37642.684,-272.53125
50,SCHOOL AND OFFICE SUPPLIES,714.8873443603516,1193.6353,1780.1163452529906,High,XGBoost,1300.4248,-106.78955
50,SEAFOOD,556.200587272644,726.73474,964.7577362060547,High,XGBoost,269.60352,457.13123
51,AUTOMOTIVE,1181.8984289169312,1271.9315,1401.0508906841278,High,XGBoost,80.32237,1191.6091
51,BABY CARE,7859.782385222614,7879.8354,7960.865954208374,High,XGBoost,17.569643,7862.2656
51,BEAUTY,1282.731647491455,1435.042,1648.2886776924133,High,XGBoost,216.50296,1218.5391
51,BEVERAGES,69097.58589179687,75777.32,87912.96557617188,High,XGBoost,76159.14,-381.8203
51,BOOKS,1514.852064757049,1535.2793,1616.3097179412841,High,XGBoost,18.356012,1516.9233
51,BREAD/BAKERY,12538.838086132813,14794.065,17861.078229980467,High,XGBoost,14700.708,93.35742
51,CELEBRATION,894.8895654678345,992.1138,1126.0110647678375,High,XGBoost,104.762505,887.35126
51,CLEANING,18801.282156054687,24891.082,35817.57656835938,High,XGBoost,24967.95,-76.86719
51,DAIRY,20206.944216796877,26591.713,38122.78126513672,High,XGBoost,26868.064,-276.35156
51,DELI,3601.1331228027343,4497.6206,5647.8988571777345,High,XGBoost,4491.965,5.6557617
51,EGGS,4975.520853393555,6071.4653,7467.773795288086,High,XGBoost,5864.2114,207.2539
51,FROZEN FOODS,3645.7189474487304,4523.4463,5645.4655591430665,High,XGBoost,4333.7144,189.73193
51,GROCERY I,78283.1916046875,84962.93,97098.5712890625,High,XGBoost,86106.86,-1143.9297
51,GROCERY II,758.0332746505737,1055.7391,1472.7944231033325,High,XGBoost,713.63544,342.1037
51,HARDWARE,1189.76281247437,1218.9849,1306.6622932910918,High,XGBoost,23.552254,1195.4326
51,HOME AND KITCHEN I,683.333399772644,954.10547,1331.164044380188,High,XGBoost,688.6897,265.41577
51,HOME AND KITCHEN II,671.3506317138672,975.7899,1402.8444061279297,High,XGBoost,769.84015,205.94977
51,HOME APPLIANCES,1223.0367257833482,1256.9418,1348.8774272441865,High,XGBoost,26.928629,1230.0132
51,HOME CARE,4895.492533081055,5991.437,7387.745474975586,High,XGBoost,5958.3228,33.114258
51,LADIESWEAR,1103.908733522892,1158.5009,1263.9905689716338,High,XGBoost,46.067413,1112.4335
51,LAWN AND GARDEN,764.9215497970581,1080.8702,1514.8680730667115,High,XGBoost,784.8366,296.03363
51,LINGERIE,935.5906658172607,1029.2192,1160.7276463508606,High,XGBoost,83.429375,945.78986
51,"LIQUOR,WINE,BEER",1831.933808654785,2503.2986,3314.4700708618166,High,XGBoost,2405.854,97.44458
51,MAGAZINES,913.1639423370361,1019.97644,1164.4365692138672,High,XGBoost,136.29517,883.6813
51,MEATS,8504.954602246095,10760.182,13827.19474609375,High,XGBoost,10700.422,59.759766
51,PERSONAL CARE,4030.5298986816406,4993.503,6225.7913688964845,High,XGBoost,4980.923,12.580078
51,PET SUPPLIES,480.7762746810913,662.77155,921.6653499603271,High,XGBoost,248.4122,414.35934
51,PLAYERS AND ELECTRONICS,1004.7176580429077,1118.9833,1279.7910041809082,High,XGBoost,134.0514,984.9319
51,POULTRY,14496.922449121093,17047.117,20718.705229003906,High,XGBoost,17651.986,-604.86914
51,PREPARED FOODS,1615.4197158813477,2211.744,2909.8794873657225,High,XGBoost,1941.786,269.9579
51,PRODUCE,79898.12373359375,86577.86,98713.50341796875,High,XGBoost,88306.32,-1728.4609
51,SCHOOL AND OFFICE SUPPLIES,1079.7349461317062,1084.3282,1152.5841235160826,High,XGBoost,3.4946866,1080.8336
51,SEAFOOD,772.0072822570801,1076.4465,1503.5010566711426,High,XGBoost,773.4815,302.96503
52,AUTOMOTIVE,898.2382764816284,1012.5386,1173.3463325500488,High,XGBoost,152.35387,860.1847
52,BABY CARE,8575.496496975422,8608.122,8697.928204536438,High,XGBoost,28.14756,8579.975
52,BEAUTY,1240.8271980285645,1409.808,1644.180290222168,High,XGBoost,267.181,1142.627
52,BEVERAGES,64926.80757148437,71606.54,83742.18725585938,High,XGBoost,72037.51,-430.96875
52,BOOKS,7057.014014065266,7089.639,7179.445721626282,High,XGBoost,28.14756,7061.4917
52,BREAD/BAKERY,11056.402526855469,13016.662,15479.100034667968,High,XGBoost,12941.856,74.805664
52,CELEBRATION,920.9678411483765,1025.3745,1169.8346633911133,High,XGBoost,144.53285,880.8417
52,CLEANING,20438.102371289064,27117.838,39253.48205566406,High,XGBoost,27285.367,-167.5293
52,DAIRY,15107.223206542969,18542.318,24027.63389453125,High,XGBoost,18719.424,-177.10547
52,DELI,4892.546525024414,6254.4346,7978.78241027832,High,XGBoost,6292.92,-38.48535
52,EGGS,2815.706878051758,3599.633,4580.357876342773,High,XGBoost,3368.5151,231.11792
52,FROZEN FOODS,4028.012630493164,5190.443,6668.761308227539,High,XGBoost,4977.133,213.31006
52,GROCERY I,88100.5412140625,94780.27,106915.9208984375,High,XGBoost,96077.1,-1296.8281
52,GROCERY II,997.9988174438477,1302.4381,1729.4925918579102,High,XGBoost,966.6201,335.818
52,HARDWARE,1162.4783403873444,1223.4651,1333.4728362560272,High,XGBoost,51.32512,1172.14
52,HOME AND KITCHEN I,816.1587409973145,1120.598,1547.652515411377,High,XGBoost,838.9895,281.60852
52,HOME AND KITCHEN II,729.3062171936035,1033.7455,1460.799991607666,High,XGBoost,819.9656,213.7799
52,HOME APPLIANCES,1302.1989713788032,1340.508,1434.572774219513,High,XGBoost,35.047638,1305.4604
52,HOME CARE,4947.4662285156255,6109.8965,7588.21490625,High,XGBoost,6042.596,67.30029
52,LADIESWEAR,992.2145347595215,1093.0343,1229.3205528259277,High,XGBoost,120.92456,972.10974
52,LAWN AND GARDEN,959.1875686645508,1318.3552,1796.2374675292967,High,XGBoost,1007.7106,310.64465
52,LINGERIE,914.4304809570312,1015.25024,1151.5364990234375,High,XGBoost,110.38191,904.86835
52,"LIQUOR,WINE,BEER",2919.702779785156,3628.5881,4496.277287353516,High,XGBoost,3547.6504,80.937744
52,MAGAZINES,924.0779914855957,1024.8977,1161.184009552002,High,XGBoost,129.36806,895.52966
52,MEATS,6593.830590576172,8288.147,10422.545155029296,High,XGBoost,8118.9214,169.22607
52,PERSONAL CARE,4628.908489257813,5791.339,7269.657166992188,High,XGBoost,5799.724,-8.385254
52,PET SUPPLIES,934.5620708465576,1080.2604,1290.1111907958984,High,XGBoost,195.12025,885.14014
52,PLAYERS AND ELECTRONICS,517.8665456771851,713.0248,980.092414855957,High,XGBoost,311.36743,401.65735
52,POULTRY,6462.115411132812,8156.432,10290.829975585937,High,XGBoost,7986.8794,169.55273
52,PREPARED FOODS,1665.87744140625,2262.2017,2960.337212890625,High,XGBoost,1970.5413,291.6604
52,PRODUCE,68945.300003125,75625.03,87760.6796875,High,XGBoost,76952.336,-1327.3047
52,SCHOOL AND OFFICE SUPPLIES,1158.2235567852854,1169.2834,1242.0573614120483,High,XGBoost,9.571232,1159.7122
52,SEAFOOD,947.968168592453,1006.5438,1122.5137077331542,High,XGBoost,82.794914,923.7489
53,AUTOMOTIVE,917.9489994049072,1011.57764,1143.085979938507,High,XGBoost,96.74329,914.83435
53,BABY CARE,1384.6328097671271,1397.2189,1471.8619750499724,High,XGBoost,9.288207,1387.9307
53,BEAUTY,1218.3880940198899,1315.181,1470.3486487388611,High,XGBoost,118.15324,1197.0278
53,BEVERAGES,31163.513137890623,37843.25,49978.892822265625,High,XGBoost,38358.496,-515.2461
53,BOOKS,6335.860512861609,6348.298,6422.940824842453,High,XGBoost,9.108939,6339.189
53,BREAD/BAKERY,6495.212797485352,8388.986,10769.414569458007,High,XGBoost,8326.84,62.146484
53,CELEBRATION,960.1862421035767,1043.0282,1167.369666337967,High,XGBoost,89.86676,953.16144
53,CLEANING,13976.08214189453,17116.21,21996.950193847657,High,XGBoost,17181.889,-65.677734
53,DAIRY,7477.188323974609,9437.448,11899.885831787109,High,XGBoost,9558.247,-120.79883
53,DELI,3437.767754272461,4296.735,5390.495243286133,High,XGBoost,4275.448,21.286621
53,EGGS,1308.7444114685059,1850.3401,2497.6480585021973,High,XGBoost,1637.6996,212.6405
53,FROZEN FOODS,1778.3224302978515,2412.167,3166.8204471435547,High,XGBoost,2202.8794,209.2876
53,GROCERY I,46528.10810859375,53207.844,65343.48779296875,High,XGBoost,54329.62,-1121.7773
53,GROCERY II,548.7836818695068,691.38104,893.057991027832,High,XGBoost,216.13434,475.2467
53,HARDWARE,1195.6241131067277,1212.8298,1291.731062555313,High,XGBoost,15.785693,1197.0442
53,HOME AND KITCHEN I,514.5706672668457,738.20856,1045.2729301452637,High,XGBoost,487.75275,250.45581
53,HOME AND KITCHEN II,593.042652130127,816.68054,1123.744915008545,High,XGBoost,496.46014,320.2204
53,HOME APPLIANCES,1275.586805409193,1288.912,1365.6841835975647,High,XGBoost,9.083369,1279.8286
53,HOME CARE,2961.43507611084,3801.6418,4867.143442443848,High,XGBoost,3737.641,64.00073
53,LADIESWEAR,1048.215950167179,1108.857,1219.1247428417205,High,XGBoost,49.662197,1059.1948
53,LAWN AND GARDEN,796.8048448562622,916.34357,1078.9767065048218,High,XGBoost,198.45184,717.8917
53,LINGERIE,1039.3831696510315,1101.5266,1213.9233613014221,High,XGBoost,50.580013,1050.9467
53,"LIQUOR,WINE,BEER",1243.7846145629883,1730.6519,2327.1321371459962,High,XGBoost,1638.8446,91.80725
53,MAGAZINES,1171.3601222634315,1200.8575,1288.5350655078887,High,XGBoost,27.738121,1173.1194
53,MEATS,3967.1176840820312,4996.5767,6310.874890136719,High,XGBoost,4829.3677,167.20898
53,PERSONAL CARE,3313.332176879883,4172.299,5266.059665893555,High,XGBoost,4143.303,28.995605
53,PET SUPPLIES,1095.8479608178138,1156.8517,1265.2500761032104,High,XGBoost,49.01821,1107.8335
53,PLAYERS AND ELECTRONICS,1017.2142488956451,1089.0503,1206.2248935699463,High,XGBoost,64.65124,1024.399
53,POULTRY,2941.4632991333006,3669.109,4565.056929382325,High,XGBoost,3481.7534,187.35547
53,PREPARED FOODS,945.3248901367188,1268.007,1712.004039367676,High,XGBoost,956.4493,311.55768
53,PRODUCE,27144.477859570314,33824.215,45959.85754394531,High,XGBoost,34176.508,-352.29297
53,SCHOOL AND OFFICE SUPPLIES,1188.8002243041992,1188.8002,1252.7978912353515,High,XGBoost,0.0,1188.8002
53,SEAFOOD,1005.7622890472412,1030.3503,1119.7317174911498,High,XGBoost,45.99706,984.3533
54,AUTOMOTIVE,1098.0495341181754,1163.5835,1276.240127658844,High,XGBoost,51.481083,1112.1024
54,BABY CARE,7627.156925790012,7640.294,7714.9371322155,High,XGBoost,10.693469,7629.6006
54,BEAUTY,1299.1345714569093,1324.9181,1410.466480922699,High,XGBoost,28.196402,1296.7217
54,BEVERAGES,45582.92939765625,52262.664,64398.30908203125,High,XGBoost,54800.42,-2537.7578
54,BOOKS,5904.6866193935275,5917.8237,5992.466825819016,High,XGBoost,10.693469,5907.1304
54,BREAD/BAKERY,3274.779099182129,4218.992,5423.021446716309,High,XGBoost,4171.7305,47.26172
54,CELEBRATION,1189.558874925971,1245.5763,1360.7666481018066,High,XGBoost,73.61901,1171.9573
54,CLEANING,14284.742994335938,18014.807,24104.696318359376,High,XGBoost,18343.664,-328.85742
54,DAIRY,3425.5588217163086,4303.286,5425.305433410645,High,XGBoost,4309.5894,-6.3032227
54,DELI,3255.2854697265625,4114.2524,5208.012958740234,High,XGBoost,4070.9495,43.30298
54,EGGS,977.9874229431152,1355.398,1850.2226966247558,High,XGBoost,1162.2404,193.1576
54,FROZEN FOODS,670.5655717849731,954.8045,1351.8614683151245,High,XGBoost,706.0325,248.77203
54,GROCERY I,44507.52436835937,51187.258,63322.904052734375,High,XGBoost,52830.35,-1643.0938
54,GROCERY II,953.9516415596008,1055.571,1201.038111448288,High,XGBoost,99.75492,955.8161
54,HARDWARE,1219.30538867414,1234.9368,1311.708902835846,High,XGBoost,13.154263,1221.7825
54,HOME AND KITCHEN I,525.219030380249,740.2668,1039.1573066711426,High,XGBoost,428.15356,312.11322
54,HOME AND KITCHEN II,870.7168979644775,988.14404,1148.9518280029297,High,XGBoost,163.27232,824.8717
54,HOME APPLIANCES,1424.3637396290899,1438.4349,1515.2071251869202,High,XGBoost,10.218924,1428.2161
54,HOME CARE,3174.85841595459,4015.0652,5080.566782287598,High,XGBoost,3972.2012,42.864014
54,LADIESWEAR,4172.600323903561,4184.987,4259.630049085617,High,XGBoost,9.278131,4175.7085
54,LAWN AND GARDEN,4172.600323903561,4184.987,4259.630049085617,High,XGBoost,9.278131,4175.7085
54,LINGERIE,1108.4684924662113,1145.5367,1237.732275724411,High,XGBoost,33.7371,1111.7997
54,"LIQUOR,WINE,BEER",681.7695846557617,986.20886,1413.2633590698242,High,XGBoost,771.3096,214.89929
54,MAGAZINES,1209.8916591227055,1229.462,1310.4924266815185,High,XGBoost,15.123655,1214.3384
54,MEATS,765.2771148681641,1069.7164,1496.7708892822266,High,XGBoost,813.06714,256.6493
54,PERSONAL CARE,2503.9747006225584,3194.0999,4033.5300855102537,High,XGBoost,3140.3787,53.72119
54,PET SUPPLIES,1499.2693070054054,1518.0073,1599.0376842498779,High,XGBoost,14.291555,1503.7158
54,PLAYERS AND ELECTRONICS,1147.3126526510343,1179.2008,1269.0073900222778,High,XGBoost,26.27824,1152.9226
54,POULTRY,987.6530303955078,1328.5779,1789.5175544433594,High,XGBoost,1078.8679,249.70996
54,PREPARED FOODS,1178.7289695739746,1574.3822,2086.14961807251,High,XGBoost,1292.4563,281.9259
54,PRODUCE,9452.280395507812,11412.54,13874.977903320312,High,XGBoost,11524.96,-112.41992
54,SCHOOL AND OFFICE SUPPLIES,3051.912322998047,3051.9124,3115.909989929199,High,XGBoost,0.0,3051.9124
54,SEAFOOD,1090.8290257714689,1103.4813,1176.5150312423705,High,XGBoost,15.935525,1087.5458
