priority_rank,case_id,store_nbr,family,risk,priority_score,reason_codes,p10,p50,p90,relative_uncertainty_r,action,chosen_option,recommended_qty,target_stock,confidence,promotion_stance,promo_extrapolation,policies,assistant_mode,approval_status
1,DEC-S10-BEVERAGES,10,BEVERAGES,HIGH,5,RISK_HIGH|LARGE_SERIES,16082.913991992187,22172.714721679688,33099.20840429688,0.7674083763541666,BỔ SUNG THEO P90 · RÀ SOÁT KHOẢNG DỰ BÁO,C,15361.036626953126,33099.20840429688,THẤP,KHÔNG ĐỀ XUẤT TĂNG,False,POL-INV-004|POL-INV-002|POL-INV-003|POL-INV-001|POL-PROMO-002|POL-HITL-001|POL-PROMO-001,RULE_BASED,PENDING_HUMAN_REVIEW
2,DEC-S54-GROCERY_I,54,GROCERY I,MEDIUM,4,RISK_MEDIUM|LARGE_SERIES,46293.95112617187,52973.68627929688,65109.33081054688,0.3551768024670356,BỔ SUNG THEO P90 · RÀ SOÁT KHOẢNG DỰ BÁO,C,22730.381787109378,65109.33081054688,TRUNG BÌNH,KHÔNG ĐỀ XUẤT TĂNG,False,POL-INV-004|POL-INV-002|POL-INV-003|POL-INV-001|POL-PROMO-002|POL-HITL-001|POL-PROMO-001,RULE_BASED,PENDING_HUMAN_REVIEW
3,DEC-S31-BEVERAGES,31,BEVERAGES,MEDIUM,4,RISK_MEDIUM|LARGE_SERIES,45716.82588203125,52396.56103515625,64532.20556640625,0.3590888452184022,BỔ SUNG THEO P90 · RÀ SOÁT KHOẢNG DỰ BÁO,C,22614.956738281246,64532.20556640625,TRUNG BÌNH,KHÔNG ĐỀ XUẤT TĂNG,False,POL-INV-004|POL-INV-002|POL-INV-003|POL-INV-001|POL-PROMO-002|POL-HITL-001|POL-PROMO-001,RULE_BASED,PENDING_HUMAN_REVIEW
4,DEC-S02-BEVERAGES,2,BEVERAGES,MEDIUM,4,RISK_MEDIUM|LARGE_SERIES,45168.17182929687,51847.90698242188,63983.55151367188,0.3628886466353844,BỔ SUNG THEO P90 · RÀ SOÁT KHOẢNG DỰ BÁO,C,22505.22592773437,63983.55151367188,TRUNG BÌNH,KHÔNG ĐỀ XUẤT TĂNG,False,POL-INV-004|POL-INV-002|POL-INV-003|POL-INV-001|POL-PROMO-002|POL-HITL-001|POL-PROMO-001,RULE_BASED,PENDING_HUMAN_REVIEW
5,DEC-S29-BEVERAGES,29,BEVERAGES,MEDIUM,4,RISK_MEDIUM|LARGE_SERIES,44699.620315625,51379.35546875,63515.0,0.3661979274514496,BỔ SUNG THEO P90 · RÀ SOÁT KHOẢNG DỰ BÁO,C,22411.515625,63515.0,TRUNG BÌNH,KHÔNG ĐỀ XUẤT TĂNG,False,POL-INV-004|POL-INV-002|POL-INV-003|POL-INV-001|POL-PROMO-002|POL-HITL-001|POL-PROMO-001,RULE_BASED,PENDING_HUMAN_REVIEW
6,DEC-S33-GROCERY_I,33,GROCERY I,MEDIUM,4,RISK_MEDIUM|LARGE_SERIES,44555.38008125,51235.115234375,63370.759765625,0.3672288501637125,BỔ SUNG THEO P90 · RÀ SOÁT KHOẢNG DỰ BÁO,C,22382.667578124994,63370.759765625,TRUNG BÌNH,KHÔNG ĐỀ XUẤT TĂNG,False,POL-INV-004|POL-INV-002|POL-INV-003|POL-INV-001|POL-PROMO-002|POL-HITL-001|POL-PROMO-001,RULE_BASED,PENDING_HUMAN_REVIEW
7,DEC-S05-GROCERY_I,5,GROCERY I,MEDIUM,4,RISK_MEDIUM|LARGE_SERIES,43658.01020820312,50337.745361328125,62473.389892578125,0.37377530070166576,BỔ SUNG THEO P90 · RÀ SOÁT KHOẢNG DỰ BÁO,C,22203.193603515625,62473.389892578125,TRUNG BÌNH,KHÔNG ĐỀ XUẤT TĂNG,False,POL-INV-004|POL-INV-002|POL-INV-003|POL-INV-001|POL-PROMO-002|POL-HITL-001|POL-PROMO-001,RULE_BASED,PENDING_HUMAN_REVIEW
8,DEC-S18-GROCERY_I,18,GROCERY I,MEDIUM,4,RISK_MEDIUM|LARGE_SERIES,42572.440628125,49252.17578125,61387.8203125,0.38201353285198225,BỔ SUNG THEO P90 · RÀ SOÁT KHOẢNG DỰ BÁO,C,21986.079687499994,61387.8203125,TRUNG BÌNH,KHÔNG ĐỀ XUẤT TĂNG,False,POL-INV-004|POL-INV-002|POL-INV-003|POL-INV-001|POL-PROMO-002|POL-HITL-001|POL-PROMO-001,RULE_BASED,PENDING_HUMAN_REVIEW
9,DEC-S37-BEVERAGES,37,BEVERAGES,MEDIUM,4,RISK_MEDIUM|LARGE_SERIES,42154.80244453125,48834.53759765625,60970.18212890625,0.3852804865053437,BỔ SUNG THEO P90 · RÀ SOÁT KHOẢNG DỰ BÁO,C,21902.552050781247,60970.18212890625,TRUNG BÌNH,KHÔNG ĐỀ XUẤT TĂNG,False,POL-INV-004|POL-INV-002|POL-INV-003|POL-INV-001|POL-PROMO-002|POL-HITL-001|POL-PROMO-001,RULE_BASED,PENDING_HUMAN_REVIEW
10,DEC-S41-BEVERAGES,41,BEVERAGES,MEDIUM,4,RISK_MEDIUM|LARGE_SERIES,42080.64448554687,48760.37963867188,60896.02416992188,0.38586643412880034,BỔ SUNG THEO P90 · RÀ SOÁT KHOẢNG DỰ BÁO,C,21887.720458984382,60896.02416992188,TRUNG BÌNH,KHÔNG ĐỀ XUẤT TĂNG,False,POL-INV-004|POL-INV-002|POL-INV-003|POL-INV-001|POL-PROMO-002|POL-HITL-001|POL-PROMO-001,RULE_BASED,PENDING_HUMAN_REVIEW
11,DEC-S21-BEVERAGES,21,BEVERAGES,MEDIUM,4,RISK_MEDIUM|LARGE_SERIES,41961.24604804687,48640.98120117188,60776.62573242188,0.3868135963985305,BỔ SUNG THEO P90 · RÀ SOÁT KHOẢNG DỰ BÁO,C,21863.840771484378,60776.62573242188,TRUNG BÌNH,KHÔNG ĐỀ XUẤT TĂNG,False,POL-INV-004|POL-INV-002|POL-INV-003|POL-INV-001|POL-PROMO-002|POL-HITL-001|POL-PROMO-001,RULE_BASED,PENDING_HUMAN_REVIEW
12,DEC-S36-BEVERAGES,36,BEVERAGES,MEDIUM,4,RISK_MEDIUM|LARGE_SERIES,41574.38838203125,48254.12353515625,60389.76806640625,0.3899146516673419,BỔ SUNG THEO P90 · RÀ SOÁT KHOẢNG DỰ BÁO,C,21786.46923828125,60389.76806640625,TRUNG BÌNH,KHÔNG ĐỀ XUẤT TĂNG,False,POL-INV-004|POL-INV-002|POL-INV-003|POL-INV-001|POL-PROMO-002|POL-HITL-001|POL-PROMO-001,RULE_BASED,PENDING_HUMAN_REVIEW
13,DEC-S12-GROCERY_I,12,GROCERY I,MEDIUM,4,RISK_MEDIUM|LARGE_SERIES,41501.3087921875,48181.0439453125,60316.6884765625,0.3905060504641688,BỔ SUNG THEO P90 · RÀ SOÁT KHOẢNG DỰ BÁO,C,21771.853320312497,60316.6884765625,TRUNG BÌNH,KHÔNG ĐỀ XUẤT TĂNG,False,POL-INV-004|POL-INV-002|POL-INV-003|POL-INV-001|POL-PROMO-002|POL-HITL-001|POL-PROMO-001,RULE_BASED,PENDING_HUMAN_REVIEW
14,DEC-S14-GROCERY_I,14,GROCERY I,MEDIUM,4,RISK_MEDIUM|LARGE_SERIES,41494.1808625,48173.916015625,60309.560546875,0.39056382948903207,BỔ SUNG THEO P90 · RÀ SOÁT KHOẢNG DỰ BÁO,C,21770.427734375,60309.560546875,TRUNG BÌNH,KHÔNG ĐỀ XUẤT TĂNG,False,POL-INV-004|POL-INV-002|POL-INV-003|POL-INV-001|POL-PROMO-002|POL-HITL-001|POL-PROMO-001,RULE_BASED,PENDING_HUMAN_REVIEW
15,DEC-S46-PRODUCE,46,PRODUCE,MEDIUM,4,RISK_MEDIUM|LARGE_SERIES,41267.784256054685,47947.51940917969,60083.16394042969,0.39240793910255384,BỔ SUNG THEO P90 · RÀ SOÁT KHOẢNG DỰ BÁO,C,21725.14841308594,60083.16394042969,TRUNG BÌNH,KHÔNG ĐỀ XUẤT TĂNG,False,POL-INV-004|POL-INV-002|POL-INV-003|POL-INV-001|POL-PROMO-002|POL-HITL-001|POL-PROMO-001,RULE_BASED,PENDING_HUMAN_REVIEW
16,DEC-S38-BEVERAGES,38,BEVERAGES,MEDIUM,4,RISK_MEDIUM|LARGE_SERIES,40664.40766914062,47344.142822265625,59479.787353515625,0.3974088694801961,BỔ SUNG THEO P90 · RÀ SOÁT KHOẢNG DỰ BÁO,C,21604.473095703128,59479.787353515625,TRUNG BÌNH,KHÔNG ĐỀ XUẤT TĂNG,False,POL-INV-004|POL-INV-002|POL-INV-003|POL-INV-001|POL-PROMO-002|POL-HITL-001|POL-PROMO-001,RULE_BASED,PENDING_HUMAN_REVIEW
17,DEC-S42-BEVERAGES,42,BEVERAGES,MEDIUM,4,RISK_MEDIUM|LARGE_SERIES,40137.74458320312,46817.479736328125,58953.124267578125,0.40187933889223404,BỔ SUNG THEO P90 · RÀ SOÁT KHOẢNG DỰ BÁO,C,21499.140478515626,58953.124267578125,TRUNG BÌNH,KHÔNG ĐỀ XUẤT TĂNG,False,POL-INV-004|POL-INV-002|POL-INV-003|POL-INV-001|POL-PROMO-002|POL-HITL-001|POL-PROMO-001,RULE_BASED,PENDING_HUMAN_REVIEW
18,DEC-S15-GROCERY_I,15,GROCERY I,MEDIUM,4,RISK_MEDIUM|LARGE_SERIES,39303.80537421875,45983.54052734375,58119.18505859375,0.4091675043091238,BỔ SUNG THEO P90 · RÀ SOÁT KHOẢNG DỰ BÁO,C,21332.35263671875,58119.18505859375,TRUNG BÌNH,KHÔNG ĐỀ XUẤT TĂNG,False,POL-INV-004|POL-INV-002|POL-INV-003|POL-INV-001|POL-PROMO-002|POL-HITL-001|POL-PROMO-001,RULE_BASED,PENDING_HUMAN_REVIEW
19,DEC-S13-GROCERY_I,13,GROCERY I,MEDIUM,4,RISK_MEDIUM|LARGE_SERIES,39238.8068390625,45918.5419921875,58054.1865234375,0.409746675774252,BỔ SUNG THEO P90 · RÀ SOÁT KHOẢNG DỰ BÁO,C,21319.3529296875,58054.1865234375,TRUNG BÌNH,KHÔNG ĐỀ XUẤT TĂNG,False,POL-INV-004|POL-INV-002|POL-INV-003|POL-INV-001|POL-PROMO-002|POL-HITL-001|POL-PROMO-001,RULE_BASED,PENDING_HUMAN_REVIEW
20,DEC-S27-PRODUCE,27,PRODUCE,MEDIUM,4,RISK_MEDIUM|LARGE_SERIES,38964.58992011719,45644.32507324219,57779.96960449219,0.412208252524962,BỔ SUNG THEO P90 · RÀ SOÁT KHOẢNG DỰ BÁO,C,21264.509545898436,57779.96960449219,TRUNG BÌNH,KHÔNG ĐỀ XUẤT TĂNG,False,POL-INV-004|POL-INV-002|POL-INV-003|POL-INV-001|POL-PROMO-002|POL-HITL-001|POL-PROMO-001,RULE_BASED,PENDING_HUMAN_REVIEW
21,DEC-S45-CLEANING,45,CLEANING,MEDIUM,4,RISK_MEDIUM|LARGE_SERIES,38593.23493964844,45272.97009277344,57408.61462402344,0.4155893473848073,BỔ SUNG THEO P90 · RÀ SOÁT KHOẢNG DỰ BÁO,C,21190.238549804686,57408.61462402344,TRUNG BÌNH,KHÔNG ĐỀ XUẤT TĂNG,False,POL-INV-004|POL-INV-002|POL-INV-003|POL-INV-001|POL-PROMO-002|POL-HITL-001|POL-PROMO-001,RULE_BASED,PENDING_HUMAN_REVIEW
22,DEC-S44-CLEANING,44,CLEANING,MEDIUM,4,RISK_MEDIUM|LARGE_SERIES,38590.27668769531,45270.01184082031,57405.65637207031,0.4156165042330555,BỔ SUNG THEO P90 · RÀ SOÁT KHOẢNG DỰ BÁO,C,21189.64689941406,57405.65637207031,TRUNG BÌNH,KHÔNG ĐỀ XUẤT TĂNG,False,POL-INV-004|POL-INV-002|POL-INV-003|POL-INV-001|POL-PROMO-002|POL-HITL-001|POL-PROMO-001,RULE_BASED,PENDING_HUMAN_REVIEW
23,DEC-S37-PRODUCE,37,PRODUCE,MEDIUM,4,RISK_MEDIUM|LARGE_SERIES,37344.1408234375,44023.8759765625,56159.5205078125,0.42738064030871403,BỔ SUNG THEO P90 · RÀ SOÁT KHOẢNG DỰ BÁO,C,20940.419726562497,56159.5205078125,TRUNG BÌNH,KHÔNG ĐỀ XUẤT TĂNG,False,POL-INV-004|POL-INV-002|POL-INV-003|POL-INV-001|POL-PROMO-002|POL-HITL-001|POL-PROMO-001,RULE_BASED,PENDING_HUMAN_REVIEW
24,DEC-S42-PRODUCE,42,PRODUCE,MEDIUM,4,RISK_MEDIUM|LARGE_SERIES,37155.5880890625,43835.3232421875,55970.9677734375,0.4292189283399418,BỔ SUNG THEO P90 · RÀ SOÁT KHOẢNG DỰ BÁO,C,20902.709179687496,55970.9677734375,TRUNG BÌNH,KHÔNG ĐỀ XUẤT TĂNG,False,POL-INV-004|POL-INV-002|POL-INV-003|POL-INV-001|POL-PROMO-002|POL-HITL-001|POL-PROMO-001,RULE_BASED,PENDING_HUMAN_REVIEW
25,DEC-S04-BEVERAGES,4,BEVERAGES,MEDIUM,4,RISK_MEDIUM|LARGE_SERIES,37081.61128242187,43761.34643554688,55896.99096679688,0.4299444891988658,BỔ SUNG THEO P90 · RÀ SOÁT KHOẢNG DỰ BÁO,C,20887.913818359382,55896.99096679688,TRUNG BÌNH,KHÔNG ĐỀ XUẤT TĂNG,False,POL-INV-004|POL-INV-002|POL-INV-003|POL-INV-001|POL-PROMO-002|POL-HITL-001|POL-PROMO-001,RULE_BASED,PENDING_HUMAN_REVIEW
26,DEC-S44-DAIRY,44,DAIRY,MEDIUM,4,RISK_MEDIUM|LARGE_SERIES,36897.53950507812,43577.274658203125,55712.919189453125,0.43176054655558094,BỔ SUNG THEO P90 · RÀ SOÁT KHOẢNG DỰ BÁO,C,20851.099462890626,55712.919189453125,TRUNG BÌNH,KHÔNG ĐỀ XUẤT TĂNG,False,POL-INV-004|POL-INV-002|POL-INV-003|POL-INV-001|POL-PROMO-002|POL-HITL-001|POL-PROMO-001,RULE_BASED,PENDING_HUMAN_REVIEW
27,DEC-S19-BEVERAGES,19,BEVERAGES,MEDIUM,4,RISK_MEDIUM|LARGE_SERIES,35966.11885078125,42645.85400390625,54781.49853515625,0.4411903321790536,BỔ SUNG THEO P90 · RÀ SOÁT KHOẢNG DỰ BÁO,C,20664.81533203125,54781.49853515625,TRUNG BÌNH,KHÔNG ĐỀ XUẤT TĂNG,False,POL-INV-004|POL-INV-002|POL-INV-003|POL-INV-001|POL-PROMO-002|POL-HITL-001|POL-PROMO-001,RULE_BASED,PENDING_HUMAN_REVIEW
28,DEC-S06-PRODUCE,6,PRODUCE,MEDIUM,4,RISK_MEDIUM|LARGE_SERIES,35841.6056671875,42521.3408203125,54656.9853515625,0.4424822180858652,BỔ SUNG THEO P90 · RÀ SOÁT KHOẢNG DỰ BÁO,C,20639.9126953125,54656.9853515625,TRUNG BÌNH,KHÔNG ĐỀ XUẤT TĂNG,False,POL-INV-004|POL-INV-002|POL-INV-003|POL-INV-001|POL-PROMO-002|POL-HITL-001|POL-PROMO-001,RULE_BASED,PENDING_HUMAN_REVIEW
29,DEC-S46-CLEANING,46,CLEANING,MEDIUM,4,RISK_MEDIUM|LARGE_SERIES,35832.5021515625,42512.2373046875,54647.8818359375,0.44257696842814703,BỔ SUNG THEO P90 · RÀ SOÁT KHOẢNG DỰ BÁO,C,20638.091992187496,54647.8818359375,TRUNG BÌNH,KHÔNG ĐỀ XUẤT TĂNG,False,POL-INV-004|POL-INV-002|POL-INV-003|POL-INV-001|POL-PROMO-002|POL-HITL-001|POL-PROMO-001,RULE_BASED,PENDING_HUMAN_REVIEW
30,DEC-S18-BEVERAGES,18,BEVERAGES,MEDIUM,4,RISK_MEDIUM|LARGE_SERIES,35466.7902375,42146.525390625,54282.169921875,0.4464171860623676,BỔ SUNG THEO P90 · RÀ SOÁT KHOẢNG DỰ BÁO,C,20564.949609375,54282.169921875,TRUNG BÌNH,KHÔNG ĐỀ XUẤT TĂNG,False,POL-INV-004|POL-INV-002|POL-INV-003|POL-INV-001|POL-PROMO-002|POL-HITL-001|POL-PROMO-001,RULE_BASED,PENDING_HUMAN_REVIEW
31,DEC-S47-CLEANING,47,CLEANING,MEDIUM,4,RISK_MEDIUM|LARGE_SERIES,35346.976150585935,42026.71130371094,54162.35583496094,0.44768984797689076,BỔ SUNG THEO P90 · RÀ SOÁT KHOẢNG DỰ BÁO,C,20540.98679199219,54162.35583496094,TRUNG BÌNH,KHÔNG ĐỀ XUẤT TĂNG,False,POL-INV-004|POL-INV-002|POL-INV-003|POL-INV-001|POL-PROMO-002|POL-HITL-001|POL-PROMO-001,RULE_BASED,PENDING_HUMAN_REVIEW
32,DEC-S01-GROCERY_I,1,GROCERY I,MEDIUM,4,RISK_MEDIUM|LARGE_SERIES,35913.1953640625,42002.99609375,52929.48977636719,0.40511132260667543,BỔ SUNG THEO P90 · RÀ SOÁT KHOẢNG DỰ BÁO,C,19327.092901367192,52929.48977636719,TRUNG BÌNH,KHÔNG ĐỀ XUẤT TĂNG,False,POL-INV-004|POL-INV-002|POL-INV-003|POL-INV-001|POL-PROMO-002|POL-HITL-001|POL-PROMO-001,RULE_BASED,PENDING_HUMAN_REVIEW
33,DEC-S22-GROCERY_I,22,GROCERY I,MEDIUM,4,RISK_MEDIUM|LARGE_SERIES,35042.0060578125,41721.7412109375,53857.3857421875,0.4509622124119353,BỔ SUNG THEO P90 · RÀ SOÁT KHOẢNG DỰ BÁO,C,20479.9927734375,53857.3857421875,TRUNG BÌNH,KHÔNG ĐỀ XUẤT TĂNG,False,POL-INV-004|POL-INV-002|POL-INV-003|POL-INV-001|POL-PROMO-002|POL-HITL-001|POL-PROMO-001,RULE_BASED,PENDING_HUMAN_REVIEW
34,DEC-S10-GROCERY_I,10,GROCERY I,MEDIUM,4,RISK_MEDIUM|LARGE_SERIES,34986.03266914062,41665.767822265625,53801.412353515625,0.4515680161378046,BỔ SUNG THEO P90 · RÀ SOÁT KHOẢNG DỰ BÁO,C,20468.798095703125,53801.412353515625,TRUNG BÌNH,KHÔNG ĐỀ XUẤT TĂNG,False,POL-INV-004|POL-INV-002|POL-INV-003|POL-INV-001|POL-PROMO-002|POL-HITL-001|POL-PROMO-001,RULE_BASED,PENDING_HUMAN_REVIEW
35,DEC-S34-BEVERAGES,34,BEVERAGES,MEDIUM,4,RISK_MEDIUM|LARGE_SERIES,33415.31733710937,40095.052490234375,52230.697021484375,0.46925765794419777,BỔ SUNG THEO P90 · RÀ SOÁT KHOẢNG DỰ BÁO,C,20154.655029296875,52230.697021484375,TRUNG BÌNH,KHÔNG ĐỀ XUẤT TĂNG,False,POL-INV-004|POL-INV-002|POL-INV-003|POL-INV-001|POL-PROMO-002|POL-HITL-001|POL-PROMO-001,RULE_BASED,PENDING_HUMAN_REVIEW
36,DEC-S02-PRODUCE,2,PRODUCE,MEDIUM,4,RISK_MEDIUM|LARGE_SERIES,33258.763259960935,39938.49841308594,52074.14294433594,0.4710970450798214,BỔ SUNG THEO P90 · RÀ SOÁT KHOẢNG DỰ BÁO,C,20123.344213867185,52074.14294433594,TRUNG BÌNH,KHÔNG ĐỀ XUẤT TĂNG,False,POL-INV-004|POL-INV-002|POL-INV-003|POL-INV-001|POL-PROMO-002|POL-HITL-001|POL-PROMO-001,RULE_BASED,PENDING_HUMAN_REVIEW
37,DEC-S45-DAIRY,45,DAIRY,MEDIUM,4,RISK_MEDIUM|LARGE_SERIES,32323.772781445317,39003.50793457031,51139.15246582031,0.48238987442009557,BỔ SUNG THEO P90 · RÀ SOÁT KHOẢNG DỰ BÁO,C,19936.34611816406,51139.15246582031,TRUNG BÌNH,KHÔNG ĐỀ XUẤT TĂNG,False,POL-INV-004|POL-INV-002|POL-INV-003|POL-INV-001|POL-PROMO-002|POL-HITL-001|POL-PROMO-001,RULE_BASED,PENDING_HUMAN_REVIEW
38,DEC-S01-PRODUCE,1,PRODUCE,MEDIUM,4,RISK_MEDIUM|LARGE_SERIES,32808.74040800781,38898.54113769531,49825.0348203125,0.43744203439498097,BỔ SUNG THEO P90 · RÀ SOÁT KHOẢNG DỰ BÁO,C,18706.201910156255,49825.0348203125,TRUNG BÌNH,KHÔNG ĐỀ XUẤT TĂNG,False,POL-INV-004|POL-INV-002|POL-INV-003|POL-INV-001|POL-PROMO-002|POL-HITL-001|POL-PROMO-001,RULE_BASED,PENDING_HUMAN_REVIEW
39,DEC-S49-DAIRY,49,DAIRY,MEDIUM,4,RISK_MEDIUM|LARGE_SERIES,31895.357864453123,38575.093017578125,50710.737548828125,0.4877471566599894,BỔ SUNG THEO P90 · RÀ SOÁT KHOẢNG DỰ BÁO,C,19850.663134765622,50710.737548828125,TRUNG BÌNH,KHÔNG ĐỀ XUẤT TĂNG,False,POL-INV-004|POL-INV-002|POL-INV-003|POL-INV-001|POL-PROMO-002|POL-HITL-001|POL-PROMO-001,RULE_BASED,PENDING_HUMAN_REVIEW
40,DEC-S53-BEVERAGES,53,BEVERAGES,MEDIUM,4,RISK_MEDIUM|LARGE_SERIES,31822.095779492185,38501.83093261719,50637.47546386719,0.48867522799306146,BỔ SUNG THEO P90 · RÀ SOÁT KHOẢNG DỰ BÁO,C,19836.010717773435,50637.47546386719,TRUNG BÌNH,KHÔNG ĐỀ XUẤT TĂNG,False,POL-INV-004|POL-INV-002|POL-INV-003|POL-INV-001|POL-PROMO-002|POL-HITL-001|POL-PROMO-001,RULE_BASED,PENDING_HUMAN_REVIEW
41,DEC-S47-DAIRY,47,DAIRY,MEDIUM,4,RISK_MEDIUM|LARGE_SERIES,31509.75007636719,38189.48522949219,50325.12976074219,0.49267192001648163,BỔ SUNG THEO P90 · RÀ SOÁT KHOẢNG DỰ BÁO,C,19773.541577148437,50325.12976074219,TRUNG BÌNH,KHÔNG ĐỀ XUẤT TĂNG,False,POL-INV-004|POL-INV-002|POL-INV-003|POL-INV-001|POL-PROMO-002|POL-HITL-001|POL-PROMO-001,RULE_BASED,PENDING_HUMAN_REVIEW
42,DEC-S50-PRODUCE,50,PRODUCE,MEDIUM,4,RISK_MEDIUM|LARGE_SERIES,31106.28279121094,37786.01794433594,49921.66247558594,0.4979323775189653,BỔ SUNG THEO P90 · RÀ SOÁT KHOẢNG DỰ BÁO,C,19692.848120117185,49921.66247558594,TRUNG BÌNH,KHÔNG ĐỀ XUẤT TĂNG,False,POL-INV-004|POL-INV-002|POL-INV-003|POL-INV-001|POL-PROMO-002|POL-HITL-001|POL-PROMO-001,RULE_BASED,PENDING_HUMAN_REVIEW
43,DEC-S04-PRODUCE,4,PRODUCE,MEDIUM,4,RISK_MEDIUM|LARGE_SERIES,30773.8732453125,37453.6083984375,49589.2529296875,0.5023515259916567,BỔ SUNG THEO P90 · RÀ SOÁT KHOẢNG DỰ BÁO,C,19626.3662109375,49589.2529296875,TRUNG BÌNH,KHÔNG ĐỀ XUẤT TĂNG,False,POL-INV-004|POL-INV-002|POL-INV-003|POL-INV-001|POL-PROMO-002|POL-HITL-001|POL-PROMO-001,RULE_BASED,PENDING_HUMAN_REVIEW
44,DEC-S48-CLEANING,48,CLEANING,MEDIUM,4,RISK_MEDIUM|LARGE_SERIES,30565.295852734376,37245.031005859375,49380.675537109375,0.505164689397779,BỔ SUNG THEO P90 · RÀ SOÁT KHOẢNG DỰ BÁO,C,19584.650732421873,49380.675537109375,TRUNG BÌNH,KHÔNG ĐỀ XUẤT TĂNG,False,POL-INV-004|POL-INV-002|POL-INV-003|POL-INV-001|POL-PROMO-002|POL-HITL-001|POL-PROMO-001,RULE_BASED,PENDING_HUMAN_REVIEW
45,DEC-S23-GROCERY_I,23,GROCERY I,MEDIUM,4,RISK_MEDIUM|LARGE_SERIES,30345.788406445317,37025.52355957031,49161.16809082031,0.5081594996112389,BỔ SUNG THEO P90 · RÀ SOÁT KHOẢNG DỰ BÁO,C,19540.749243164064,49161.16809082031,TRUNG BÌNH,KHÔNG ĐỀ XUẤT TĂNG,False,POL-INV-004|POL-INV-002|POL-INV-003|POL-INV-001|POL-PROMO-002|POL-HITL-001|POL-PROMO-001,RULE_BASED,PENDING_HUMAN_REVIEW
46,DEC-S41-PRODUCE,41,PRODUCE,MEDIUM,4,RISK_MEDIUM|LARGE_SERIES,29618.39619453125,36298.13134765625,48433.77587890625,0.5183424226924335,BỔ SUNG THEO P90 · RÀ SOÁT KHOẢNG DỰ BÁO,C,19395.270800781247,48433.77587890625,TRUNG BÌNH,KHÔNG ĐỀ XUẤT TĂNG,False,POL-INV-004|POL-INV-002|POL-INV-003|POL-INV-001|POL-PROMO-002|POL-HITL-001|POL-PROMO-001,RULE_BASED,PENDING_HUMAN_REVIEW
47,DEC-S16-GROCERY_I,16,GROCERY I,MEDIUM,4,RISK_MEDIUM|LARGE_SERIES,29304.76631171875,35984.50146484375,48120.14599609375,0.5228600107950919,BỔ SUNG THEO P90 · RÀ SOÁT KHOẢNG DỰ BÁO,C,19332.54482421875,48120.14599609375,TRUNG BÌNH,KHÔNG ĐỀ XUẤT TĂNG,False,POL-INV-004|POL-INV-002|POL-INV-003|POL-INV-001|POL-PROMO-002|POL-HITL-001|POL-PROMO-001,RULE_BASED,PENDING_HUMAN_REVIEW
48,DEC-S33-BEVERAGES,33,BEVERAGES,MEDIUM,4,RISK_MEDIUM|LARGE_SERIES,29261.411453320317,35941.14660644531,48076.79113769531,0.5234907055050778,BỔ SUNG THEO P90 · RÀ SOÁT KHOẢNG DỰ BÁO,C,19323.87385253906,48076.79113769531,TRUNG BÌNH,KHÔNG ĐỀ XUẤT TĂNG,False,POL-INV-004|POL-INV-002|POL-INV-003|POL-INV-001|POL-PROMO-002|POL-HITL-001|POL-PROMO-001,RULE_BASED,PENDING_HUMAN_REVIEW
49,DEC-S03-DAIRY,3,DAIRY,MEDIUM,4,RISK_MEDIUM|LARGE_SERIES,28749.36445625,35429.099609375,47564.744140625,0.531056358627802,BỔ SUNG THEO P90 · RÀ SOÁT KHOẢNG DỰ BÁO,C,19221.464453125,47564.744140625,TRUNG BÌNH,KHÔNG ĐỀ XUẤT TĂNG,False,POL-INV-004|POL-INV-002|POL-INV-003|POL-INV-001|POL-PROMO-002|POL-HITL-001|POL-PROMO-001,RULE_BASED,PENDING_HUMAN_REVIEW
50,DEC-S01-BEVERAGES,1,BEVERAGES,MEDIUM,4,RISK_MEDIUM|LARGE_SERIES,29039.973928515625,35129.774658203125,46056.26834082032,0.484370031058548,BỔ SUNG THEO P90 · RÀ SOÁT KHOẢNG DỰ BÁO,C,17952.44861425782,46056.26834082032,TRUNG BÌNH,KHÔNG ĐỀ XUẤT TĂNG,False,POL-INV-004|POL-INV-002|POL-INV-003|POL-INV-001|POL-PROMO-002|POL-HITL-001|POL-PROMO-001,RULE_BASED,PENDING_HUMAN_REVIEW
51,DEC-S03-CLEANING,3,CLEANING,MEDIUM,4,RISK_MEDIUM|LARGE_SERIES,27643.05073554688,34322.785888671875,46458.43041992188,0.5481732040108308,BỔ SUNG THEO P90 · RÀ SOÁT KHOẢNG DỰ BÁO,C,19000.20170898438,46458.43041992188,TRUNG BÌNH,KHÔNG ĐỀ XUẤT TĂNG,False,POL-INV-004|POL-INV-002|POL-INV-003|POL-INV-001|POL-PROMO-002|POL-HITL-001|POL-PROMO-001,RULE_BASED,PENDING_HUMAN_REVIEW
52,DEC-S53-PRODUCE,53,PRODUCE,MEDIUM,4,RISK_MEDIUM|LARGE_SERIES,27640.10505683594,34319.84020996094,46455.48474121094,0.5482202524550728,BỔ SUNG THEO P90 · RÀ SOÁT KHOẢNG DỰ BÁO,C,18999.612573242186,46455.48474121094,TRUNG BÌNH,KHÔNG ĐỀ XUẤT TĂNG,False,POL-INV-004|POL-INV-002|POL-INV-003|POL-INV-001|POL-PROMO-002|POL-HITL-001|POL-PROMO-001,RULE_BASED,PENDING_HUMAN_REVIEW
53,DEC-S38-PRODUCE,38,PRODUCE,MEDIUM,4,RISK_MEDIUM|LARGE_SERIES,27621.994583203126,34301.729736328125,46437.374267578125,0.5485096908905378,BỔ SUNG THEO P90 · RÀ SOÁT KHOẢNG DỰ BÁO,C,18995.990478515625,46437.374267578125,TRUNG BÌNH,KHÔNG ĐỀ XUẤT TĂNG,False,POL-INV-004|POL-INV-002|POL-INV-003|POL-INV-001|POL-PROMO-002|POL-HITL-001|POL-PROMO-001,RULE_BASED,PENDING_HUMAN_REVIEW
54,DEC-S49-CLEANING,49,CLEANING,MEDIUM,4,RISK_MEDIUM|LARGE_SERIES,27484.110305859376,34163.845458984375,46299.489990234375,0.5507233951039897,BỔ SUNG THEO P90 · RÀ SOÁT KHOẢNG DỰ BÁO,C,18968.413623046872,46299.489990234375,TRUNG BÌNH,KHÔNG ĐỀ XUẤT TĂNG,False,POL-INV-004|POL-INV-002|POL-INV-003|POL-INV-001|POL-PROMO-002|POL-HITL-001|POL-PROMO-001,RULE_BASED,PENDING_HUMAN_REVIEW
55,DEC-S48-PRODUCE,48,PRODUCE,MEDIUM,4,RISK_MEDIUM|LARGE_SERIES,26691.592971875,33371.328125,45506.97265625,0.5638018304836201,BỔ SUNG THEO P90 · RÀ SOÁT KHOẢNG DỰ BÁO,C,18809.91015625,45506.97265625,TRUNG BÌNH,KHÔNG ĐỀ XUẤT TĂNG,False,POL-INV-004|POL-INV-002|POL-INV-003|POL-INV-001|POL-PROMO-002|POL-HITL-001|POL-PROMO-001,RULE_BASED,PENDING_HUMAN_REVIEW
56,DEC-S18-PRODUCE,18,PRODUCE,MEDIUM,4,RISK_MEDIUM|LARGE_SERIES,26787.243838378905,33172.01177978516,44703.08088671875,0.5400726701353457,BỔ SUNG THEO P90 · RÀ SOÁT KHOẢNG DỰ BÁO,C,18165.471462890622,44703.08088671875,TRUNG BÌNH,KHÔNG ĐỀ XUẤT TĂNG,False,POL-INV-004|POL-INV-002|POL-INV-003|POL-INV-001|POL-PROMO-002|POL-HITL-001|POL-PROMO-001,RULE_BASED,PENDING_HUMAN_REVIEW
57,DEC-S30-GROCERY_I,30,GROCERY I,MEDIUM,4,RISK_MEDIUM|LARGE_SERIES,26005.34773261719,32685.082885742188,44820.72741699219,0.575638865940169,BỔ SUNG THEO P90 · RÀ SOÁT KHOẢNG DỰ BÁO,C,18672.661108398435,44820.72741699219,TRUNG BÌNH,KHÔNG ĐỀ XUẤT TĂNG,False,POL-INV-004|POL-INV-002|POL-INV-003|POL-INV-001|POL-PROMO-002|POL-HITL-001|POL-PROMO-001,RULE_BASED,PENDING_HUMAN_REVIEW
58,DEC-S11-CLEANING,11,CLEANING,MEDIUM,4,RISK_MEDIUM|LARGE_SERIES,25782.814285351564,32462.54943847656,44598.19396972656,0.5795847961737225,BỔ SUNG THEO P90 · RÀ SOÁT KHOẢNG DỰ BÁO,C,18628.154418945312,44598.19396972656,TRUNG BÌNH,KHÔNG ĐỀ XUẤT TĂNG,False,POL-INV-004|POL-INV-002|POL-INV-003|POL-INV-001|POL-PROMO-002|POL-HITL-001|POL-PROMO-001,RULE_BASED,PENDING_HUMAN_REVIEW
59,DEC-S39-PRODUCE,39,PRODUCE,MEDIUM,4,RISK_MEDIUM|LARGE_SERIES,25292.80439765625,31972.53955078125,44108.18408203125,0.5884672122237795,BỔ SUNG THEO P90 · RÀ SOÁT KHOẢNG DỰ BÁO,C,18530.15244140625,44108.18408203125,TRUNG BÌNH,KHÔNG ĐỀ XUẤT TĂNG,False,POL-INV-004|POL-INV-002|POL-INV-003|POL-INV-001|POL-PROMO-002|POL-HITL-001|POL-PROMO-001,RULE_BASED,PENDING_HUMAN_REVIEW
60,DEC-S05-BEVERAGES,5,BEVERAGES,MEDIUM,4,RISK_MEDIUM|LARGE_SERIES,24368.898880078126,31048.634033203125,43184.278564453125,0.6059775024805333,BỔ SUNG THEO P90 · RÀ SOÁT KHOẢNG DỰ BÁO,C,18345.371337890625,43184.278564453125,TRUNG BÌNH,KHÔNG ĐỀ XUẤT TĂNG,False,POL-INV-004|POL-INV-002|POL-INV-003|POL-INV-001|POL-PROMO-002|POL-HITL-001|POL-PROMO-001,RULE_BASED,PENDING_HUMAN_REVIEW
61,DEC-S35-GROCERY_I,35,GROCERY I,MEDIUM,4,RISK_MEDIUM|LARGE_SERIES,24225.44636542969,30905.181518554688,43040.82604980469,0.608790175941958,BỔ SUNG THEO P90 · RÀ SOÁT KHOẢNG DỰ BÁO,C,18316.68083496093,43040.82604980469,TRUNG BÌNH,KHÔNG ĐỀ XUẤT TĂNG,False,POL-INV-004|POL-INV-002|POL-INV-003|POL-INV-001|POL-PROMO-002|POL-HITL-001|POL-PROMO-001,RULE_BASED,PENDING_HUMAN_REVIEW
62,DEC-S50-CLEANING,50,CLEANING,MEDIUM,4,RISK_MEDIUM|LARGE_SERIES,24114.400711132814,30794.13586425781,42929.78039550781,0.6109854415746533,BỔ SUNG THEO P90 · RÀ SOÁT KHOẢNG DỰ BÁO,C,18294.47170410156,42929.78039550781,TRUNG BÌNH,KHÔNG ĐỀ XUẤT TĂNG,False,POL-INV-004|POL-INV-002|POL-INV-003|POL-INV-001|POL-PROMO-002|POL-HITL-001|POL-PROMO-001,RULE_BASED,PENDING_HUMAN_REVIEW
63,DEC-S25-BEVERAGES,25,BEVERAGES,MEDIUM,4,RISK_MEDIUM|LARGE_SERIES,23975.2619171875,30654.9970703125,42790.6416015625,0.6137585295699273,BỔ SUNG THEO P90 · RÀ SOÁT KHOẢNG DỰ BÁO,C,18266.6439453125,42790.6416015625,TRUNG BÌNH,KHÔNG ĐỀ XUẤT TĂNG,False,POL-INV-004|POL-INV-002|POL-INV-003|POL-INV-001|POL-PROMO-002|POL-HITL-001|POL-PROMO-001,RULE_BASED,PENDING_HUMAN_REVIEW
64,DEC-S28-PRODUCE,28,PRODUCE,MEDIUM,4,RISK_MEDIUM|LARGE_SERIES,23763.863430078127,29263.729736328125,38981.0725703125,0.519984612102681,BỔ SUNG THEO P90 · RÀ SOÁT KHOẢNG DỰ BÁO,C,15570.088781249997,38981.0725703125,TRUNG BÌNH,KHÔNG ĐỀ XUẤT TĂNG,False,POL-INV-004|POL-INV-002|POL-INV-003|POL-INV-001|POL-PROMO-002|POL-HITL-001|POL-PROMO-001,RULE_BASED,PENDING_HUMAN_REVIEW
65,DEC-S15-BEVERAGES,15,BEVERAGES,MEDIUM,4,RISK_MEDIUM|LARGE_SERIES,22562.654739453126,29242.389892578125,41378.034423828125,0.6434062450861854,BỔ SUNG THEO P90 · RÀ SOÁT KHOẢNG DỰ BÁO,C,17984.122509765624,41378.034423828125,TRUNG BÌNH,KHÔNG ĐỀ XUẤT TĂNG,False,POL-INV-004|POL-INV-002|POL-INV-003|POL-INV-001|POL-PROMO-002|POL-HITL-001|POL-PROMO-001,RULE_BASED,PENDING_HUMAN_REVIEW
66,DEC-S40-CLEANING,40,CLEANING,MEDIUM,4,RISK_MEDIUM|LARGE_SERIES,22564.758853027342,28949.526794433597,40480.59590136719,0.6188432139958358,BỔ SUNG THEO P90 · RÀ SOÁT KHOẢNG DỰ BÁO,C,17320.97446582031,40480.59590136719,TRUNG BÌNH,KHÔNG ĐỀ XUẤT TĂNG,False,POL-INV-004|POL-INV-002|POL-INV-003|POL-INV-001|POL-PROMO-002|POL-HITL-001|POL-PROMO-001,RULE_BASED,PENDING_HUMAN_REVIEW
67,DEC-S12-BEVERAGES,12,BEVERAGES,MEDIUM,4,RISK_MEDIUM|LARGE_SERIES,22269.284988476564,28949.02014160156,41084.66467285156,0.6499263072130665,BỔ SUNG THEO P90 · RÀ SOÁT KHOẢNG DỰ BÁO,C,17925.44855957031,41084.66467285156,TRUNG BÌNH,KHÔNG ĐỀ XUẤT TĂNG,False,POL-INV-004|POL-INV-002|POL-INV-003|POL-INV-001|POL-PROMO-002|POL-HITL-001|POL-PROMO-001,RULE_BASED,PENDING_HUMAN_REVIEW
68,DEC-S44-BREAD_BAKERY,44,BREAD/BAKERY,MEDIUM,4,RISK_MEDIUM|LARGE_SERIES,21816.43354804688,28496.168701171875,40631.81323242188,0.6602543530438961,BỔ SUNG THEO P90 · RÀ SOÁT KHOẢNG DỰ BÁO,C,17834.87827148438,40631.81323242188,TRUNG BÌNH,KHÔNG ĐỀ XUẤT TĂNG,False,POL-INV-004|POL-INV-002|POL-INV-003|POL-INV-001|POL-PROMO-002|POL-HITL-001|POL-PROMO-001,RULE_BASED,PENDING_HUMAN_REVIEW
69,DEC-S46-DAIRY,46,DAIRY,MEDIUM,4,RISK_MEDIUM|LARGE_SERIES,21742.062820507814,28421.79797363281,40557.44250488281,0.6619819660903759,BỔ SUNG THEO P90 · RÀ SOÁT KHOẢNG DỰ BÁO,C,17820.004125976564,40557.44250488281,TRUNG BÌNH,KHÔNG ĐỀ XUẤT TĂNG,False,POL-INV-004|POL-INV-002|POL-INV-003|POL-INV-001|POL-PROMO-002|POL-HITL-001|POL-PROMO-001,RULE_BASED,PENDING_HUMAN_REVIEW
70,DEC-S25-GROCERY_I,25,GROCERY I,MEDIUM,4,RISK_MEDIUM|LARGE_SERIES,21576.0041046875,28255.7392578125,40391.3837890625,0.6658722902421542,BỔ SUNG THEO P90 · RÀ SOÁT KHOẢNG DỰ BÁO,C,17786.7923828125,40391.3837890625,TRUNG BÌNH,KHÔNG ĐỀ XUẤT TĂNG,False,POL-INV-004|POL-INV-002|POL-INV-003|POL-INV-001|POL-PROMO-002|POL-HITL-001|POL-PROMO-001,RULE_BASED,PENDING_HUMAN_REVIEW
71,DEC-S09-PRODUCE,9,PRODUCE,MEDIUM,4,RISK_MEDIUM|LARGE_SERIES,21962.505056445312,28052.30578613281,38978.79946875,0.6065700257228193,BỔ SUNG THEO P90 · RÀ SOÁT KHOẢNG DỰ BÁO,C,16536.954839843755,38978.79946875,TRUNG BÌNH,KHÔNG ĐỀ XUẤT TĂNG,False,POL-INV-004|POL-INV-002|POL-INV-003|POL-INV-001|POL-PROMO-002|POL-HITL-001|POL-PROMO-001,RULE_BASED,PENDING_HUMAN_REVIEW
72,DEC-S22-BEVERAGES,22,BEVERAGES,MEDIUM,4,RISK_MEDIUM|LARGE_SERIES,20942.09431464844,27621.82946777344,39757.47399902344,0.6811532361782932,BỔ SUNG THEO P90 · RÀ SOÁT KHOẢNG DỰ BÁO,C,17660.01042480468,39757.47399902344,TRUNG BÌNH,KHÔNG ĐỀ XUẤT TĂNG,False,POL-INV-004|POL-INV-002|POL-INV-003|POL-INV-001|POL-PROMO-002|POL-HITL-001|POL-PROMO-001,RULE_BASED,PENDING_HUMAN_REVIEW
73,DEC-S09-CLEANING,9,CLEANING,MEDIUM,4,RISK_MEDIUM|LARGE_SERIES,21159.889102050784,27544.65704345703,39075.72615039063,0.6504051444507265,BỔ SUNG THEO P90 · RÀ SOÁT KHOẢNG DỰ BÁO,C,17040.000515625,39075.72615039063,TRUNG BÌNH,KHÔNG ĐỀ XUẤT TĂNG,False,POL-INV-004|POL-INV-002|POL-INV-003|POL-INV-001|POL-PROMO-002|POL-HITL-001|POL-PROMO-001,RULE_BASED,PENDING_HUMAN_REVIEW
74,DEC-S26-GROCERY_I,26,GROCERY I,MEDIUM,4,RISK_MEDIUM|LARGE_SERIES,21134.358340332037,27519.12628173828,39050.19538867188,0.6510085333521298,BỔ SUNG THEO P90 · RÀ SOÁT KHOẢNG DỰ BÁO,C,17034.89436328125,39050.19538867188,TRUNG BÌNH,KHÔNG ĐỀ XUẤT TĂNG,False,POL-INV-004|POL-INV-002|POL-INV-003|POL-INV-001|POL-PROMO-002|POL-HITL-001|POL-PROMO-001,RULE_BASED,PENDING_HUMAN_REVIEW
75,DEC-S52-CLEANING,52,CLEANING,MEDIUM,4,RISK_MEDIUM|LARGE_SERIES,20748.96675117188,27428.701904296875,39564.34643554688,0.685949112754578,BỔ SUNG THEO P90 · RÀ SOÁT KHOẢNG DỰ BÁO,C,17621.38491210938,39564.34643554688,TRUNG BÌNH,KHÔNG ĐỀ XUẤT TĂNG,False,POL-INV-004|POL-INV-002|POL-INV-003|POL-INV-001|POL-PROMO-002|POL-HITL-001|POL-PROMO-001,RULE_BASED,PENDING_HUMAN_REVIEW
76,DEC-S51-DAIRY,51,DAIRY,MEDIUM,4,RISK_MEDIUM|LARGE_SERIES,20608.127505371096,26992.895446777344,38523.96455371094,0.6636995791757324,BỔ SUNG THEO P90 · RÀ SOÁT KHOẢNG DỰ BÁO,C,16929.648196289058,38523.96455371094,TRUNG BÌNH,KHÔNG ĐỀ XUẤT TĂNG,False,POL-INV-004|POL-INV-002|POL-INV-003|POL-INV-001|POL-PROMO-002|POL-HITL-001|POL-PROMO-001,RULE_BASED,PENDING_HUMAN_REVIEW
77,DEC-S23-BEVERAGES,23,BEVERAGES,MEDIUM,4,RISK_MEDIUM|LARGE_SERIES,19703.11824042969,26382.853393554688,38518.49792480469,0.7131399422106934,BỔ SUNG THEO P90 · RÀ SOÁT KHOẢNG DỰ BÁO,C,17412.215209960938,38518.49792480469,TRUNG BÌNH,KHÔNG ĐỀ XUẤT TĂNG,False,POL-INV-004|POL-INV-002|POL-INV-003|POL-INV-001|POL-PROMO-002|POL-HITL-001|POL-PROMO-001,RULE_BASED,PENDING_HUMAN_REVIEW
78,DEC-S13-BEVERAGES,13,BEVERAGES,MEDIUM,4,RISK_MEDIUM|LARGE_SERIES,19675.76533515625,26355.50048828125,38491.14501953125,0.7138800423349367,BỔ SUNG THEO P90 · RÀ SOÁT KHOẢNG DỰ BÁO,C,17406.74462890625,38491.14501953125,TRUNG BÌNH,KHÔNG ĐỀ XUẤT TĂNG,False,POL-INV-004|POL-INV-002|POL-INV-003|POL-INV-001|POL-PROMO-002|POL-HITL-001|POL-PROMO-001,RULE_BASED,PENDING_HUMAN_REVIEW
79,DEC-S11-PRODUCE,11,PRODUCE,MEDIUM,4,RISK_MEDIUM|LARGE_SERIES,19798.789980957037,26183.55792236328,37714.62702929688,0.68421384471947,BỔ SUNG THEO P90 · RÀ SOÁT KHOẢNG DỰ BÁO,C,16767.78069140625,37714.62702929688,TRUNG BÌNH,KHÔNG ĐỀ XUẤT TĂNG,False,POL-INV-004|POL-INV-002|POL-INV-003|POL-INV-001|POL-PROMO-002|POL-HITL-001|POL-PROMO-001,RULE_BASED,PENDING_HUMAN_REVIEW
80,DEC-S30-BEVERAGES,30,BEVERAGES,MEDIUM,4,RISK_MEDIUM|LARGE_SERIES,19295.1496125,25974.884765625,38110.529296875,0.7243402815396762,BỔ SUNG THEO P90 · RÀ SOÁT KHOẢNG DỰ BÁO,C,17330.621484375,38110.529296875,TRUNG BÌNH,KHÔNG ĐỀ XUẤT TĂNG,False,POL-INV-004|POL-INV-002|POL-INV-003|POL-INV-001|POL-PROMO-002|POL-HITL-001|POL-PROMO-001,RULE_BASED,PENDING_HUMAN_REVIEW
81,DEC-S31-PRODUCE,31,PRODUCE,MEDIUM,4,RISK_MEDIUM|LARGE_SERIES,20971.01220898437,25880.944091796875,34389.13607714844,0.5184357025335227,BỔ SUNG THEO P90 · RÀ SOÁT KHOẢNG DỰ BÁO,C,13684.380803710937,34389.13607714844,TRUNG BÌNH,KHÔNG ĐỀ XUẤT TĂNG,False,POL-INV-004|POL-INV-002|POL-INV-003|POL-INV-001|POL-PROMO-002|POL-HITL-001|POL-PROMO-001,RULE_BASED,PENDING_HUMAN_REVIEW
82,DEC-S17-PRODUCE,17,PRODUCE,MEDIUM,4,RISK_MEDIUM|LARGE_SERIES,19744.450491015625,25834.251220703125,36760.74490332032,0.6586463691387936,BỔ SUNG THEO P90 · RÀ SOÁT KHOẢNG DỰ BÁO,C,16093.343926757821,36760.74490332032,TRUNG BÌNH,KHÔNG ĐỀ XUẤT TĂNG,False,POL-INV-004|POL-INV-002|POL-INV-003|POL-INV-001|POL-PROMO-002|POL-HITL-001|POL-PROMO-001,RULE_BASED,PENDING_HUMAN_REVIEW
83,DEC-S05-PRODUCE,5,PRODUCE,MEDIUM,4,RISK_MEDIUM|LARGE_SERIES,19426.18182666016,25810.949768066406,37342.018875,0.6940908071386632,BỔ SUNG THEO P90 · RÀ SOÁT KHOẢNG DỰ BÁO,C,16693.259060546872,37342.018875,TRUNG BÌNH,KHÔNG ĐỀ XUẤT TĂNG,False,POL-INV-004|POL-INV-002|POL-INV-003|POL-INV-001|POL-PROMO-002|POL-HITL-001|POL-PROMO-001,RULE_BASED,PENDING_HUMAN_REVIEW
84,DEC-S39-CLEANING,39,CLEANING,MEDIUM,4,RISK_MEDIUM|LARGE_SERIES,19542.140066210937,25631.94079589844,36558.43447851563,0.6638447982928081,BỔ SUNG THEO P90 · RÀ SOÁT KHOẢNG DỰ BÁO,C,16052.881841796876,36558.43447851563,TRUNG BÌNH,KHÔNG ĐỀ XUẤT TĂNG,False,POL-INV-004|POL-INV-002|POL-INV-003|POL-INV-001|POL-PROMO-002|POL-HITL-001|POL-PROMO-001,RULE_BASED,PENDING_HUMAN_REVIEW
85,DEC-S14-BEVERAGES,14,BEVERAGES,MEDIUM,4,RISK_MEDIUM|LARGE_SERIES,18470.926712109376,25150.66186523437,37286.306396484375,0.748076997265233,BỔ SUNG THEO P90 · RÀ SOÁT KHOẢNG DỰ BÁO,C,17165.776904296872,37286.306396484375,TRUNG BÌNH,KHÔNG ĐỀ XUẤT TĂNG,False,POL-INV-004|POL-INV-002|POL-INV-003|POL-INV-001|POL-PROMO-002|POL-HITL-001|POL-PROMO-001,RULE_BASED,PENDING_HUMAN_REVIEW
86,DEC-S51-CLEANING,51,CLEANING,MEDIUM,4,RISK_MEDIUM|LARGE_SERIES,18984.477712695312,25074.27844238281,36000.772125,0.6786083931791306,BỔ SUNG THEO P90 · RÀ SOÁT KHOẢNG DỰ BÁO,C,15941.349371093755,36000.772125,TRUNG BÌNH,KHÔNG ĐỀ XUẤT TĂNG,False,POL-INV-004|POL-INV-002|POL-INV-003|POL-INV-001|POL-PROMO-002|POL-HITL-001|POL-PROMO-001,RULE_BASED,PENDING_HUMAN_REVIEW
87,DEC-S32-GROCERY_I,32,GROCERY I,MEDIUM,4,RISK_MEDIUM|LARGE_SERIES,18476.894826953125,24566.695556640625,35493.189239257816,0.6926288374533851,BỔ SUNG THEO P90 · RÀ SOÁT KHOẢNG DỰ BÁO,C,15839.832793945316,35493.189239257816,TRUNG BÌNH,KHÔNG ĐỀ XUẤT TĂNG,False,POL-INV-004|POL-INV-002|POL-INV-003|POL-INV-001|POL-PROMO-002|POL-HITL-001|POL-PROMO-001,RULE_BASED,PENDING_HUMAN_REVIEW
88,DEC-S08-DAIRY,8,DAIRY,MEDIUM,4,RISK_MEDIUM|LARGE_SERIES,18474.56914335937,24564.369873046875,35490.863555664066,0.6926944108818396,BỔ SUNG THEO P90 · RÀ SOÁT KHOẢNG DỰ BÁO,C,15839.367657226565,35490.863555664066,TRUNG BÌNH,KHÔNG ĐỀ XUẤT TĂNG,False,POL-INV-004|POL-INV-002|POL-INV-003|POL-INV-001|POL-PROMO-002|POL-HITL-001|POL-PROMO-001,RULE_BASED,PENDING_HUMAN_REVIEW
89,DEC-S21-PRODUCE,21,PRODUCE,MEDIUM,4,RISK_MEDIUM|LARGE_SERIES,18936.372878125,24141.27197265625,33254.03938232422,0.5930538153333512,BỔ SUNG THEO P90 · RÀ SOÁT KHOẢNG DỰ BÁO,C,13941.02180419922,33254.03938232422,TRUNG BÌNH,KHÔNG ĐỀ XUẤT TĂNG,False,POL-INV-004|POL-INV-002|POL-INV-003|POL-INV-001|POL-PROMO-002|POL-HITL-001|POL-PROMO-001,RULE_BASED,PENDING_HUMAN_REVIEW
90,DEC-S35-BEVERAGES,35,BEVERAGES,MEDIUM,4,RISK_MEDIUM|LARGE_SERIES,17841.9160671875,23931.716796875,34858.21047949219,0.7110055476245214,BỔ SUNG THEO P90 · RÀ SOÁT KHOẢNG DỰ BÁO,C,15712.837041992192,34858.21047949219,TRUNG BÌNH,KHÔNG ĐỀ XUẤT TĂNG,False,POL-INV-004|POL-INV-002|POL-INV-003|POL-INV-001|POL-PROMO-002|POL-HITL-001|POL-PROMO-001,RULE_BASED,PENDING_HUMAN_REVIEW
91,DEC-S33-PRODUCE,33,PRODUCE,MEDIUM,4,RISK_MEDIUM|LARGE_SERIES,18757.42993359375,23667.36181640625,32175.55380175781,0.5669223739373035,BỔ SUNG THEO P90 · RÀ SOÁT KHOẢNG DỰ BÁO,C,13241.66434863281,32175.55380175781,TRUNG BÌNH,KHÔNG ĐỀ XUẤT TĂNG,False,POL-INV-004|POL-INV-002|POL-INV-003|POL-INV-001|POL-PROMO-002|POL-HITL-001|POL-PROMO-001,RULE_BASED,PENDING_HUMAN_REVIEW
92,DEC-S25-PRODUCE,25,PRODUCE,MEDIUM,4,RISK_MEDIUM|LARGE_SERIES,18286.427736328125,23196.359619140625,31704.551604492182,0.5784332393197235,BỔ SUNG THEO P90 · RÀ SOÁT KHOẢNG DỰ BÁO,C,13147.463909179682,31704.551604492182,TRUNG BÌNH,KHÔNG ĐỀ XUẤT TĂNG,False,POL-INV-004|POL-INV-002|POL-INV-003|POL-INV-001|POL-PROMO-002|POL-HITL-001|POL-PROMO-001,RULE_BASED,PENDING_HUMAN_REVIEW
93,DEC-S29-PRODUCE,29,PRODUCE,MEDIUM,4,RISK_MEDIUM|LARGE_SERIES,19048.15548232422,23073.18572998047,29767.65144238281,0.4645665977339632,BỔ SUNG THEO P90 · RÀ SOÁT KHOẢNG DỰ BÁO,C,11309.102858398437,29767.65144238281,TRUNG BÌNH,KHÔNG ĐỀ XUẤT TĂNG,False,POL-INV-004|POL-INV-002|POL-INV-003|POL-INV-001|POL-PROMO-002|POL-HITL-001|POL-PROMO-001,RULE_BASED,PENDING_HUMAN_REVIEW
94,DEC-S28-CLEANING,28,CLEANING,MEDIUM,4,RISK_MEDIUM|LARGE_SERIES,17484.196926171877,22984.063232421875,32701.40606640625,0.6620477388450053,BỔ SUNG THEO P90 · RÀ SOÁT KHOẢNG DỰ BÁO,C,14314.155480468748,32701.40606640625,TRUNG BÌNH,KHÔNG ĐỀ XUẤT TĂNG,False,POL-INV-004|POL-INV-002|POL-INV-003|POL-INV-001|POL-PROMO-002|POL-HITL-001|POL-PROMO-001,RULE_BASED,PENDING_HUMAN_REVIEW
95,DEC-S16-BEVERAGES,16,BEVERAGES,MEDIUM,4,RISK_MEDIUM|LARGE_SERIES,16846.9355984375,22936.736328125,33863.23001074219,0.741847153916415,BỔ SUNG THEO P90 · RÀ SOÁT KHOẢNG DỰ BÁO,C,15513.840948242192,33863.23001074219,TRUNG BÌNH,KHÔNG ĐỀ XUẤT TĂNG,False,POL-INV-004|POL-INV-002|POL-INV-003|POL-INV-001|POL-PROMO-002|POL-HITL-001|POL-PROMO-001,RULE_BASED,PENDING_HUMAN_REVIEW
96,DEC-S36-PRODUCE,36,PRODUCE,MEDIUM,4,RISK_MEDIUM|LARGE_SERIES,18461.09763339844,22781.09509277344,30080.136229492186,0.5100074663361117,BỔ SUNG THEO P90 · RÀ SOÁT KHOẢNG DỰ BÁO,C,11855.260155273434,30080.136229492186,TRUNG BÌNH,KHÔNG ĐỀ XUẤT TĂNG,False,POL-INV-004|POL-INV-002|POL-INV-003|POL-INV-001|POL-PROMO-002|POL-HITL-001|POL-PROMO-001,RULE_BASED,PENDING_HUMAN_REVIEW
97,DEC-S31-CLEANING,31,CLEANING,MEDIUM,4,RISK_MEDIUM|LARGE_SERIES,17195.952529003906,22400.85162353516,31513.61903320313,0.6391287088589243,BỔ SUNG THEO P90 · RÀ SOÁT KHOẢNG DỰ BÁO,C,13592.937734375002,31513.61903320313,TRUNG BÌNH,KHÔNG ĐỀ XUẤT TĂNG,False,POL-INV-004|POL-INV-002|POL-INV-003|POL-INV-001|POL-PROMO-002|POL-HITL-001|POL-PROMO-001,RULE_BASED,PENDING_HUMAN_REVIEW
98,DEC-S48-DAIRY,48,DAIRY,MEDIUM,4,RISK_MEDIUM|LARGE_SERIES,17340.156068847657,22250.08795166016,30758.27993701172,0.6030322605939336,BỔ SUNG THEO P90 · RÀ SOÁT KHOẢNG DỰ BÁO,C,12958.209575683595,30758.27993701172,TRUNG BÌNH,KHÔNG ĐỀ XUẤT TĂNG,False,POL-INV-004|POL-INV-002|POL-INV-003|POL-INV-001|POL-PROMO-002|POL-HITL-001|POL-PROMO-001,RULE_BASED,PENDING_HUMAN_REVIEW
99,DEC-S21-CLEANING,21,CLEANING,MEDIUM,4,RISK_MEDIUM|LARGE_SERIES,16864.32746796875,22069.2265625,31181.99397216797,0.6487321941917297,BỔ SUNG THEO P90 · RÀ SOÁT KHOẢNG DỰ BÁO,C,13526.612722167967,31181.99397216797,TRUNG BÌNH,KHÔNG ĐỀ XUẤT TĂNG,False,POL-INV-004|POL-INV-002|POL-INV-003|POL-INV-001|POL-PROMO-002|POL-HITL-001|POL-PROMO-001,RULE_BASED,PENDING_HUMAN_REVIEW
100,DEC-S45-POULTRY,45,POULTRY,MEDIUM,4,RISK_MEDIUM|LARGE_SERIES,17081.082521484375,21991.014404296875,30499.20638964844,0.6101361895044224,BỔ SUNG THEO P90 · RÀ SOÁT KHOẢNG DỰ BÁO,C,12906.39486621094,30499.20638964844,TRUNG BÌNH,KHÔNG ĐỀ XUẤT TĂNG,False,POL-INV-004|POL-INV-002|POL-INV-003|POL-INV-001|POL-PROMO-002|POL-HITL-001|POL-PROMO-001,RULE_BASED,PENDING_HUMAN_REVIEW
101,DEC-S07-DAIRY,7,DAIRY,MEDIUM,4,RISK_MEDIUM|LARGE_SERIES,16441.442409570314,21941.308715820312,31658.651549804687,0.6935099372320301,BỔ SUNG THEO P90 · RÀ SOÁT KHOẢNG DỰ BÁO,C,14105.604577148435,31658.651549804687,TRUNG BÌNH,KHÔNG ĐỀ XUẤT TĂNG,False,POL-INV-004|POL-INV-002|POL-INV-003|POL-INV-001|POL-PROMO-002|POL-HITL-001|POL-PROMO-001,RULE_BASED,PENDING_HUMAN_REVIEW
102,DEC-S24-DAIRY,24,DAIRY,MEDIUM,4,RISK_MEDIUM|LARGE_SERIES,16114.94449716797,21909.77801513672,32231.6962734375,0.7355627337895316,BỔ SUNG THEO P90 · RÀ SOÁT KHOẢNG DỰ BÁO,C,14703.873861328124,32231.6962734375,TRUNG BÌNH,KHÔNG ĐỀ XUẤT TĂNG,False,POL-INV-004|POL-INV-002|POL-INV-003|POL-INV-001|POL-PROMO-002|POL-HITL-001|POL-PROMO-001,RULE_BASED,PENDING_HUMAN_REVIEW
103,DEC-S43-PRODUCE,43,PRODUCE,MEDIUM,4,RISK_MEDIUM|LARGE_SERIES,17416.261207617186,21736.258666992188,29035.299803710936,0.534521798451851,BỔ SUNG THEO P90 · RÀ SOÁT KHOẢNG DỰ BÁO,C,11646.292870117184,29035.299803710936,TRUNG BÌNH,KHÔNG ĐỀ XUẤT TĂNG,False,POL-INV-004|POL-INV-002|POL-INV-003|POL-INV-001|POL-PROMO-002|POL-HITL-001|POL-PROMO-001,RULE_BASED,PENDING_HUMAN_REVIEW
104,DEC-S08-CLEANING,8,CLEANING,MEDIUM,4,RISK_MEDIUM|LARGE_SERIES,16399.026564648437,21603.925659179688,30716.693068847657,0.6627038079214962,BỔ SUNG THEO P90 · RÀ SOÁT KHOẢNG DỰ BÁO,C,13433.552541503905,30716.693068847657,TRUNG BÌNH,KHÔNG ĐỀ XUẤT TĂNG,False,POL-INV-004|POL-INV-002|POL-INV-003|POL-INV-001|POL-PROMO-002|POL-HITL-001|POL-PROMO-001,RULE_BASED,PENDING_HUMAN_REVIEW
105,DEC-S40-PRODUCE,40,PRODUCE,MEDIUM,4,RISK_MEDIUM|LARGE_SERIES,17839.892469433595,21569.955505371094,27659.845793457032,0.4552396077947638,BỔ SUNG THEO P90 · RÀ SOÁT KHOẢNG DỰ BÁO,C,10403.881389160157,27659.845793457032,TRUNG BÌNH,KHÔNG ĐỀ XUẤT TĂNG,False,POL-INV-004|POL-INV-002|POL-INV-003|POL-INV-001|POL-PROMO-002|POL-HITL-001|POL-PROMO-001,RULE_BASED,PENDING_HUMAN_REVIEW
106,DEC-S06-CLEANING,6,CLEANING,MEDIUM,4,RISK_MEDIUM|LARGE_SERIES,15926.793361718752,21426.65966796875,31144.002501953124,0.7101666433027167,BỔ SUNG THEO P90 · RÀ SOÁT KHOẢNG DỰ BÁO,C,14002.674767578123,31144.002501953124,TRUNG BÌNH,KHÔNG ĐỀ XUẤT TĂNG,False,POL-INV-004|POL-INV-002|POL-INV-003|POL-INV-001|POL-PROMO-002|POL-HITL-001|POL-PROMO-001,RULE_BASED,PENDING_HUMAN_REVIEW
107,DEC-S20-CLEANING,20,CLEANING,MEDIUM,4,RISK_MEDIUM|LARGE_SERIES,16431.04486279297,21340.97674560547,29849.168730957037,0.6287198242274815,BỔ SUNG THEO P90 · RÀ SOÁT KHOẢNG DỰ BÁO,C,12776.38733447266,29849.168730957037,TRUNG BÌNH,KHÔNG ĐỀ XUẤT TĂNG,False,POL-INV-004|POL-INV-002|POL-INV-003|POL-INV-001|POL-PROMO-002|POL-HITL-001|POL-PROMO-001,RULE_BASED,PENDING_HUMAN_REVIEW
108,DEC-S45-BREAD_BAKERY,45,BREAD/BAKERY,MEDIUM,4,RISK_MEDIUM|LARGE_SERIES,16055.573915527344,20965.505798339844,29473.69778369141,0.6399790216463503,BỔ SUNG THEO P90 · RÀ SOÁT KHOẢNG DỰ BÁO,C,12701.293145019532,29473.69778369141,TRUNG BÌNH,KHÔNG ĐỀ XUẤT TĂNG,False,POL-INV-004|POL-INV-002|POL-INV-003|POL-INV-001|POL-PROMO-002|POL-HITL-001|POL-PROMO-001,RULE_BASED,PENDING_HUMAN_REVIEW
109,DEC-S41-CLEANING,41,CLEANING,MEDIUM,4,RISK_MEDIUM|LARGE_SERIES,16185.2877703125,20800.25244140625,28703.869002441406,0.6018186293056976,BỔ SUNG THEO P90 · RÀ SOÁT KHOẢNG DỰ BÁO,C,12063.667049316406,28703.869002441406,TRUNG BÌNH,KHÔNG ĐỀ XUẤT TĂNG,False,POL-INV-004|POL-INV-002|POL-INV-003|POL-INV-001|POL-PROMO-002|POL-HITL-001|POL-PROMO-001,RULE_BASED,PENDING_HUMAN_REVIEW
110,DEC-S44-POULTRY,44,POULTRY,MEDIUM,4,RISK_MEDIUM|LARGE_SERIES,16576.807093652344,20601.837341308597,27296.303053710937,0.5202922190996505,BỔ SUNG THEO P90 · RÀ SOÁT KHOẢNG DỰ BÁO,C,10814.83318066406,27296.303053710937,TRUNG BÌNH,KHÔNG ĐỀ XUẤT TĂNG,False,POL-INV-004|POL-INV-002|POL-INV-003|POL-INV-001|POL-PROMO-002|POL-HITL-001|POL-PROMO-001,RULE_BASED,PENDING_HUMAN_REVIEW
111,DEC-S30-CLEANING,30,CLEANING,MEDIUM,4,RISK_MEDIUM|LARGE_SERIES,16277.00907138672,20597.00653076172,27896.047667480467,0.5640855865707929,BỔ SUNG THEO P90 · RÀ SOÁT KHOẢNG DỰ BÁO,C,11418.442442871092,27896.047667480467,TRUNG BÌNH,KHÔNG ĐỀ XUẤT TĂNG,False,POL-INV-004|POL-INV-002|POL-INV-003|POL-INV-001|POL-PROMO-002|POL-HITL-001|POL-PROMO-001,RULE_BASED,PENDING_HUMAN_REVIEW
112,DEC-S23-PRODUCE,23,PRODUCE,MEDIUM,4,RISK_MEDIUM|LARGE_SERIES,15965.688893359376,20580.653564453125,28484.27012548828,0.6082398186776368,BỔ SUNG THEO P90 · RÀ SOÁT KHOẢNG DỰ BÁO,C,12019.74727392578,28484.27012548828,TRUNG BÌNH,KHÔNG ĐỀ XUẤT TĂNG,False,POL-INV-004|POL-INV-002|POL-INV-003|POL-INV-001|POL-PROMO-002|POL-HITL-001|POL-PROMO-001,RULE_BASED,PENDING_HUMAN_REVIEW
113,DEC-S49-BREAD_BAKERY,49,BREAD/BAKERY,MEDIUM,4,RISK_MEDIUM|LARGE_SERIES,15348.912795117189,20553.81188964844,29666.579299316407,0.6965603276286709,BỔ SUNG THEO P90 · RÀ SOÁT KHOẢNG DỰ BÁO,C,13223.529787597658,29666.579299316407,TRUNG BÌNH,KHÔNG ĐỀ XUẤT TĂNG,False,POL-INV-004|POL-INV-002|POL-INV-003|POL-INV-001|POL-PROMO-002|POL-HITL-001|POL-PROMO-001,RULE_BASED,PENDING_HUMAN_REVIEW
114,DEC-S50-DAIRY,50,DAIRY,MEDIUM,4,RISK_MEDIUM|LARGE_SERIES,16494.16866591797,20519.19891357422,27213.66462597656,0.5223875268074321,BỔ SUNG THEO P90 · RÀ SOÁT KHOẢNG DỰ BÁO,C,10798.305495117183,27213.66462597656,TRUNG BÌNH,KHÔNG ĐỀ XUẤT TĂNG,False,POL-INV-004|POL-INV-002|POL-INV-003|POL-INV-001|POL-PROMO-002|POL-HITL-001|POL-PROMO-001,RULE_BASED,PENDING_HUMAN_REVIEW
115,DEC-S47-POULTRY,47,POULTRY,MEDIUM,4,RISK_MEDIUM|LARGE_SERIES,15705.35289482422,20320.31756591797,28223.934126953125,0.6160319669982681,BỔ SUNG THEO P90 · RÀ SOÁT KHOẢNG DỰ BÁO,C,11967.68007421875,28223.934126953125,TRUNG BÌNH,KHÔNG ĐỀ XUẤT TĂNG,False,POL-INV-004|POL-INV-002|POL-INV-003|POL-INV-001|POL-PROMO-002|POL-HITL-001|POL-PROMO-001,RULE_BASED,PENDING_HUMAN_REVIEW
116,DEC-S43-CLEANING,43,CLEANING,MEDIUM,4,RISK_MEDIUM|LARGE_SERIES,15974.803675683594,19999.833923339844,26694.299635742187,0.5359524508400396,BỔ SUNG THEO P90 · RÀ SOÁT KHOẢNG DỰ BÁO,C,10694.432497070311,26694.299635742187,TRUNG BÌNH,KHÔNG ĐỀ XUẤT TĂNG,False,POL-INV-004|POL-INV-002|POL-INV-003|POL-INV-001|POL-PROMO-002|POL-HITL-001|POL-PROMO-001,RULE_BASED,PENDING_HUMAN_REVIEW
117,DEC-S03-BREAD_BAKERY,3,BREAD/BAKERY,MEDIUM,4,RISK_MEDIUM|LARGE_SERIES,15938.790919335936,19963.821166992188,26658.28687939453,0.5369192075600018,BỔ SUNG THEO P90 · RÀ SOÁT KHOẢNG DỰ BÁO,C,10687.22994580078,26658.28687939453,TRUNG BÌNH,KHÔNG ĐỀ XUẤT TĂNG,False,POL-INV-004|POL-INV-002|POL-INV-003|POL-INV-001|POL-PROMO-002|POL-HITL-001|POL-PROMO-001,RULE_BASED,PENDING_HUMAN_REVIEW
118,DEC-S24-CLEANING,24,CLEANING,MEDIUM,4,RISK_MEDIUM|LARGE_SERIES,15065.498268164063,19385.495727539062,26684.53686425781,0.5993367114608844,BỔ SUNG THEO P90 · RÀ SOÁT KHOẢNG DỰ BÁO,C,11176.140282226559,26684.53686425781,TRUNG BÌNH,KHÔNG ĐỀ XUẤT TĂNG,False,POL-INV-004|POL-INV-002|POL-INV-003|POL-INV-001|POL-PROMO-002|POL-HITL-001|POL-PROMO-001,RULE_BASED,PENDING_HUMAN_REVIEW
119,DEC-S03-POULTRY,3,POULTRY,MEDIUM,4,RISK_MEDIUM|LARGE_SERIES,15359.820094140625,19384.850341796875,26079.31605419922,0.5529546432609571,BỔ SUNG THEO P90 · RÀ SOÁT KHOẢNG DỰ BÁO,C,10571.435780761718,26079.31605419922,TRUNG BÌNH,KHÔNG ĐỀ XUẤT TĂNG,False,POL-INV-004|POL-INV-002|POL-INV-003|POL-INV-001|POL-PROMO-002|POL-HITL-001|POL-PROMO-001,RULE_BASED,PENDING_HUMAN_REVIEW
120,DEC-S47-BREAD_BAKERY,47,BREAD/BAKERY,MEDIUM,4,RISK_MEDIUM|LARGE_SERIES,15242.131983789062,19267.162231445312,25961.627943847656,0.5563320378611178,BỔ SUNG THEO P90 · RÀ SOÁT KHOẢNG DỰ BÁO,C,10547.898158691405,25961.627943847656,TRUNG BÌNH,KHÔNG ĐỀ XUẤT TĂNG,False,POL-INV-004|POL-INV-002|POL-INV-003|POL-INV-001|POL-PROMO-002|POL-HITL-001|POL-PROMO-001,RULE_BASED,PENDING_HUMAN_REVIEW
121,DEC-S45-MEATS,45,MEATS,MEDIUM,4,RISK_MEDIUM|LARGE_SERIES,15392.096998242188,19122.160034179688,25212.050322265623,0.5135110152543716,BỔ SUNG THEO P90 · RÀ SOÁT KHOẢNG DỰ BÁO,C,9914.322294921873,25212.050322265623,TRUNG BÌNH,KHÔNG ĐỀ XUẤT TĂNG,False,POL-INV-004|POL-INV-002|POL-INV-003|POL-INV-001|POL-PROMO-002|POL-HITL-001|POL-PROMO-001,RULE_BASED,PENDING_HUMAN_REVIEW
122,DEC-S07-CLEANING,7,CLEANING,MEDIUM,4,RISK_MEDIUM|LARGE_SERIES,15033.067335156253,18763.13037109375,24853.02065917969,0.5233364472435733,BỔ SUNG THEO P90 · RÀ SOÁT KHOẢNG DỰ BÁO,C,9842.516362304688,24853.02065917969,TRUNG BÌNH,KHÔNG ĐỀ XUẤT TĂNG,False,POL-INV-004|POL-INV-002|POL-INV-003|POL-INV-001|POL-PROMO-002|POL-HITL-001|POL-PROMO-001,RULE_BASED,PENDING_HUMAN_REVIEW
123,DEC-S52-DAIRY,52,DAIRY,MEDIUM,4,RISK_MEDIUM|LARGE_SERIES,15224.13446142578,18659.23028564453,24144.54514941406,0.4780439764910526,BỔ SUNG THEO P90 · RÀ SOÁT KHOẢNG DỰ BÁO,C,9217.160920898436,24144.54514941406,TRUNG BÌNH,KHÔNG ĐỀ XUẤT TĂNG,False,POL-INV-004|POL-INV-002|POL-INV-003|POL-INV-001|POL-PROMO-002|POL-HITL-001|POL-PROMO-001,RULE_BASED,PENDING_HUMAN_REVIEW
124,DEC-S49-POULTRY,49,POULTRY,MEDIUM,4,RISK_MEDIUM|LARGE_SERIES,14911.606080078123,18346.701904296875,23832.016768066405,0.4861868115428231,BỔ SUNG THEO P90 · RÀ SOÁT KHOẢNG DỰ BÁO,C,9154.655244628906,23832.016768066405,TRUNG BÌNH,KHÔNG ĐỀ XUẤT TĂNG,False,POL-INV-004|POL-INV-002|POL-INV-003|POL-INV-001|POL-PROMO-002|POL-HITL-001|POL-PROMO-001,RULE_BASED,PENDING_HUMAN_REVIEW
125,DEC-S54-CLEANING,54,CLEANING,MEDIUM,4,RISK_MEDIUM|LARGE_SERIES,14571.909681347655,18301.97271728516,24391.86300537109,0.5365223166589524,BỔ SUNG THEO P90 · RÀ SOÁT KHOẢNG DỰ BÁO,C,9750.284831542966,24391.86300537109,TRUNG BÌNH,KHÔNG ĐỀ XUẤT TĂNG,False,POL-INV-004|POL-INV-002|POL-INV-003|POL-INV-001|POL-PROMO-002|POL-HITL-001|POL-PROMO-001,RULE_BASED,PENDING_HUMAN_REVIEW
126,DEC-S20-PRODUCE,20,PRODUCE,MEDIUM,4,RISK_MEDIUM|LARGE_SERIES,14272.491663964844,18297.521911621094,24991.98762402344,0.5858121225218098,BỔ SUNG THEO P90 · RÀ SOÁT KHOẢNG DỰ BÁO,C,10353.970094726565,24991.98762402344,TRUNG BÌNH,KHÔNG ĐỀ XUẤT TĂNG,False,POL-INV-004|POL-INV-002|POL-INV-003|POL-INV-001|POL-PROMO-002|POL-HITL-001|POL-PROMO-001,RULE_BASED,PENDING_HUMAN_REVIEW
127,DEC-S38-CLEANING,38,CLEANING,MEDIUM,4,RISK_MEDIUM|LARGE_SERIES,14840.293885253906,18275.389709472656,23760.704573242187,0.4880838518870513,BỔ SUNG THEO P90 · RÀ SOÁT KHOẢNG DỰ BÁO,C,9140.392805664063,23760.704573242187,TRUNG BÌNH,KHÔNG ĐỀ XUẤT TĂNG,False,POL-INV-004|POL-INV-002|POL-INV-003|POL-INV-001|POL-PROMO-002|POL-HITL-001|POL-PROMO-001,RULE_BASED,PENDING_HUMAN_REVIEW
128,DEC-S17-CLEANING,17,CLEANING,MEDIUM,4,RISK_MEDIUM|LARGE_SERIES,15032.703968066406,18172.832580566406,23053.57202001953,0.4413415836420754,BỔ SUNG THEO P90 · RÀ SOÁT KHOẢNG DỰ BÁO,C,8515.305955566402,23053.57202001953,TRUNG BÌNH,KHÔNG ĐỀ XUẤT TĂNG,False,POL-INV-004|POL-INV-002|POL-INV-003|POL-INV-001|POL-PROMO-002|POL-HITL-001|POL-PROMO-001,RULE_BASED,PENDING_HUMAN_REVIEW
129,DEC-S14-CLEANING,14,CLEANING,MEDIUM,4,RISK_MEDIUM|LARGE_SERIES,14326.927308105467,17762.02313232422,23247.33799609375,0.5021898931018891,BỔ SUNG THEO P90 · RÀ SOÁT KHOẢNG DỰ BÁO,C,9037.719490234373,23247.33799609375,TRUNG BÌNH,KHÔNG ĐỀ XUẤT TĂNG,False,POL-INV-004|POL-INV-002|POL-INV-003|POL-INV-001|POL-PROMO-002|POL-HITL-001|POL-PROMO-001,RULE_BASED,PENDING_HUMAN_REVIEW
130,DEC-S06-DAIRY,6,DAIRY,MEDIUM,4,RISK_MEDIUM|LARGE_SERIES,14523.437061328124,17663.565673828125,22544.30511328125,0.45406539849643,BỔ SUNG THEO P90 · RÀ SOÁT KHOẢNG DỰ BÁO,C,8413.45257421875,22544.30511328125,TRUNG BÌNH,KHÔNG ĐỀ XUẤT TĂNG,False,POL-INV-004|POL-INV-002|POL-INV-003|POL-INV-001|POL-PROMO-002|POL-HITL-001|POL-PROMO-001,RULE_BASED,PENDING_HUMAN_REVIEW
131,DEC-S51-POULTRY,51,POULTRY,MEDIUM,4,RISK_MEDIUM|LARGE_SERIES,14986.090600976562,17536.284790039062,21207.87338085937,0.3547745762455028,BỔ SUNG THEO P90 · RÀ SOÁT KHOẢNG DỰ BÁO,C,7178.8455488281215,21207.87338085937,TRUNG BÌNH,KHÔNG ĐỀ XUẤT TĂNG,False,POL-INV-004|POL-INV-002|POL-INV-003|POL-INV-001|POL-PROMO-002|POL-HITL-001|POL-PROMO-001,RULE_BASED,PENDING_HUMAN_REVIEW
132,DEC-S46-MEATS,46,MEATS,MEDIUM,4,RISK_MEDIUM|LARGE_SERIES,14391.436878222656,17531.565490722656,22412.304930175786,0.4574839920716319,BỔ SUNG THEO P90 · RÀ SOÁT KHOẢNG DỰ BÁO,C,8387.05253759766,22412.304930175786,TRUNG BÌNH,KHÔNG ĐỀ XUẤT TĂNG,False,POL-INV-004|POL-INV-002|POL-INV-003|POL-INV-001|POL-PROMO-002|POL-HITL-001|POL-PROMO-001,RULE_BASED,PENDING_HUMAN_REVIEW
133,DEC-S37-CLEANING,37,CLEANING,MEDIUM,4,RISK_MEDIUM|LARGE_SERIES,14259.616382617189,17399.744995117188,22280.484434570317,0.4609496923381073,BỔ SUNG THEO P90 · RÀ SOÁT KHOẢNG DỰ BÁO,C,8360.688438476565,22280.484434570317,TRUNG BÌNH,KHÔNG ĐỀ XUẤT TĂNG,False,POL-INV-004|POL-INV-002|POL-INV-003|POL-INV-001|POL-PROMO-002|POL-HITL-001|POL-PROMO-001,RULE_BASED,PENDING_HUMAN_REVIEW
134,DEC-S53-CLEANING,53,CLEANING,MEDIUM,4,RISK_MEDIUM|LARGE_SERIES,13963.06407548828,17103.19268798828,21983.932127441407,0.46894163309946346,BỔ SUNG THEO P90 · RÀ SOÁT KHOẢNG DỰ BÁO,C,8301.37797705078,21983.932127441407,TRUNG BÌNH,KHÔNG ĐỀ XUẤT TĂNG,False,POL-INV-004|POL-INV-002|POL-INV-003|POL-INV-001|POL-PROMO-002|POL-HITL-001|POL-PROMO-001,RULE_BASED,PENDING_HUMAN_REVIEW
135,DEC-S27-DAIRY,27,DAIRY,MEDIUM,4,RISK_MEDIUM|LARGE_SERIES,14413.566614160156,16963.760803222656,20635.34939404297,0.366747450910178,BỔ SUNG THEO P90 · RÀ SOÁT KHOẢNG DỰ BÁO,C,7064.3407514648425,20635.34939404297,TRUNG BÌNH,KHÔNG ĐỀ XUẤT TĂNG,False,POL-INV-004|POL-INV-002|POL-INV-003|POL-INV-001|POL-PROMO-002|POL-HITL-001|POL-PROMO-001,RULE_BASED,PENDING_HUMAN_REVIEW
136,DEC-S26-BEVERAGES,26,BEVERAGES,MEDIUM,4,RISK_MEDIUM|LARGE_SERIES,14413.551843652343,16963.746032714844,20635.33462353516,0.3667477702221254,BỔ SUNG THEO P90 · RÀ SOÁT KHOẢNG DỰ BÁO,C,7064.337797363283,20635.33462353516,TRUNG BÌNH,KHÔNG ĐỀ XUẤT TĂNG,False,POL-INV-004|POL-INV-002|POL-INV-003|POL-INV-001|POL-PROMO-002|POL-HITL-001|POL-PROMO-001,RULE_BASED,PENDING_HUMAN_REVIEW
137,DEC-S33-CLEANING,33,CLEANING,MEDIUM,4,RISK_MEDIUM|LARGE_SERIES,14116.211524023438,16961.372924804688,21237.536939941405,0.4198307304931492,BỔ SUNG THEO P90 · RÀ SOÁT KHOẢNG DỰ BÁO,C,7668.438600097654,21237.536939941405,TRUNG BÌNH,KHÔNG ĐỀ XUẤT TĂNG,False,POL-INV-004|POL-INV-002|POL-INV-003|POL-INV-001|POL-PROMO-002|POL-HITL-001|POL-PROMO-001,RULE_BASED,PENDING_HUMAN_REVIEW
138,DEC-S29-CLEANING,29,CLEANING,MEDIUM,4,RISK_MEDIUM|LARGE_SERIES,13541.451465625,16681.580078125,21562.31951757813,0.48079301968827215,BỔ SUNG THEO P90 · RÀ SOÁT KHOẢNG DỰ BÁO,C,8217.055455078129,21562.31951757813,TRUNG BÌNH,KHÔNG ĐỀ XUẤT TĂNG,False,POL-INV-004|POL-INV-002|POL-INV-003|POL-INV-001|POL-PROMO-002|POL-HITL-001|POL-PROMO-001,RULE_BASED,PENDING_HUMAN_REVIEW
139,DEC-S32-BEVERAGES,32,BEVERAGES,MEDIUM,4,RISK_MEDIUM|LARGE_SERIES,14127.448328027343,16677.642517089844,20349.23110791016,0.37303891929499894,BỔ SUNG THEO P90 · RÀ SOÁT KHOẢNG DỰ BÁO,C,7007.117094238283,20349.23110791016,TRUNG BÌNH,KHÔNG ĐỀ XUẤT TĂNG,False,POL-INV-004|POL-INV-002|POL-INV-003|POL-INV-001|POL-PROMO-002|POL-HITL-001|POL-PROMO-001,RULE_BASED,PENDING_HUMAN_REVIEW
140,DEC-S46-BREAD_BAKERY,46,BREAD/BAKERY,MEDIUM,4,RISK_MEDIUM|LARGE_SERIES,13679.953223242188,16525.114624023438,20801.278639160155,0.43091347106874983,BỔ SUNG THEO P90 · RÀ SOÁT KHOẢNG DỰ BÁO,C,7581.1869399414045,20801.278639160155,TRUNG BÌNH,KHÔNG ĐỀ XUẤT TĂNG,False,POL-INV-004|POL-INV-002|POL-INV-003|POL-INV-001|POL-PROMO-002|POL-HITL-001|POL-PROMO-001,RULE_BASED,PENDING_HUMAN_REVIEW
141,DEC-S47-MEATS,47,MEATS,MEDIUM,4,RISK_MEDIUM|LARGE_SERIES,13821.853845605468,16372.048034667969,20043.63662548828,0.3800014979928559,BỔ SUNG THEO P90 · RÀ SOÁT KHOẢNG DỰ BÁO,C,6945.998197753905,20043.63662548828,TRUNG BÌNH,KHÔNG ĐỀ XUẤT TĂNG,False,POL-INV-004|POL-INV-002|POL-INV-003|POL-INV-001|POL-PROMO-002|POL-HITL-001|POL-PROMO-001,RULE_BASED,PENDING_HUMAN_REVIEW
142,DEC-S28-DAIRY,28,DAIRY,MEDIUM,4,RISK_MEDIUM|LARGE_SERIES,13706.187707910156,16256.381896972656,19927.97048779297,0.38270508863677444,BỔ SUNG THEO P90 · RÀ SOÁT KHOẢNG DỰ BÁO,C,6922.864970214843,19927.97048779297,TRUNG BÌNH,KHÔNG ĐỀ XUẤT TĂNG,False,POL-INV-004|POL-INV-002|POL-INV-003|POL-INV-001|POL-PROMO-002|POL-HITL-001|POL-PROMO-001,RULE_BASED,PENDING_HUMAN_REVIEW
143,DEC-S44-MEATS,44,MEATS,MEDIUM,4,RISK_MEDIUM|LARGE_SERIES,12404.842273730468,15544.970886230469,20425.710325683594,0.5159451352798717,BỔ SUNG THEO P90 · RÀ SOÁT KHOẢNG DỰ BÁO,C,7989.733616699219,20425.710325683594,TRUNG BÌNH,KHÔNG ĐỀ XUẤT TĂNG,False,POL-INV-004|POL-INV-002|POL-INV-003|POL-INV-001|POL-PROMO-002|POL-HITL-001|POL-PROMO-001,RULE_BASED,PENDING_HUMAN_REVIEW
144,DEC-S32-CLEANING,32,CLEANING,MEDIUM,4,RISK_MEDIUM|LARGE_SERIES,12336.19450078125,15409.83733605957,20208.56681689453,0.5108335221794109,BỔ SUNG THEO P90 · RÀ SOÁT KHOẢNG DỰ BÁO,C,7880.696948046872,20208.56681689453,TRUNG BÌNH,KHÔNG ĐỀ XUẤT TĂNG,False,POL-INV-004|POL-INV-002|POL-INV-003|POL-INV-001|POL-PROMO-002|POL-HITL-001|POL-PROMO-001,RULE_BASED,PENDING_HUMAN_REVIEW
145,DEC-S48-MEATS,48,MEATS,MEDIUM,4,RISK_MEDIUM|LARGE_SERIES,12564.597144140624,15409.758544921877,19685.922560058592,0.4621009014682521,BỔ SUNG THEO P90 · RÀ SOÁT KHOẢNG DỰ BÁO,C,7358.115724121093,19685.922560058592,TRUNG BÌNH,KHÔNG ĐỀ XUẤT TĂNG,False,POL-INV-004|POL-INV-002|POL-INV-003|POL-INV-001|POL-PROMO-002|POL-HITL-001|POL-PROMO-001,RULE_BASED,PENDING_HUMAN_REVIEW
146,DEC-S19-CLEANING,19,CLEANING,MEDIUM,4,RISK_MEDIUM|LARGE_SERIES,12613.133630761718,15163.32781982422,18834.91641064453,0.4102907068356251,BỔ SUNG THEO P90 · RÀ SOÁT KHOẢNG DỰ BÁO,C,6704.254154785156,18834.91641064453,TRUNG BÌNH,KHÔNG ĐỀ XUẤT TĂNG,False,POL-INV-004|POL-INV-002|POL-INV-003|POL-INV-001|POL-PROMO-002|POL-HITL-001|POL-PROMO-001,RULE_BASED,PENDING_HUMAN_REVIEW
147,DEC-S16-CLEANING,16,CLEANING,MEDIUM,4,RISK_MEDIUM|LARGE_SERIES,12704.416882519532,14959.64385986328,18026.657026367186,0.3557494044842728,BỔ SUNG THEO P90 · RÀ SOÁT KHOẢNG DỰ BÁO,C,6058.941938476562,18026.657026367186,TRUNG BÌNH,KHÔNG ĐỀ XUẤT TĂNG,False,POL-INV-004|POL-INV-002|POL-INV-003|POL-INV-001|POL-PROMO-002|POL-HITL-001|POL-PROMO-001,RULE_BASED,PENDING_HUMAN_REVIEW
148,DEC-S02-DAIRY,2,DAIRY,MEDIUM,4,RISK_MEDIUM|LARGE_SERIES,12565.03297138672,14820.259948730469,17887.273115234373,0.3590949866784798,BỔ SUNG THEO P90 · RÀ SOÁT KHOẢNG DỰ BÁO,C,6031.065156249997,17887.273115234373,TRUNG BÌNH,KHÔNG ĐỀ XUẤT TĂNG,False,POL-INV-004|POL-INV-002|POL-INV-003|POL-INV-001|POL-PROMO-002|POL-HITL-001|POL-PROMO-001,RULE_BASED,PENDING_HUMAN_REVIEW
149,DEC-S42-DAIRY,42,DAIRY,MEDIUM,4,RISK_MEDIUM|LARGE_SERIES,12452.15943623047,14707.38641357422,17774.399580078127,0.36185071524472706,BỔ SUNG THEO P90 · RÀ SOÁT KHOẢNG DỰ BÁO,C,6008.490449218751,17774.399580078127,TRUNG BÌNH,KHÔNG ĐỀ XUẤT TĂNG,False,POL-INV-004|POL-INV-002|POL-INV-003|POL-INV-001|POL-PROMO-002|POL-HITL-001|POL-PROMO-001,RULE_BASED,PENDING_HUMAN_REVIEW
150,DEC-S09-DAIRY,9,DAIRY,MEDIUM,4,RISK_MEDIUM|LARGE_SERIES,12451.964795117188,14707.191772460938,17774.204938964842,0.3618555038025011,BỔ SUNG THEO P90 · RÀ SOÁT KHOẢNG DỰ BÁO,C,6008.451520996092,17774.204938964842,TRUNG BÌNH,KHÔNG ĐỀ XUẤT TĂNG,False,POL-INV-004|POL-INV-002|POL-INV-003|POL-INV-001|POL-PROMO-002|POL-HITL-001|POL-PROMO-001,RULE_BASED,PENDING_HUMAN_REVIEW
151,DEC-S51-BREAD_BAKERY,51,BREAD/BAKERY,MEDIUM,4,RISK_MEDIUM|LARGE_SERIES,12311.277478222655,14566.504455566406,17633.51762207031,0.3653501641328806,BỔ SUNG THEO P90 · RÀ SOÁT KHOẢNG DỰ BÁO,C,5980.3140576171845,17633.51762207031,TRUNG BÌNH,KHÔNG ĐỀ XUẤT TĂNG,False,POL-INV-004|POL-INV-002|POL-INV-003|POL-INV-001|POL-PROMO-002|POL-HITL-001|POL-PROMO-001,RULE_BASED,PENDING_HUMAN_REVIEW
152,DEC-S49-MEATS,49,MEATS,MEDIUM,4,RISK_MEDIUM|LARGE_SERIES,11741.969079980468,14292.163269042969,17963.75185986328,0.43529781775867216,BỔ SUNG THEO P90 · RÀ SOÁT KHOẢNG DỰ BÁO,C,6530.021244628906,17963.75185986328,TRUNG BÌNH,KHÔNG ĐỀ XUẤT TĂNG,False,POL-INV-004|POL-INV-002|POL-INV-003|POL-INV-001|POL-PROMO-002|POL-HITL-001|POL-PROMO-001,RULE_BASED,PENDING_HUMAN_REVIEW
153,DEC-S04-CLEANING,4,CLEANING,MEDIUM,4,RISK_MEDIUM|LARGE_SERIES,11840.023877148438,14095.250854492188,17162.264020996095,0.3775642331273899,BỔ SUNG THEO P90 · RÀ SOÁT KHOẢNG DỰ BÁO,C,5886.0633374023455,17162.264020996095,TRUNG BÌNH,KHÔNG ĐỀ XUẤT TĂNG,False,POL-INV-004|POL-INV-002|POL-INV-003|POL-INV-001|POL-PROMO-002|POL-HITL-001|POL-PROMO-001,RULE_BASED,PENDING_HUMAN_REVIEW
154,DEC-S48-POULTRY,48,POULTRY,MEDIUM,4,RISK_MEDIUM|LARGE_SERIES,11405.853723535156,13956.047912597656,17627.63650341797,0.4457807137186239,BỔ SUNG THEO P90 · RÀ SOÁT KHOẢNG DỰ BÁO,C,6462.798173339843,17627.63650341797,TRUNG BÌNH,KHÔNG ĐỀ XUẤT TĂNG,False,POL-INV-004|POL-INV-002|POL-INV-003|POL-INV-001|POL-PROMO-002|POL-HITL-001|POL-PROMO-001,RULE_BASED,PENDING_HUMAN_REVIEW
155,DEC-S46-POULTRY,46,POULTRY,MEDIUM,4,RISK_MEDIUM|LARGE_SERIES,11306.704492578125,13856.898681640623,17528.487272460938,0.44897014495607657,BỔ SUNG THEO P90 · RÀ SOÁT KHOẢNG DỰ BÁO,C,6442.968327148437,17528.487272460938,TRUNG BÌNH,KHÔNG ĐỀ XUẤT TĂNG,False,POL-INV-004|POL-INV-002|POL-INV-003|POL-INV-001|POL-PROMO-002|POL-HITL-001|POL-PROMO-001,RULE_BASED,PENDING_HUMAN_REVIEW
156,DEC-S48-BREAD_BAKERY,48,BREAD/BAKERY,MEDIUM,4,RISK_MEDIUM|LARGE_SERIES,11537.903515820311,13793.130493164062,16860.143659667967,0.38583368096199977,BỔ SUNG THEO P90 · RÀ SOÁT KHOẢNG DỰ BÁO,C,5825.639265136717,16860.143659667967,TRUNG BÌNH,KHÔNG ĐỀ XUẤT TĂNG,False,POL-INV-004|POL-INV-002|POL-INV-003|POL-INV-001|POL-PROMO-002|POL-HITL-001|POL-PROMO-001,RULE_BASED,PENDING_HUMAN_REVIEW
157,DEC-S20-DAIRY,20,DAIRY,MEDIUM,4,RISK_MEDIUM|LARGE_SERIES,11427.174756054688,13682.401733398438,16749.414899902342,0.3889559224777515,BỔ SUNG THEO P90 · RÀ SOÁT KHOẢNG DỰ BÁO,C,5803.493513183592,16749.414899902342,TRUNG BÌNH,KHÔNG ĐỀ XUẤT TĂNG,False,POL-INV-004|POL-INV-002|POL-INV-003|POL-INV-001|POL-PROMO-002|POL-HITL-001|POL-PROMO-001,RULE_BASED,PENDING_HUMAN_REVIEW
158,DEC-S46-DELI,46,DELI,MEDIUM,4,RISK_MEDIUM|LARGE_SERIES,11309.470837597655,13564.697814941406,16631.71098144531,0.3923307312643868,BỔ SUNG THEO P90 · RÀ SOÁT KHOẢNG DỰ BÁO,C,5779.9527294921845,16631.71098144531,TRUNG BÌNH,KHÔNG ĐỀ XUẤT TĂNG,False,POL-INV-004|POL-INV-002|POL-INV-003|POL-INV-001|POL-PROMO-002|POL-HITL-001|POL-PROMO-001,RULE_BASED,PENDING_HUMAN_REVIEW
159,DEC-S04-DAIRY,4,DAIRY,MEDIUM,4,RISK_MEDIUM|LARGE_SERIES,11102.999096875,13358.22607421875,16425.239240722654,0.3983943466694345,BỔ SUNG THEO P90 · RÀ SOÁT KHOẢNG DỰ BÁO,C,5738.658381347654,16425.239240722654,TRUNG BÌNH,KHÔNG ĐỀ XUẤT TĂNG,False,POL-INV-004|POL-INV-002|POL-INV-003|POL-INV-001|POL-PROMO-002|POL-HITL-001|POL-PROMO-001,RULE_BASED,PENDING_HUMAN_REVIEW
160,DEC-S29-DAIRY,29,DAIRY,MEDIUM,4,RISK_MEDIUM|LARGE_SERIES,10901.028820996096,13156.255798339844,16223.26896484375,0.40450989366028767,BỔ SUNG THEO P90 · RÀ SOÁT KHOẢNG DỰ BÁO,C,5698.264326171873,16223.26896484375,TRUNG BÌNH,KHÔNG ĐỀ XUẤT TĂNG,False,POL-INV-004|POL-INV-002|POL-INV-003|POL-INV-001|POL-PROMO-002|POL-HITL-001|POL-PROMO-001,RULE_BASED,PENDING_HUMAN_REVIEW
161,DEC-S03-MEATS,3,MEATS,MEDIUM,4,RISK_MEDIUM|LARGE_SERIES,10453.519372949218,13003.71356201172,16675.30215283203,0.4784252071539171,BỔ SUNG THEO P90 · RÀ SOÁT KHOẢNG DỰ BÁO,C,6272.331303222656,16675.30215283203,TRUNG BÌNH,KHÔNG ĐỀ XUẤT TĂNG,False,POL-INV-004|POL-INV-002|POL-INV-003|POL-INV-001|POL-PROMO-002|POL-HITL-001|POL-PROMO-001,RULE_BASED,PENDING_HUMAN_REVIEW
162,DEC-S41-DAIRY,41,DAIRY,MEDIUM,4,RISK_MEDIUM|LARGE_SERIES,10578.567761425782,12833.794738769531,15900.807905273436,0.4146727900346535,BỔ SUNG THEO P90 · RÀ SOÁT KHOẢNG DỰ BÁO,C,5633.772114257812,15900.807905273436,TRUNG BÌNH,KHÔNG ĐỀ XUẤT TĂNG,False,POL-INV-004|POL-INV-002|POL-INV-003|POL-INV-001|POL-PROMO-002|POL-HITL-001|POL-PROMO-001,RULE_BASED,PENDING_HUMAN_REVIEW
163,DEC-S46-PERSONAL_CARE,46,PERSONAL CARE,MEDIUM,4,RISK_MEDIUM|LARGE_SERIES,10574.686566357424,12829.913543701172,15896.926710205078,0.4147982235029864,BỔ SUNG THEO P90 · RÀ SOÁT KHOẢNG DỰ BÁO,C,5632.99587524414,15896.926710205078,TRUNG BÌNH,KHÔNG ĐỀ XUẤT TĂNG,False,POL-INV-004|POL-INV-002|POL-INV-003|POL-INV-001|POL-PROMO-002|POL-HITL-001|POL-PROMO-001,RULE_BASED,PENDING_HUMAN_REVIEW
164,DEC-S34-PRODUCE,34,PRODUCE,MEDIUM,4,RISK_MEDIUM|LARGE_SERIES,10268.475427636718,12818.66961669922,16490.25820751953,0.4853309769994512,BỔ SUNG THEO P90 · RÀ SOÁT KHOẢNG DỰ BÁO,C,6235.322514160156,16490.25820751953,TRUNG BÌNH,KHÔNG ĐỀ XUẤT TĂNG,False,POL-INV-004|POL-INV-002|POL-INV-003|POL-INV-001|POL-PROMO-002|POL-HITL-001|POL-PROMO-001,RULE_BASED,PENDING_HUMAN_REVIEW
165,DEC-S44-HOME_CARE,44,HOME CARE,MEDIUM,4,RISK_MEDIUM|LARGE_SERIES,10399.148327832032,12654.37530517578,15721.388471679687,0.4205517430740258,BỔ SUNG THEO P90 · RÀ SOÁT KHOẢNG DỰ BÁO,C,5597.888227539064,15721.388471679687,TRUNG BÌNH,KHÔNG ĐỀ XUẤT TĂNG,False,POL-INV-004|POL-INV-002|POL-INV-003|POL-INV-001|POL-PROMO-002|POL-HITL-001|POL-PROMO-001,RULE_BASED,PENDING_HUMAN_REVIEW
166,DEC-S48-PERSONAL_CARE,48,PERSONAL CARE,MEDIUM,4,RISK_MEDIUM|LARGE_SERIES,10241.871777539063,12497.098754882812,15564.11192138672,0.4258439822111616,BỔ SUNG THEO P90 · RÀ SOÁT KHOẢNG DỰ BÁO,C,5566.43291748047,15564.11192138672,TRUNG BÌNH,KHÔNG ĐỀ XUẤT TĂNG,False,POL-INV-004|POL-INV-002|POL-INV-003|POL-INV-001|POL-PROMO-002|POL-HITL-001|POL-PROMO-001,RULE_BASED,PENDING_HUMAN_REVIEW
167,DEC-S47-PERSONAL_CARE,47,PERSONAL CARE,MEDIUM,4,RISK_MEDIUM|LARGE_SERIES,10234.533703808596,12489.760681152344,15556.77384765625,0.4260941570899305,BỔ SUNG THEO P90 · RÀ SOÁT KHOẢNG DỰ BÁO,C,5564.965302734374,15556.77384765625,TRUNG BÌNH,KHÔNG ĐỀ XUẤT TĂNG,False,POL-INV-004|POL-INV-002|POL-INV-003|POL-INV-001|POL-PROMO-002|POL-HITL-001|POL-PROMO-001,RULE_BASED,PENDING_HUMAN_REVIEW
168,DEC-S45-DELI,45,DELI,MEDIUM,4,RISK_MEDIUM|LARGE_SERIES,10464.59130859375,12424.85107421875,14887.28881640625,0.3559271297713157,BỔ SUNG THEO P90 · RÀ SOÁT KHOẢNG DỰ BÁO,C,4947.40795703125,14887.28881640625,TRUNG BÌNH,KHÔNG ĐỀ XUẤT TĂNG,False,POL-INV-004|POL-INV-002|POL-INV-003|POL-INV-001|POL-PROMO-002|POL-HITL-001|POL-PROMO-001,RULE_BASED,PENDING_HUMAN_REVIEW
169,DEC-S31-DAIRY,31,DAIRY,MEDIUM,4,RISK_MEDIUM|LARGE_SERIES,10081.254529003909,12336.481506347656,15403.494672851562,0.43138789234329156,BỔ SUNG THEO P90 · RÀ SOÁT KHOẢNG DỰ BÁO,C,5534.309467773439,15403.494672851562,TRUNG BÌNH,KHÔNG ĐỀ XUẤT TĂNG,False,POL-INV-004|POL-INV-002|POL-INV-003|POL-INV-001|POL-PROMO-002|POL-HITL-001|POL-PROMO-001,RULE_BASED,PENDING_HUMAN_REVIEW
170,DEC-S39-DAIRY,39,DAIRY,MEDIUM,4,RISK_MEDIUM|LARGE_SERIES,10352.045654296877,12312.305419921877,14774.743162109376,0.3591803627851992,BỔ SUNG THEO P90 · RÀ SOÁT KHOẢNG DỰ BÁO,C,4924.898826171877,14774.743162109376,TRUNG BÌNH,KHÔNG ĐỀ XUẤT TĂNG,False,POL-INV-004|POL-INV-002|POL-INV-003|POL-INV-001|POL-PROMO-002|POL-HITL-001|POL-PROMO-001,RULE_BASED,PENDING_HUMAN_REVIEW
171,DEC-S24-BREAD_BAKERY,24,BREAD/BAKERY,MEDIUM,4,RISK_MEDIUM|LARGE_SERIES,10336.054443359377,12296.314208984377,14758.751951171876,0.3596474346065982,BỔ SUNG THEO P90 · RÀ SOÁT KHOẢNG DỰ BÁO,C,4921.700583984377,14758.751951171876,TRUNG BÌNH,KHÔNG ĐỀ XUẤT TĂNG,False,POL-INV-004|POL-INV-002|POL-INV-003|POL-INV-001|POL-PROMO-002|POL-HITL-001|POL-PROMO-001,RULE_BASED,PENDING_HUMAN_REVIEW
172,DEC-S45-PERSONAL_CARE,45,PERSONAL CARE,MEDIUM,4,RISK_MEDIUM|LARGE_SERIES,9873.645031933596,12128.872009277344,15195.88517578125,0.43877133573849925,BỔ SUNG THEO P90 · RÀ SOÁT KHOẢNG DỰ BÁO,C,5492.787568359374,15195.88517578125,TRUNG BÌNH,KHÔNG ĐỀ XUẤT TĂNG,False,POL-INV-004|POL-INV-002|POL-INV-003|POL-INV-001|POL-PROMO-002|POL-HITL-001|POL-PROMO-001,RULE_BASED,PENDING_HUMAN_REVIEW
173,DEC-S20-DELI,20,DELI,MEDIUM,4,RISK_MEDIUM|LARGE_SERIES,9808.104687695311,12063.331665039062,15130.344831542969,0.4411549923872575,BỔ SUNG THEO P90 · RÀ SOÁT KHOẢNG DỰ BÁO,C,5479.679499511718,15130.344831542969,TRUNG BÌNH,KHÔNG ĐỀ XUẤT TĂNG,False,POL-INV-004|POL-INV-002|POL-INV-003|POL-INV-001|POL-PROMO-002|POL-HITL-001|POL-PROMO-001,RULE_BASED,PENDING_HUMAN_REVIEW
174,DEC-S45-HOME_CARE,45,HOME CARE,MEDIUM,4,RISK_MEDIUM|LARGE_SERIES,9718.708142285155,11973.935119628906,15040.948286132812,0.4444483490456347,BỔ SUNG THEO P90 · RÀ SOÁT KHOẢNG DỰ BÁO,C,5461.800190429689,15040.948286132812,TRUNG BÌNH,KHÔNG ĐỀ XUẤT TĂNG,False,POL-INV-004|POL-INV-002|POL-INV-003|POL-INV-001|POL-PROMO-002|POL-HITL-001|POL-PROMO-001,RULE_BASED,PENDING_HUMAN_REVIEW
175,DEC-S47-DELI,47,DELI,MEDIUM,4,RISK_MEDIUM|LARGE_SERIES,9826.51690673828,11786.77667236328,14249.21441455078,0.3751935272222809,BỔ SUNG THEO P90 · RÀ SOÁT KHOẢNG DỰ BÁO,C,4819.793076660153,14249.21441455078,TRUNG BÌNH,KHÔNG ĐỀ XUẤT TĂNG,False,POL-INV-004|POL-INV-002|POL-INV-003|POL-INV-001|POL-PROMO-002|POL-HITL-001|POL-PROMO-001,RULE_BASED,PENDING_HUMAN_REVIEW
176,DEC-S13-CLEANING,13,CLEANING,MEDIUM,4,RISK_MEDIUM|LARGE_SERIES,9695.662231445312,11655.921997070312,14118.359739257812,0.3794052588602753,BỔ SUNG THEO P90 · RÀ SOÁT KHOẢNG DỰ BÁO,C,4793.622141601561,14118.359739257812,TRUNG BÌNH,KHÔNG ĐỀ XUẤT TĂNG,False,POL-INV-004|POL-INV-002|POL-INV-003|POL-INV-001|POL-PROMO-002|POL-HITL-001|POL-PROMO-001,RULE_BASED,PENDING_HUMAN_REVIEW
177,DEC-S15-PRODUCE,15,PRODUCE,MEDIUM,4,RISK_MEDIUM|LARGE_SERIES,9375.042798046876,11630.269775390623,14697.282941894531,0.4575803198296047,BỔ SUNG THEO P90 · RÀ SOÁT KHOẢNG DỰ BÁO,C,5393.067121582031,14697.282941894531,TRUNG BÌNH,KHÔNG ĐỀ XUẤT TĂNG,False,POL-INV-004|POL-INV-002|POL-INV-003|POL-INV-001|POL-PROMO-002|POL-HITL-001|POL-PROMO-001,RULE_BASED,PENDING_HUMAN_REVIEW
178,DEC-S47-HOME_CARE,47,HOME CARE,MEDIUM,4,RISK_MEDIUM|LARGE_SERIES,9608.46356201172,11568.72332763672,14031.161069824218,0.38226475971538176,BỔ SUNG THEO P90 · RÀ SOÁT KHOẢNG DỰ BÁO,C,4776.182407714843,14031.161069824218,TRUNG BÌNH,KHÔNG ĐỀ XUẤT TĂNG,False,POL-INV-004|POL-INV-002|POL-INV-003|POL-INV-001|POL-PROMO-002|POL-HITL-001|POL-PROMO-001,RULE_BASED,PENDING_HUMAN_REVIEW
179,DEC-S07-BREAD_BAKERY,7,BREAD/BAKERY,MEDIUM,4,RISK_MEDIUM|LARGE_SERIES,9598.78192138672,11559.04168701172,14021.479429199218,0.3825849099473073,BỔ SUNG THEO P90 · RÀ SOÁT KHOẢNG DỰ BÁO,C,4774.246079589842,14021.479429199218,TRUNG BÌNH,KHÔNG ĐỀ XUẤT TĂNG,False,POL-INV-004|POL-INV-002|POL-INV-003|POL-INV-001|POL-PROMO-002|POL-HITL-001|POL-PROMO-001,RULE_BASED,PENDING_HUMAN_REVIEW
180,DEC-S34-DAIRY,34,DAIRY,MEDIUM,4,RISK_MEDIUM|LARGE_SERIES,9586.344543457031,11546.604309082031,14009.042051269533,0.382996974041976,BỔ SUNG THEO P90 · RÀ SOÁT KHOẢNG DỰ BÁO,C,4771.75860400391,14009.042051269533,TRUNG BÌNH,KHÔNG ĐỀ XUẤT TĂNG,False,POL-INV-004|POL-INV-002|POL-INV-003|POL-INV-001|POL-PROMO-002|POL-HITL-001|POL-PROMO-001,RULE_BASED,PENDING_HUMAN_REVIEW
181,DEC-S11-BREAD_BAKERY,11,BREAD/BAKERY,MEDIUM,4,RISK_MEDIUM|LARGE_SERIES,9579.507385253906,11539.767150878906,14002.204893066406,0.383223874980935,BỔ SUNG THEO P90 · RÀ SOÁT KHOẢNG DỰ BÁO,C,4770.391172363283,14002.204893066406,TRUNG BÌNH,KHÔNG ĐỀ XUẤT TĂNG,False,POL-INV-004|POL-INV-002|POL-INV-003|POL-INV-001|POL-PROMO-002|POL-HITL-001|POL-PROMO-001,RULE_BASED,PENDING_HUMAN_REVIEW
182,DEC-S18-DAIRY,18,DAIRY,MEDIUM,4,RISK_MEDIUM|LARGE_SERIES,9444.780395507812,11405.040161132812,13867.477903320312,0.3877504765311339,BỔ SUNG THEO P90 · RÀ SOÁT KHOẢNG DỰ BÁO,C,4743.445774414062,13867.477903320312,TRUNG BÌNH,KHÔNG ĐỀ XUẤT TĂNG,False,POL-INV-004|POL-INV-002|POL-INV-003|POL-INV-001|POL-PROMO-002|POL-HITL-001|POL-PROMO-001,RULE_BASED,PENDING_HUMAN_REVIEW
183,DEC-S01-DAIRY,1,DAIRY,MEDIUM,4,RISK_MEDIUM|LARGE_SERIES,9548.772782958984,11376.060994140626,13674.478819091795,0.36263372748529854,BỔ SUNG THEO P90 · RÀ SOÁT KHOẢNG DỰ BÁO,C,4573.630023779295,13674.478819091795,TRUNG BÌNH,KHÔNG ĐỀ XUẤT TĂNG,False,POL-INV-004|POL-INV-002|POL-INV-003|POL-INV-001|POL-PROMO-002|POL-HITL-001|POL-PROMO-001,RULE_BASED,PENDING_HUMAN_REVIEW
184,DEC-S43-DAIRY,43,DAIRY,MEDIUM,4,RISK_MEDIUM|LARGE_SERIES,9414.77880859375,11375.03857421875,13837.47631640625,0.38877307587858884,BỔ SUNG THEO P90 · RÀ SOÁT KHOẢNG DỰ BÁO,C,4737.44545703125,13837.47631640625,TRUNG BÌNH,KHÔNG ĐỀ XUẤT TĂNG,False,POL-INV-004|POL-INV-002|POL-INV-003|POL-INV-001|POL-PROMO-002|POL-HITL-001|POL-PROMO-001,RULE_BASED,PENDING_HUMAN_REVIEW
185,DEC-S54-PRODUCE,54,PRODUCE,MEDIUM,4,RISK_MEDIUM|LARGE_SERIES,9411.994506835938,11372.254272460938,13834.692014648435,0.3888682519410091,BỔ SUNG THEO P90 · RÀ SOÁT KHOẢNG DỰ BÁO,C,4736.888596679684,13834.692014648435,TRUNG BÌNH,KHÔNG ĐỀ XUẤT TĂNG,False,POL-INV-004|POL-INV-002|POL-INV-003|POL-INV-001|POL-PROMO-002|POL-HITL-001|POL-PROMO-001,RULE_BASED,PENDING_HUMAN_REVIEW
186,DEC-S11-DAIRY,11,DAIRY,MEDIUM,4,RISK_MEDIUM|LARGE_SERIES,9378.42999267578,11338.68975830078,13801.12750048828,0.3900192687877581,BỔ SUNG THEO P90 · RÀ SOÁT KHOẢNG DỰ BÁO,C,4730.175693847656,13801.12750048828,TRUNG BÌNH,KHÔNG ĐỀ XUẤT TĂNG,False,POL-INV-004|POL-INV-002|POL-INV-003|POL-INV-001|POL-PROMO-002|POL-HITL-001|POL-PROMO-001,RULE_BASED,PENDING_HUMAN_REVIEW
187,DEC-S28-BREAD_BAKERY,28,BREAD/BAKERY,MEDIUM,4,RISK_MEDIUM|LARGE_SERIES,9045.718884472655,11300.945861816406,14367.959028320312,0.4709136115957546,BỔ SUNG THEO P90 · RÀ SOÁT KHOẢNG DỰ BÁO,C,5327.202338867188,14367.959028320312,TRUNG BÌNH,KHÔNG ĐỀ XUẤT TĂNG,False,POL-INV-004|POL-INV-002|POL-INV-003|POL-INV-001|POL-PROMO-002|POL-HITL-001|POL-PROMO-001,RULE_BASED,PENDING_HUMAN_REVIEW
188,DEC-S10-CLEANING,10,CLEANING,MEDIUM,4,RISK_MEDIUM|LARGE_SERIES,9220.958984375,11181.21875,13643.6564921875,0.39551162490114045,BỔ SUNG THEO P90 · RÀ SOÁT KHOẢNG DỰ BÁO,C,4698.681492187499,13643.6564921875,TRUNG BÌNH,KHÔNG ĐỀ XUẤT TĂNG,False,POL-INV-004|POL-INV-002|POL-INV-003|POL-INV-001|POL-PROMO-002|POL-HITL-001|POL-PROMO-001,RULE_BASED,PENDING_HUMAN_REVIEW
189,DEC-S46-HOME_CARE,46,HOME CARE,MEDIUM,4,RISK_MEDIUM|LARGE_SERIES,9088.728637695312,11048.988403320312,13511.426145507812,0.40024453840001883,BỔ SUNG THEO P90 · RÀ SOÁT KHOẢNG DỰ BÁO,C,4672.235422851561,13511.426145507812,TRUNG BÌNH,KHÔNG ĐỀ XUẤT TĂNG,False,POL-INV-004|POL-INV-002|POL-INV-003|POL-INV-001|POL-PROMO-002|POL-HITL-001|POL-PROMO-001,RULE_BASED,PENDING_HUMAN_REVIEW
190,DEC-S07-POULTRY,7,POULTRY,MEDIUM,4,RISK_MEDIUM|LARGE_SERIES,9012.526733398438,10972.786499023438,13435.224241210935,0.40302383395249,BỔ SUNG THEO P90 · RÀ SOÁT KHOẢNG DỰ BÁO,C,4656.995041992184,13435.224241210935,TRUNG BÌNH,KHÔNG ĐỀ XUẤT TĂNG,False,POL-INV-004|POL-INV-002|POL-INV-003|POL-INV-001|POL-PROMO-002|POL-HITL-001|POL-PROMO-001,RULE_BASED,PENDING_HUMAN_REVIEW
191,DEC-S02-BREAD_BAKERY,2,BREAD/BAKERY,MEDIUM,4,RISK_MEDIUM|LARGE_SERIES,8913.357971191406,10873.617736816406,13336.055479003906,0.40669912403810754,BỔ SUNG THEO P90 · RÀ SOÁT KHOẢNG DỰ BÁO,C,4637.161289550781,13336.055479003906,TRUNG BÌNH,KHÔNG ĐỀ XUẤT TĂNG,False,POL-INV-004|POL-INV-002|POL-INV-003|POL-INV-001|POL-PROMO-002|POL-HITL-001|POL-PROMO-001,RULE_BASED,PENDING_HUMAN_REVIEW
192,DEC-S48-DELI,48,DELI,MEDIUM,4,RISK_MEDIUM|LARGE_SERIES,8903.409271240234,10863.669036865234,13326.106779052734,0.407071535525446,BỔ SUNG THEO P90 · RÀ SOÁT KHOẢNG DỰ BÁO,C,4635.171549560546,13326.106779052734,TRUNG BÌNH,KHÔNG ĐỀ XUẤT TĂNG,False,POL-INV-004|POL-INV-002|POL-INV-003|POL-INV-001|POL-PROMO-002|POL-HITL-001|POL-PROMO-001,RULE_BASED,PENDING_HUMAN_REVIEW
193,DEC-S21-DAIRY,21,DAIRY,MEDIUM,4,RISK_MEDIUM|LARGE_SERIES,8901.86148071289,10862.12124633789,13324.55898852539,0.4071295355654299,BỔ SUNG THEO P90 · RÀ SOÁT KHOẢNG DỰ BÁO,C,4634.861991455078,13324.55898852539,TRUNG BÌNH,KHÔNG ĐỀ XUẤT TĂNG,False,POL-INV-004|POL-INV-002|POL-INV-003|POL-INV-001|POL-PROMO-002|POL-HITL-001|POL-PROMO-001,RULE_BASED,PENDING_HUMAN_REVIEW
194,DEC-S40-DAIRY,40,DAIRY,MEDIUM,4,RISK_MEDIUM|LARGE_SERIES,8871.794372558594,10832.054138183594,13294.491880371092,0.40825952232839696,BỔ SUNG THEO P90 · RÀ SOÁT KHOẢNG DỰ BÁO,C,4628.848569824217,13294.491880371092,TRUNG BÌNH,KHÔNG ĐỀ XUẤT TĂNG,False,POL-INV-004|POL-INV-002|POL-INV-003|POL-INV-001|POL-PROMO-002|POL-HITL-001|POL-PROMO-001,RULE_BASED,PENDING_HUMAN_REVIEW
195,DEC-S01-CLEANING,1,CLEANING,MEDIUM,4,RISK_MEDIUM|LARGE_SERIES,8904.161912597656,10731.450123779296,13029.867948730467,0.3844141820879943,BỔ SUNG THEO P90 · RÀ SOÁT KHOẢNG DỰ BÁO,C,4444.707849707029,13029.867948730467,TRUNG BÌNH,KHÔNG ĐỀ XUẤT TĂNG,False,POL-INV-004|POL-INV-002|POL-INV-003|POL-INV-001|POL-PROMO-002|POL-HITL-001|POL-PROMO-001,RULE_BASED,PENDING_HUMAN_REVIEW
196,DEC-S44-EGGS,44,EGGS,MEDIUM,4,RISK_MEDIUM|LARGE_SERIES,8712.926781494141,10606.70076989746,12987.128553466797,0.40293385576090046,BỔ SUNG THEO P90 · RÀ SOÁT KHOẢNG DỰ BÁO,C,4501.767937548828,12987.128553466797,TRUNG BÌNH,CÂN NHẮC THỬ NGHIỆM,False,POL-INV-004|POL-INV-002|POL-INV-003|POL-INV-001|POL-PROMO-005|POL-PROMO-003|POL-PROMO-002|POL-HITL-001|POL-PROMO-001,RULE_BASED,PENDING_HUMAN_REVIEW
197,DEC-S36-DAIRY,36,DAIRY,MEDIUM,4,RISK_MEDIUM|LARGE_SERIES,8622.985443115234,10583.245208740234,13045.682950927734,0.4178566747641423,BỔ SUNG THEO P90 · RÀ SOÁT KHOẢNG DỰ BÁO,C,4579.086783935547,13045.682950927734,TRUNG BÌNH,KHÔNG ĐỀ XUẤT TĂNG,False,POL-INV-004|POL-INV-002|POL-INV-003|POL-INV-001|POL-PROMO-002|POL-HITL-001|POL-PROMO-001,RULE_BASED,PENDING_HUMAN_REVIEW
198,DEC-S08-POULTRY,8,POULTRY,MEDIUM,4,RISK_MEDIUM|LARGE_SERIES,8613.49447631836,10573.75424194336,13036.19198413086,0.4182317060637172,BỔ SUNG THEO P90 · RÀ SOÁT KHOẢNG DỰ BÁO,C,4577.188590576174,13036.19198413086,TRUNG BÌNH,KHÔNG ĐỀ XUẤT TĂNG,False,POL-INV-004|POL-INV-002|POL-INV-003|POL-INV-001|POL-PROMO-002|POL-HITL-001|POL-PROMO-001,RULE_BASED,PENDING_HUMAN_REVIEW
199,DEC-S51-MEATS,51,MEATS,MEDIUM,4,RISK_MEDIUM|LARGE_SERIES,8310.990918164063,10566.217895507812,13633.23106201172,0.503655758448037,BỔ SUNG THEO P90 · RÀ SOÁT KHOẢNG DỰ BÁO,C,5180.256745605469,13633.23106201172,TRUNG BÌNH,KHÔNG ĐỀ XUẤT TĂNG,False,POL-INV-004|POL-INV-002|POL-INV-003|POL-INV-001|POL-PROMO-002|POL-HITL-001|POL-PROMO-001,RULE_BASED,PENDING_HUMAN_REVIEW
200,DEC-S30-PRODUCE,30,PRODUCE,MEDIUM,4,RISK_MEDIUM|LARGE_SERIES,8377.368291699218,10566.10949182129,13551.112699707031,0.4896082899502629,BỔ SUNG THEO P90 · RÀ SOÁT KHOẢNG DỰ BÁO,C,5098.22510625,13551.112699707031,TRUNG BÌNH,KHÔNG ĐỀ XUẤT TĂNG,False,POL-INV-004|POL-INV-002|POL-INV-003|POL-INV-001|POL-PROMO-002|POL-HITL-001|POL-PROMO-001,RULE_BASED,PENDING_HUMAN_REVIEW
201,DEC-S27-BREAD_BAKERY,27,BREAD/BAKERY,MEDIUM,4,RISK_MEDIUM|LARGE_SERIES,8519.97866821289,10480.23843383789,12942.67617602539,0.4219632570836432,BỔ SUNG THEO P90 · RÀ SOÁT KHOẢNG DỰ BÁO,C,4558.485428955077,12942.67617602539,TRUNG BÌNH,KHÔNG ĐỀ XUẤT TĂNG,False,POL-INV-004|POL-INV-002|POL-INV-003|POL-INV-001|POL-PROMO-002|POL-HITL-001|POL-PROMO-001,RULE_BASED,PENDING_HUMAN_REVIEW
202,DEC-S11-MEATS,11,MEATS,MEDIUM,4,RISK_MEDIUM|LARGE_SERIES,8517.120056152344,10477.379821777344,12939.817563964843,0.42207837309168295,BỔ SUNG THEO P90 · RÀ SOÁT KHOẢNG DỰ BÁO,C,4557.913706542968,12939.817563964843,TRUNG BÌNH,KHÔNG ĐỀ XUẤT TĂNG,False,POL-INV-004|POL-INV-002|POL-INV-003|POL-INV-001|POL-PROMO-002|POL-HITL-001|POL-PROMO-001,RULE_BASED,PENDING_HUMAN_REVIEW
203,DEC-S34-BREAD_BAKERY,34,BREAD/BAKERY,MEDIUM,4,RISK_MEDIUM|LARGE_SERIES,8360.386657714844,10320.646423339844,12783.084165527343,0.4284876003707767,BỔ SUNG THEO P90 · RÀ SOÁT KHOẢNG DỰ BÁO,C,4526.567026855468,12783.084165527343,TRUNG BÌNH,KHÔNG ĐỀ XUẤT TĂNG,False,POL-INV-004|POL-INV-002|POL-INV-003|POL-INV-001|POL-PROMO-002|POL-HITL-001|POL-PROMO-001,RULE_BASED,PENDING_HUMAN_REVIEW
204,DEC-S18-BREAD_BAKERY,18,BREAD/BAKERY,MEDIUM,4,RISK_MEDIUM|LARGE_SERIES,8333.424621582031,10293.684387207031,12756.122129394533,0.42960982012313914,BỔ SUNG THEO P90 · RÀ SOÁT KHOẢNG DỰ BÁO,C,4521.174619628908,12756.122129394533,TRUNG BÌNH,KHÔNG ĐỀ XUẤT TĂNG,False,POL-INV-004|POL-INV-002|POL-INV-003|POL-INV-001|POL-PROMO-002|POL-HITL-001|POL-PROMO-001,RULE_BASED,PENDING_HUMAN_REVIEW
205,DEC-S50-BREAD_BAKERY,50,BREAD/BAKERY,MEDIUM,4,RISK_MEDIUM|LARGE_SERIES,8283.259582519531,10243.519348144531,12705.957090332033,0.43171351993332246,BỔ SUNG THEO P90 · RÀ SOÁT KHOẢNG DỰ BÁO,C,4511.141611816407,12705.957090332033,TRUNG BÌNH,KHÔNG ĐỀ XUẤT TĂNG,False,POL-INV-004|POL-INV-002|POL-INV-003|POL-INV-001|POL-PROMO-002|POL-HITL-001|POL-PROMO-001,RULE_BASED,PENDING_HUMAN_REVIEW
206,DEC-S18-CLEANING,18,CLEANING,MEDIUM,4,RISK_MEDIUM|LARGE_SERIES,8267.846221923828,10228.105987548828,12690.543729736328,0.43236403192966605,BỔ SUNG THEO P90 · RÀ SOÁT KHOẢNG DỰ BÁO,C,4508.058939697265,12690.543729736328,TRUNG BÌNH,KHÔNG ĐỀ XUẤT TĂNG,False,POL-INV-004|POL-INV-002|POL-INV-003|POL-INV-001|POL-PROMO-002|POL-HITL-001|POL-PROMO-001,RULE_BASED,PENDING_HUMAN_REVIEW
207,DEC-S44-PERSONAL_CARE,44,PERSONAL CARE,MEDIUM,4,RISK_MEDIUM|LARGE_SERIES,8091.543724853515,9985.317713256836,12365.745496826172,0.4280057869877957,BỔ SUNG THEO P90 · RÀ SOÁT KHOẢNG DỰ BÁO,C,4377.491326220703,12365.745496826172,TRUNG BÌNH,KHÔNG ĐỀ XUẤT TĂNG,False,POL-INV-004|POL-INV-002|POL-INV-003|POL-INV-001|POL-PROMO-002|POL-HITL-001|POL-PROMO-001,RULE_BASED,PENDING_HUMAN_REVIEW
208,DEC-S48-HOME_CARE,48,HOME CARE,MEDIUM,4,RISK_MEDIUM|LARGE_SERIES,7991.858551025391,9952.11831665039,12414.55605883789,0.44435295222140075,BỔ SUNG THEO P90 · RÀ SOÁT KHOẢNG DỰ BÁO,C,4452.861405517578,12414.55605883789,TRUNG BÌNH,KHÔNG ĐỀ XUẤT TĂNG,False,POL-INV-004|POL-INV-002|POL-INV-003|POL-INV-001|POL-PROMO-002|POL-HITL-001|POL-PROMO-001,RULE_BASED,PENDING_HUMAN_REVIEW
209,DEC-S44-DELI,44,DELI,MEDIUM,4,RISK_MEDIUM|LARGE_SERIES,7971.281426269531,9865.055414672852,12245.483198242187,0.43322296422702433,BỔ SUNG THEO P90 · RÀ SOÁT KHOẢNG DỰ BÁO,C,4353.438866503906,12245.483198242187,TRUNG BÌNH,KHÔNG ĐỀ XUẤT TĂNG,False,POL-INV-004|POL-INV-002|POL-INV-003|POL-INV-001|POL-PROMO-002|POL-HITL-001|POL-PROMO-001,RULE_BASED,PENDING_HUMAN_REVIEW
210,DEC-S22-CLEANING,22,CLEANING,MEDIUM,4,RISK_MEDIUM|LARGE_SERIES,7878.189575195312,9838.449340820312,12300.887083007812,0.44948628267888224,BỔ SUNG THEO P90 · RÀ SOÁT KHOẢNG DỰ BÁO,C,4430.127610351562,12300.887083007812,TRUNG BÌNH,KHÔNG ĐỀ XUẤT TĂNG,False,POL-INV-004|POL-INV-002|POL-INV-003|POL-INV-001|POL-PROMO-002|POL-HITL-001|POL-PROMO-001,RULE_BASED,PENDING_HUMAN_REVIEW
211,DEC-S29-BREAD_BAKERY,29,BREAD/BAKERY,MEDIUM,4,RISK_MEDIUM|LARGE_SERIES,7822.812042236328,9783.071807861328,12245.509550048828,0.45203036063767854,BỔ SUNG THEO P90 · RÀ SOÁT KHOẢNG DỰ BÁO,C,4419.052103759765,12245.509550048828,TRUNG BÌNH,KHÔNG ĐỀ XUẤT TĂNG,False,POL-INV-004|POL-INV-002|POL-INV-003|POL-INV-001|POL-PROMO-002|POL-HITL-001|POL-PROMO-001,RULE_BASED,PENDING_HUMAN_REVIEW
212,DEC-S23-MEATS,23,MEATS,MEDIUM,4,RISK_MEDIUM|LARGE_SERIES,8129.149532470703,9756.980411987304,11809.368361083983,0.3771496429827091,BỔ SUNG THEO P90 · RÀ SOÁT KHOẢNG DỰ BÁO,C,4003.7840314941395,11809.368361083983,TRUNG BÌNH,CÂN NHẮC THỬ NGHIỆM,False,POL-INV-004|POL-INV-002|POL-INV-003|POL-INV-001|POL-PROMO-005|POL-PROMO-003|POL-PROMO-002|POL-HITL-001|POL-PROMO-001,RULE_BASED,PENDING_HUMAN_REVIEW
213,DEC-S50-MEATS,50,MEATS,MEDIUM,4,RISK_MEDIUM|LARGE_SERIES,7807.98424609375,9701.75823449707,12082.186018066406,0.4405140959584266,BỔ SUNG THEO P90 · RÀ SOÁT KHOẢNG DỰ BÁO,C,4320.7794304687495,12082.186018066406,TRUNG BÌNH,KHÔNG ĐỀ XUẤT TĂNG,False,POL-INV-004|POL-INV-002|POL-INV-003|POL-INV-001|POL-PROMO-002|POL-HITL-001|POL-PROMO-001,RULE_BASED,PENDING_HUMAN_REVIEW
214,DEC-S06-POULTRY,6,POULTRY,MEDIUM,4,RISK_MEDIUM|LARGE_SERIES,7656.691368896484,9550.465357299803,11930.89314086914,0.44749173159132644,BỔ SUNG THEO P90 · RÀ SOÁT KHOẢNG DỰ BÁO,C,4290.520855029296,11930.89314086914,TRUNG BÌNH,KHÔNG ĐỀ XUẤT TĂNG,False,POL-INV-004|POL-INV-002|POL-INV-003|POL-INV-001|POL-PROMO-002|POL-HITL-001|POL-PROMO-001,RULE_BASED,PENDING_HUMAN_REVIEW
215,DEC-S16-PRODUCE,16,PRODUCE,MEDIUM,4,RISK_MEDIUM|LARGE_SERIES,7578.193359375,9538.453125,12000.8908671875,0.4636217034519471,BỔ SUNG THEO P90 · RÀ SOÁT KHOẢNG DỰ BÁO,C,4370.128367187499,12000.8908671875,TRUNG BÌNH,KHÔNG ĐỀ XUẤT TĂNG,False,POL-INV-004|POL-INV-002|POL-INV-003|POL-INV-001|POL-PROMO-002|POL-HITL-001|POL-PROMO-001,RULE_BASED,PENDING_HUMAN_REVIEW
216,DEC-S09-DELI,9,DELI,MEDIUM,4,RISK_MEDIUM|LARGE_SERIES,7575.262603759766,9535.522369384766,11997.960111572263,0.4637641832635707,BỔ SUNG THEO P90 · RÀ SOÁT KHOẢNG DỰ BÁO,C,4369.54221606445,11997.960111572263,TRUNG BÌNH,KHÔNG ĐỀ XUẤT TĂNG,False,POL-INV-004|POL-INV-002|POL-INV-003|POL-INV-001|POL-PROMO-002|POL-HITL-001|POL-PROMO-001,RULE_BASED,PENDING_HUMAN_REVIEW
217,DEC-S43-BREAD_BAKERY,43,BREAD/BAKERY,MEDIUM,4,RISK_MEDIUM|LARGE_SERIES,7504.39794921875,9464.65771484375,11927.09545703125,0.4672361542164115,BỔ SUNG THEO P90 · RÀ SOÁT KHOẢNG DỰ BÁO,C,4355.369285156249,11927.09545703125,TRUNG BÌNH,KHÔNG ĐỀ XUẤT TĂNG,False,POL-INV-004|POL-INV-002|POL-INV-003|POL-INV-001|POL-PROMO-002|POL-HITL-001|POL-PROMO-001,RULE_BASED,PENDING_HUMAN_REVIEW
218,DEC-S53-DAIRY,53,DAIRY,MEDIUM,4,RISK_MEDIUM|LARGE_SERIES,7445.281585693359,9405.54135131836,11867.97909350586,0.47017254723412716,BỔ SUNG THEO P90 · RÀ SOÁT KHOẢNG DỰ BÁO,C,4343.546012451173,11867.97909350586,TRUNG BÌNH,KHÔNG ĐỀ XUẤT TĂNG,False,POL-INV-004|POL-INV-002|POL-INV-003|POL-INV-001|POL-PROMO-002|POL-HITL-001|POL-PROMO-001,RULE_BASED,PENDING_HUMAN_REVIEW
219,DEC-S09-BREAD_BAKERY,9,BREAD/BAKERY,MEDIUM,4,RISK_MEDIUM|LARGE_SERIES,7434.433654785156,9394.693420410156,11857.131162597656,0.47071539160751297,BỔ SUNG THEO P90 · RÀ SOÁT KHOẢNG DỰ BÁO,C,4341.37642626953,11857.131162597656,TRUNG BÌNH,KHÔNG ĐỀ XUẤT TĂNG,False,POL-INV-004|POL-INV-002|POL-INV-003|POL-INV-001|POL-PROMO-002|POL-HITL-001|POL-PROMO-001,RULE_BASED,PENDING_HUMAN_REVIEW
220,DEC-S23-CLEANING,23,CLEANING,MEDIUM,4,RISK_MEDIUM|LARGE_SERIES,7389.029113769531,9349.288879394531,11811.726621582033,0.4730011623019383,BỔ SUNG THEO P90 · RÀ SOÁT KHOẢNG DỰ BÁO,C,4332.295518066408,11811.726621582033,TRUNG BÌNH,KHÔNG ĐỀ XUẤT TĂNG,False,POL-INV-004|POL-INV-002|POL-INV-003|POL-INV-001|POL-PROMO-002|POL-HITL-001|POL-PROMO-001,RULE_BASED,PENDING_HUMAN_REVIEW
221,DEC-S06-BREAD_BAKERY,6,BREAD/BAKERY,MEDIUM,4,RISK_MEDIUM|LARGE_SERIES,7344.390625,9304.650390625,11767.0881328125,0.475270112475766,BỔ SUNG THEO P90 · RÀ SOÁT KHOẢNG DỰ BÁO,C,4323.367820312499,11767.0881328125,TRUNG BÌNH,KHÔNG ĐỀ XUẤT TĂNG,False,POL-INV-004|POL-INV-002|POL-INV-003|POL-INV-001|POL-PROMO-002|POL-HITL-001|POL-PROMO-001,RULE_BASED,PENDING_HUMAN_REVIEW
222,DEC-S05-DAIRY,5,DAIRY,MEDIUM,4,RISK_MEDIUM|LARGE_SERIES,7283.396606445312,9243.656372070312,11706.094114257812,0.478405830331804,BỔ SUNG THEO P90 · RÀ SOÁT KHOẢNG DỰ BÁO,C,4311.169016601561,11706.094114257812,TRUNG BÌNH,KHÔNG ĐỀ XUẤT TĂNG,False,POL-INV-004|POL-INV-002|POL-INV-003|POL-INV-001|POL-PROMO-002|POL-HITL-001|POL-PROMO-001,RULE_BASED,PENDING_HUMAN_REVIEW
223,DEC-S37-BREAD_BAKERY,37,BREAD/BAKERY,MEDIUM,4,RISK_MEDIUM|LARGE_SERIES,7105.859558105469,9066.119323730469,11528.557065917968,0.4877731669679712,BỔ SUNG THEO P90 · RÀ SOÁT KHOẢNG DỰ BÁO,C,4275.661606933593,11528.557065917968,TRUNG BÌNH,KHÔNG ĐỀ XUẤT TĂNG,False,POL-INV-004|POL-INV-002|POL-INV-003|POL-INV-001|POL-PROMO-002|POL-HITL-001|POL-PROMO-001,RULE_BASED,PENDING_HUMAN_REVIEW
224,DEC-S26-PRODUCE,26,PRODUCE,MEDIUM,4,RISK_MEDIUM|LARGE_SERIES,7250.792887207031,9011.595321166991,11228.0031875,0.4412946724626689,BỔ SUNG THEO P90 · RÀ SOÁT KHOẢNG DỰ BÁO,C,4018.726930566406,11228.0031875,TRUNG BÌNH,KHÔNG ĐỀ XUẤT TĂNG,False,POL-INV-004|POL-INV-002|POL-INV-003|POL-INV-001|POL-PROMO-002|POL-HITL-001|POL-PROMO-001,RULE_BASED,PENDING_HUMAN_REVIEW
225,DEC-S17-DELI,17,DELI,MEDIUM,4,RISK_MEDIUM|LARGE_SERIES,7086.282708007812,8980.056696411133,11360.484479980469,0.47591301518903056,BỔ SUNG THEO P90 · RÀ SOÁT KHOẢNG DỰ BÁO,C,4176.4391228515615,11360.484479980469,TRUNG BÌNH,KHÔNG ĐỀ XUẤT TĂNG,False,POL-INV-004|POL-INV-002|POL-INV-003|POL-INV-001|POL-PROMO-002|POL-HITL-001|POL-PROMO-001,RULE_BASED,PENDING_HUMAN_REVIEW
226,DEC-S24-POULTRY,24,POULTRY,MEDIUM,4,RISK_MEDIUM|LARGE_SERIES,6986.515563964844,8946.775329589844,11409.213071777343,0.49427900734016655,BỔ SUNG THEO P90 · RÀ SOÁT KHOẢNG DỰ BÁO,C,4251.792808105468,11409.213071777343,TRUNG BÌNH,KHÔNG ĐỀ XUẤT TĂNG,False,POL-INV-004|POL-INV-002|POL-INV-003|POL-INV-001|POL-PROMO-002|POL-HITL-001|POL-PROMO-001,RULE_BASED,PENDING_HUMAN_REVIEW
227,DEC-S31-BREAD_BAKERY,31,BREAD/BAKERY,MEDIUM,4,RISK_MEDIUM|LARGE_SERIES,6947.913757324219,8908.173522949219,11370.611265136718,0.4964206271681693,BỔ SUNG THEO P90 · RÀ SOÁT KHOẢNG DỰ BÁO,C,4244.072446777343,11370.611265136718,TRUNG BÌNH,KHÔNG ĐỀ XUẤT TĂNG,False,POL-INV-004|POL-INV-002|POL-INV-003|POL-INV-001|POL-PROMO-002|POL-HITL-001|POL-PROMO-001,RULE_BASED,PENDING_HUMAN_REVIEW
228,DEC-S50-PERSONAL_CARE,50,PERSONAL CARE,MEDIUM,4,RISK_MEDIUM|LARGE_SERIES,6976.333641845703,8870.107630249024,11250.53541381836,0.48181151104494874,BỔ SUNG THEO P90 · RÀ SOÁT KHOẢNG DỰ BÁO,C,4154.44930961914,11250.53541381836,TRUNG BÌNH,KHÔNG ĐỀ XUẤT TĂNG,False,POL-INV-004|POL-INV-002|POL-INV-003|POL-INV-001|POL-PROMO-002|POL-HITL-001|POL-PROMO-001,RULE_BASED,PENDING_HUMAN_REVIEW
229,DEC-S03-HOME_CARE,3,HOME CARE,MEDIUM,4,RISK_MEDIUM|LARGE_SERIES,6891.22365649414,8784.997644897461,11165.425428466797,0.4864788205873164,BỔ SUNG THEO P90 · RÀ SOÁT KHOẢNG DỰ BÁO,C,4137.427312548827,11165.425428466797,TRUNG BÌNH,KHÔNG ĐỀ XUẤT TĂNG,False,POL-INV-004|POL-INV-002|POL-INV-003|POL-INV-001|POL-PROMO-002|POL-HITL-001|POL-PROMO-001,RULE_BASED,PENDING_HUMAN_REVIEW
230,DEC-S49-PERSONAL_CARE,49,PERSONAL CARE,MEDIUM,4,RISK_MEDIUM|LARGE_SERIES,6832.420037109375,8726.194025512696,11106.621809082031,0.4897567029537378,BỔ SUNG THEO P90 · RÀ SOÁT KHOẢNG DỰ BÁO,C,4125.666588671875,11106.621809082031,TRUNG BÌNH,KHÔNG ĐỀ XUẤT TĂNG,False,POL-INV-004|POL-INV-002|POL-INV-003|POL-INV-001|POL-PROMO-002|POL-HITL-001|POL-PROMO-001,RULE_BASED,PENDING_HUMAN_REVIEW
231,DEC-S03-PERSONAL_CARE,3,PERSONAL CARE,MEDIUM,4,RISK_MEDIUM|LARGE_SERIES,6826.758904296875,8720.532892700196,11100.960676269531,0.490074603232891,BỔ SUNG THEO P90 · RÀ SOÁT KHOẢNG DỰ BÁO,C,4124.534362109374,11100.960676269531,TRUNG BÌNH,KHÔNG ĐỀ XUẤT TĂNG,False,POL-INV-004|POL-INV-002|POL-INV-003|POL-INV-001|POL-PROMO-002|POL-HITL-001|POL-PROMO-001,RULE_BASED,PENDING_HUMAN_REVIEW
232,DEC-S49-HOME_CARE,49,HOME CARE,MEDIUM,4,RISK_MEDIUM|LARGE_SERIES,6779.2058647460935,8672.979853149414,11053.40763671875,0.4927613211391939,BỔ SUNG THEO P90 · RÀ SOÁT KHOẢNG DỰ BÁO,C,4115.023754199218,11053.40763671875,TRUNG BÌNH,KHÔNG ĐỀ XUẤT TĂNG,False,POL-INV-004|POL-INV-002|POL-INV-003|POL-INV-001|POL-PROMO-002|POL-HITL-001|POL-PROMO-001,RULE_BASED,PENDING_HUMAN_REVIEW
233,DEC-S42-BREAD_BAKERY,42,BREAD/BAKERY,MEDIUM,4,RISK_MEDIUM|LARGE_SERIES,6697.330047607422,8657.589813232422,11120.027555419922,0.5107872763591996,BỔ SUNG THEO P90 · RÀ SOÁT KHOẢNG DỰ BÁO,C,4193.955704833984,11120.027555419922,TRUNG BÌNH,KHÔNG ĐỀ XUẤT TĂNG,False,POL-INV-004|POL-INV-002|POL-INV-003|POL-INV-001|POL-PROMO-002|POL-HITL-001|POL-PROMO-001,RULE_BASED,PENDING_HUMAN_REVIEW
234,DEC-S11-DELI,11,DELI,MEDIUM,4,RISK_MEDIUM|LARGE_SERIES,6692.701751708984,8652.961517333984,11115.399259521484,0.5110604546777548,BỔ SUNG THEO P90 · RÀ SOÁT KHOẢNG DỰ BÁO,C,4193.030045654296,11115.399259521484,TRUNG BÌNH,KHÔNG ĐỀ XUẤT TĂNG,False,POL-INV-004|POL-INV-002|POL-INV-003|POL-INV-001|POL-PROMO-002|POL-HITL-001|POL-PROMO-001,RULE_BASED,PENDING_HUMAN_REVIEW
235,DEC-S20-BREAD_BAKERY,20,BREAD/BAKERY,MEDIUM,4,RISK_MEDIUM|LARGE_SERIES,6860.5245766601565,8621.327010620118,10837.734876953124,0.461268784562942,BỔ SUNG THEO P90 · RÀ SOÁT KHOẢNG DỰ BÁO,C,3940.673268457029,10837.734876953124,TRUNG BÌNH,KHÔNG ĐỀ XUẤT TĂNG,False,POL-INV-004|POL-INV-002|POL-INV-003|POL-INV-001|POL-PROMO-002|POL-HITL-001|POL-PROMO-001,RULE_BASED,PENDING_HUMAN_REVIEW
236,DEC-S50-DELI,50,DELI,MEDIUM,4,RISK_MEDIUM|LARGE_SERIES,6673.975382324219,8434.777816284179,10651.185682617188,0.4714693045394674,BỔ SUNG THEO P90 · RÀ SOÁT KHOẢNG DỰ BÁO,C,3903.3634295898446,10651.185682617188,TRUNG BÌNH,KHÔNG ĐỀ XUẤT TĂNG,False,POL-INV-004|POL-INV-002|POL-INV-003|POL-INV-001|POL-PROMO-002|POL-HITL-001|POL-PROMO-001,RULE_BASED,PENDING_HUMAN_REVIEW
237,DEC-S39-EGGS,39,EGGS,MEDIUM,4,RISK_MEDIUM|LARGE_SERIES,6205.974791845703,8386.278420410155,11842.342849365235,0.6720139448099902,BỔ SUNG THEO P90 · RÀ SOÁT KHOẢNG DỰ BÁO,C,5133.320113037111,11842.342849365235,TRUNG BÌNH,KHÔNG ĐỀ XUẤT TĂNG,False,POL-INV-004|POL-INV-002|POL-INV-003|POL-INV-001|POL-PROMO-002|POL-HITL-001|POL-PROMO-001,RULE_BASED,PENDING_HUMAN_REVIEW
238,DEC-S23-DAIRY,23,DAIRY,MEDIUM,4,RISK_MEDIUM|LARGE_SERIES,6378.379425048828,8338.639190673828,10801.076932861328,0.5303224044462712,BỔ SUNG THEO P90 · RÀ SOÁT KHOẢNG DỰ BÁO,C,4130.165580322265,10801.076932861328,TRUNG BÌNH,KHÔNG ĐỀ XUẤT TĂNG,False,POL-INV-004|POL-INV-002|POL-INV-003|POL-INV-001|POL-PROMO-002|POL-HITL-001|POL-PROMO-001,RULE_BASED,PENDING_HUMAN_REVIEW
239,DEC-S22-PRODUCE,22,PRODUCE,MEDIUM,4,RISK_MEDIUM|LARGE_SERIES,6383.731133300781,8277.505121704102,10657.932905273436,0.5163011569282964,BỔ SUNG THEO P90 · RÀ SOÁT KHOẢNG DỰ BÁO,C,4035.9288079101534,10657.932905273436,TRUNG BÌNH,KHÔNG ĐỀ XUẤT TĂNG,False,POL-INV-004|POL-INV-002|POL-INV-003|POL-INV-001|POL-PROMO-002|POL-HITL-001|POL-PROMO-001,RULE_BASED,PENDING_HUMAN_REVIEW
240,DEC-S41-BREAD_BAKERY,41,BREAD/BAKERY,MEDIUM,4,RISK_MEDIUM|LARGE_SERIES,6381.8470390625,8275.62102746582,10656.048811035156,0.5164186879873796,BỔ SUNG THEO P90 · RÀ SOÁT KHOẢNG DỰ BÁO,C,4035.551989062499,10656.048811035156,TRUNG BÌNH,KHÔNG ĐỀ XUẤT TĂNG,False,POL-INV-004|POL-INV-002|POL-INV-003|POL-INV-001|POL-PROMO-002|POL-HITL-001|POL-PROMO-001,RULE_BASED,PENDING_HUMAN_REVIEW
241,DEC-S49-EGGS,49,EGGS,MEDIUM,4,RISK_MEDIUM|LARGE_SERIES,6393.590898193359,8220.879109375,10519.296934326172,0.5017959983659301,BỔ SUNG THEO P90 · RÀ SOÁT KHOẢNG DỰ BÁO,C,3942.5936468261716,10519.296934326172,TRUNG BÌNH,CÂN NHẮC THỬ NGHIỆM,False,POL-INV-004|POL-INV-002|POL-INV-003|POL-INV-001|POL-PROMO-005|POL-PROMO-003|POL-PROMO-002|POL-HITL-001|POL-PROMO-001,RULE_BASED,PENDING_HUMAN_REVIEW
242,DEC-S25-DAIRY,25,DAIRY,MEDIUM,4,RISK_MEDIUM|LARGE_SERIES,6301.850426513672,8195.624414916992,10576.052198486328,0.5214587805431294,BỔ SUNG THEO P90 · RÀ SOÁT KHOẢNG DỰ BÁO,C,4019.552666552734,10576.052198486328,TRUNG BÌNH,KHÔNG ĐỀ XUẤT TĂNG,False,POL-INV-004|POL-INV-002|POL-INV-003|POL-INV-001|POL-PROMO-002|POL-HITL-001|POL-PROMO-001,RULE_BASED,PENDING_HUMAN_REVIEW
243,DEC-S53-BREAD_BAKERY,53,BREAD/BAKERY,MEDIUM,4,RISK_MEDIUM|LARGE_SERIES,6288.727806884765,8182.501795288086,10562.929578857422,0.5222949635611573,BỔ SUNG THEO P90 · RÀ SOÁT KHOẢNG DỰ BÁO,C,4016.9281426269526,10562.929578857422,TRUNG BÌNH,KHÔNG ĐỀ XUẤT TĂNG,False,POL-INV-004|POL-INV-002|POL-INV-003|POL-INV-001|POL-PROMO-002|POL-HITL-001|POL-PROMO-001,RULE_BASED,PENDING_HUMAN_REVIEW
244,DEC-S03-EGGS,3,EGGS,MEDIUM,4,RISK_MEDIUM|LARGE_SERIES,6344.318132080078,8171.606343261718,10470.02416821289,0.504821333959691,BỔ SUNG THEO P90 · RÀ SOÁT KHOẢNG DỰ BÁO,C,3932.7390936035154,10470.02416821289,TRUNG BÌNH,CÂN NHẮC THỬ NGHIỆM,False,POL-INV-004|POL-INV-002|POL-INV-003|POL-INV-001|POL-PROMO-005|POL-PROMO-003|POL-PROMO-002|POL-HITL-001|POL-PROMO-001,RULE_BASED,PENDING_HUMAN_REVIEW
245,DEC-S21-BREAD_BAKERY,21,BREAD/BAKERY,MEDIUM,4,RISK_MEDIUM|LARGE_SERIES,6406.643473144532,8167.445907104492,10383.8537734375,0.4868992640122396,BỔ SUNG THEO P90 · RÀ SOÁT KHOẢNG DỰ BÁO,C,3849.897047753906,10383.8537734375,TRUNG BÌNH,KHÔNG ĐỀ XUẤT TĂNG,False,POL-INV-004|POL-INV-002|POL-INV-003|POL-INV-001|POL-PROMO-002|POL-HITL-001|POL-PROMO-001,RULE_BASED,PENDING_HUMAN_REVIEW
246,DEC-S07-MEATS,7,MEATS,MEDIUM,4,RISK_MEDIUM|LARGE_SERIES,6319.94471899414,8147.232930175781,10445.650755126951,0.5063313814770644,BỔ SUNG THEO P90 · RÀ SOÁT KHOẢNG DỰ BÁO,C,3927.864410986326,10445.650755126951,TRUNG BÌNH,KHÔNG ĐỀ XUẤT TĂNG,False,POL-INV-004|POL-INV-002|POL-INV-003|POL-INV-001|POL-PROMO-002|POL-HITL-001|POL-PROMO-001,RULE_BASED,PENDING_HUMAN_REVIEW
247,DEC-S11-HOME_CARE,11,HOME CARE,MEDIUM,4,RISK_MEDIUM|LARGE_SERIES,6238.203820068359,8131.97780847168,10512.405592041016,0.525539583732843,BỔ SUNG THEO P90 · RÀ SOÁT KHOẢNG DỰ BÁO,C,4006.8233452636714,10512.405592041016,TRUNG BÌNH,KHÔNG ĐỀ XUẤT TĂNG,False,POL-INV-004|POL-INV-002|POL-INV-003|POL-INV-001|POL-PROMO-002|POL-HITL-001|POL-PROMO-001,RULE_BASED,PENDING_HUMAN_REVIEW
248,DEC-S35-CLEANING,35,CLEANING,MEDIUM,4,RISK_MEDIUM|LARGE_SERIES,6406.706790283203,8101.023447021485,10235.421354736329,0.4725627603386733,BỔ SUNG THEO P90 · RÀ SOÁT KHOẢNG DỰ BÁO,C,3754.602597119141,10235.421354736329,TRUNG BÌNH,KHÔNG ĐỀ XUẤT TĂNG,False,POL-INV-004|POL-INV-002|POL-INV-003|POL-INV-001|POL-PROMO-002|POL-HITL-001|POL-PROMO-001,RULE_BASED,PENDING_HUMAN_REVIEW
249,DEC-S49-DELI,49,DELI,MEDIUM,4,RISK_MEDIUM|LARGE_SERIES,6396.653598144531,8090.970254882813,10225.368162597655,0.47314985644476654,BỔ SUNG THEO P90 · RÀ SOÁT KHOẢNG DỰ BÁO,C,3752.591958691404,10225.368162597655,TRUNG BÌNH,KHÔNG ĐỀ XUẤT TĂNG,False,POL-INV-004|POL-INV-002|POL-INV-003|POL-INV-001|POL-PROMO-002|POL-HITL-001|POL-PROMO-001,RULE_BASED,PENDING_HUMAN_REVIEW
250,DEC-S50-HOME_CARE,50,HOME CARE,MEDIUM,4,RISK_MEDIUM|LARGE_SERIES,6287.829996582032,8048.632430541992,10265.040296875,0.4940859517016701,BỔ SUNG THEO P90 · RÀ SOÁT KHOẢNG DỰ BÁO,C,3826.134352441406,10265.040296875,TRUNG BÌNH,KHÔNG ĐỀ XUẤT TĂNG,False,POL-INV-004|POL-INV-002|POL-INV-003|POL-INV-001|POL-PROMO-002|POL-HITL-001|POL-PROMO-001,RULE_BASED,PENDING_HUMAN_REVIEW
251,DEC-S02-MEATS,2,MEATS,MEDIUM,4,RISK_MEDIUM|LARGE_SERIES,6253.040766552735,8042.867303344727,10535.810759521484,0.5324267334927228,BỔ SUNG THEO P90 · RÀ SOÁT KHOẢNG DỰ BÁO,C,4101.516916845702,10535.810759521484,TRUNG BÌNH,KHÔNG ĐỀ XUẤT TĂNG,False,POL-INV-004|POL-INV-002|POL-INV-003|POL-INV-001|POL-PROMO-002|POL-HITL-001|POL-PROMO-001,RULE_BASED,PENDING_HUMAN_REVIEW
252,DEC-S02-POULTRY,2,POULTRY,MEDIUM,4,RISK_MEDIUM|LARGE_SERIES,6255.722330566407,8016.524764526367,10232.932630859375,0.4960646106002917,BỔ SUNG THEO P90 · RÀ SOÁT KHOẢNG DỰ BÁO,C,3819.7128192382816,10232.932630859375,TRUNG BÌNH,KHÔNG ĐỀ XUẤT TĂNG,False,POL-INV-004|POL-INV-002|POL-INV-003|POL-INV-001|POL-PROMO-002|POL-HITL-001|POL-PROMO-001,RULE_BASED,PENDING_HUMAN_REVIEW
253,DEC-S52-MEATS,52,MEATS,MEDIUM,4,RISK_MEDIUM|LARGE_SERIES,6305.368960693359,7999.685617431641,10134.083525146483,0.4785483079239161,BỔ SUNG THEO P90 · RÀ SOÁT KHOẢNG DỰ BÁO,C,3734.33503120117,10134.083525146483,TRUNG BÌNH,CÂN NHẮC THỬ NGHIỆM,False,POL-INV-004|POL-INV-002|POL-INV-003|POL-INV-001|POL-PROMO-005|POL-PROMO-003|POL-PROMO-002|POL-HITL-001|POL-PROMO-001,RULE_BASED,PENDING_HUMAN_REVIEW
254,DEC-S06-MEATS,6,MEATS,MEDIUM,4,RISK_MEDIUM|LARGE_SERIES,6263.507388427734,7957.824045166016,10092.22195288086,0.4810653612550447,BỔ SUNG THEO P90 · RÀ SOÁT KHOẢNG DỰ BÁO,C,3725.9627167480467,10092.22195288086,TRUNG BÌNH,KHÔNG ĐỀ XUẤT TĂNG,False,POL-INV-004|POL-INV-002|POL-INV-003|POL-INV-001|POL-PROMO-002|POL-HITL-001|POL-PROMO-001,RULE_BASED,PENDING_HUMAN_REVIEW
255,DEC-S19-PRODUCE,19,PRODUCE,MEDIUM,4,RISK_MEDIUM|LARGE_SERIES,6130.491678710938,7891.294112670898,10107.701979003908,0.5039358953827696,BỔ SUNG THEO P90 · RÀ SOÁT KHOẢNG DỰ BÁO,C,3794.66668886719,10107.701979003908,TRUNG BÌNH,KHÔNG ĐỀ XUẤT TĂNG,False,POL-INV-004|POL-INV-002|POL-INV-003|POL-INV-001|POL-PROMO-002|POL-HITL-001|POL-PROMO-001,RULE_BASED,PENDING_HUMAN_REVIEW
256,DEC-S52-POULTRY,52,POULTRY,MEDIUM,4,RISK_MEDIUM|LARGE_SERIES,6173.326846435547,7867.643503173828,10002.041410888673,0.4865787302358797,BỔ SUNG THEO P90 · RÀ SOÁT KHOẢNG DỰ BÁO,C,3707.9266083496095,10002.041410888673,TRUNG BÌNH,CÂN NHẮC THỬ NGHIỆM,False,POL-INV-004|POL-INV-002|POL-INV-003|POL-INV-001|POL-PROMO-005|POL-PROMO-003|POL-PROMO-002|POL-HITL-001|POL-PROMO-001,RULE_BASED,PENDING_HUMAN_REVIEW
257,DEC-S08-MEATS,8,MEATS,MEDIUM,4,RISK_MEDIUM|LARGE_SERIES,6153.037044677734,7780.867924194335,9833.255873291017,0.47292229378132233,BỔ SUNG THEO P90 · RÀ SOÁT KHOẢNG DỰ BÁO,C,3608.561533935548,9833.255873291017,TRUNG BÌNH,CÂN NHẮC THỬ NGHIỆM,False,POL-INV-004|POL-INV-002|POL-INV-003|POL-INV-001|POL-PROMO-005|POL-PROMO-003|POL-PROMO-002|POL-HITL-001|POL-PROMO-001,RULE_BASED,PENDING_HUMAN_REVIEW
258,DEC-S38-BREAD_BAKERY,38,BREAD/BAKERY,MEDIUM,4,RISK_MEDIUM|LARGE_SERIES,5972.054422851563,7732.856856811523,9949.264723144532,0.5142596215483453,BỔ SUNG THEO P90 · RÀ SOÁT KHOẢNG DỰ BÁO,C,3762.979237695313,9949.264723144532,TRUNG BÌNH,KHÔNG ĐỀ XUẤT TĂNG,False,POL-INV-004|POL-INV-002|POL-INV-003|POL-INV-001|POL-PROMO-002|POL-HITL-001|POL-PROMO-001,RULE_BASED,PENDING_HUMAN_REVIEW
259,DEC-S44-FROZEN_FOODS,44,FROZEN FOODS,MEDIUM,4,RISK_MEDIUM|LARGE_SERIES,6118.709156982422,7680.054259277344,9650.43224975586,0.45979665988008694,BỔ SUNG THEO P90 · RÀ SOÁT KHOẢNG DỰ BÁO,C,3506.388842333985,9650.43224975586,TRUNG BÌNH,CÂN NHẮC THỬ NGHIỆM,False,POL-INV-004|POL-INV-002|POL-INV-003|POL-INV-001|POL-PROMO-005|POL-PROMO-003|POL-PROMO-002|POL-HITL-001|POL-PROMO-001,RULE_BASED,PENDING_HUMAN_REVIEW
260,DEC-S09-HOME_CARE,9,HOME CARE,MEDIUM,4,RISK_MEDIUM|LARGE_SERIES,5914.3891328125,7608.705789550781,9743.103697265626,0.503135688860731,BỔ SUNG THEO P90 · RÀ SOÁT KHOẢNG DỰ BÁO,C,3656.1390656250005,9743.103697265626,TRUNG BÌNH,KHÔNG ĐỀ XUẤT TĂNG,False,POL-INV-004|POL-INV-002|POL-INV-003|POL-INV-001|POL-PROMO-002|POL-HITL-001|POL-PROMO-001,RULE_BASED,PENDING_HUMAN_REVIEW
261,DEC-S12-DAIRY,12,DAIRY,MEDIUM,4,RISK_MEDIUM|LARGE_SERIES,5809.842783447266,7570.645217407226,9787.053083740237,0.5252768963803741,BỔ SUNG THEO P90 · RÀ SOÁT KHOẢNG DỰ BÁO,C,3730.5369098144547,9787.053083740237,TRUNG BÌNH,KHÔNG ĐỀ XUẤT TĂNG,False,POL-INV-004|POL-INV-002|POL-INV-003|POL-INV-001|POL-PROMO-002|POL-HITL-001|POL-PROMO-001,RULE_BASED,PENDING_HUMAN_REVIEW
262,DEC-S33-DAIRY,33,DAIRY,MEDIUM,4,RISK_MEDIUM|LARGE_SERIES,5989.521107666016,7550.866209960937,9521.244200439452,0.4676622962566632,BỔ SUNG THEO P90 · RÀ SOÁT KHOẢNG DỰ BÁO,C,3480.5512324707024,9521.244200439452,TRUNG BÌNH,KHÔNG ĐỀ XUẤT TĂNG,False,POL-INV-004|POL-INV-002|POL-INV-003|POL-INV-001|POL-PROMO-002|POL-HITL-001|POL-PROMO-001,RULE_BASED,PENDING_HUMAN_REVIEW
263,DEC-S36-BREAD_BAKERY,36,BREAD/BAKERY,MEDIUM,4,RISK_MEDIUM|LARGE_SERIES,5744.363810058594,7505.166244018555,9721.574110351565,0.5298590746590903,BỔ SUNG THEO P90 · RÀ SOÁT KHOẢNG DỰ BÁO,C,3717.4411151367203,9721.574110351565,TRUNG BÌNH,KHÔNG ĐỀ XUẤT TĂNG,False,POL-INV-004|POL-INV-002|POL-INV-003|POL-INV-001|POL-PROMO-002|POL-HITL-001|POL-PROMO-001,RULE_BASED,PENDING_HUMAN_REVIEW
264,DEC-S09-PERSONAL_CARE,9,PERSONAL CARE,MEDIUM,4,RISK_MEDIUM|LARGE_SERIES,5903.109272949219,7464.4543752441405,9434.832365722656,0.4730754372412784,BỔ SUNG THEO P90 · RÀ SOÁT KHOẢNG DỰ BÁO,C,3463.268865527343,9434.832365722656,TRUNG BÌNH,KHÔNG ĐỀ XUẤT TĂNG,False,POL-INV-004|POL-INV-002|POL-INV-003|POL-INV-001|POL-PROMO-002|POL-HITL-001|POL-PROMO-001,RULE_BASED,PENDING_HUMAN_REVIEW
265,DEC-S35-PRODUCE,35,PRODUCE,MEDIUM,4,RISK_MEDIUM|LARGE_SERIES,6057.809325683594,7419.697096313476,9144.0452109375,0.4158956827367493,BỔ SUNG THEO P90 · RÀ SOÁT KHOẢNG DỰ BÁO,C,3208.287533886719,9144.0452109375,TRUNG BÌNH,KHÔNG ĐỀ XUẤT TĂNG,False,POL-INV-004|POL-INV-002|POL-INV-003|POL-INV-001|POL-PROMO-002|POL-HITL-001|POL-PROMO-001,RULE_BASED,PENDING_HUMAN_REVIEW
266,DEC-S26-CLEANING,26,CLEANING,MEDIUM,4,RISK_MEDIUM|LARGE_SERIES,5684.915187988281,7312.746067504882,9365.134016601562,0.5031920433995604,BỔ SUNG THEO P90 · RÀ SOÁT KHOẢNG DỰ BÁO,C,3514.9371625976555,9365.134016601562,TRUNG BÌNH,KHÔNG ĐỀ XUẤT TĂNG,False,POL-INV-004|POL-INV-002|POL-INV-003|POL-INV-001|POL-PROMO-002|POL-HITL-001|POL-PROMO-001,RULE_BASED,PENDING_HUMAN_REVIEW
267,DEC-S14-PRODUCE,14,PRODUCE,MEDIUM,4,RISK_MEDIUM|LARGE_SERIES,5648.137294921875,7275.968174438476,9328.356123535155,0.5057351826191356,BỔ SUNG THEO P90 · RÀ SOÁT KHOẢNG DỰ BÁO,C,3507.5815839843744,9328.356123535155,TRUNG BÌNH,KHÔNG ĐỀ XUẤT TĂNG,False,POL-INV-004|POL-INV-002|POL-INV-003|POL-INV-001|POL-PROMO-002|POL-HITL-001|POL-PROMO-001,RULE_BASED,PENDING_HUMAN_REVIEW
268,DEC-S50-POULTRY,50,POULTRY,MEDIUM,4,RISK_MEDIUM|LARGE_SERIES,5688.724676757813,7117.098224609375,8923.456297851562,0.45443762069906873,BỔ SUNG THEO P90 · RÀ SOÁT KHOẢNG DỰ BÁO,C,3229.7777181640613,8923.456297851562,TRUNG BÌNH,CÂN NHẮC THỬ NGHIỆM,False,POL-INV-004|POL-INV-002|POL-INV-003|POL-INV-001|POL-PROMO-005|POL-PROMO-003|POL-PROMO-002|POL-HITL-001|POL-PROMO-001,RULE_BASED,PENDING_HUMAN_REVIEW
269,DEC-S09-POULTRY,9,POULTRY,MEDIUM,4,RISK_MEDIUM|LARGE_SERIES,5490.255452148438,7051.600554443359,9021.978544921874,0.5007689100651447,BỔ SUNG THEO P90 · RÀ SOÁT KHOẢNG DỰ BÁO,C,3380.6981013671866,9021.978544921874,TRUNG BÌNH,CÂN NHẮC THỬ NGHIỆM,False,POL-INV-004|POL-INV-002|POL-INV-003|POL-INV-001|POL-PROMO-005|POL-PROMO-003|POL-PROMO-002|POL-HITL-001|POL-PROMO-001,RULE_BASED,PENDING_HUMAN_REVIEW
270,DEC-S24-MEATS,24,MEATS,MEDIUM,4,RISK_MEDIUM|LARGE_SERIES,5562.065056152344,6857.467049560547,8499.805205566407,0.42833772156159833,BỔ SUNG THEO P90 · RÀ SOÁT KHOẢNG DỰ BÁO,C,3013.831565917969,8499.805205566407,TRUNG BÌNH,CÂN NHẮC THỬ NGHIỆM,False,POL-INV-004|POL-INV-002|POL-INV-003|POL-INV-001|POL-PROMO-005|POL-PROMO-003|POL-PROMO-002|POL-HITL-001|POL-PROMO-001,RULE_BASED,PENDING_HUMAN_REVIEW
271,DEC-S14-DAIRY,14,DAIRY,MEDIUM,4,RISK_MEDIUM|LARGE_SERIES,5268.795674316407,6830.140776611328,8800.518767089843,0.517003412499631,BỔ SUNG THEO P90 · RÀ SOÁT KHOẢNG DỰ BÁO,C,3336.40614580078,8800.518767089843,TRUNG BÌNH,KHÔNG ĐỀ XUẤT TĂNG,False,POL-INV-004|POL-INV-002|POL-INV-003|POL-INV-001|POL-PROMO-002|POL-HITL-001|POL-PROMO-001,RULE_BASED,PENDING_HUMAN_REVIEW
272,DEC-S28-DELI,28,DELI,MEDIUM,4,RISK_MEDIUM|LARGE_SERIES,5434.013183105469,6795.900953735351,8520.249068359375,0.4540651550259554,BỔ SUNG THEO P90 · RÀ SOÁT KHOẢNG DỰ BÁO,C,3083.5283053710937,8520.249068359375,TRUNG BÌNH,KHÔNG ĐỀ XUẤT TĂNG,False,POL-INV-004|POL-INV-002|POL-INV-003|POL-INV-001|POL-PROMO-002|POL-HITL-001|POL-PROMO-001,RULE_BASED,PENDING_HUMAN_REVIEW
273,DEC-S11-PERSONAL_CARE,11,PERSONAL CARE,MEDIUM,4,RISK_MEDIUM|LARGE_SERIES,5393.5988459472655,6755.486616577148,8479.834731201172,0.4567811734699181,BỔ SUNG THEO P90 · RÀ SOÁT KHOẢNG DỰ BÁO,C,3075.445437939453,8479.834731201172,TRUNG BÌNH,KHÔNG ĐỀ XUẤT TĂNG,False,POL-INV-004|POL-INV-002|POL-INV-003|POL-INV-001|POL-PROMO-002|POL-HITL-001|POL-PROMO-001,RULE_BASED,PENDING_HUMAN_REVIEW
274,DEC-S41-PERSONAL_CARE,41,PERSONAL CARE,MEDIUM,4,RISK_MEDIUM|LARGE_SERIES,5227.884595703125,6722.743920776367,8611.111952636718,0.5031761168772982,BỔ SUNG THEO P90 · RÀ SOÁT KHOẢNG DỰ BÁO,C,3232.916816015624,8611.111952636718,TRUNG BÌNH,KHÔNG ĐỀ XUẤT TĂNG,False,POL-INV-004|POL-INV-002|POL-INV-003|POL-INV-001|POL-PROMO-002|POL-HITL-001|POL-PROMO-001,RULE_BASED,PENDING_HUMAN_REVIEW
275,DEC-S25-CLEANING,25,CLEANING,MEDIUM,4,RISK_MEDIUM|LARGE_SERIES,5312.633147705078,6674.520918334961,8398.869032958984,0.4623213563419841,BỔ SUNG THEO P90 · RÀ SOÁT KHOẢNG DỰ BÁO,C,3059.252298291016,8398.869032958984,TRUNG BÌNH,KHÔNG ĐỀ XUẤT TĂNG,False,POL-INV-004|POL-INV-002|POL-INV-003|POL-INV-001|POL-PROMO-002|POL-HITL-001|POL-PROMO-001,RULE_BASED,PENDING_HUMAN_REVIEW
276,DEC-S04-POULTRY,4,POULTRY,MEDIUM,4,RISK_MEDIUM|LARGE_SERIES,5296.283355224609,6658.171125854492,8382.519240478516,0.46345646131114954,BỔ SUNG THEO P90 · RÀ SOÁT KHOẢNG DỰ BÁO,C,3055.982339794922,8382.519240478516,TRUNG BÌNH,CÂN NHẮC THỬ NGHIỆM,False,POL-INV-004|POL-INV-002|POL-INV-003|POL-INV-001|POL-PROMO-005|POL-PROMO-003|POL-PROMO-002|POL-HITL-001|POL-PROMO-001,RULE_BASED,PENDING_HUMAN_REVIEW
277,DEC-S27-POULTRY,27,POULTRY,MEDIUM,4,RISK_MEDIUM|LARGE_SERIES,5150.7771364746095,6579.150684326172,8385.50875756836,0.4915892927496076,BỔ SUNG THEO P90 · RÀ SOÁT KHOẢNG DỰ BÁO,C,3122.1882101074207,8385.50875756836,TRUNG BÌNH,CÂN NHẮC THỬ NGHIỆM,False,POL-INV-004|POL-INV-002|POL-INV-003|POL-INV-001|POL-PROMO-005|POL-PROMO-003|POL-PROMO-002|POL-HITL-001|POL-PROMO-001,RULE_BASED,PENDING_HUMAN_REVIEW
278,DEC-S04-BREAD_BAKERY,4,BREAD/BAKERY,MEDIUM,4,RISK_MEDIUM|LARGE_SERIES,5144.506018310547,6572.87956616211,8379.237639404297,0.4920582417943831,BỔ SUNG THEO P90 · RÀ SOÁT KHOẢNG DỰ BÁO,C,3120.933986474609,8379.237639404297,TRUNG BÌNH,KHÔNG ĐỀ XUẤT TĂNG,False,POL-INV-004|POL-INV-002|POL-INV-003|POL-INV-001|POL-PROMO-002|POL-HITL-001|POL-PROMO-001,RULE_BASED,PENDING_HUMAN_REVIEW
279,DEC-S40-BREAD_BAKERY,40,BREAD/BAKERY,MEDIUM,4,RISK_MEDIUM|LARGE_SERIES,5255.062462158203,6550.464455566406,8192.802611572266,0.44840969058727514,BỔ SUNG THEO P90 · RÀ SOÁT KHOẢNG DỰ BÁO,C,2952.43104711914,8192.802611572266,TRUNG BÌNH,KHÔNG ĐỀ XUẤT TĂNG,False,POL-INV-004|POL-INV-002|POL-INV-003|POL-INV-001|POL-PROMO-002|POL-HITL-001|POL-PROMO-001,RULE_BASED,PENDING_HUMAN_REVIEW
280,DEC-S03-DELI,3,DELI,MEDIUM,4,RISK_MEDIUM|LARGE_SERIES,5180.978698242187,6542.86646887207,8267.214583496094,0.4716226866691954,BỔ SUNG THEO P90 · RÀ SOÁT KHOẢNG DỰ BÁO,C,3032.921408398437,8267.214583496094,TRUNG BÌNH,KHÔNG ĐỀ XUẤT TĂNG,False,POL-INV-004|POL-INV-002|POL-INV-003|POL-INV-001|POL-PROMO-002|POL-HITL-001|POL-PROMO-001,RULE_BASED,PENDING_HUMAN_REVIEW
281,DEC-S45-EGGS,45,EGGS,MEDIUM,4,RISK_MEDIUM|LARGE_SERIES,5160.194518554687,6522.08228918457,8246.430403808594,0.4731253950867615,BỔ SUNG THEO P90 · RÀ SOÁT KHOẢNG DỰ BÁO,C,3028.7645724609374,8246.430403808594,TRUNG BÌNH,CÂN NHẮC THỬ NGHIỆM,False,POL-INV-004|POL-INV-002|POL-INV-003|POL-INV-001|POL-PROMO-005|POL-PROMO-003|POL-PROMO-002|POL-HITL-001|POL-PROMO-001,RULE_BASED,PENDING_HUMAN_REVIEW
282,DEC-S40-HOME_CARE,40,HOME CARE,MEDIUM,4,RISK_MEDIUM|LARGE_SERIES,5187.657677001953,6483.059670410156,8125.397826416016,0.45307111574255965,BỔ SUNG THEO P90 · RÀ SOÁT KHOẢNG DỰ BÁO,C,2938.95009008789,8125.397826416016,TRUNG BÌNH,KHÔNG ĐỀ XUẤT TĂNG,False,POL-INV-004|POL-INV-002|POL-INV-003|POL-INV-001|POL-PROMO-002|POL-HITL-001|POL-PROMO-001,RULE_BASED,PENDING_HUMAN_REVIEW
283,DEC-S11-POULTRY,11,POULTRY,MEDIUM,4,RISK_MEDIUM|LARGE_SERIES,5044.022802978516,6472.396350830079,8278.754424072265,0.49969620980784873,BỔ SUNG THEO P90 · RÀ SOÁT KHOẢNG DỰ BÁO,C,3100.8373434082023,8278.754424072265,TRUNG BÌNH,CÂN NHẮC THỬ NGHIỆM,False,POL-INV-004|POL-INV-002|POL-INV-003|POL-INV-001|POL-PROMO-005|POL-PROMO-003|POL-PROMO-002|POL-HITL-001|POL-PROMO-001,RULE_BASED,PENDING_HUMAN_REVIEW
284,DEC-S49-FROZEN_FOODS,49,FROZEN FOODS,MEDIUM,4,RISK_MEDIUM|LARGE_SERIES,4904.209350097656,6266.097120727539,7990.445235351563,0.4924506235983829,BỔ SUNG THEO P90 · RÀ SOÁT KHOẢNG DỰ BÁO,C,2977.567538769531,7990.445235351563,TRUNG BÌNH,CÂN NHẮC THỬ NGHIỆM,False,POL-INV-004|POL-INV-002|POL-INV-003|POL-INV-001|POL-PROMO-005|POL-PROMO-003|POL-PROMO-002|POL-HITL-001|POL-PROMO-001,RULE_BASED,PENDING_HUMAN_REVIEW
285,DEC-S15-DAIRY,15,DAIRY,MEDIUM,4,RISK_MEDIUM|LARGE_SERIES,4968.130302734375,6263.532296142578,7905.870452148438,0.4689480412165795,BỔ SUNG THEO P90 · RÀ SOÁT KHOẢNG DỰ BÁO,C,2895.0446152343748,7905.870452148438,TRUNG BÌNH,KHÔNG ĐỀ XUẤT TĂNG,False,POL-INV-004|POL-INV-002|POL-INV-003|POL-INV-001|POL-PROMO-002|POL-HITL-001|POL-PROMO-001,RULE_BASED,PENDING_HUMAN_REVIEW
286,DEC-S12-PRODUCE,12,PRODUCE,MEDIUM,4,RISK_MEDIUM|LARGE_SERIES,5027.797532226563,6256.713748413086,7817.041945800781,0.4457289875685911,BỔ SUNG THEO P90 · RÀ SOÁT KHOẢNG DỰ BÁO,C,2811.6709470703117,7817.041945800781,TRUNG BÌNH,KHÔNG ĐỀ XUẤT TĂNG,False,POL-INV-004|POL-INV-002|POL-INV-003|POL-INV-001|POL-PROMO-002|POL-HITL-001|POL-PROMO-001,RULE_BASED,PENDING_HUMAN_REVIEW
287,DEC-S08-HOME_CARE,8,HOME CARE,MEDIUM,4,RISK_MEDIUM|LARGE_SERIES,5090.276864990235,6252.707303955078,7731.025542724609,0.4222693115273026,BỔ SUNG THEO P90 · RÀ SOÁT KHOẢNG DỰ BÁO,C,2728.8596995605467,7731.025542724609,TRUNG BÌNH,KHÔNG ĐỀ XUẤT TĂNG,False,POL-INV-004|POL-INV-002|POL-INV-003|POL-INV-001|POL-PROMO-002|POL-HITL-001|POL-PROMO-001,RULE_BASED,PENDING_HUMAN_REVIEW
288,DEC-S39-HOME_CARE,39,HOME CARE,MEDIUM,4,RISK_MEDIUM|LARGE_SERIES,4949.844688720703,6245.246682128906,7887.584838134766,0.4703208661001512,BỔ SUNG THEO P90 · RÀ SOÁT KHOẢNG DỰ BÁO,C,2891.3874924316406,7887.584838134766,TRUNG BÌNH,KHÔNG ĐỀ XUẤT TĂNG,False,POL-INV-004|POL-INV-002|POL-INV-003|POL-INV-001|POL-PROMO-002|POL-HITL-001|POL-PROMO-001,RULE_BASED,PENDING_HUMAN_REVIEW
289,DEC-S52-DELI,52,DELI,MEDIUM,4,RISK_MEDIUM|LARGE_SERIES,4853.634429443359,6215.522200073242,7939.870314697266,0.49645698767351704,BỔ SUNG THEO P90 · RÀ SOÁT KHOẢNG DỰ BÁO,C,2967.452554638672,7939.870314697266,TRUNG BÌNH,KHÔNG ĐỀ XUẤT TĂNG,False,POL-INV-004|POL-INV-002|POL-INV-003|POL-INV-001|POL-PROMO-002|POL-HITL-001|POL-PROMO-001,RULE_BASED,PENDING_HUMAN_REVIEW
290,DEC-S47-EGGS,47,EGGS,MEDIUM,4,RISK_MEDIUM|LARGE_SERIES,4981.6592418212895,6210.575458007813,7770.9036553955075,0.4490397697702266,BỔ SUNG THEO P90 · RÀ SOÁT KHOẢNG DỰ BÁO,C,2802.443288989257,7770.9036553955075,TRUNG BÌNH,CÂN NHẮC THỬ NGHIỆM,False,POL-INV-004|POL-INV-002|POL-INV-003|POL-INV-001|POL-PROMO-005|POL-PROMO-003|POL-PROMO-002|POL-HITL-001|POL-PROMO-001,RULE_BASED,PENDING_HUMAN_REVIEW
291,DEC-S09-MEATS,9,MEATS,MEDIUM,4,RISK_MEDIUM|LARGE_SERIES,4884.7596362304685,6180.161629638672,7822.499785644532,0.47527314854987746,BỔ SUNG THEO P90 · RÀ SOÁT KHOẢNG DỰ BÁO,C,2878.3704819335935,7822.499785644532,TRUNG BÌNH,CÂN NHẮC THỬ NGHIỆM,False,POL-INV-004|POL-INV-002|POL-INV-003|POL-INV-001|POL-PROMO-005|POL-PROMO-003|POL-PROMO-002|POL-HITL-001|POL-PROMO-001,RULE_BASED,PENDING_HUMAN_REVIEW
292,DEC-S38-PERSONAL_CARE,38,PERSONAL CARE,MEDIUM,4,RISK_MEDIUM|LARGE_SERIES,4937.3623515625,6166.278567749024,7726.606765136718,0.452265027910399,BỔ SUNG THEO P90 · RÀ SOÁT KHOẢNG DỰ BÁO,C,2793.5839109374992,7726.606765136718,TRUNG BÌNH,KHÔNG ĐỀ XUẤT TĂNG,False,POL-INV-004|POL-INV-002|POL-INV-003|POL-INV-001|POL-PROMO-002|POL-HITL-001|POL-PROMO-001,RULE_BASED,PENDING_HUMAN_REVIEW
293,DEC-S19-DAIRY,19,DAIRY,MEDIUM,4,RISK_MEDIUM|LARGE_SERIES,4910.539231445313,6139.455447631835,7699.783645019531,0.45424064018735527,BỔ SUNG THEO P90 · RÀ SOÁT KHOẢNG DỰ BÁO,C,2788.2192869140626,7699.783645019531,TRUNG BÌNH,KHÔNG ĐỀ XUẤT TĂNG,False,POL-INV-004|POL-INV-002|POL-INV-003|POL-INV-001|POL-PROMO-002|POL-HITL-001|POL-PROMO-001,RULE_BASED,PENDING_HUMAN_REVIEW
294,DEC-S31-MEATS,31,MEATS,MEDIUM,4,RISK_MEDIUM|LARGE_SERIES,4975.8002109375,6138.230649902343,7616.548888671875,0.4301432587121289,BỔ SUNG THEO P90 · RÀ SOÁT KHOẢNG DỰ BÁO,C,2705.96436875,7616.548888671875,TRUNG BÌNH,CÂN NHẮC THỬ NGHIỆM,False,POL-INV-004|POL-INV-002|POL-INV-003|POL-INV-001|POL-PROMO-005|POL-PROMO-003|POL-PROMO-002|POL-HITL-001|POL-PROMO-001,RULE_BASED,PENDING_HUMAN_REVIEW
295,DEC-S04-MEATS,4,MEATS,MEDIUM,4,RISK_MEDIUM|LARGE_SERIES,4945.95064050293,6041.895302246094,7438.203582397461,0.4124269604618471,BỔ SUNG THEO P90 · RÀ SOÁT KHOẢNG DỰ BÁO,C,2604.687340600586,7438.203582397461,TRUNG BÌNH,CÂN NHẮC THỬ NGHIỆM,False,POL-INV-004|POL-INV-002|POL-INV-003|POL-INV-001|POL-PROMO-005|POL-PROMO-003|POL-PROMO-002|POL-HITL-001|POL-PROMO-001,RULE_BASED,PENDING_HUMAN_REVIEW
296,DEC-S03-FROZEN_FOODS,3,FROZEN FOODS,MEDIUM,4,RISK_MEDIUM|LARGE_SERIES,4770.821732666016,5999.737948852539,7560.066146240234,0.46481690041265294,BỔ SUNG THEO P90 · RÀ SOÁT KHOẢNG DỰ BÁO,C,2760.2757871582016,7560.066146240234,TRUNG BÌNH,CÂN NHẮC THỬ NGHIỆM,False,POL-INV-004|POL-INV-002|POL-INV-003|POL-INV-001|POL-PROMO-005|POL-PROMO-003|POL-PROMO-002|POL-HITL-001|POL-PROMO-001,RULE_BASED,PENDING_HUMAN_REVIEW
297,DEC-S06-DELI,6,DELI,MEDIUM,4,RISK_MEDIUM|LARGE_SERIES,4764.192155029297,5993.108371215821,7553.436568603515,0.4653309951765952,BỔ SUNG THEO P90 · RÀ SOÁT KHOẢNG DỰ BÁO,C,2758.949871630859,7553.436568603515,TRUNG BÌNH,KHÔNG ĐỀ XUẤT TĂNG,False,POL-INV-004|POL-INV-002|POL-INV-003|POL-INV-001|POL-PROMO-002|POL-HITL-001|POL-PROMO-001,RULE_BASED,PENDING_HUMAN_REVIEW
298,DEC-S52-HOME_CARE,52,HOME CARE,MEDIUM,4,RISK_MEDIUM|LARGE_SERIES,4827.870706542969,5990.301145507812,7468.619384277344,0.44076380298699697,BỔ SUNG THEO P90 · RÀ SOÁT KHOẢNG DỰ BÁO,C,2676.3784678710936,7468.619384277344,TRUNG BÌNH,KHÔNG ĐỀ XUẤT TĂNG,False,POL-INV-004|POL-INV-002|POL-INV-003|POL-INV-001|POL-PROMO-002|POL-HITL-001|POL-PROMO-001,RULE_BASED,PENDING_HUMAN_REVIEW
299,DEC-S17-BREAD_BAKERY,17,BREAD/BAKERY,MEDIUM,4,RISK_MEDIUM|LARGE_SERIES,4788.962472900391,5951.392911865234,7429.711150634765,0.44364488649101497,BỔ SUNG THEO P90 · RÀ SOÁT KHOẢNG DỰ BÁO,C,2668.596821142577,7429.711150634765,TRUNG BÌNH,KHÔNG ĐỀ XUẤT TĂNG,False,POL-INV-004|POL-INV-002|POL-INV-003|POL-INV-001|POL-PROMO-002|POL-HITL-001|POL-PROMO-001,RULE_BASED,PENDING_HUMAN_REVIEW
300,DEC-S05-BREAD_BAKERY,5,BREAD/BAKERY,MEDIUM,4,RISK_MEDIUM|LARGE_SERIES,4836.856142822266,5932.80080456543,7329.109084716797,0.42000953924456097,BỔ SUNG THEO P90 · RÀ SOÁT KHOẢNG DỰ BÁO,C,2582.868441064453,7329.109084716797,TRUNG BÌNH,KHÔNG ĐỀ XUẤT TĂNG,False,POL-INV-004|POL-INV-002|POL-INV-003|POL-INV-001|POL-PROMO-002|POL-HITL-001|POL-PROMO-001,RULE_BASED,PENDING_HUMAN_REVIEW
301,DEC-S20-HOME_CARE,20,HOME CARE,MEDIUM,4,RISK_MEDIUM|LARGE_SERIES,4688.448655273438,5917.364871459961,7477.693068847656,0.47128632217738853,BỔ SUNG THEO P90 · RÀ SOÁT KHOẢNG DỰ BÁO,C,2743.8011716796864,7477.693068847656,TRUNG BÌNH,KHÔNG ĐỀ XUẤT TĂNG,False,POL-INV-004|POL-INV-002|POL-INV-003|POL-INV-001|POL-PROMO-002|POL-HITL-001|POL-PROMO-001,RULE_BASED,PENDING_HUMAN_REVIEW
302,DEC-S51-HOME_CARE,51,HOME CARE,MEDIUM,4,RISK_MEDIUM|LARGE_SERIES,4818.450564208984,5914.395225952148,7310.703506103516,0.42131638659754567,BỔ SUNG THEO P90 · RÀ SOÁT KHOẢNG DỰ BÁO,C,2579.187325341797,7310.703506103516,TRUNG BÌNH,KHÔNG ĐỀ XUẤT TĂNG,False,POL-INV-004|POL-INV-002|POL-INV-003|POL-INV-001|POL-PROMO-002|POL-HITL-001|POL-PROMO-001,RULE_BASED,PENDING_HUMAN_REVIEW
303,DEC-S06-HOME_CARE,6,HOME CARE,MEDIUM,4,RISK_MEDIUM|LARGE_SERIES,4814.509768310547,5910.454430053711,7306.762710205078,0.4215972518072658,BỔ SUNG THEO P90 · RÀ SOÁT KHOẢNG DỰ BÁO,C,2578.3991661621094,7306.762710205078,TRUNG BÌNH,KHÔNG ĐỀ XUẤT TĂNG,False,POL-INV-004|POL-INV-002|POL-INV-003|POL-INV-001|POL-PROMO-002|POL-HITL-001|POL-PROMO-001,RULE_BASED,PENDING_HUMAN_REVIEW
304,DEC-S17-POULTRY,17,POULTRY,MEDIUM,4,RISK_MEDIUM|LARGE_SERIES,4681.027482177735,5909.943698364258,7470.271895751953,0.4718780208219694,BỔ SUNG THEO P90 · RÀ SOÁT KHOẢNG DỰ BÁO,C,2742.3169370605465,7470.271895751953,TRUNG BÌNH,CÂN NHẮC THỬ NGHIỆM,False,POL-INV-004|POL-INV-002|POL-INV-003|POL-INV-001|POL-PROMO-005|POL-PROMO-003|POL-PROMO-002|POL-HITL-001|POL-PROMO-001,RULE_BASED,PENDING_HUMAN_REVIEW
305,DEC-S20-PERSONAL_CARE,20,PERSONAL CARE,MEDIUM,4,RISK_MEDIUM|LARGE_SERIES,4603.204606201172,5832.120822387696,7392.44901977539,0.4781736052627288,BỔ SUNG THEO P90 · RÀ SOÁT KHOẢNG DỰ BÁO,C,2726.752361865234,7392.44901977539,TRUNG BÌNH,KHÔNG ĐỀ XUẤT TĂNG,False,POL-INV-004|POL-INV-002|POL-INV-003|POL-INV-001|POL-PROMO-002|POL-HITL-001|POL-PROMO-001,RULE_BASED,PENDING_HUMAN_REVIEW
306,DEC-S22-DAIRY,22,DAIRY,MEDIUM,4,RISK_MEDIUM|LARGE_SERIES,4735.464815917969,5831.409477661133,7227.7177578125,0.4273110369633984,BỔ SUNG THEO P90 · RÀ SOÁT KHOẢNG DỰ BÁO,C,2562.5901756835938,7227.7177578125,TRUNG BÌNH,KHÔNG ĐỀ XUẤT TĂNG,False,POL-INV-004|POL-INV-002|POL-INV-003|POL-INV-001|POL-PROMO-002|POL-HITL-001|POL-PROMO-001,RULE_BASED,PENDING_HUMAN_REVIEW
307,DEC-S51-EGGS,51,EGGS,MEDIUM,4,RISK_MEDIUM|LARGE_SERIES,4724.339419189453,5820.284080932617,7216.592361083984,0.4281276960967779,BỔ SUNG THEO P90 · RÀ SOÁT KHOẢNG DỰ BÁO,C,2560.3650963378896,7216.592361083984,TRUNG BÌNH,CÂN NHẮC THỬ NGHIỆM,False,POL-INV-004|POL-INV-002|POL-INV-003|POL-INV-001|POL-PROMO-005|POL-PROMO-003|POL-PROMO-002|POL-HITL-001|POL-PROMO-001,RULE_BASED,PENDING_HUMAN_REVIEW
308,DEC-S08-PERSONAL_CARE,8,PERSONAL CARE,MEDIUM,4,RISK_MEDIUM|LARGE_SERIES,4605.340768798828,5767.771207763672,7246.089446533203,0.4577662352392184,BỔ SUNG THEO P90 · RÀ SOÁT KHOẢNG DỰ BÁO,C,2631.872480322266,7246.089446533203,TRUNG BÌNH,KHÔNG ĐỀ XUẤT TĂNG,False,POL-INV-004|POL-INV-002|POL-INV-003|POL-INV-001|POL-PROMO-002|POL-HITL-001|POL-PROMO-001,RULE_BASED,PENDING_HUMAN_REVIEW
309,DEC-S21-DELI,21,DELI,MEDIUM,4,RISK_MEDIUM|LARGE_SERIES,4585.233728393555,5747.664167358398,7225.98240612793,0.4593673592430153,BỔ SUNG THEO P90 · RÀ SOÁT KHOẢNG DỰ BÁO,C,2627.85107224121,7225.98240612793,TRUNG BÌNH,KHÔNG ĐỀ XUẤT TĂNG,False,POL-INV-004|POL-INV-002|POL-INV-003|POL-INV-001|POL-PROMO-002|POL-HITL-001|POL-PROMO-001,RULE_BASED,PENDING_HUMAN_REVIEW
310,DEC-S52-PERSONAL_CARE,52,PERSONAL CARE,MEDIUM,4,RISK_MEDIUM|LARGE_SERIES,4584.998422607422,5747.428861572265,7225.747100341797,0.459386162954463,BỔ SUNG THEO P90 · RÀ SOÁT KHOẢNG DỰ BÁO,C,2627.8040110839847,7225.747100341797,TRUNG BÌNH,KHÔNG ĐỀ XUẤT TĂNG,False,POL-INV-004|POL-INV-002|POL-INV-003|POL-INV-001|POL-PROMO-002|POL-HITL-001|POL-PROMO-001,RULE_BASED,PENDING_HUMAN_REVIEW
311,DEC-S01-BREAD_BAKERY,1,BREAD/BAKERY,MEDIUM,4,RISK_MEDIUM|LARGE_SERIES,4611.634926147461,5736.5449609375,7158.345358520508,0.4438676210315782,BỔ SUNG THEO P90 · RÀ SOÁT KHOẢNG DỰ BÁO,C,2569.1093897705077,7158.345358520508,TRUNG BÌNH,KHÔNG ĐỀ XUẤT TĂNG,False,POL-INV-004|POL-INV-002|POL-INV-003|POL-INV-001|POL-PROMO-002|POL-HITL-001|POL-PROMO-001,RULE_BASED,PENDING_HUMAN_REVIEW
312,DEC-S44-LIQUOR_WINE_BEER,44,"LIQUOR,WINE,BEER",MEDIUM,4,RISK_MEDIUM|LARGE_SERIES,4564.872110351563,5727.302549316406,7205.620788085937,0.46100020992248597,BỔ SUNG THEO P90 · RÀ SOÁT KHOẢNG DỰ BÁO,C,2623.7787486328125,7205.620788085937,TRUNG BÌNH,KHÔNG ĐỀ XUẤT TĂNG,False,POL-INV-004|POL-INV-002|POL-INV-003|POL-INV-001|POL-PROMO-002|POL-HITL-001|POL-PROMO-001,RULE_BASED,PENDING_HUMAN_REVIEW
313,DEC-S20-MEATS,20,MEATS,MEDIUM,4,RISK_MEDIUM|LARGE_SERIES,4532.843408569336,5695.273847534179,7173.592086303711,0.46359229707285055,BỔ SUNG THEO P90 · RÀ SOÁT KHOẢNG DỰ BÁO,C,2617.373008276367,7173.592086303711,TRUNG BÌNH,CÂN NHẮC THỬ NGHIỆM,False,POL-INV-004|POL-INV-002|POL-INV-003|POL-INV-001|POL-PROMO-005|POL-PROMO-003|POL-PROMO-002|POL-HITL-001|POL-PROMO-001,RULE_BASED,PENDING_HUMAN_REVIEW
314,DEC-S20-POULTRY,20,POULTRY,MEDIUM,4,RISK_MEDIUM|LARGE_SERIES,4359.7185832519535,5588.634799438477,7148.962996826172,0.4990029784869702,BỔ SUNG THEO P90 · RÀ SOÁT KHOẢNG DỰ BÁO,C,2678.0551572753902,7148.962996826172,TRUNG BÌNH,CÂN NHẮC THỬ NGHIỆM,False,POL-INV-004|POL-INV-002|POL-INV-003|POL-INV-001|POL-PROMO-005|POL-PROMO-003|POL-PROMO-002|POL-HITL-001|POL-PROMO-001,RULE_BASED,PENDING_HUMAN_REVIEW
315,DEC-S08-EGGS,8,EGGS,MEDIUM,4,RISK_MEDIUM|LARGE_SERIES,4358.248208984375,5520.678647949218,6998.99688671875,0.478251062059753,BỔ SUNG THEO P90 · RÀ SOÁT KHOẢNG DỰ BÁO,C,2582.453968359375,6998.99688671875,TRUNG BÌNH,CÂN NHẮC THỬ NGHIỆM,False,POL-INV-004|POL-INV-002|POL-INV-003|POL-INV-001|POL-PROMO-005|POL-PROMO-003|POL-PROMO-002|POL-HITL-001|POL-PROMO-001,RULE_BASED,PENDING_HUMAN_REVIEW
316,DEC-S45-FROZEN_FOODS,45,FROZEN FOODS,MEDIUM,4,RISK_MEDIUM|LARGE_SERIES,4251.237427856445,5480.153644042969,7040.481841430664,0.5088790781491096,BỔ SUNG THEO P90 · RÀ SOÁT KHOẢNG DỰ BÁO,C,2656.358926196288,7040.481841430664,TRUNG BÌNH,CÂN NHẮC THỬ NGHIỆM,False,POL-INV-004|POL-INV-002|POL-INV-003|POL-INV-001|POL-PROMO-005|POL-PROMO-003|POL-PROMO-002|POL-HITL-001|POL-PROMO-001,RULE_BASED,PENDING_HUMAN_REVIEW
317,DEC-S39-PERSONAL_CARE,39,PERSONAL CARE,MEDIUM,4,RISK_MEDIUM|LARGE_SERIES,4293.728052124024,5456.158491088867,6934.476729858398,0.48390543944188547,BỔ SUNG THEO P90 · RÀ SOÁT KHOẢNG DỰ BÁO,C,2569.549936987305,6934.476729858398,TRUNG BÌNH,KHÔNG ĐỀ XUẤT TĂNG,False,POL-INV-004|POL-INV-002|POL-INV-003|POL-INV-001|POL-PROMO-002|POL-HITL-001|POL-PROMO-001,RULE_BASED,PENDING_HUMAN_REVIEW
318,DEC-S28-PERSONAL_CARE,28,PERSONAL CARE,MEDIUM,4,RISK_MEDIUM|LARGE_SERIES,4421.926189086914,5451.385073608399,6765.683395141601,0.4298590753245505,BỔ SUNG THEO P90 · RÀ SOÁT KHOẢNG DỰ BÁO,C,2404.575336254882,6765.683395141601,TRUNG BÌNH,KHÔNG ĐỀ XUẤT TĂNG,False,POL-INV-004|POL-INV-002|POL-INV-003|POL-INV-001|POL-PROMO-002|POL-HITL-001|POL-PROMO-001,RULE_BASED,PENDING_HUMAN_REVIEW
319,DEC-S01-POULTRY,1,POULTRY,MEDIUM,4,RISK_MEDIUM|LARGE_SERIES,4391.74923815918,5450.1734957275385,6789.963934692383,0.4399446648346177,BỔ SUNG THEO P90 · RÀ SOÁT KHOẢNG DỰ BÁO,C,2429.825138110352,6789.963934692383,TRUNG BÌNH,CÂN NHẮC THỬ NGHIỆM,False,POL-INV-004|POL-INV-002|POL-INV-003|POL-INV-001|POL-PROMO-005|POL-PROMO-003|POL-PROMO-002|POL-HITL-001|POL-PROMO-001,RULE_BASED,PENDING_HUMAN_REVIEW
320,DEC-S06-PERSONAL_CARE,6,PERSONAL CARE,MEDIUM,4,RISK_MEDIUM|LARGE_SERIES,4350.682467285156,5446.62712902832,6842.935409179688,0.457493305408931,BỔ SUNG THEO P90 · RÀ SOÁT KHOẢNG DỰ BÁO,C,2485.6337059570315,6842.935409179688,TRUNG BÌNH,KHÔNG ĐỀ XUẤT TĂNG,False,POL-INV-004|POL-INV-002|POL-INV-003|POL-INV-001|POL-PROMO-002|POL-HITL-001|POL-PROMO-001,RULE_BASED,PENDING_HUMAN_REVIEW
321,DEC-S17-HOME_CARE,17,HOME CARE,MEDIUM,4,RISK_MEDIUM|LARGE_SERIES,4326.718181274414,5356.177065795899,6670.475387329101,0.4374985514327932,BỔ SUNG THEO P90 · RÀ SOÁT KHOẢNG DỰ BÁO,C,2385.5337346923807,6670.475387329101,TRUNG BÌNH,KHÔNG ĐỀ XUẤT TĂNG,False,POL-INV-004|POL-INV-002|POL-INV-003|POL-INV-001|POL-PROMO-002|POL-HITL-001|POL-PROMO-001,RULE_BASED,PENDING_HUMAN_REVIEW
322,DEC-S21-HOME_CARE,21,HOME CARE,MEDIUM,4,RISK_MEDIUM|LARGE_SERIES,4273.120326660156,5302.579211181641,6616.877532714843,0.4419199021508527,BỔ SUNG THEO P90 · RÀ SOÁT KHOẢNG DỰ BÁO,C,2374.8141637695308,6616.877532714843,TRUNG BÌNH,KHÔNG ĐỀ XUẤT TĂNG,False,POL-INV-004|POL-INV-002|POL-INV-003|POL-INV-001|POL-PROMO-002|POL-HITL-001|POL-PROMO-001,RULE_BASED,PENDING_HUMAN_REVIEW
323,DEC-S38-HOME_CARE,38,HOME CARE,MEDIUM,4,RISK_MEDIUM|LARGE_SERIES,4127.491846069336,5289.922285034179,6768.240523803711,0.4991093301831243,BỔ SUNG THEO P90 · RÀ SOÁT KHOẢNG DỰ BÁO,C,2536.302695776367,6768.240523803711,TRUNG BÌNH,KHÔNG ĐỀ XUẤT TĂNG,False,POL-INV-004|POL-INV-002|POL-INV-003|POL-INV-001|POL-PROMO-002|POL-HITL-001|POL-PROMO-001,RULE_BASED,PENDING_HUMAN_REVIEW
324,DEC-S40-DELI,40,DELI,MEDIUM,4,RISK_MEDIUM|LARGE_SERIES,4245.674290161133,5208.647397460937,6440.935760375976,0.4213838869948786,BỔ SUNG THEO P90 · RÀ SOÁT KHOẢNG DỰ BÁO,C,2274.0178424072265,6440.935760375976,TRUNG BÌNH,KHÔNG ĐỀ XUẤT TĂNG,False,POL-INV-004|POL-INV-002|POL-INV-003|POL-INV-001|POL-PROMO-002|POL-HITL-001|POL-PROMO-001,RULE_BASED,PENDING_HUMAN_REVIEW
325,DEC-S40-PERSONAL_CARE,40,PERSONAL CARE,MEDIUM,4,RISK_MEDIUM|LARGE_SERIES,4293.270093261719,5189.757423339844,6340.035827636719,0.3943096483707511,BỔ SUNG THEO P90 · RÀ SOÁT KHOẢNG DỰ BÁO,C,2188.2298889648437,6340.035827636719,TRUNG BÌNH,KHÔNG ĐỀ XUẤT TĂNG,False,POL-INV-004|POL-INV-002|POL-INV-003|POL-INV-001|POL-PROMO-002|POL-HITL-001|POL-PROMO-001,RULE_BASED,PENDING_HUMAN_REVIEW
326,DEC-S19-DELI,19,DELI,MEDIUM,4,RISK_MEDIUM|LARGE_SERIES,4147.009624145508,5176.468508666992,6490.766830200195,0.4526840099811864,BỔ SUNG THEO P90 · RÀ SOÁT KHOẢNG DỰ BÁO,C,2349.5920232666003,6490.766830200195,TRUNG BÌNH,KHÔNG ĐỀ XUẤT TĂNG,False,POL-INV-004|POL-INV-002|POL-INV-003|POL-INV-001|POL-PROMO-002|POL-HITL-001|POL-PROMO-001,RULE_BASED,PENDING_HUMAN_REVIEW
327,DEC-S25-BREAD_BAKERY,25,BREAD/BAKERY,MEDIUM,4,RISK_MEDIUM|LARGE_SERIES,4230.556119262696,5127.04344934082,6277.321853637695,0.39913190178568,BỔ SUNG THEO P90 · RÀ SOÁT KHOẢNG DỰ BÁO,C,2175.6870941650386,6277.321853637695,TRUNG BÌNH,KHÔNG ĐỀ XUẤT TĂNG,False,POL-INV-004|POL-INV-002|POL-INV-003|POL-INV-001|POL-PROMO-002|POL-HITL-001|POL-PROMO-001,RULE_BASED,PENDING_HUMAN_REVIEW
328,DEC-S10-DAIRY,10,DAIRY,MEDIUM,4,RISK_MEDIUM|LARGE_SERIES,4127.749241333007,5090.722348632812,6323.010711547851,0.4311432006508166,BỔ SUNG THEO P90 · RÀ SOÁT KHOẢNG DỰ BÁO,C,2250.4328326416016,6323.010711547851,TRUNG BÌNH,KHÔNG ĐỀ XUẤT TĂNG,False,POL-INV-004|POL-INV-002|POL-INV-003|POL-INV-001|POL-PROMO-002|POL-HITL-001|POL-PROMO-001,RULE_BASED,PENDING_HUMAN_REVIEW
329,DEC-S23-POULTRY,23,POULTRY,MEDIUM,4,RISK_MEDIUM|LARGE_SERIES,4060.406551025391,5089.865435546875,6404.163757080078,0.46038482763450095,BỔ SUNG THEO P90 · RÀ SOÁT KHOẢNG DỰ BÁO,C,2332.2714086425767,6404.163757080078,TRUNG BÌNH,CÂN NHẮC THỬ NGHIỆM,False,POL-INV-004|POL-INV-002|POL-INV-003|POL-INV-001|POL-PROMO-005|POL-PROMO-003|POL-PROMO-002|POL-HITL-001|POL-PROMO-001,RULE_BASED,PENDING_HUMAN_REVIEW
330,DEC-S44-PREPARED_FOODS,44,PREPARED FOODS,MEDIUM,4,RISK_MEDIUM|LARGE_SERIES,4186.198590576172,5082.685920654297,6232.964324951172,0.40261451362667394,BỔ SUNG THEO P90 · RÀ SOÁT KHOẢNG DỰ BÁO,C,2166.8155884277344,6232.964324951172,TRUNG BÌNH,CÂN NHẮC THỬ NGHIỆM,False,POL-INV-004|POL-INV-002|POL-INV-003|POL-INV-001|POL-PROMO-005|POL-PROMO-003|POL-PROMO-002|POL-HITL-001|POL-PROMO-001,RULE_BASED,PENDING_HUMAN_REVIEW
331,DEC-S31-HOME_CARE,31,HOME CARE,MEDIUM,4,RISK_MEDIUM|LARGE_SERIES,4112.309147338867,5075.282254638672,6307.570617553711,0.4324545720854724,BỔ SUNG THEO P90 · RÀ SOÁT KHOẢNG DỰ BÁO,C,2247.344813842774,6307.570617553711,TRUNG BÌNH,KHÔNG ĐỀ XUẤT TĂNG,False,POL-INV-004|POL-INV-002|POL-INV-003|POL-INV-001|POL-PROMO-002|POL-HITL-001|POL-PROMO-001,RULE_BASED,PENDING_HUMAN_REVIEW
332,DEC-S28-HOME_CARE,28,HOME CARE,MEDIUM,4,RISK_MEDIUM|LARGE_SERIES,4038.240901611328,5067.699786132813,6381.998107666015,0.46239811094491107,BỔ SUNG THEO P90 · RÀ SOÁT KHOẢNG DỰ BÁO,C,2327.8382787597657,6381.998107666015,TRUNG BÌNH,KHÔNG ĐỀ XUẤT TĂNG,False,POL-INV-004|POL-INV-002|POL-INV-003|POL-INV-001|POL-PROMO-002|POL-HITL-001|POL-PROMO-001,RULE_BASED,PENDING_HUMAN_REVIEW
333,DEC-S31-EGGS,31,EGGS,MEDIUM,4,RISK_MEDIUM|LARGE_SERIES,3972.481074951172,5001.9399594726565,6316.238281005859,0.4684759811312496,BỔ SUNG THEO P90 · RÀ SOÁT KHOẢNG DỰ BÁO,C,2314.6863134277337,6316.238281005859,TRUNG BÌNH,CÂN NHẮC THỬ NGHIỆM,False,POL-INV-004|POL-INV-002|POL-INV-003|POL-INV-001|POL-PROMO-005|POL-PROMO-003|POL-PROMO-002|POL-HITL-001|POL-PROMO-001,RULE_BASED,PENDING_HUMAN_REVIEW
334,DEC-S21-EGGS,21,EGGS,MEDIUM,4,RISK_MEDIUM|LARGE_SERIES,3865.266517944336,4990.176552734375,6411.976950317383,0.5102425060435605,BỔ SUNG THEO P90 · RÀ SOÁT KHOẢNG DỰ BÁO,C,2419.8357081298827,6411.976950317383,TRUNG BÌNH,CÂN NHẮC THỬ NGHIỆM,False,POL-INV-004|POL-INV-002|POL-INV-003|POL-INV-001|POL-PROMO-005|POL-PROMO-003|POL-PROMO-002|POL-HITL-001|POL-PROMO-001,RULE_BASED,PENDING_HUMAN_REVIEW
335,DEC-S30-DAIRY,30,DAIRY,MEDIUM,4,RISK_MEDIUM|LARGE_SERIES,4090.2893956298826,4986.776725708008,6137.055130004883,0.4103563264621603,BỔ SUNG THEO P90 · RÀ SOÁT KHOẢNG DỰ BÁO,C,2147.6337494384766,6137.055130004883,TRUNG BÌNH,KHÔNG ĐỀ XUẤT TĂNG,False,POL-INV-004|POL-INV-002|POL-INV-003|POL-INV-001|POL-PROMO-002|POL-HITL-001|POL-PROMO-001,RULE_BASED,PENDING_HUMAN_REVIEW
336,DEC-S08-DELI,8,DELI,MEDIUM,4,RISK_MEDIUM|LARGE_SERIES,3998.2161907958985,4961.189298095703,6193.477661010742,0.44239776806928754,BỔ SUNG THEO P90 · RÀ SOÁT KHOẢNG DỰ BÁO,C,2224.5262225341794,6193.477661010742,TRUNG BÌNH,KHÔNG ĐỀ XUẤT TĂNG,False,POL-INV-004|POL-INV-002|POL-INV-003|POL-INV-001|POL-PROMO-002|POL-HITL-001|POL-PROMO-001,RULE_BASED,PENDING_HUMAN_REVIEW
337,DEC-S51-PERSONAL_CARE,51,PERSONAL CARE,MEDIUM,4,RISK_MEDIUM|LARGE_SERIES,3990.757404785156,4953.7305120849605,6186.018875,0.4430637478386435,BỔ SUNG THEO P90 · RÀ SOÁT KHOẢNG DỰ BÁO,C,2223.034465332031,6186.018875,TRUNG BÌNH,KHÔNG ĐỀ XUẤT TĂNG,False,POL-INV-004|POL-INV-002|POL-INV-003|POL-INV-001|POL-PROMO-002|POL-HITL-001|POL-PROMO-001,RULE_BASED,PENDING_HUMAN_REVIEW
338,DEC-S27-MEATS,27,MEATS,MEDIUM,4,RISK_MEDIUM|LARGE_SERIES,3900.829890869141,4930.288775390625,6244.587096923828,0.47528289516345135,BỔ SUNG THEO P90 · RÀ SOÁT KHOẢNG DỰ BÁO,C,2300.356076611328,6244.587096923828,TRUNG BÌNH,CÂN NHẮC THỬ NGHIỆM,False,POL-INV-004|POL-INV-002|POL-INV-003|POL-INV-001|POL-PROMO-005|POL-PROMO-003|POL-PROMO-002|POL-HITL-001|POL-PROMO-001,RULE_BASED,PENDING_HUMAN_REVIEW
339,DEC-S52-FROZEN_FOODS,52,FROZEN FOODS,MEDIUM,4,RISK_MEDIUM|LARGE_SERIES,3762.407434448242,4924.837873413086,6403.156112182617,0.5361014198188815,BỔ SUNG THEO P90 · RÀ SOÁT KHOẢNG DỰ BÁO,C,2463.2858134521484,6403.156112182617,TRUNG BÌNH,CÂN NHẮC THỬ NGHIỆM,False,POL-INV-004|POL-INV-002|POL-INV-003|POL-INV-001|POL-PROMO-005|POL-PROMO-003|POL-PROMO-002|POL-HITL-001|POL-PROMO-001,RULE_BASED,PENDING_HUMAN_REVIEW
340,DEC-S27-DELI,27,DELI,MEDIUM,4,RISK_MEDIUM|LARGE_SERIES,3941.418278198242,4904.391385498047,6136.679748413086,0.44752014624251174,BỔ SUNG THEO P90 · RÀ SOÁT KHOẢNG DỰ BÁO,C,2213.1666400146482,6136.679748413086,TRUNG BÌNH,KHÔNG ĐỀ XUẤT TĂNG,False,POL-INV-004|POL-INV-002|POL-INV-003|POL-INV-001|POL-PROMO-002|POL-HITL-001|POL-PROMO-001,RULE_BASED,PENDING_HUMAN_REVIEW
341,DEC-S21-PERSONAL_CARE,21,PERSONAL CARE,MEDIUM,4,RISK_MEDIUM|LARGE_SERIES,3849.95299798584,4860.651680419922,6146.691081359863,0.4724192999313444,BỔ SUNG THEO P90 · RÀ SOÁT KHOẢNG DỰ BÁO,C,2258.169737023926,6146.691081359863,TRUNG BÌNH,KHÔNG ĐỀ XUẤT TĂNG,False,POL-INV-004|POL-INV-002|POL-INV-003|POL-INV-001|POL-PROMO-002|POL-HITL-001|POL-PROMO-001,RULE_BASED,PENDING_HUMAN_REVIEW
342,DEC-S13-DAIRY,13,DAIRY,MEDIUM,4,RISK_MEDIUM|LARGE_SERIES,3870.19499633789,4833.168103637695,6065.456466552734,0.45411359786245686,BỔ SUNG THEO P90 · RÀ SOÁT KHOẢNG DỰ BÁO,C,2198.921983642578,6065.456466552734,TRUNG BÌNH,KHÔNG ĐỀ XUẤT TĂNG,False,POL-INV-004|POL-INV-002|POL-INV-003|POL-INV-001|POL-PROMO-002|POL-HITL-001|POL-PROMO-001,RULE_BASED,PENDING_HUMAN_REVIEW
343,DEC-S53-MEATS,53,MEATS,MEDIUM,4,RISK_MEDIUM|LARGE_SERIES,3764.348628662109,4793.807513183594,6108.105834716796,0.488811531977122,BỔ SUNG THEO P90 · RÀ SOÁT KHOẢNG DỰ BÁO,C,2273.0598241699204,6108.105834716796,TRUNG BÌNH,CÂN NHẮC THỬ NGHIỆM,False,POL-INV-004|POL-INV-002|POL-INV-003|POL-INV-001|POL-PROMO-005|POL-PROMO-003|POL-PROMO-002|POL-HITL-001|POL-PROMO-001,RULE_BASED,PENDING_HUMAN_REVIEW
344,DEC-S29-DELI,29,DELI,MEDIUM,4,RISK_MEDIUM|LARGE_SERIES,3741.234004638672,4770.6928891601565,6084.991210693359,0.4911793907313261,BỔ SUNG THEO P90 · RÀ SOÁT KHOẢNG DỰ BÁO,C,2268.4368993652333,6084.991210693359,TRUNG BÌNH,KHÔNG ĐỀ XUẤT TĂNG,False,POL-INV-004|POL-INV-002|POL-INV-003|POL-INV-001|POL-PROMO-002|POL-HITL-001|POL-PROMO-001,RULE_BASED,PENDING_HUMAN_REVIEW
345,DEC-S07-EGGS,7,EGGS,MEDIUM,4,RISK_MEDIUM|LARGE_SERIES,3873.053555786133,4769.540885864258,5919.819290161133,0.4290426983740642,BỔ SUNG THEO P90 · RÀ SOÁT KHOẢNG DỰ BÁO,C,2104.1865814697267,5919.819290161133,TRUNG BÌNH,CÂN NHẮC THỬ NGHIỆM,False,POL-INV-004|POL-INV-002|POL-INV-003|POL-INV-001|POL-PROMO-005|POL-PROMO-003|POL-PROMO-002|POL-HITL-001|POL-PROMO-001,RULE_BASED,PENDING_HUMAN_REVIEW
346,DEC-S28-EGGS,28,EGGS,MEDIUM,4,RISK_MEDIUM|LARGE_SERIES,3791.068516235352,4754.041623535156,5986.329986450195,0.46167029523976416,BỔ SUNG THEO P90 · RÀ SOÁT KHOẢNG DỰ BÁO,C,2183.09668762207,5986.329986450195,TRUNG BÌNH,CÂN NHẮC THỬ NGHIỆM,False,POL-INV-004|POL-INV-002|POL-INV-003|POL-INV-001|POL-PROMO-005|POL-PROMO-003|POL-PROMO-002|POL-HITL-001|POL-PROMO-001,RULE_BASED,PENDING_HUMAN_REVIEW
347,DEC-S31-PERSONAL_CARE,31,PERSONAL CARE,MEDIUM,4,RISK_MEDIUM|LARGE_SERIES,3782.1736798095694,4745.146787109375,5977.435150024414,0.46253551958764033,BỔ SUNG THEO P90 · RÀ SOÁT KHOẢNG DỰ BÁO,C,2181.3177203369137,5977.435150024414,TRUNG BÌNH,KHÔNG ĐỀ XUẤT TĂNG,False,POL-INV-004|POL-INV-002|POL-INV-003|POL-INV-001|POL-PROMO-002|POL-HITL-001|POL-PROMO-001,RULE_BASED,PENDING_HUMAN_REVIEW
348,DEC-S43-PERSONAL_CARE,43,PERSONAL CARE,MEDIUM,4,RISK_MEDIUM|LARGE_SERIES,3773.624454956055,4736.597562255859,5968.885925170898,0.4633701873929421,BỔ SUNG THEO P90 · RÀ SOÁT KHOẢNG DỰ BÁO,C,2179.607875366211,5968.885925170898,TRUNG BÌNH,KHÔNG ĐỀ XUẤT TĂNG,False,POL-INV-004|POL-INV-002|POL-INV-003|POL-INV-001|POL-PROMO-002|POL-HITL-001|POL-PROMO-001,RULE_BASED,PENDING_HUMAN_REVIEW
349,DEC-S01-MEATS,1,MEATS,MEDIUM,4,RISK_MEDIUM|LARGE_SERIES,3731.7784824218743,4723.716962768554,5981.497443115234,0.4761595199080637,BỔ SUNG THEO P90 · RÀ SOÁT KHOẢNG DỰ BÁO,C,2202.52387290039,5981.497443115234,TRUNG BÌNH,CÂN NHẮC THỬ NGHIỆM,False,POL-INV-004|POL-INV-002|POL-INV-003|POL-INV-001|POL-PROMO-005|POL-PROMO-003|POL-PROMO-002|POL-HITL-001|POL-PROMO-001,RULE_BASED,PENDING_HUMAN_REVIEW
350,DEC-S43-DELI,43,DELI,MEDIUM,4,RISK_MEDIUM|LARGE_SERIES,3810.693112670898,4707.180442749023,5857.458847045898,0.4347254229661449,BỔ SUNG THEO P90 · RÀ SOÁT KHOẢNG DỰ BÁO,C,2091.7144928466796,5857.458847045898,TRUNG BÌNH,KHÔNG ĐỀ XUẤT TĂNG,False,POL-INV-004|POL-INV-002|POL-INV-003|POL-INV-001|POL-PROMO-002|POL-HITL-001|POL-PROMO-001,RULE_BASED,PENDING_HUMAN_REVIEW
351,DEC-S15-DELI,15,DELI,MEDIUM,4,RISK_MEDIUM|LARGE_SERIES,3807.624234497071,4704.111564575195,5854.38996887207,0.4350089697734496,BỔ SUNG THEO P90 · RÀ SOÁT KHOẢNG DỰ BÁO,C,2091.1007172119134,5854.38996887207,TRUNG BÌNH,KHÔNG ĐỀ XUẤT TĂNG,False,POL-INV-004|POL-INV-002|POL-INV-003|POL-INV-001|POL-PROMO-002|POL-HITL-001|POL-PROMO-001,RULE_BASED,PENDING_HUMAN_REVIEW
352,DEC-S24-DELI,24,DELI,MEDIUM,4,RISK_MEDIUM|LARGE_SERIES,3775.382962524414,4671.870292602539,5822.148696899414,0.438010388949842,BỔ SUNG THEO P90 · RÀ SOÁT KHOẢNG DỰ BÁO,C,2084.652462817383,5822.148696899414,TRUNG BÌNH,KHÔNG ĐỀ XUẤT TĂNG,False,POL-INV-004|POL-INV-002|POL-INV-003|POL-INV-001|POL-PROMO-002|POL-HITL-001|POL-PROMO-001,RULE_BASED,PENDING_HUMAN_REVIEW
353,DEC-S17-PERSONAL_CARE,17,PERSONAL CARE,MEDIUM,4,RISK_MEDIUM|LARGE_SERIES,3680.342655639649,4643.315762939453,5875.604125854492,0.4726770491645967,BỔ SUNG THEO P90 · RÀ SOÁT KHOẢNG DỰ BÁO,C,2160.9515155029294,5875.604125854492,TRUNG BÌNH,KHÔNG ĐỀ XUẤT TĂNG,False,POL-INV-004|POL-INV-002|POL-INV-003|POL-INV-001|POL-PROMO-002|POL-HITL-001|POL-PROMO-001,RULE_BASED,PENDING_HUMAN_REVIEW
354,DEC-S24-PERSONAL_CARE,24,PERSONAL CARE,MEDIUM,4,RISK_MEDIUM|LARGE_SERIES,3737.924969970703,4634.412300048828,5784.690704345703,0.441549877743009,BỔ SUNG THEO P90 · RÀ SOÁT KHOẢNG DỰ BÁO,C,2077.1608643066397,5784.690704345703,TRUNG BÌNH,KHÔNG ĐỀ XUẤT TĂNG,False,POL-INV-004|POL-INV-002|POL-INV-003|POL-INV-001|POL-PROMO-002|POL-HITL-001|POL-PROMO-001,RULE_BASED,PENDING_HUMAN_REVIEW
355,DEC-S33-MEATS,33,MEATS,MEDIUM,4,RISK_MEDIUM|LARGE_SERIES,3662.80861328125,4625.781720581054,5858.0700834960935,0.4744683459886998,BỔ SUNG THEO P90 · RÀ SOÁT KHOẢNG DỰ BÁO,C,2157.4447070312494,5858.0700834960935,TRUNG BÌNH,CÂN NHẮC THỬ NGHIỆM,False,POL-INV-004|POL-INV-002|POL-INV-003|POL-INV-001|POL-PROMO-005|POL-PROMO-003|POL-PROMO-002|POL-HITL-001|POL-PROMO-001,RULE_BASED,PENDING_HUMAN_REVIEW
356,DEC-S24-HOME_CARE,24,HOME CARE,MEDIUM,4,RISK_MEDIUM|LARGE_SERIES,3703.158826171875,4599.64615625,5749.924560546875,0.44488658002842907,BỔ SUNG THEO P90 · RÀ SOÁT KHOẢNG DỰ BÁO,C,2070.207635546875,5749.924560546875,TRUNG BÌNH,KHÔNG ĐỀ XUẤT TĂNG,False,POL-INV-004|POL-INV-002|POL-INV-003|POL-INV-001|POL-PROMO-002|POL-HITL-001|POL-PROMO-001,RULE_BASED,PENDING_HUMAN_REVIEW
357,DEC-S02-HOME_CARE,2,HOME CARE,MEDIUM,4,RISK_MEDIUM|LARGE_SERIES,3684.184583007812,4580.671913085937,5730.9503173828125,0.4467290048702817,BỔ SUNG THEO P90 · RÀ SOÁT KHOẢNG DỰ BÁO,C,2066.4127869140625,5730.9503173828125,TRUNG BÌNH,KHÔNG ĐỀ XUẤT TĂNG,False,POL-INV-004|POL-INV-002|POL-INV-003|POL-INV-001|POL-PROMO-002|POL-HITL-001|POL-PROMO-001,RULE_BASED,PENDING_HUMAN_REVIEW
358,DEC-S47-FROZEN_FOODS,47,FROZEN FOODS,MEDIUM,4,RISK_MEDIUM|LARGE_SERIES,3579.4253735351563,4542.3984808349605,5774.68684375,0.48317608052098715,BỔ SUNG THEO P90 · RÀ SOÁT KHOẢNG DỰ BÁO,C,2140.768059082031,5774.68684375,TRUNG BÌNH,CÂN NHẮC THỬ NGHIỆM,False,POL-INV-004|POL-INV-002|POL-INV-003|POL-INV-001|POL-PROMO-005|POL-PROMO-003|POL-PROMO-002|POL-HITL-001|POL-PROMO-001,RULE_BASED,PENDING_HUMAN_REVIEW
359,DEC-S14-DELI,14,DELI,MEDIUM,4,RISK_MEDIUM|LARGE_SERIES,3634.695798217773,4531.183128295898,5681.461532592773,0.45160702390783247,BỔ SUNG THEO P90 · RÀ SOÁT KHOẢNG DỰ BÁO,C,2056.5150299560546,5681.461532592773,TRUNG BÌNH,KHÔNG ĐỀ XUẤT TĂNG,False,POL-INV-004|POL-INV-002|POL-INV-003|POL-INV-001|POL-PROMO-002|POL-HITL-001|POL-PROMO-001,RULE_BASED,PENDING_HUMAN_REVIEW
360,DEC-S23-BREAD_BAKERY,23,BREAD/BAKERY,MEDIUM,4,RISK_MEDIUM|LARGE_SERIES,3631.970135986328,4528.457466064453,5678.735870361328,0.45187878453650443,BỔ SUNG THEO P90 · RÀ SOÁT KHOẢNG DỰ BÁO,C,2055.969897509766,5678.735870361328,TRUNG BÌNH,KHÔNG ĐỀ XUẤT TĂNG,False,POL-INV-004|POL-INV-002|POL-INV-003|POL-INV-001|POL-PROMO-002|POL-HITL-001|POL-PROMO-001,RULE_BASED,PENDING_HUMAN_REVIEW
361,DEC-S45-GROCERY_I,45,GROCERY I,LOW,3,RISK_LOW|LARGE_SERIES,173776.5666046875,180456.3017578125,192591.9462890625,0.10426499510464068,BỔ SUNG THEO P90 · RÀ SOÁT KHOẢNG DỰ BÁO,C,48226.904882812494,192591.9462890625,TRUNG BÌNH,KHÔNG ĐỀ XUẤT TĂNG,False,POL-INV-004|POL-INV-002|POL-INV-003|POL-INV-001|POL-PROMO-002|POL-HITL-001|POL-PROMO-001,RULE_BASED,PENDING_HUMAN_REVIEW
362,DEC-S44-GROCERY_I,44,GROCERY I,LOW,3,RISK_LOW|LARGE_SERIES,166314.0402375,172993.775390625,185129.419921875,0.10876270478047419,BỔ SUNG THEO P90 · RÀ SOÁT KHOẢNG DỰ BÁO,C,46734.39960937499,185129.419921875,TRUNG BÌNH,KHÔNG ĐỀ XUẤT TĂNG,False,POL-INV-004|POL-INV-002|POL-INV-003|POL-INV-001|POL-PROMO-002|POL-HITL-001|POL-PROMO-001,RULE_BASED,PENDING_HUMAN_REVIEW
363,DEC-S47-GROCERY_I,47,GROCERY I,LOW,3,RISK_LOW|LARGE_SERIES,164741.9543,171421.689453125,183557.333984375,0.10976014753006191,BỔ SUNG THEO P90 · RÀ SOÁT KHOẢNG DỰ BÁO,C,46419.982421875,183557.333984375,TRUNG BÌNH,KHÔNG ĐỀ XUẤT TĂNG,False,POL-INV-004|POL-INV-002|POL-INV-003|POL-INV-001|POL-PROMO-002|POL-HITL-001|POL-PROMO-001,RULE_BASED,PENDING_HUMAN_REVIEW
364,DEC-S46-GROCERY_I,46,GROCERY I,LOW,3,RISK_LOW|LARGE_SERIES,160250.11201484376,166929.84716796875,179065.49169921875,0.11271361766613826,BỔ SUNG THEO P90 · RÀ SOÁT KHOẢNG DỰ BÁO,C,45521.61396484374,179065.49169921875,TRUNG BÌNH,KHÔNG ĐỀ XUẤT TĂNG,False,POL-INV-004|POL-INV-002|POL-INV-003|POL-INV-001|POL-PROMO-002|POL-HITL-001|POL-PROMO-001,RULE_BASED,PENDING_HUMAN_REVIEW
365,DEC-S44-BEVERAGES,44,BEVERAGES,LOW,3,RISK_LOW|LARGE_SERIES,158311.76289375,164991.498046875,177127.142578125,0.11403778903347149,BỔ SUNG THEO P90 · RÀ SOÁT KHOẢNG DỰ BÁO,C,45133.94414062498,177127.142578125,TRUNG BÌNH,KHÔNG ĐỀ XUẤT TĂNG,False,POL-INV-004|POL-INV-002|POL-INV-003|POL-INV-001|POL-PROMO-002|POL-HITL-001|POL-PROMO-001,RULE_BASED,PENDING_HUMAN_REVIEW
366,DEC-S45-BEVERAGES,45,BEVERAGES,LOW,3,RISK_LOW|LARGE_SERIES,155715.63740546876,162395.37255859375,174531.01708984375,0.11586083720919485,BỔ SUNG THEO P90 · RÀ SOÁT KHOẢNG DỰ BÁO,C,44614.71904296875,174531.01708984375,TRUNG BÌNH,KHÔNG ĐỀ XUẤT TĂNG,False,POL-INV-004|POL-INV-002|POL-INV-003|POL-INV-001|POL-PROMO-002|POL-HITL-001|POL-PROMO-001,RULE_BASED,PENDING_HUMAN_REVIEW
367,DEC-S44-PRODUCE,44,PRODUCE,LOW,3,RISK_LOW|LARGE_SERIES,152887.8839875,159567.619140625,171703.263671875,0.11791403463730751,BỔ SUNG THEO P90 · RÀ SOÁT KHOẢNG DỰ BÁO,C,44049.168359375006,171703.263671875,TRUNG BÌNH,KHÔNG ĐỀ XUẤT TĂNG,False,POL-INV-004|POL-INV-002|POL-INV-003|POL-INV-001|POL-PROMO-002|POL-HITL-001|POL-PROMO-001,RULE_BASED,PENDING_HUMAN_REVIEW
368,DEC-S47-BEVERAGES,47,BEVERAGES,LOW,3,RISK_LOW|LARGE_SERIES,143637.1974640625,150316.9326171875,162452.5771484375,0.12517055920594547,BỔ SUNG THEO P90 · RÀ SOÁT KHOẢNG DỰ BÁO,C,42199.0310546875,162452.5771484375,TRUNG BÌNH,KHÔNG ĐỀ XUẤT TĂNG,False,POL-INV-004|POL-INV-002|POL-INV-003|POL-INV-001|POL-PROMO-002|POL-HITL-001|POL-PROMO-001,RULE_BASED,PENDING_HUMAN_REVIEW
369,DEC-S48-GROCERY_I,48,GROCERY I,LOW,3,RISK_LOW|LARGE_SERIES,135064.5783234375,141744.3134765625,153879.9580078125,0.1327407532770817,BỔ SUNG THEO P90 · RÀ SOÁT KHOẢNG DỰ BÁO,C,40484.507226562506,153879.9580078125,TRUNG BÌNH,KHÔNG ĐỀ XUẤT TĂNG,False,POL-INV-004|POL-INV-002|POL-INV-003|POL-INV-001|POL-PROMO-002|POL-HITL-001|POL-PROMO-001,RULE_BASED,PENDING_HUMAN_REVIEW
370,DEC-S03-BEVERAGES,3,BEVERAGES,LOW,3,RISK_LOW|LARGE_SERIES,134289.14912421876,140968.88427734375,153104.52880859375,0.133470916719756,BỔ SUNG THEO P90 · RÀ SOÁT KHOẢNG DỰ BÁO,C,40329.42138671875,153104.52880859375,TRUNG BÌNH,KHÔNG ĐỀ XUẤT TĂNG,False,POL-INV-004|POL-INV-002|POL-INV-003|POL-INV-001|POL-PROMO-002|POL-HITL-001|POL-PROMO-001,RULE_BASED,PENDING_HUMAN_REVIEW
371,DEC-S49-GROCERY_I,49,GROCERY I,LOW,3,RISK_LOW|LARGE_SERIES,127240.47920234376,133920.21435546875,146055.85888671875,0.1404958861441705,BỔ SUNG THEO P90 · RÀ SOÁT KHOẢNG DỰ BÁO,C,38919.687402343756,146055.85888671875,TRUNG BÌNH,KHÔNG ĐỀ XUẤT TĂNG,False,POL-INV-004|POL-INV-002|POL-INV-003|POL-INV-001|POL-PROMO-002|POL-HITL-001|POL-PROMO-001,RULE_BASED,PENDING_HUMAN_REVIEW
372,DEC-S03-GROCERY_I,3,GROCERY I,LOW,3,RISK_LOW|LARGE_SERIES,126128.460159375,132808.1953125,144943.83984375,0.14167226629227306,BỔ SUNG THEO P90 · RÀ SOÁT KHOẢNG DỰ BÁO,C,38697.283593750006,144943.83984375,TRUNG BÌNH,KHÔNG ĐỀ XUẤT TĂNG,False,POL-INV-004|POL-INV-002|POL-INV-003|POL-INV-001|POL-PROMO-002|POL-HITL-001|POL-PROMO-001,RULE_BASED,PENDING_HUMAN_REVIEW
373,DEC-S49-PRODUCE,49,PRODUCE,LOW,3,RISK_LOW|LARGE_SERIES,123749.3839875,130429.119140625,142564.763671875,0.14425640188282698,BỔ SUNG THEO P90 · RÀ SOÁT KHOẢNG DỰ BÁO,C,38221.468359374994,142564.763671875,TRUNG BÌNH,KHÔNG ĐỀ XUẤT TĂNG,False,POL-INV-004|POL-INV-002|POL-INV-003|POL-INV-001|POL-PROMO-002|POL-HITL-001|POL-PROMO-001,RULE_BASED,PENDING_HUMAN_REVIEW
374,DEC-S03-PRODUCE,3,PRODUCE,LOW,3,RISK_LOW|LARGE_SERIES,121858.08320625,128537.818359375,140673.462890625,0.1463789688167979,BỔ SUNG THEO P90 · RÀ SOÁT KHOẢNG DỰ BÁO,C,37843.208203125,140673.462890625,TRUNG BÌNH,KHÔNG ĐỀ XUẤT TĂNG,False,POL-INV-004|POL-INV-002|POL-INV-003|POL-INV-001|POL-PROMO-002|POL-HITL-001|POL-PROMO-001,RULE_BASED,PENDING_HUMAN_REVIEW
375,DEC-S11-GROCERY_I,11,GROCERY I,LOW,3,RISK_LOW|LARGE_SERIES,117295.16865546876,123974.90380859376,136110.54833984375,0.15176642481609998,BỔ SUNG THEO P90 · RÀ SOÁT KHOẢNG DỰ BÁO,C,36930.62529296875,136110.54833984375,TRUNG BÌNH,KHÔNG ĐỀ XUẤT TĂNG,False,POL-INV-004|POL-INV-002|POL-INV-003|POL-INV-001|POL-PROMO-002|POL-HITL-001|POL-PROMO-001,RULE_BASED,PENDING_HUMAN_REVIEW
376,DEC-S49-BEVERAGES,49,BEVERAGES,LOW,3,RISK_LOW|LARGE_SERIES,113372.50361640623,120052.23876953124,132187.88330078125,0.15672529851939523,BỔ SUNG THEO P90 · RÀ SOÁT KHOẢNG DỰ BÁO,C,36146.09228515625,132187.88330078125,TRUNG BÌNH,KHÔNG ĐỀ XUẤT TĂNG,False,POL-INV-004|POL-INV-002|POL-INV-003|POL-INV-001|POL-PROMO-002|POL-HITL-001|POL-PROMO-001,RULE_BASED,PENDING_HUMAN_REVIEW
377,DEC-S09-GROCERY_I,9,GROCERY I,LOW,3,RISK_LOW|LARGE_SERIES,106239.300003125,112919.03515625,125054.6796875,0.16662569807332894,BỔ SUNG THEO P90 · RÀ SOÁT KHOẢNG DỰ BÁO,C,34719.451562500006,125054.6796875,TRUNG BÌNH,KHÔNG ĐỀ XUẤT TĂNG,False,POL-INV-004|POL-INV-002|POL-INV-003|POL-INV-001|POL-PROMO-002|POL-HITL-001|POL-PROMO-001,RULE_BASED,PENDING_HUMAN_REVIEW
378,DEC-S50-GROCERY_I,50,GROCERY I,LOW,3,RISK_LOW|LARGE_SERIES,104555.0666046875,111234.8017578125,123370.4462890625,0.1691485959290398,BỔ SUNG THEO P90 · RÀ SOÁT KHOẢNG DỰ BÁO,C,34382.60488281249,123370.4462890625,TRUNG BÌNH,KHÔNG ĐỀ XUẤT TĂNG,False,POL-INV-004|POL-INV-002|POL-INV-003|POL-INV-001|POL-PROMO-002|POL-HITL-001|POL-PROMO-001,RULE_BASED,PENDING_HUMAN_REVIEW
379,DEC-S46-BEVERAGES,46,BEVERAGES,LOW,3,RISK_LOW|LARGE_SERIES,99264.69502265623,105944.43017578124,118080.07470703124,0.1775950095549863,BỔ SUNG THEO P90 · RÀ SOÁT KHOẢNG DỰ BÁO,C,33324.53056640623,118080.07470703124,TRUNG BÌNH,KHÔNG ĐỀ XUẤT TĂNG,False,POL-INV-004|POL-INV-002|POL-INV-003|POL-INV-001|POL-PROMO-002|POL-HITL-001|POL-PROMO-001,RULE_BASED,PENDING_HUMAN_REVIEW
380,DEC-S45-PRODUCE,45,PRODUCE,LOW,3,RISK_LOW|LARGE_SERIES,98806.80146796876,105486.53662109376,117622.18115234376,0.1783659026180406,BỔ SUNG THEO P90 · RÀ SOÁT KHOẢNG DỰ BÁO,C,33232.95185546875,117622.18115234376,TRUNG BÌNH,KHÔNG ĐỀ XUẤT TĂNG,False,POL-INV-004|POL-INV-002|POL-INV-003|POL-INV-001|POL-PROMO-002|POL-HITL-001|POL-PROMO-001,RULE_BASED,PENDING_HUMAN_REVIEW
381,DEC-S52-GROCERY_I,52,GROCERY I,LOW,3,RISK_LOW|LARGE_SERIES,89540.6994171875,96220.4345703125,108356.0791015625,0.1955424980764127,BỔ SUNG THEO P90 · RÀ SOÁT KHOẢNG DỰ BÁO,C,31379.7314453125,108356.0791015625,TRUNG BÌNH,KHÔNG ĐỀ XUẤT TĂNG,False,POL-INV-004|POL-INV-002|POL-INV-003|POL-INV-001|POL-PROMO-002|POL-HITL-001|POL-PROMO-001,RULE_BASED,PENDING_HUMAN_REVIEW
382,DEC-S47-PRODUCE,47,PRODUCE,LOW,3,RISK_LOW|LARGE_SERIES,87998.8517609375,94678.5869140625,106814.2314453125,0.1987268882093148,BỔ SUNG THEO P90 · RÀ SOÁT KHOẢNG DỰ BÁO,C,31071.361914062494,106814.2314453125,TRUNG BÌNH,KHÔNG ĐỀ XUẤT TĂNG,False,POL-INV-004|POL-INV-002|POL-INV-003|POL-INV-001|POL-PROMO-002|POL-HITL-001|POL-PROMO-001,RULE_BASED,PENDING_HUMAN_REVIEW
383,DEC-S20-GROCERY_I,20,GROCERY I,LOW,3,RISK_LOW|LARGE_SERIES,84889.99971015625,91569.73486328124,103705.37939453124,0.20547372162587862,BỔ SUNG THEO P90 · RÀ SOÁT KHOẢNG DỰ BÁO,C,30449.59150390624,103705.37939453124,TRUNG BÌNH,KHÔNG ĐỀ XUẤT TĂNG,False,POL-INV-004|POL-INV-002|POL-INV-003|POL-INV-001|POL-PROMO-002|POL-HITL-001|POL-PROMO-001,RULE_BASED,PENDING_HUMAN_REVIEW
384,DEC-S39-GROCERY_I,39,GROCERY I,LOW,3,RISK_LOW|LARGE_SERIES,81883.69306953125,88563.42822265625,100699.07275390624,0.21244849723493955,BỔ SUNG THEO P90 · RÀ SOÁT KHOẢNG DỰ BÁO,C,29848.33017578123,100699.07275390624,TRUNG BÌNH,KHÔNG ĐỀ XUẤT TĂNG,False,POL-INV-004|POL-INV-002|POL-INV-003|POL-INV-001|POL-PROMO-002|POL-HITL-001|POL-PROMO-001,RULE_BASED,PENDING_HUMAN_REVIEW
385,DEC-S51-PRODUCE,51,PRODUCE,LOW,3,RISK_LOW|LARGE_SERIES,81769.92158515625,88449.65673828125,100585.30126953124,0.21272176350310504,BỔ SUNG THEO P90 · RÀ SOÁT KHOẢNG DỰ BÁO,C,29825.57587890624,100585.30126953124,TRUNG BÌNH,KHÔNG ĐỀ XUẤT TĂNG,False,POL-INV-004|POL-INV-002|POL-INV-003|POL-INV-001|POL-PROMO-002|POL-HITL-001|POL-PROMO-001,RULE_BASED,PENDING_HUMAN_REVIEW
386,DEC-S40-GROCERY_I,40,GROCERY I,LOW,3,RISK_LOW|LARGE_SERIES,81058.78388984375,87738.51904296875,99874.16357421876,0.21444589495824048,BỔ SUNG THEO P90 · RÀ SOÁT KHOẢNG DỰ BÁO,C,29683.348339843767,99874.16357421876,TRUNG BÌNH,KHÔNG ĐỀ XUẤT TĂNG,False,POL-INV-004|POL-INV-002|POL-INV-003|POL-INV-001|POL-PROMO-002|POL-HITL-001|POL-PROMO-001,RULE_BASED,PENDING_HUMAN_REVIEW
387,DEC-S51-GROCERY_I,51,GROCERY I,LOW,3,RISK_LOW|LARGE_SERIES,79570.45576484375,86250.19091796875,98385.83544921876,0.21814631756528247,BỔ SUNG THEO P90 · RÀ SOÁT KHOẢNG DỰ BÁO,C,29385.68271484376,98385.83544921876,TRUNG BÌNH,KHÔNG ĐỀ XUẤT TĂNG,False,POL-INV-004|POL-INV-002|POL-INV-003|POL-INV-001|POL-PROMO-002|POL-HITL-001|POL-PROMO-001,RULE_BASED,PENDING_HUMAN_REVIEW
388,DEC-S43-BEVERAGES,43,BEVERAGES,LOW,3,RISK_LOW|LARGE_SERIES,77925.76899726562,84605.50415039062,96741.14868164062,0.22238691780634376,BỔ SUNG THEO P90 · RÀ SOÁT KHOẢNG DỰ BÁO,C,29056.745361328125,96741.14868164062,TRUNG BÌNH,KHÔNG ĐỀ XUẤT TĂNG,False,POL-INV-004|POL-INV-002|POL-INV-003|POL-INV-001|POL-PROMO-002|POL-HITL-001|POL-PROMO-001,RULE_BASED,PENDING_HUMAN_REVIEW
389,DEC-S08-GROCERY_I,8,GROCERY I,LOW,3,RISK_LOW|LARGE_SERIES,76492.20674140625,83171.94189453125,95307.58642578124,0.22621996115316115,BỔ SUNG THEO P90 · RÀ SOÁT KHOẢNG DỰ BÁO,C,28770.03291015624,95307.58642578124,TRUNG BÌNH,KHÔNG ĐỀ XUẤT TĂNG,False,POL-INV-004|POL-INV-002|POL-INV-003|POL-INV-001|POL-PROMO-002|POL-HITL-001|POL-PROMO-001,RULE_BASED,PENDING_HUMAN_REVIEW
390,DEC-S07-PRODUCE,7,PRODUCE,LOW,3,RISK_LOW|LARGE_SERIES,75905.171096875,82584.90625,94720.55078125,0.22782797378790043,BỔ SUNG THEO P90 · RÀ SOÁT KHOẢNG DỰ BÁO,C,28652.625781249997,94720.55078125,TRUNG BÌNH,KHÔNG ĐỀ XUẤT TĂNG,False,POL-INV-004|POL-INV-002|POL-INV-003|POL-INV-001|POL-PROMO-002|POL-HITL-001|POL-PROMO-001,RULE_BASED,PENDING_HUMAN_REVIEW
391,DEC-S43-GROCERY_I,43,GROCERY I,LOW,3,RISK_LOW|LARGE_SERIES,74783.163284375,81462.8984375,93598.54296875,0.23096586396255475,BỔ SUNG THEO P90 · RÀ SOÁT KHOẢNG DỰ BÁO,C,28428.224218749994,93598.54296875,TRUNG BÌNH,KHÔNG ĐỀ XUẤT TĂNG,False,POL-INV-004|POL-INV-002|POL-INV-003|POL-INV-001|POL-PROMO-002|POL-HITL-001|POL-PROMO-001,RULE_BASED,PENDING_HUMAN_REVIEW
392,DEC-S48-BEVERAGES,48,BEVERAGES,LOW,3,RISK_LOW|LARGE_SERIES,74455.07197578125,81134.80712890625,93270.45166015624,0.23189982758761063,BỔ SUNG THEO P90 · RÀ SOÁT KHOẢNG DỰ BÁO,C,28362.605957031235,93270.45166015624,TRUNG BÌNH,KHÔNG ĐỀ XUẤT TĂNG,False,POL-INV-004|POL-INV-002|POL-INV-003|POL-INV-001|POL-PROMO-002|POL-HITL-001|POL-PROMO-001,RULE_BASED,PENDING_HUMAN_REVIEW
393,DEC-S06-GROCERY_I,6,GROCERY I,LOW,3,RISK_LOW|LARGE_SERIES,73142.57417304687,79822.30932617188,91957.95385742188,0.23571284933191758,BỔ SUNG THEO P90 · RÀ SOÁT KHOẢNG DỰ BÁO,C,28100.10639648437,91957.95385742188,TRUNG BÌNH,KHÔNG ĐỀ XUẤT TĂNG,False,POL-INV-004|POL-INV-002|POL-INV-003|POL-INV-001|POL-PROMO-002|POL-HITL-001|POL-PROMO-001,RULE_BASED,PENDING_HUMAN_REVIEW
394,DEC-S28-GROCERY_I,28,GROCERY I,LOW,3,RISK_LOW|LARGE_SERIES,72484.28388984375,79164.01904296875,91299.66357421876,0.2376729003774067,BỔ SUNG THEO P90 · RÀ SOÁT KHOẢNG DỰ BÁO,C,27968.44833984376,91299.66357421876,TRUNG BÌNH,KHÔNG ĐỀ XUẤT TĂNG,False,POL-INV-004|POL-INV-002|POL-INV-003|POL-INV-001|POL-PROMO-002|POL-HITL-001|POL-PROMO-001,RULE_BASED,PENDING_HUMAN_REVIEW
395,DEC-S11-BEVERAGES,11,BEVERAGES,LOW,3,RISK_LOW|LARGE_SERIES,71216.42085273437,77896.15600585938,90031.80053710938,0.2415412917380414,BỔ SUNG THEO P90 · RÀ SOÁT KHOẢNG DỰ BÁO,C,27714.875732421875,90031.80053710938,TRUNG BÌNH,KHÔNG ĐỀ XUẤT TĂNG,False,POL-INV-004|POL-INV-002|POL-INV-003|POL-INV-001|POL-PROMO-002|POL-HITL-001|POL-PROMO-001,RULE_BASED,PENDING_HUMAN_REVIEW
396,DEC-S08-PRODUCE,8,PRODUCE,LOW,3,RISK_LOW|LARGE_SERIES,70925.60932929687,77605.34448242188,89740.98901367188,0.24244641091987984,BỔ SUNG THEO P90 · RÀ SOÁT KHOẢNG DỰ BÁO,C,27656.713427734372,89740.98901367188,TRUNG BÌNH,KHÔNG ĐỀ XUẤT TĂNG,False,POL-INV-004|POL-INV-002|POL-INV-003|POL-INV-001|POL-PROMO-002|POL-HITL-001|POL-PROMO-001,RULE_BASED,PENDING_HUMAN_REVIEW
397,DEC-S50-BEVERAGES,50,BEVERAGES,LOW,3,RISK_LOW|LARGE_SERIES,70484.12226875,77163.857421875,89299.501953125,0.2438335313899141,BỔ SUNG THEO P90 · RÀ SOÁT KHOẢNG DỰ BÁO,C,27568.416015625,89299.501953125,TRUNG BÌNH,KHÔNG ĐỀ XUẤT TĂNG,False,POL-INV-004|POL-INV-002|POL-INV-003|POL-INV-001|POL-PROMO-002|POL-HITL-001|POL-PROMO-001,RULE_BASED,PENDING_HUMAN_REVIEW
398,DEC-S52-PRODUCE,52,PRODUCE,LOW,3,RISK_LOW|LARGE_SERIES,70415.93257148437,77095.66772460938,89231.31225585938,0.24404919485734278,BỔ SUNG THEO P90 · RÀ SOÁT KHOẢNG DỰ BÁO,C,27554.778076171875,89231.31225585938,TRUNG BÌNH,KHÔNG ĐỀ XUẤT TĂNG,False,POL-INV-004|POL-INV-002|POL-INV-003|POL-INV-001|POL-PROMO-002|POL-HITL-001|POL-PROMO-001,RULE_BASED,PENDING_HUMAN_REVIEW
399,DEC-S51-BEVERAGES,51,BEVERAGES,LOW,3,RISK_LOW|LARGE_SERIES,69622.74018867187,76302.47534179688,88438.11987304688,0.24658614303074178,BỔ SUNG THEO P90 · RÀ SOÁT KHOẢNG DỰ BÁO,C,27396.13959960937,88438.11987304688,TRUNG BÌNH,KHÔNG ĐỀ XUẤT TĂNG,False,POL-INV-004|POL-INV-002|POL-INV-003|POL-INV-001|POL-PROMO-002|POL-HITL-001|POL-PROMO-001,RULE_BASED,PENDING_HUMAN_REVIEW
400,DEC-S08-BEVERAGES,8,BEVERAGES,LOW,3,RISK_LOW|LARGE_SERIES,68732.98188789062,75412.71704101562,87548.36157226562,0.24949545550369556,BỔ SUNG THEO P90 · RÀ SOÁT KHOẢNG DỰ BÁO,C,27218.187939453128,87548.36157226562,TRUNG BÌNH,KHÔNG ĐỀ XUẤT TĂNG,False,POL-INV-004|POL-INV-002|POL-INV-003|POL-INV-001|POL-PROMO-002|POL-HITL-001|POL-PROMO-001,RULE_BASED,PENDING_HUMAN_REVIEW
401,DEC-S17-GROCERY_I,17,GROCERY I,LOW,3,RISK_LOW|LARGE_SERIES,68001.10346992187,74680.83862304688,86816.48315429688,0.25194049893903603,BỔ SUNG THEO P90 · RÀ SOÁT KHOẢNG DỰ BÁO,C,27071.812255859375,86816.48315429688,TRUNG BÌNH,KHÔNG ĐỀ XUẤT TĂNG,False,POL-INV-004|POL-INV-002|POL-INV-003|POL-INV-001|POL-PROMO-002|POL-HITL-001|POL-PROMO-001,RULE_BASED,PENDING_HUMAN_REVIEW
402,DEC-S31-GROCERY_I,31,GROCERY I,LOW,3,RISK_LOW|LARGE_SERIES,67833.0861359375,74512.8212890625,86648.4658203125,0.25250858644578483,BỔ SUNG THEO P90 · RÀ SOÁT KHOẢNG DỰ BÁO,C,27038.208789062497,86648.4658203125,TRUNG BÌNH,KHÔNG ĐỀ XUẤT TĂNG,False,POL-INV-004|POL-INV-002|POL-INV-003|POL-INV-001|POL-PROMO-002|POL-HITL-001|POL-PROMO-001,RULE_BASED,PENDING_HUMAN_REVIEW
403,DEC-S52-BEVERAGES,52,BEVERAGES,LOW,3,RISK_LOW|LARGE_SERIES,65501.10444648437,72180.83959960938,84316.48413085938,0.2606663918340594,BỔ SUNG THEO P90 · RÀ SOÁT KHOẢNG DỰ BÁO,C,26571.81245117187,84316.48413085938,TRUNG BÌNH,KHÔNG ĐỀ XUẤT TĂNG,False,POL-INV-004|POL-INV-002|POL-INV-003|POL-INV-001|POL-PROMO-002|POL-HITL-001|POL-PROMO-001,RULE_BASED,PENDING_HUMAN_REVIEW
404,DEC-S02-GROCERY_I,2,GROCERY I,LOW,3,RISK_LOW|LARGE_SERIES,63370.66572578125,70050.40087890625,82186.04541015625,0.2685939103045212,BỔ SUNG THEO P90 · RÀ SOÁT KHOẢNG DỰ BÁO,C,26145.724707031244,82186.04541015625,TRUNG BÌNH,KHÔNG ĐỀ XUẤT TĂNG,False,POL-INV-004|POL-INV-002|POL-INV-003|POL-INV-001|POL-PROMO-002|POL-HITL-001|POL-PROMO-001,RULE_BASED,PENDING_HUMAN_REVIEW
405,DEC-S21-GROCERY_I,21,GROCERY I,LOW,3,RISK_LOW|LARGE_SERIES,63018.604690625,69698.33984375,81833.984375,0.2699506154083351,BỔ SUNG THEO P90 · RÀ SOÁT KHOẢNG DỰ BÁO,C,26075.3125,81833.984375,TRUNG BÌNH,KHÔNG ĐỀ XUẤT TĂNG,False,POL-INV-004|POL-INV-002|POL-INV-003|POL-INV-001|POL-PROMO-002|POL-HITL-001|POL-PROMO-001,RULE_BASED,PENDING_HUMAN_REVIEW
406,DEC-S40-BEVERAGES,40,BEVERAGES,LOW,3,RISK_LOW|LARGE_SERIES,62312.11177070312,68991.84692382812,81127.49145507812,0.2727149338415939,BỔ SUNG THEO P90 · RÀ SOÁT KHOẢNG DỰ BÁO,C,25934.013916015625,81127.49145507812,TRUNG BÌNH,KHÔNG ĐỀ XUẤT TĂNG,False,POL-INV-004|POL-INV-002|POL-INV-003|POL-INV-001|POL-PROMO-002|POL-HITL-001|POL-PROMO-001,RULE_BASED,PENDING_HUMAN_REVIEW
407,DEC-S24-GROCERY_I,24,GROCERY I,LOW,3,RISK_LOW|LARGE_SERIES,61082.67329414062,67762.40844726562,79898.05297851562,0.2776628288852586,BỔ SUNG THEO P90 · RÀ SOÁT KHOẢNG DỰ BÁO,C,25688.126220703125,79898.05297851562,TRUNG BÌNH,KHÔNG ĐỀ XUẤT TĂNG,False,POL-INV-004|POL-INV-002|POL-INV-003|POL-INV-001|POL-PROMO-002|POL-HITL-001|POL-PROMO-001,RULE_BASED,PENDING_HUMAN_REVIEW
408,DEC-S39-BEVERAGES,39,BEVERAGES,LOW,3,RISK_LOW|LARGE_SERIES,59651.25679023437,66330.99194335938,78466.63647460938,0.2836546760187962,BỔ SUNG THEO P90 · RÀ SOÁT KHOẢNG DỰ BÁO,C,25401.842919921874,78466.63647460938,TRUNG BÌNH,KHÔNG ĐỀ XUẤT TĂNG,False,POL-INV-004|POL-INV-002|POL-INV-003|POL-INV-001|POL-PROMO-002|POL-HITL-001|POL-PROMO-001,RULE_BASED,PENDING_HUMAN_REVIEW
409,DEC-S07-GROCERY_I,7,GROCERY I,LOW,3,RISK_LOW|LARGE_SERIES,59153.49580390625,65833.23095703125,77968.87548828125,0.28579933889795783,BỔ SUNG THEO P90 · RÀ SOÁT KHOẢNG DỰ BÁO,C,25302.290722656246,77968.87548828125,TRUNG BÌNH,KHÔNG ĐỀ XUẤT TĂNG,False,POL-INV-004|POL-INV-002|POL-INV-003|POL-INV-001|POL-PROMO-002|POL-HITL-001|POL-PROMO-001,RULE_BASED,PENDING_HUMAN_REVIEW
410,DEC-S07-BEVERAGES,7,BEVERAGES,LOW,3,RISK_LOW|LARGE_SERIES,58643.10932929687,65322.84448242188,77458.48901367188,0.28803233847386417,BỔ SUNG THEO P90 · RÀ SOÁT KHOẢNG DỰ BÁO,C,25200.213427734372,77458.48901367188,TRUNG BÌNH,KHÔNG ĐỀ XUẤT TĂNG,False,POL-INV-004|POL-INV-002|POL-INV-003|POL-INV-001|POL-PROMO-002|POL-HITL-001|POL-PROMO-001,RULE_BASED,PENDING_HUMAN_REVIEW
411,DEC-S29-GROCERY_I,29,GROCERY I,LOW,3,RISK_LOW|LARGE_SERIES,58328.0334015625,65007.7685546875,77143.4130859375,0.289428335633629,BỔ SUNG THEO P90 · RÀ SOÁT KHOẢNG DỰ BÁO,C,25137.1982421875,77143.4130859375,TRUNG BÌNH,KHÔNG ĐỀ XUẤT TĂNG,False,POL-INV-004|POL-INV-002|POL-INV-003|POL-INV-001|POL-PROMO-002|POL-HITL-001|POL-PROMO-001,RULE_BASED,PENDING_HUMAN_REVIEW
412,DEC-S27-GROCERY_I,27,GROCERY I,LOW,3,RISK_LOW|LARGE_SERIES,58242.12544257812,64921.860595703125,77057.50512695312,0.2898113162564541,BỔ SUNG THEO P90 · RÀ SOÁT KHOẢNG DỰ BÁO,C,25120.016650390622,77057.50512695312,TRUNG BÌNH,KHÔNG ĐỀ XUẤT TĂNG,False,POL-INV-004|POL-INV-002|POL-INV-003|POL-INV-001|POL-PROMO-002|POL-HITL-001|POL-PROMO-001,RULE_BASED,PENDING_HUMAN_REVIEW
413,DEC-S34-GROCERY_I,34,GROCERY I,LOW,3,RISK_LOW|LARGE_SERIES,57687.84272773437,64367.577880859375,76503.22241210938,0.2923069035205443,BỔ SUNG THEO P90 · RÀ SOÁT KHOẢNG DỰ BÁO,C,25009.16010742187,76503.22241210938,TRUNG BÌNH,KHÔNG ĐỀ XUẤT TĂNG,False,POL-INV-004|POL-INV-002|POL-INV-003|POL-INV-001|POL-PROMO-002|POL-HITL-001|POL-PROMO-001,RULE_BASED,PENDING_HUMAN_REVIEW
414,DEC-S38-GROCERY_I,38,GROCERY I,LOW,3,RISK_LOW|LARGE_SERIES,57518.64643867187,64198.38159179688,76334.02612304688,0.2930772729869901,BỔ SUNG THEO P90 · RÀ SOÁT KHOẢNG DỰ BÁO,C,24975.320849609372,76334.02612304688,TRUNG BÌNH,KHÔNG ĐỀ XUẤT TĂNG,False,POL-INV-004|POL-INV-002|POL-INV-003|POL-INV-001|POL-PROMO-002|POL-HITL-001|POL-PROMO-001,RULE_BASED,PENDING_HUMAN_REVIEW
415,DEC-S41-GROCERY_I,41,GROCERY I,LOW,3,RISK_LOW|LARGE_SERIES,57371.88642890625,64051.62158203125,76187.26611328125,0.29374878372899105,BỔ SUNG THEO P90 · RÀ SOÁT KHOẢNG DỰ BÁO,C,24945.968847656244,76187.26611328125,TRUNG BÌNH,KHÔNG ĐỀ XUẤT TĂNG,False,POL-INV-004|POL-INV-002|POL-INV-003|POL-INV-001|POL-PROMO-002|POL-HITL-001|POL-PROMO-001,RULE_BASED,PENDING_HUMAN_REVIEW
416,DEC-S37-GROCERY_I,37,GROCERY I,LOW,3,RISK_LOW|LARGE_SERIES,55358.89131171875,62038.62646484375,74174.27099609375,0.3032800285320414,BỔ SUNG THEO P90 · RÀ SOÁT KHOẢNG DỰ BÁO,C,24543.369824218746,74174.27099609375,TRUNG BÌNH,KHÔNG ĐỀ XUẤT TĂNG,False,POL-INV-004|POL-INV-002|POL-INV-003|POL-INV-001|POL-PROMO-002|POL-HITL-001|POL-PROMO-001,RULE_BASED,PENDING_HUMAN_REVIEW
417,DEC-S36-GROCERY_I,36,GROCERY I,LOW,3,RISK_LOW|LARGE_SERIES,54400.09907539062,61079.834228515625,73215.47875976562,0.3080406468252038,BỔ SUNG THEO P90 · RÀ SOÁT KHOẢNG DỰ BÁO,C,24351.611376953122,73215.47875976562,TRUNG BÌNH,KHÔNG ĐỀ XUẤT TĂNG,False,POL-INV-004|POL-INV-002|POL-INV-003|POL-INV-001|POL-PROMO-002|POL-HITL-001|POL-PROMO-001,RULE_BASED,PENDING_HUMAN_REVIEW
418,DEC-S24-PRODUCE,24,PRODUCE,LOW,3,RISK_LOW|LARGE_SERIES,54362.03096015625,61041.76611328125,73177.41064453125,0.30823275028949393,BỔ SUNG THEO P90 · RÀ SOÁT KHOẢNG DỰ BÁO,C,24343.997753906246,73177.41064453125,TRUNG BÌNH,KHÔNG ĐỀ XUẤT TĂNG,False,POL-INV-004|POL-INV-002|POL-INV-003|POL-INV-001|POL-PROMO-002|POL-HITL-001|POL-PROMO-001,RULE_BASED,PENDING_HUMAN_REVIEW
419,DEC-S09-BEVERAGES,9,BEVERAGES,LOW,3,RISK_LOW|LARGE_SERIES,52668.40571601562,59348.14086914063,71483.78540039062,0.31702867823918757,BỔ SUNG THEO P90 · RÀ SOÁT KHOẢNG DỰ BÁO,C,24005.272705078125,71483.78540039062,TRUNG BÌNH,KHÔNG ĐỀ XUẤT TĂNG,False,POL-INV-004|POL-INV-002|POL-INV-003|POL-INV-001|POL-PROMO-002|POL-HITL-001|POL-PROMO-001,RULE_BASED,PENDING_HUMAN_REVIEW
420,DEC-S06-BEVERAGES,6,BEVERAGES,LOW,3,RISK_LOW|LARGE_SERIES,52174.37690742187,58854.11206054688,70989.75659179688,0.3196898115667299,BỔ SUNG THEO P90 · RÀ SOÁT KHOẢNG DỰ BÁO,C,23906.466943359374,70989.75659179688,TRUNG BÌNH,KHÔNG ĐỀ XUẤT TĂNG,False,POL-INV-004|POL-INV-002|POL-INV-003|POL-INV-001|POL-PROMO-002|POL-HITL-001|POL-PROMO-001,RULE_BASED,PENDING_HUMAN_REVIEW
421,DEC-S20-BEVERAGES,20,BEVERAGES,LOW,3,RISK_LOW|LARGE_SERIES,51720.60200507812,58400.337158203125,70535.98168945312,0.3221737823126567,BỔ SUNG THEO P90 · RÀ SOÁT KHOẢNG DỰ BÁO,C,23815.711962890622,70535.98168945312,TRUNG BÌNH,KHÔNG ĐỀ XUẤT TĂNG,False,POL-INV-004|POL-INV-002|POL-INV-003|POL-INV-001|POL-PROMO-002|POL-HITL-001|POL-PROMO-001,RULE_BASED,PENDING_HUMAN_REVIEW
422,DEC-S28-BEVERAGES,28,BEVERAGES,LOW,3,RISK_LOW|LARGE_SERIES,51675.93232734375,58355.66748046875,70491.31201171875,0.3224203933624598,BỔ SUNG THEO P90 · RÀ SOÁT KHOẢNG DỰ BÁO,C,23806.778027343746,70491.31201171875,TRUNG BÌNH,KHÔNG ĐỀ XUẤT TĂNG,False,POL-INV-004|POL-INV-002|POL-INV-003|POL-INV-001|POL-PROMO-002|POL-HITL-001|POL-PROMO-001,RULE_BASED,PENDING_HUMAN_REVIEW
423,DEC-S42-GROCERY_I,42,GROCERY I,LOW,3,RISK_LOW|LARGE_SERIES,51139.7834015625,57819.5185546875,69955.1630859375,0.32541008200365995,BỔ SUNG THEO P90 · RÀ SOÁT KHOẢNG DỰ BÁO,C,23699.5482421875,69955.1630859375,TRUNG BÌNH,KHÔNG ĐỀ XUẤT TĂNG,False,POL-INV-004|POL-INV-002|POL-INV-003|POL-INV-001|POL-PROMO-002|POL-HITL-001|POL-PROMO-001,RULE_BASED,PENDING_HUMAN_REVIEW
424,DEC-S24-BEVERAGES,24,BEVERAGES,LOW,3,RISK_LOW|LARGE_SERIES,50838.0021515625,57517.7373046875,69653.3818359375,0.327117398017735,BỔ SUNG THEO P90 · RÀ SOÁT KHOẢNG DỰ BÁO,C,23639.191992187494,69653.3818359375,TRUNG BÌNH,KHÔNG ĐỀ XUẤT TĂNG,False,POL-INV-004|POL-INV-002|POL-INV-003|POL-INV-001|POL-PROMO-002|POL-HITL-001|POL-PROMO-001,RULE_BASED,PENDING_HUMAN_REVIEW
425,DEC-S04-GROCERY_I,4,GROCERY I,LOW,3,RISK_LOW|LARGE_SERIES,50110.8615265625,56790.5966796875,68926.2412109375,0.3313056998643014,BỔ SUNG THEO P90 · RÀ SOÁT KHOẢNG DỰ BÁO,C,23493.763867187503,68926.2412109375,TRUNG BÌNH,KHÔNG ĐỀ XUẤT TĂNG,False,POL-INV-004|POL-INV-002|POL-INV-003|POL-INV-001|POL-PROMO-002|POL-HITL-001|POL-PROMO-001,RULE_BASED,PENDING_HUMAN_REVIEW
426,DEC-S19-GROCERY_I,19,GROCERY I,LOW,3,RISK_LOW|LARGE_SERIES,49480.68403632812,56160.419189453125,68296.06372070312,0.3350232233431247,BỔ SUNG THEO P90 · RÀ SOÁT KHOẢNG DỰ BÁO,C,23367.72836914062,68296.06372070312,TRUNG BÌNH,KHÔNG ĐỀ XUẤT TĂNG,False,POL-INV-004|POL-INV-002|POL-INV-003|POL-INV-001|POL-PROMO-002|POL-HITL-001|POL-PROMO-001,RULE_BASED,PENDING_HUMAN_REVIEW
427,DEC-S17-BEVERAGES,17,BEVERAGES,LOW,3,RISK_LOW|LARGE_SERIES,48681.41548164062,55361.150634765625,67496.79516601562,0.3398599850013695,BỔ SUNG THEO P90 · RÀ SOÁT KHOẢNG DỰ BÁO,C,23207.874658203124,67496.79516601562,TRUNG BÌNH,KHÔNG ĐỀ XUẤT TĂNG,False,POL-INV-004|POL-INV-002|POL-INV-003|POL-INV-001|POL-PROMO-002|POL-HITL-001|POL-PROMO-001,RULE_BASED,PENDING_HUMAN_REVIEW
428,DEC-S54-BEVERAGES,54,BEVERAGES,LOW,3,RISK_LOW|LARGE_SERIES,48264.02192695312,54943.757080078125,67079.40161132812,0.3424417666812669,BỔ SUNG THEO P90 · RÀ SOÁT KHOẢNG DỰ BÁO,C,23124.395947265628,67079.40161132812,TRUNG BÌNH,KHÔNG ĐỀ XUẤT TĂNG,False,POL-INV-004|POL-INV-002|POL-INV-003|POL-INV-001|POL-PROMO-002|POL-HITL-001|POL-PROMO-001,RULE_BASED,PENDING_HUMAN_REVIEW
429,DEC-S53-GROCERY_I,53,GROCERY I,LOW,3,RISK_LOW|LARGE_SERIES,47793.21919257812,54472.954345703125,66608.59887695312,0.3454013924704027,BỔ SUNG THEO P90 · RÀ SOÁT KHOẢNG DỰ BÁO,C,23030.235400390622,66608.59887695312,TRUNG BÌNH,KHÔNG ĐỀ XUẤT TĂNG,False,POL-INV-004|POL-INV-002|POL-INV-003|POL-INV-001|POL-PROMO-002|POL-HITL-001|POL-PROMO-001,RULE_BASED,PENDING_HUMAN_REVIEW
430,DEC-S27-BEVERAGES,27,BEVERAGES,LOW,3,RISK_LOW|LARGE_SERIES,47340.43232734375,54020.16748046875,66155.81201171875,0.34829642826911633,BỔ SUNG THEO P90 · RÀ SOÁT KHOẢNG DỰ BÁO,C,22939.678027343747,66155.81201171875,TRUNG BÌNH,KHÔNG ĐỀ XUẤT TĂNG,False,POL-INV-004|POL-INV-002|POL-INV-003|POL-INV-001|POL-PROMO-002|POL-HITL-001|POL-PROMO-001,RULE_BASED,PENDING_HUMAN_REVIEW
431,DEC-S02-CLEANING,2,CLEANING,LOW,3,RISK_LOW|LARGE_SERIES,13809.221203808596,16064.448181152344,19131.461347656248,0.33128488441994386,BỔ SUNG THEO P90 · RÀ SOÁT KHOẢNG DỰ BÁO,C,6279.902802734372,19131.461347656248,TRUNG BÌNH,KHÔNG ĐỀ XUẤT TĂNG,False,POL-INV-004|POL-INV-002|POL-INV-003|POL-INV-001|POL-PROMO-002|POL-HITL-001|POL-PROMO-001,RULE_BASED,PENDING_HUMAN_REVIEW
432,DEC-S05-CLEANING,5,CLEANING,LOW,3,RISK_LOW|LARGE_SERIES,13613.703369140623,15573.963134765623,18036.400876953125,0.2839619888370962,BỔ SUNG THEO P90 · RÀ SOÁT KHOẢNG DỰ BÁO,C,5577.230369140625,18036.400876953125,TRUNG BÌNH,KHÔNG ĐỀ XUẤT TĂNG,False,POL-INV-004|POL-INV-002|POL-INV-003|POL-INV-001|POL-PROMO-002|POL-HITL-001|POL-PROMO-001,RULE_BASED,PENDING_HUMAN_REVIEW
433,DEC-S27-CLEANING,27,CLEANING,LOW,3,RISK_LOW|LARGE_SERIES,13056.6836671875,15311.91064453125,18378.923811035154,0.347565545662503,BỔ SUNG THEO P90 · RÀ SOÁT KHOẢNG DỰ BÁO,C,6129.395295410155,18378.923811035154,TRUNG BÌNH,KHÔNG ĐỀ XUẤT TĂNG,False,POL-INV-004|POL-INV-002|POL-INV-003|POL-INV-001|POL-PROMO-002|POL-HITL-001|POL-PROMO-001,RULE_BASED,PENDING_HUMAN_REVIEW
434,DEC-S37-DAIRY,37,DAIRY,LOW,3,RISK_LOW|LARGE_SERIES,13003.343200683594,14963.602966308594,17426.040708496093,0.2955439257406154,BỔ SUNG THEO P90 · RÀ SOÁT KHOẢNG DỰ BÁO,C,5455.158335449218,17426.040708496093,TRUNG BÌNH,KHÔNG ĐỀ XUẤT TĂNG,False,POL-INV-004|POL-INV-002|POL-INV-003|POL-INV-001|POL-PROMO-002|POL-HITL-001|POL-PROMO-001,RULE_BASED,PENDING_HUMAN_REVIEW
435,DEC-S36-CLEANING,36,CLEANING,LOW,3,RISK_LOW|LARGE_SERIES,12446.800720214844,14407.060485839844,16869.498228027343,0.3069599487147559,BỔ SUNG THEO P90 · RÀ SOÁT KHOẢNG DỰ BÁO,C,5343.849839355467,16869.498228027343,TRUNG BÌNH,KHÔNG ĐỀ XUẤT TĂNG,False,POL-INV-004|POL-INV-002|POL-INV-003|POL-INV-001|POL-PROMO-002|POL-HITL-001|POL-PROMO-001,RULE_BASED,PENDING_HUMAN_REVIEW
436,DEC-S15-CLEANING,15,CLEANING,LOW,3,RISK_LOW|LARGE_SERIES,12208.960815429688,14169.220581054688,16631.658323242187,0.31211211445258386,BỔ SUNG THEO P90 · RÀ SOÁT KHOẢNG DỰ BÁO,C,5296.281858398437,16631.658323242187,TRUNG BÌNH,KHÔNG ĐỀ XUẤT TĂNG,False,POL-INV-004|POL-INV-002|POL-INV-003|POL-INV-001|POL-PROMO-002|POL-HITL-001|POL-PROMO-001,RULE_BASED,PENDING_HUMAN_REVIEW
437,DEC-S42-CLEANING,42,CLEANING,LOW,3,RISK_LOW|LARGE_SERIES,12111.64422607422,14071.90399169922,16534.34173388672,0.3142704242437231,BỔ SUNG THEO P90 · RÀ SOÁT KHOẢNG DỰ BÁO,C,5276.818540527342,16534.34173388672,TRUNG BÌNH,KHÔNG ĐỀ XUẤT TĂNG,False,POL-INV-004|POL-INV-002|POL-INV-003|POL-INV-001|POL-PROMO-002|POL-HITL-001|POL-PROMO-001,RULE_BASED,PENDING_HUMAN_REVIEW
438,DEC-S08-BREAD_BAKERY,8,BREAD/BAKERY,LOW,3,RISK_LOW|LARGE_SERIES,12098.461364746094,14058.721130371094,16521.158872558593,0.31456509462757504,BỔ SUNG THEO P90 · RÀ SOÁT KHOẢNG DỰ BÁO,C,5274.181968261717,16521.158872558593,TRUNG BÌNH,KHÔNG ĐỀ XUẤT TĂNG,False,POL-INV-004|POL-INV-002|POL-INV-003|POL-INV-001|POL-PROMO-002|POL-HITL-001|POL-PROMO-001,RULE_BASED,PENDING_HUMAN_REVIEW
439,DEC-S34-CLEANING,34,CLEANING,LOW,3,RISK_LOW|LARGE_SERIES,11852.268432617188,13812.528198242188,16274.965940429687,0.3201714612183802,BỔ SUNG THEO P90 · RÀ SOÁT KHOẢNG DỰ BÁO,C,5224.943381835936,16274.965940429687,TRUNG BÌNH,KHÔNG ĐỀ XUẤT TĂNG,False,POL-INV-004|POL-INV-002|POL-INV-003|POL-INV-001|POL-PROMO-002|POL-HITL-001|POL-PROMO-001,RULE_BASED,PENDING_HUMAN_REVIEW
440,DEC-S38-DAIRY,38,DAIRY,LOW,3,RISK_LOW|LARGE_SERIES,11700.766662597656,13661.026428222656,16123.464170410156,0.32372192595647503,BỔ SUNG THEO P90 · RÀ SOÁT KHOẢNG DỰ BÁO,C,5194.6430278320295,16123.464170410156,TRUNG BÌNH,KHÔNG ĐỀ XUẤT TĂNG,False,POL-INV-004|POL-INV-002|POL-INV-003|POL-INV-001|POL-PROMO-002|POL-HITL-001|POL-PROMO-001,RULE_BASED,PENDING_HUMAN_REVIEW
441,DEC-S39-BREAD_BAKERY,39,BREAD/BAKERY,LOW,3,RISK_LOW|LARGE_SERIES,11042.365417480469,13002.625183105469,15465.062925292968,0.3401126567042661,BỔ SUNG THEO P90 · RÀ SOÁT KHOẢNG DỰ BÁO,C,5062.962778808593,15465.062925292968,TRUNG BÌNH,KHÔNG ĐỀ XUẤT TĂNG,False,POL-INV-004|POL-INV-002|POL-INV-003|POL-INV-001|POL-PROMO-002|POL-HITL-001|POL-PROMO-001,RULE_BASED,PENDING_HUMAN_REVIEW
442,DEC-S17-DAIRY,17,DAIRY,LOW,3,RISK_LOW|LARGE_SERIES,10850.943542480469,12811.203308105469,15273.641050292968,0.34519414041880986,BỔ SUNG THEO P90 · RÀ SOÁT KHOẢNG DỰ BÁO,C,5024.678403808592,15273.641050292968,TRUNG BÌNH,KHÔNG ĐỀ XUẤT TĂNG,False,POL-INV-004|POL-INV-002|POL-INV-003|POL-INV-001|POL-PROMO-002|POL-HITL-001|POL-PROMO-001,RULE_BASED,PENDING_HUMAN_REVIEW
443,DEC-S52-BREAD_BAKERY,52,BREAD/BAKERY,LOW,3,RISK_LOW|LARGE_SERIES,10828.890991210938,12789.150756835938,15251.588499023435,0.3457893180382337,BỔ SUNG THEO P90 · RÀ SOÁT KHOẢNG DỰ BÁO,C,5020.267893554685,15251.588499023435,TRUNG BÌNH,KHÔNG ĐỀ XUẤT TĂNG,False,POL-INV-004|POL-INV-002|POL-INV-003|POL-INV-001|POL-PROMO-002|POL-HITL-001|POL-PROMO-001,RULE_BASED,PENDING_HUMAN_REVIEW
444,DEC-S12-CLEANING,12,CLEANING,LOW,3,RISK_LOW|LARGE_SERIES,10756.750854492188,12717.010620117188,15179.448362304687,0.34775073239966736,BỔ SUNG THEO P90 · RÀ SOÁT KHOẢNG DỰ BÁO,C,5005.839866210936,15179.448362304687,TRUNG BÌNH,KHÔNG ĐỀ XUẤT TĂNG,False,POL-INV-004|POL-INV-002|POL-INV-003|POL-INV-001|POL-PROMO-002|POL-HITL-001|POL-PROMO-001,RULE_BASED,PENDING_HUMAN_REVIEW
445,DEC-S11-SCHOOL_AND_OFFICE_SUPPLIES,11,SCHOOL AND OFFICE SUPPLIES,HIGH,3,RISK_HIGH|PROMO_EXTRAPOLATION,293.43115997314453,530.5359592437744,857.5986747741699,1.0613910592308307,BỔ SUNG THẬN TRỌNG,B,310.52138905525203,734.9501564502716,TRUNG BÌNH,KHÔNG ĐỀ XUẤT TĂNG,True,POL-INV-005|POL-INV-003|POL-INV-001|POL-PROMO-004|POL-PROMO-002|POL-HITL-001|POL-PROMO-001,RULE_BASED,PENDING_HUMAN_REVIEW
446,DEC-S10-SCHOOL_AND_OFFICE_SUPPLIES,10,SCHOOL AND OFFICE SUPPLIES,HIGH,3,RISK_HIGH|PROMO_EXTRAPOLATION,360.0933418273926,528.2018203735352,773.4250416145325,0.7810473884904463,BỔ SUNG THẬN TRỌNG,B,258.90487735033037,681.4663336491585,TRUNG BÌNH,KHÔNG ĐỀ XUẤT TĂNG,True,POL-INV-005|POL-INV-003|POL-INV-001|POL-PROMO-004|POL-PROMO-002|POL-HITL-001|POL-PROMO-001,RULE_BASED,PENDING_HUMAN_REVIEW
447,DEC-S12-SCHOOL_AND_OFFICE_SUPPLIES,12,SCHOOL AND OFFICE SUPPLIES,HIGH,3,RISK_HIGH|PROMO_EXTRAPOLATION,245.32739448547363,409.8410367965698,668.0589959144593,1.0289420081429292,BỔ SUNG THẬN TRỌNG,B,243.35443180799484,571.2272612452507,TRUNG BÌNH,CÂN NHẮC THỬ NGHIỆM,True,POL-INV-005|POL-INV-003|POL-INV-001|POL-PROMO-004|POL-PROMO-005|POL-PROMO-003|POL-PROMO-002|POL-HITL-001|POL-PROMO-001,RULE_BASED,PENDING_HUMAN_REVIEW
448,DEC-S11-CELEBRATION,11,CELEBRATION,HIGH,3,RISK_HIGH|PROMO_EXTRAPOLATION,161.92004871368408,372.0910596847534,659.1570596694946,1.3327497350806405,BỔ SUNG THẬN TRỌNG,B,253.83446192741394,551.5073096752167,TRUNG BÌNH,CÂN NHẮC THỬ NGHIỆM,True,POL-INV-005|POL-INV-003|POL-INV-001|POL-PROMO-004|POL-PROMO-005|POL-PROMO-003|POL-PROMO-002|POL-HITL-001|POL-PROMO-001,RULE_BASED,PENDING_HUMAN_REVIEW
449,DEC-S29-GROCERY_II,29,GROCERY II,HIGH,3,RISK_HIGH|PROMO_EXTRAPOLATION,156.47796058654785,366.6489715576172,653.7149715423584,1.3524776333500081,BỔ SUNG THẬN TRỌNG,B,252.74604430198667,546.0652215480804,TRUNG BÌNH,CÂN NHẮC THỬ NGHIỆM,True,POL-INV-005|POL-INV-003|POL-INV-001|POL-PROMO-004|POL-PROMO-005|POL-PROMO-003|POL-PROMO-002|POL-HITL-001|POL-PROMO-001,RULE_BASED,PENDING_HUMAN_REVIEW
450,DEC-S02-HOME_AND_KITCHEN_I,2,HOME AND KITCHEN I,HIGH,3,RISK_HIGH|PROMO_EXTRAPOLATION,153.98931694030762,354.82258224487305,626.1358123626709,1.3269154881728036,BỔ SUNG THẬN TRỌNG,B,240.5352852725983,524.3933510684967,TRUNG BÌNH,CÂN NHẮC THỬ NGHIỆM,True,POL-INV-005|POL-INV-003|POL-INV-001|POL-PROMO-004|POL-PROMO-005|POL-PROMO-003|POL-PROMO-002|POL-HITL-001|POL-PROMO-001,RULE_BASED,PENDING_HUMAN_REVIEW
451,DEC-S06-LINGERIE,6,LINGERIE,HIGH,3,RISK_HIGH|PROMO_EXTRAPOLATION,138.2102336883545,346.9431438446045,635.8344869613647,1.4301884146199906,BỔ SUNG THẬN TRỌNG,B,249.94571821689607,527.5002332925797,TRUNG BÌNH,CÂN NHẮC THỬ NGHIỆM,True,POL-INV-005|POL-INV-003|POL-INV-001|POL-PROMO-004|POL-PROMO-005|POL-PROMO-003|POL-PROMO-002|POL-HITL-001|POL-PROMO-001,RULE_BASED,PENDING_HUMAN_REVIEW
452,DEC-S47-BEAUTY,47,BEAUTY,HIGH,3,RISK_HIGH|PROMO_EXTRAPOLATION,148.71067428588867,346.0073251724243,614.9003105163574,1.3434576229733017,BỔ SUNG THẬN TRỌNG,B,237.25958087444303,514.0654410123825,TRUNG BÌNH,CÂN NHẮC THỬ NGHIỆM,True,POL-INV-005|POL-INV-003|POL-INV-001|POL-PROMO-004|POL-PROMO-005|POL-PROMO-003|POL-PROMO-002|POL-HITL-001|POL-PROMO-001,RULE_BASED,PENDING_HUMAN_REVIEW
453,DEC-S48-PET_SUPPLIES,48,PET SUPPLIES,HIGH,3,RISK_HIGH|PROMO_EXTRAPOLATION,130.71339225769043,341.5248622894287,630.416205406189,1.4588804147193748,BỔ SUNG THẬN TRỌNG,B,248.8620619058609,522.0819517374039,TRUNG BÌNH,CÂN NHẮC THỬ NGHIỆM,True,POL-INV-005|POL-INV-003|POL-INV-001|POL-PROMO-004|POL-PROMO-005|POL-PROMO-003|POL-PROMO-002|POL-HITL-001|POL-PROMO-001,RULE_BASED,PENDING_HUMAN_REVIEW
454,DEC-S49-LINGERIE,49,LINGERIE,HIGH,3,RISK_HIGH|PROMO_EXTRAPOLATION,134.28260326385498,339.2015151977539,619.9190225601196,1.4274963443768665,BỔ SUNG THẬN TRỌNG,B,243.28874514102927,514.6499572992325,TRUNG BÌNH,CÂN NHẮC THỬ NGHIỆM,True,POL-INV-005|POL-INV-003|POL-INV-001|POL-PROMO-004|POL-PROMO-005|POL-PROMO-003|POL-PROMO-002|POL-HITL-001|POL-PROMO-001,RULE_BASED,PENDING_HUMAN_REVIEW
455,DEC-S30-PREPARED_FOODS,30,PREPARED FOODS,HIGH,3,RISK_HIGH|PROMO_EXTRAPOLATION,136.85454750061035,333.5586643218994,600.6263065338135,1.386219543807659,BỔ SUNG THẬN TRỌNG,B,233.62900924682612,500.4759407043457,TRUNG BÌNH,CÂN NHẮC THỬ NGHIỆM,True,POL-INV-005|POL-INV-003|POL-INV-001|POL-PROMO-004|POL-PROMO-005|POL-PROMO-003|POL-PROMO-002|POL-HITL-001|POL-PROMO-001,RULE_BASED,PENDING_HUMAN_REVIEW
456,DEC-S49-CELEBRATION,49,CELEBRATION,HIGH,3,RISK_HIGH|PROMO_EXTRAPOLATION,115.57486534118652,331.16333961486816,628.228518486023,1.5433781877892983,BỔ SUNG THẬN TRỌNG,B,251.89840471744537,516.8290764093399,TRUNG BÌNH,CÂN NHẮC THỬ NGHIỆM,True,POL-INV-005|POL-INV-003|POL-INV-001|POL-PROMO-004|POL-PROMO-005|POL-PROMO-003|POL-PROMO-002|POL-HITL-001|POL-PROMO-001,RULE_BASED,PENDING_HUMAN_REVIEW
457,DEC-S48-CELEBRATION,48,CELEBRATION,HIGH,3,RISK_HIGH|PROMO_EXTRAPOLATION,127.54263401031494,330.98019790649414,608.0470190048218,1.4473886937372276,BỔ SUNG THẬN TRỌNG,B,239.36280276775358,504.1469610929489,TRUNG BÌNH,CÂN NHẮC THỬ NGHIỆM,True,POL-INV-005|POL-INV-003|POL-INV-001|POL-PROMO-004|POL-PROMO-005|POL-PROMO-003|POL-PROMO-002|POL-HITL-001|POL-PROMO-001,RULE_BASED,PENDING_HUMAN_REVIEW
458,DEC-S46-LINGERIE,46,LINGERIE,HIGH,3,RISK_HIGH|PROMO_EXTRAPOLATION,116.6879653930664,330.126091003418,628.4530041217804,1.545529188527253,BỔ SUNG THẬN TRỌNG,B,252.4795388996601,516.5804117023945,TRUNG BÌNH,CÂN NHẮC THỬ NGHIỆM,True,POL-INV-005|POL-INV-003|POL-INV-001|POL-PROMO-004|POL-PROMO-005|POL-PROMO-003|POL-PROMO-002|POL-HITL-001|POL-PROMO-001,RULE_BASED,PENDING_HUMAN_REVIEW
459,DEC-S28-GROCERY_II,28,GROCERY II,HIGH,3,RISK_HIGH|PROMO_EXTRAPOLATION,122.38214015960692,326.1316795349121,605.0238437652588,1.4753743944696234,BỔ SUNG THẬN TRỌNG,B,239.53393855094907,500.4392821788788,TRUNG BÌNH,CÂN NHẮC THỬ NGHIỆM,True,POL-INV-005|POL-INV-003|POL-INV-001|POL-PROMO-004|POL-PROMO-005|POL-PROMO-003|POL-PROMO-002|POL-HITL-001|POL-PROMO-001,RULE_BASED,PENDING_HUMAN_REVIEW
460,DEC-S19-PREPARED_FOODS,19,PREPARED FOODS,HIGH,3,RISK_HIGH|PROMO_EXTRAPOLATION,128.37686920166016,325.0809860229492,592.1486282348633,1.4222594352697504,BỔ SUNG THẬN TRỌNG,B,231.93347358703613,491.9982624053955,TRUNG BÌNH,CÂN NHẮC THỬ NGHIỆM,True,POL-INV-005|POL-INV-003|POL-INV-001|POL-PROMO-004|POL-PROMO-005|POL-PROMO-003|POL-PROMO-002|POL-HITL-001|POL-PROMO-001,RULE_BASED,PENDING_HUMAN_REVIEW
461,DEC-S26-GROCERY_II,26,GROCERY II,HIGH,3,RISK_HIGH|PROMO_EXTRAPOLATION,122.69111347198486,319.3952302932739,586.462872505188,1.447498948747425,BỔ SUNG THẬN TRỌNG,B,230.79632244110107,486.3125066757202,TRUNG BÌNH,CÂN NHẮC THỬ NGHIỆM,True,POL-INV-005|POL-INV-003|POL-INV-001|POL-PROMO-004|POL-PROMO-005|POL-PROMO-003|POL-PROMO-002|POL-HITL-001|POL-PROMO-001,RULE_BASED,PENDING_HUMAN_REVIEW
462,DEC-S42-HOME_AND_KITCHEN_II,42,HOME AND KITCHEN II,HIGH,3,RISK_HIGH|PROMO_EXTRAPOLATION,132.32084846496582,311.9383735656738,559.9605379104614,1.3665300441518091,BỔ SUNG THẬN TRỌNG,B,217.401527428627,466.9522262811661,TRUNG BÌNH,CÂN NHẮC THỬ NGHIỆM,True,POL-INV-005|POL-INV-003|POL-INV-001|POL-PROMO-004|POL-PROMO-005|POL-PROMO-003|POL-PROMO-002|POL-HITL-001|POL-PROMO-001,RULE_BASED,PENDING_HUMAN_REVIEW
463,DEC-S13-PREPARED_FOODS,13,PREPARED FOODS,HIGH,3,RISK_HIGH|PROMO_EXTRAPOLATION,120.36335754394533,311.0747013092041,569.9685077667236,1.4406972059465621,BỔ SUNG THẬN TRỌNG,B,224.02356929779052,472.8833303451538,TRUNG BÌNH,CÂN NHẮC THỬ NGHIỆM,True,POL-INV-005|POL-INV-003|POL-INV-001|POL-PROMO-004|POL-PROMO-005|POL-PROMO-003|POL-PROMO-002|POL-HITL-001|POL-PROMO-001,RULE_BASED,PENDING_HUMAN_REVIEW
464,DEC-S15-HOME_AND_KITCHEN_I,15,HOME AND KITCHEN I,HIGH,3,RISK_HIGH|PROMO_EXTRAPOLATION,101.10702991485596,302.06079292297363,589.1267929077148,1.6103031945702548,BỔ SUNG THẬN TRỌNG,B,239.82840857505798,481.4770429134369,TRUNG BÌNH,CÂN NHẮC THỬ NGHIỆM,True,POL-INV-005|POL-INV-003|POL-INV-001|POL-PROMO-004|POL-PROMO-005|POL-PROMO-003|POL-PROMO-002|POL-HITL-001|POL-PROMO-001,RULE_BASED,PENDING_HUMAN_REVIEW
465,DEC-S36-HOME_AND_KITCHEN_I,36,HOME AND KITCHEN I,HIGH,3,RISK_HIGH|PROMO_EXTRAPOLATION,110.41421413421632,301.1972551345825,570.0902404785156,1.5211125135454462,BỔ SUNG THẬN TRỌNG,B,228.29756686687472,469.2553709745407,TRUNG BÌNH,CÂN NHẮC THỬ NGHIỆM,True,POL-INV-005|POL-INV-003|POL-INV-001|POL-PROMO-004|POL-PROMO-005|POL-PROMO-003|POL-PROMO-002|POL-HITL-001|POL-PROMO-001,RULE_BASED,PENDING_HUMAN_REVIEW
466,DEC-S50-BEAUTY,50,BEAUTY,HIGH,3,RISK_HIGH|PROMO_EXTRAPOLATION,108.59848117828368,300.05049896240234,560.7696485519409,1.5019778041627763,BỔ SUNG THẬN TRỌNG,B,222.95956828594205,462.99996745586395,TRUNG BÌNH,CÂN NHẮC THỬ NGHIỆM,True,POL-INV-005|POL-INV-003|POL-INV-001|POL-PROMO-004|POL-PROMO-005|POL-PROMO-003|POL-PROMO-002|POL-HITL-001|POL-PROMO-001,RULE_BASED,PENDING_HUMAN_REVIEW
467,DEC-S22-HOME_AND_KITCHEN_I,22,HOME AND KITCHEN I,HIGH,3,RISK_HIGH|PROMO_EXTRAPOLATION,114.88279628753662,297.511025428772,550.056339263916,1.4578139696894266,BỔ SUNG THẬN TRỌNG,B,217.3430262327194,455.351846575737,TRUNG BÌNH,CÂN NHẮC THỬ NGHIỆM,True,POL-INV-005|POL-INV-003|POL-INV-001|POL-PROMO-004|POL-PROMO-005|POL-PROMO-003|POL-PROMO-002|POL-HITL-001|POL-PROMO-001,RULE_BASED,PENDING_HUMAN_REVIEW
468,DEC-S35-PREPARED_FOODS,35,PREPARED FOODS,HIGH,3,RISK_HIGH|PROMO_EXTRAPOLATION,106.49182319641112,297.2031669616699,556.0969734191895,1.5077142030505972,BỔ SUNG THẬN TRỌNG,B,221.24926242828366,459.01179599761963,TRUNG BÌNH,CÂN NHẮC THỬ NGHIỆM,True,POL-INV-005|POL-INV-003|POL-INV-001|POL-PROMO-004|POL-PROMO-005|POL-PROMO-003|POL-PROMO-002|POL-HITL-001|POL-PROMO-001,RULE_BASED,PENDING_HUMAN_REVIEW
469,DEC-S20-HOME_AND_KITCHEN_II,20,HOME AND KITCHEN II,HIGH,3,RISK_HIGH|PROMO_EXTRAPOLATION,98.7365789413452,294.67584896087646,563.5688343048096,1.5721008563840142,BỔ SUNG THẬN TRỌNG,B,226.99328563213345,462.73396480083466,TRUNG BÌNH,CÂN NHẮC THỬ NGHIỆM,True,POL-INV-005|POL-INV-003|POL-INV-001|POL-PROMO-004|POL-PROMO-005|POL-PROMO-003|POL-PROMO-002|POL-HITL-001|POL-PROMO-001,RULE_BASED,PENDING_HUMAN_REVIEW
470,DEC-S25-HOME_AND_KITCHEN_II,25,HOME AND KITCHEN II,HIGH,3,RISK_HIGH|PROMO_EXTRAPOLATION,115.5090126991272,293.90147066116333,538.2729487419128,1.4335768997521687,BỔ SUNG THẬN TRỌNG,B,211.5124679327011,446.6336444616318,TRUNG BÌNH,CÂN NHẮC THỬ NGHIỆM,True,POL-INV-005|POL-INV-003|POL-INV-001|POL-PROMO-004|POL-PROMO-005|POL-PROMO-003|POL-PROMO-002|POL-HITL-001|POL-PROMO-001,RULE_BASED,PENDING_HUMAN_REVIEW
471,DEC-S22-HOME_AND_KITCHEN_II,22,HOME AND KITCHEN II,HIGH,3,RISK_HIGH|PROMO_EXTRAPOLATION,93.01051139831544,291.4632215499878,568.5300426483154,1.6259122385709077,BỔ SUNG THẬN TRỌNG,B,231.45940749645231,464.62998473644257,TRUNG BÌNH,CÂN NHẮC THỬ NGHIỆM,True,POL-INV-005|POL-INV-003|POL-INV-001|POL-PROMO-004|POL-PROMO-005|POL-PROMO-003|POL-PROMO-002|POL-HITL-001|POL-PROMO-001,RULE_BASED,PENDING_HUMAN_REVIEW
472,DEC-S43-HOME_AND_KITCHEN_I,43,HOME AND KITCHEN I,HIGH,3,RISK_HIGH|PROMO_EXTRAPOLATION,112.56596565246582,290.25154876708984,532.7976837158203,1.4428480117694016,BỔ SUNG THẬN TRỌNG,B,209.6416440963745,441.8428831100464,TRUNG BÌNH,CÂN NHẮC THỬ NGHIỆM,True,POL-INV-005|POL-INV-003|POL-INV-001|POL-PROMO-004|POL-PROMO-005|POL-PROMO-003|POL-PROMO-002|POL-HITL-001|POL-PROMO-001,RULE_BASED,PENDING_HUMAN_REVIEW
473,DEC-S25-HOME_AND_KITCHEN_I,25,HOME AND KITCHEN I,HIGH,3,RISK_HIGH|PROMO_EXTRAPOLATION,103.39247131347656,288.1110420227051,538.8310127258301,1.5061290581151747,BỔ SUNG THẬN TRỌNG,B,214.32219009399412,444.8110237121582,TRUNG BÌNH,CÂN NHẮC THỬ NGHIỆM,True,POL-INV-005|POL-INV-003|POL-INV-001|POL-PROMO-004|POL-PROMO-005|POL-PROMO-003|POL-PROMO-002|POL-HITL-001|POL-PROMO-001,RULE_BASED,PENDING_HUMAN_REVIEW
474,DEC-S09-CELEBRATION,9,CELEBRATION,HIGH,3,RISK_HIGH|PROMO_EXTRAPOLATION,94.007098197937,287.422797203064,558.1411256790161,1.6092140842608416,BỔ SUNG THẬN TRỌNG,B,226.68351473808286,456.62175250053406,TRUNG BÌNH,CÂN NHẮC THỬ NGHIỆM,True,POL-INV-005|POL-INV-003|POL-INV-001|POL-PROMO-004|POL-PROMO-005|POL-PROMO-003|POL-PROMO-002|POL-HITL-001|POL-PROMO-001,RULE_BASED,PENDING_HUMAN_REVIEW
475,DEC-S45-BEAUTY,45,BEAUTY,HIGH,3,RISK_HIGH|PROMO_EXTRAPOLATION,102.49354457855225,287.2121152877808,537.9320859909058,1.5108266388370475,BỔ SUNG THẬN TRỌNG,B,214.14240474700924,443.9120969772339,TRUNG BÌNH,CÂN NHẮC THỬ NGHIỆM,True,POL-INV-005|POL-INV-003|POL-INV-001|POL-PROMO-004|POL-PROMO-005|POL-PROMO-003|POL-PROMO-002|POL-HITL-001|POL-PROMO-001,RULE_BASED,PENDING_HUMAN_REVIEW
476,DEC-S39-LINGERIE,39,LINGERIE,HIGH,3,RISK_HIGH|PROMO_EXTRAPOLATION,114.26486539840698,286.2790551185608,520.6513543128967,1.4146053520914466,BỔ SUNG THẬN TRỌNG,B,203.7384980201721,432.76174211502075,TRUNG BÌNH,CÂN NHẮC THỬ NGHIỆM,True,POL-INV-005|POL-INV-003|POL-INV-001|POL-PROMO-004|POL-PROMO-005|POL-PROMO-003|POL-PROMO-002|POL-HITL-001|POL-PROMO-001,RULE_BASED,PENDING_HUMAN_REVIEW
477,DEC-S11-HOME_AND_KITCHEN_II,11,HOME AND KITCHEN II,HIGH,3,RISK_HIGH|PROMO_EXTRAPOLATION,99.04644107818604,286.2300882339477,545.1238946914673,1.5530317744774462,BỔ SUNG THẬN TRỌNG,B,219.05464668273927,448.03871726989746,TRUNG BÌNH,CÂN NHẮC THỬ NGHIỆM,True,POL-INV-005|POL-INV-003|POL-INV-001|POL-PROMO-004|POL-PROMO-005|POL-PROMO-003|POL-PROMO-002|POL-HITL-001|POL-PROMO-001,RULE_BASED,PENDING_HUMAN_REVIEW
478,DEC-S03-BEAUTY,3,BEAUTY,HIGH,3,RISK_HIGH|PROMO_EXTRAPOLATION,101.67112255096436,286.180121421814,536.900092124939,1.5155261005503387,BỔ SUNG THẬN TRỌNG,B,213.9360059738159,442.8801031112671,TRUNG BÌNH,CÂN NHẮC THỬ NGHIỆM,True,POL-INV-005|POL-INV-003|POL-INV-001|POL-PROMO-004|POL-PROMO-005|POL-PROMO-003|POL-PROMO-002|POL-HITL-001|POL-PROMO-001,RULE_BASED,PENDING_HUMAN_REVIEW
479,DEC-S19-HOME_AND_KITCHEN_I,19,HOME AND KITCHEN I,HIGH,3,RISK_HIGH|PROMO_EXTRAPOLATION,108.07004356384276,285.46952724456787,531.6663484573364,1.4786784094206866,BỔ SUNG THẬN TRỌNG,B,210.96691870689392,439.3425405025482,TRUNG BÌNH,CÂN NHẮC THỬ NGHIỆM,True,POL-INV-005|POL-INV-003|POL-INV-001|POL-PROMO-004|POL-PROMO-005|POL-PROMO-003|POL-PROMO-002|POL-HITL-001|POL-PROMO-001,RULE_BASED,PENDING_HUMAN_REVIEW
480,DEC-S37-LAWN_AND_GARDEN,37,LAWN AND GARDEN,HIGH,3,RISK_HIGH|PROMO_EXTRAPOLATION,80.61295413970947,282.765516281128,559.8323373794556,1.6887865358699221,BỔ SUNG THẬN TRỌNG,B,229.7198664426803,455.9322794675827,TRUNG BÌNH,CÂN NHẮC THỬ NGHIỆM,True,POL-INV-005|POL-INV-003|POL-INV-001|POL-PROMO-004|POL-PROMO-005|POL-PROMO-003|POL-PROMO-002|POL-HITL-001|POL-PROMO-001,RULE_BASED,PENDING_HUMAN_REVIEW
481,DEC-S02-LAWN_AND_GARDEN,2,LAWN AND GARDEN,HIGH,3,RISK_HIGH|PROMO_EXTRAPOLATION,101.66836261749268,280.3172998428345,526.514121055603,1.5102013231161466,BỔ SUNG THẬN TRỌNG,B,209.9364732265472,434.1903131008148,TRUNG BÌNH,CÂN NHẮC THỬ NGHIỆM,True,POL-INV-005|POL-INV-003|POL-INV-001|POL-PROMO-004|POL-PROMO-005|POL-PROMO-003|POL-PROMO-002|POL-HITL-001|POL-PROMO-001,RULE_BASED,PENDING_HUMAN_REVIEW
482,DEC-S08-PET_SUPPLIES,8,PET SUPPLIES,HIGH,3,RISK_HIGH|PROMO_EXTRAPOLATION,80.55687713623047,276.0024366378784,543.0700788497925,1.6697080622370095,BỔ SUNG THẬN TRỌNG,B,222.11776371002193,442.9197130203247,TRUNG BÌNH,CÂN NHẮC THỬ NGHIỆM,True,POL-INV-005|POL-INV-003|POL-INV-001|POL-PROMO-004|POL-PROMO-005|POL-PROMO-003|POL-PROMO-002|POL-HITL-001|POL-PROMO-001,RULE_BASED,PENDING_HUMAN_REVIEW
483,DEC-S40-HOME_AND_KITCHEN_II,40,HOME AND KITCHEN II,HIGH,3,RISK_HIGH|PROMO_EXTRAPOLATION,83.04656791687012,275.69240283966064,542.7600450515747,1.6614604247052713,BỔ SUNG THẬN TRỌNG,B,222.05575695037842,442.60967922210693,TRUNG BÌNH,CÂN NHẮC THỬ NGHIỆM,True,POL-INV-005|POL-INV-003|POL-INV-001|POL-PROMO-004|POL-PROMO-005|POL-PROMO-003|POL-PROMO-002|POL-HITL-001|POL-PROMO-001,RULE_BASED,PENDING_HUMAN_REVIEW
484,DEC-S52-PLAYERS_AND_ELECTRONICS,52,PLAYERS AND ELECTRONICS,HIGH,3,RISK_HIGH|PROMO_EXTRAPOLATION,78.85632514953613,274.01455211639404,541.0821943283081,1.6807324035098503,BỔ SUNG THẬN TRỌNG,B,221.7201868057251,440.93182849884033,TRUNG BÌNH,CÂN NHẮC THỬ NGHIỆM,True,POL-INV-005|POL-INV-003|POL-INV-001|POL-PROMO-004|POL-PROMO-005|POL-PROMO-003|POL-PROMO-002|POL-HITL-001|POL-PROMO-001,RULE_BASED,PENDING_HUMAN_REVIEW
485,DEC-S03-MAGAZINES,3,MAGAZINES,HIGH,3,RISK_HIGH|PROMO_EXTRAPOLATION,81.8495864868164,273.2486991882324,540.3163414001465,1.67171897722898,BỔ SUNG THẬN TRỌNG,B,221.56701622009274,440.1659755706787,TRUNG BÌNH,CÂN NHẮC THỬ NGHIỆM,True,POL-INV-005|POL-INV-003|POL-INV-001|POL-PROMO-004|POL-PROMO-005|POL-PROMO-003|POL-PROMO-002|POL-HITL-001|POL-PROMO-001,RULE_BASED,PENDING_HUMAN_REVIEW
486,DEC-S23-CELEBRATION,23,CELEBRATION,HIGH,3,RISK_HIGH|PROMO_EXTRAPOLATION,105.36536264419556,272.10561418533325,498.30407762527466,1.4387793387302008,BỔ SUNG THẬN TRỌNG,B,195.79516248702998,413.47965383529663,TRUNG BÌNH,CÂN NHẮC THỬ NGHIỆM,True,POL-INV-005|POL-INV-003|POL-INV-001|POL-PROMO-004|POL-PROMO-005|POL-PROMO-003|POL-PROMO-002|POL-HITL-001|POL-PROMO-001,RULE_BASED,PENDING_HUMAN_REVIEW
487,DEC-S03-PLAYERS_AND_ELECTRONICS,3,PLAYERS AND ELECTRONICS,HIGH,3,RISK_HIGH|PROMO_EXTRAPOLATION,72.70029354095459,268.4496068954468,535.5172491073608,1.7176382660153253,BỔ SUNG THẬN TRỌNG,B,220.60719776153562,435.36688327789307,TRUNG BÌNH,CÂN NHẮC THỬ NGHIỆM,True,POL-INV-005|POL-INV-003|POL-INV-001|POL-PROMO-004|POL-PROMO-005|POL-PROMO-003|POL-PROMO-002|POL-HITL-001|POL-PROMO-001,RULE_BASED,PENDING_HUMAN_REVIEW
488,DEC-S14-HOME_AND_KITCHEN_I,14,HOME AND KITCHEN I,HIGH,3,RISK_HIGH|PROMO_EXTRAPOLATION,88.26737833023071,266.0596327781677,518.6049466133118,1.611391297914873,BỔ SUNG THẬN TRỌNG,B,211.0527477025986,423.90045392513275,TRUNG BÌNH,CÂN NHẮC THỬ NGHIỆM,True,POL-INV-005|POL-INV-003|POL-INV-001|POL-PROMO-004|POL-PROMO-005|POL-PROMO-003|POL-PROMO-002|POL-HITL-001|POL-PROMO-001,RULE_BASED,PENDING_HUMAN_REVIEW
489,DEC-S41-LAWN_AND_GARDEN,41,LAWN AND GARDEN,HIGH,3,RISK_HIGH|PROMO_EXTRAPOLATION,74.16692447662354,265.0130653381348,535.7313938140869,1.7351195466687286,BỔ SUNG THẬN TRỌNG,B,222.20156836509705,434.21202063560486,TRUNG BÌNH,CÂN NHẮC THỬ NGHIỆM,True,POL-INV-005|POL-INV-003|POL-INV-001|POL-PROMO-004|POL-PROMO-005|POL-PROMO-003|POL-PROMO-002|POL-HITL-001|POL-PROMO-001,RULE_BASED,PENDING_HUMAN_REVIEW
490,DEC-S38-LAWN_AND_GARDEN,38,LAWN AND GARDEN,HIGH,3,RISK_HIGH|PROMO_EXTRAPOLATION,88.12791538238525,264.90752029418945,511.104341506958,1.5906899724257837,BỔ SUNG THẬN TRỌNG,B,206.8545173168182,418.7805335521698,TRUNG BÌNH,CÂN NHẮC THỬ NGHIỆM,True,POL-INV-005|POL-INV-003|POL-INV-001|POL-PROMO-004|POL-PROMO-005|POL-PROMO-003|POL-PROMO-002|POL-HITL-001|POL-PROMO-001,RULE_BASED,PENDING_HUMAN_REVIEW
491,DEC-S09-LINGERIE,9,LINGERIE,HIGH,3,RISK_HIGH|PROMO_EXTRAPOLATION,89.6741259098053,260.95952916145325,501.11671209335327,1.570634164371108,BỔ SUNG THẬN TRỌNG,B,202.29014516472816,411.05776849389076,TRUNG BÌNH,CÂN NHẮC THỬ NGHIỆM,True,POL-INV-005|POL-INV-003|POL-INV-001|POL-PROMO-004|POL-PROMO-005|POL-PROMO-003|POL-PROMO-002|POL-HITL-001|POL-PROMO-001,RULE_BASED,PENDING_HUMAN_REVIEW
492,DEC-S49-BEAUTY,49,BEAUTY,HIGH,3,RISK_HIGH|PROMO_EXTRAPOLATION,74.75309467315674,257.83569049835205,508.55566120147705,1.6759766232125637,BỔ SUNG THẬN TRỌNG,B,208.26711978912348,414.5356721878052,TRUNG BÌNH,CÂN NHẮC THỬ NGHIỆM,True,POL-INV-005|POL-INV-003|POL-INV-001|POL-PROMO-004|POL-PROMO-005|POL-PROMO-003|POL-PROMO-002|POL-HITL-001|POL-PROMO-001,RULE_BASED,PENDING_HUMAN_REVIEW
493,DEC-S18-HOME_AND_KITCHEN_II,18,HOME AND KITCHEN II,HIGH,3,RISK_HIGH|PROMO_EXTRAPOLATION,91.57923221588136,256.7505321502685,482.94899559021,1.5184052584076149,BỔ SUNG THẬN TRỌNG,B,192.72414608001705,398.12457180023193,TRUNG BÌNH,CÂN NHẮC THỬ NGHIỆM,True,POL-INV-005|POL-INV-003|POL-INV-001|POL-PROMO-004|POL-PROMO-005|POL-PROMO-003|POL-PROMO-002|POL-HITL-001|POL-PROMO-001,RULE_BASED,PENDING_HUMAN_REVIEW
494,DEC-S50-SEAFOOD,50,SEAFOOD,HIGH,3,RISK_HIGH|PROMO_EXTRAPOLATION,86.01944065093994,256.55360412597656,494.5765895843506,1.5862994824703525,BỔ SUNG THẬN TRỌNG,B,200.07508673667905,405.3179700374603,TRUNG BÌNH,CÂN NHẮC THỬ NGHIỆM,True,POL-INV-005|POL-INV-003|POL-INV-001|POL-PROMO-004|POL-PROMO-005|POL-PROMO-003|POL-PROMO-002|POL-HITL-001|POL-PROMO-001,RULE_BASED,PENDING_HUMAN_REVIEW
495,DEC-S23-HOME_AND_KITCHEN_I,23,HOME AND KITCHEN I,HIGH,3,RISK_HIGH|PROMO_EXTRAPOLATION,93.51819515228271,255.77563762664795,483.7994441986084,1.5199309897685662,BỔ SUNG THẬN TRỌNG,B,193.67000663280484,398.29051673412323,TRUNG BÌNH,CÂN NHẮC THỬ NGHIỆM,True,POL-INV-005|POL-INV-003|POL-INV-001|POL-PROMO-004|POL-PROMO-005|POL-PROMO-003|POL-PROMO-002|POL-HITL-001|POL-PROMO-001,RULE_BASED,PENDING_HUMAN_REVIEW
496,DEC-S39-SCHOOL_AND_OFFICE_SUPPLIES,39,SCHOOL AND OFFICE SUPPLIES,HIGH,3,RISK_HIGH|PROMO_EXTRAPOLATION,69.71490049362183,252.76349210739136,505.3088059425354,1.7165349587188552,BỔ SUNG THẬN TRỌNG,B,208.39351956844328,410.6043132543564,TRUNG BÌNH,CÂN NHẮC THỬ NGHIỆM,True,POL-INV-005|POL-INV-003|POL-INV-001|POL-PROMO-004|POL-PROMO-005|POL-PROMO-003|POL-PROMO-002|POL-HITL-001|POL-PROMO-001,RULE_BASED,PENDING_HUMAN_REVIEW
497,DEC-S04-HOME_AND_KITCHEN_I,4,HOME AND KITCHEN I,HIGH,3,RISK_HIGH|PROMO_EXTRAPOLATION,82.68180179595947,250.9034013748169,480.7525510787964,1.580251584973765,BỔ SUNG THẬN TRỌNG,B,193.83639883995056,394.5591199398041,TRUNG BÌNH,CÂN NHẮC THỬ NGHIỆM,True,POL-INV-005|POL-INV-003|POL-INV-001|POL-PROMO-004|POL-PROMO-005|POL-PROMO-003|POL-PROMO-002|POL-HITL-001|POL-PROMO-001,RULE_BASED,PENDING_HUMAN_REVIEW
498,DEC-S09-SEAFOOD,9,SEAFOOD,HIGH,3,RISK_HIGH|PROMO_EXTRAPOLATION,74.52856159210205,250.60240173339844,494.973879814148,1.671070368666655,BỔ SUNG THẬN TRỌNG,B,202.8526541471481,403.3345755338669,TRUNG BÌNH,CÂN NHẮC THỬ NGHIỆM,True,POL-INV-005|POL-INV-003|POL-INV-001|POL-PROMO-004|POL-PROMO-005|POL-PROMO-003|POL-PROMO-002|POL-HITL-001|POL-PROMO-001,RULE_BASED,PENDING_HUMAN_REVIEW
499,DEC-S29-HOME_AND_KITCHEN_II,29,HOME AND KITCHEN II,HIGH,3,RISK_HIGH|PROMO_EXTRAPOLATION,73.11752796173096,250.3590650558472,501.07903575897217,1.7025903072250699,BỔ SUNG THẬN TRỌNG,B,206.77179470062254,407.0590467453003,TRUNG BÌNH,CÂN NHẮC THỬ NGHIỆM,True,POL-INV-005|POL-INV-003|POL-INV-001|POL-PROMO-004|POL-PROMO-005|POL-PROMO-003|POL-PROMO-002|POL-HITL-001|POL-PROMO-001,RULE_BASED,PENDING_HUMAN_REVIEW
500,DEC-S52-BEAUTY,52,BEAUTY,HIGH,3,RISK_HIGH|PROMO_EXTRAPOLATION,81.09694576263428,250.07773876190183,484.4500379562378,1.6064868760671176,BỔ SUNG THẬN TRỌNG,B,196.49823474884033,396.5604257583618,TRUNG BÌNH,CÂN NHẮC THỬ NGHIỆM,True,POL-INV-005|POL-INV-003|POL-INV-001|POL-PROMO-004|POL-PROMO-005|POL-PROMO-003|POL-PROMO-002|POL-HITL-001|POL-PROMO-001,RULE_BASED,PENDING_HUMAN_REVIEW
501,DEC-S43-CELEBRATION,43,CELEBRATION,HIGH,3,RISK_HIGH|PROMO_EXTRAPOLATION,59.33137130737305,249.7563180923462,516.8239603042603,1.8244508951052876,BỔ SUNG THẬN TRỌNG,B,216.86854000091552,416.6735944747925,TRUNG BÌNH,CÂN NHẮC THỬ NGHIỆM,True,POL-INV-005|POL-INV-003|POL-INV-001|POL-PROMO-004|POL-PROMO-005|POL-PROMO-003|POL-PROMO-002|POL-HITL-001|POL-PROMO-001,RULE_BASED,PENDING_HUMAN_REVIEW
502,DEC-S12-LINGERIE,12,LINGERIE,HIGH,3,RISK_HIGH|PROMO_EXTRAPOLATION,80.19598603248596,249.56572937965396,487.3339602947235,1.6248749390837378,BỔ SUNG THẬN TRỌNG,B,198.51829019784927,398.1708737015724,TRUNG BÌNH,CÂN NHẮC THỬ NGHIỆM,True,POL-INV-005|POL-INV-003|POL-INV-001|POL-PROMO-004|POL-PROMO-005|POL-PROMO-003|POL-PROMO-002|POL-HITL-001|POL-PROMO-001,RULE_BASED,PENDING_HUMAN_REVIEW
503,DEC-S44-AUTOMOTIVE,44,AUTOMOTIVE,HIGH,3,RISK_HIGH|PROMO_EXTRAPOLATION,73.21101760864258,249.2358436584473,493.6073217391968,1.6800003468102789,BỔ SUNG THẬN TRỌNG,B,202.57934253215788,401.9680174589157,TRUNG BÌNH,CÂN NHẮC THỬ NGHIỆM,True,POL-INV-005|POL-INV-003|POL-INV-001|POL-PROMO-004|POL-PROMO-005|POL-PROMO-003|POL-PROMO-002|POL-HITL-001|POL-PROMO-001,RULE_BASED,PENDING_HUMAN_REVIEW
504,DEC-S04-LAWN_AND_GARDEN,4,LAWN AND GARDEN,HIGH,3,RISK_HIGH|PROMO_EXTRAPOLATION,60.97422885894776,248.30204010009768,517.1950254440308,1.829992231118145,BỔ SUNG THẬN TRỌNG,B,217.71852385997778,416.36015594005585,TRUNG BÌNH,CÂN NHẮC THỬ NGHIỆM,True,POL-INV-005|POL-INV-003|POL-INV-001|POL-PROMO-004|POL-PROMO-005|POL-PROMO-003|POL-PROMO-002|POL-HITL-001|POL-PROMO-001,RULE_BASED,PENDING_HUMAN_REVIEW
505,DEC-S40-CELEBRATION,40,CELEBRATION,HIGH,3,RISK_HIGH|PROMO_EXTRAPOLATION,54.32636547088623,248.2620849609375,515.3297271728516,1.8494724609810207,BỔ SUNG THẬN TRỌNG,B,216.5696933746338,415.1793613433838,TRUNG BÌNH,CÂN NHẮC THỬ NGHIỆM,True,POL-INV-005|POL-INV-003|POL-INV-001|POL-PROMO-004|POL-PROMO-005|POL-PROMO-003|POL-PROMO-002|POL-HITL-001|POL-PROMO-001,RULE_BASED,PENDING_HUMAN_REVIEW
506,DEC-S33-HOME_AND_KITCHEN_II,33,HOME AND KITCHEN II,HIGH,3,RISK_HIGH|PROMO_EXTRAPOLATION,70.67106628417969,248.1430530548096,498.86302375793457,1.7186590283115615,BỔ SUNG THẬN TRỌNG,B,206.328592300415,404.8430347442627,TRUNG BÌNH,CÂN NHẮC THỬ NGHIỆM,True,POL-INV-005|POL-INV-003|POL-INV-001|POL-PROMO-004|POL-PROMO-005|POL-PROMO-003|POL-PROMO-002|POL-HITL-001|POL-PROMO-001,RULE_BASED,PENDING_HUMAN_REVIEW
507,DEC-S27-CELEBRATION,27,CELEBRATION,HIGH,3,RISK_HIGH|PROMO_EXTRAPOLATION,52.221184730529785,247.63856983184812,514.7062120437622,1.8600695283358757,BỔ SUNG THẬN TRỌNG,B,216.4449903488159,414.55584621429443,TRUNG BÌNH,CÂN NHẮC THỬ NGHIỆM,True,POL-INV-005|POL-INV-003|POL-INV-001|POL-PROMO-004|POL-PROMO-005|POL-PROMO-003|POL-PROMO-002|POL-HITL-001|POL-PROMO-001,RULE_BASED,PENDING_HUMAN_REVIEW
508,DEC-S08-CELEBRATION,8,CELEBRATION,HIGH,3,RISK_HIGH|PROMO_EXTRAPOLATION,56.36074256896973,245.89807319641116,512.9657154083252,1.849366286775836,BỔ SUNG THẬN TRỌNG,B,216.0968910217285,412.8153495788574,TRUNG BÌNH,CÂN NHẮC THỬ NGHIỆM,True,POL-INV-005|POL-INV-003|POL-INV-001|POL-PROMO-004|POL-PROMO-005|POL-PROMO-003|POL-PROMO-002|POL-HITL-001|POL-PROMO-001,RULE_BASED,PENDING_HUMAN_REVIEW
509,DEC-S12-HOME_AND_KITCHEN_I,12,HOME AND KITCHEN I,HIGH,3,RISK_HIGH|PROMO_EXTRAPOLATION,74.32466411590576,244.26925945281985,486.8153944015503,1.681787318989282,BỔ SUNG THẬN TRỌNG,B,200.44518623352047,395.86059379577637,TRUNG BÌNH,CÂN NHẮC THỬ NGHIỆM,True,POL-INV-005|POL-INV-003|POL-INV-001|POL-PROMO-004|POL-PROMO-005|POL-PROMO-003|POL-PROMO-002|POL-HITL-001|POL-PROMO-001,RULE_BASED,PENDING_HUMAN_REVIEW
510,DEC-S23-HOME_AND_KITCHEN_II,23,HOME AND KITCHEN II,HIGH,3,RISK_HIGH|PROMO_EXTRAPOLATION,62.76104927062988,244.0307464599609,494.75071716308594,1.7630018850023992,BỔ SUNG THẬN TRỌNG,B,205.50613098144527,400.73072814941406,TRUNG BÌNH,CÂN NHẮC THỬ NGHIỆM,True,POL-INV-005|POL-INV-003|POL-INV-001|POL-PROMO-004|POL-PROMO-005|POL-PROMO-003|POL-PROMO-002|POL-HITL-001|POL-PROMO-001,RULE_BASED,PENDING_HUMAN_REVIEW
511,DEC-S32-FROZEN_FOODS,32,FROZEN FOODS,HIGH,3,RISK_HIGH|PROMO_EXTRAPOLATION,69.50173377990723,243.72556400299072,488.0970420837402,1.7104682545494814,BỔ SUNG THẬN TRỌNG,B,201.4772866010665,396.4577378034591,TRUNG BÌNH,CÂN NHẮC THỬ NGHIỆM,True,POL-INV-005|POL-INV-003|POL-INV-001|POL-PROMO-004|POL-PROMO-005|POL-PROMO-003|POL-PROMO-002|POL-HITL-001|POL-PROMO-001,RULE_BASED,PENDING_HUMAN_REVIEW
512,DEC-S10-LIQUOR_WINE_BEER,10,"LIQUOR,WINE,BEER",HIGH,3,RISK_HIGH|PROMO_EXTRAPOLATION,72.40586566925049,243.7101783752441,478.0824775695801,1.657783973653339,BỔ SUNG THẬN TRỌNG,B,195.22472267150877,390.1928653717041,TRUNG BÌNH,CÂN NHẮC THỬ NGHIỆM,True,POL-INV-005|POL-INV-003|POL-INV-001|POL-PROMO-004|POL-PROMO-005|POL-PROMO-003|POL-PROMO-002|POL-HITL-001|POL-PROMO-001,RULE_BASED,PENDING_HUMAN_REVIEW
513,DEC-S42-SEAFOOD,42,SEAFOOD,HIGH,3,RISK_HIGH|PROMO_EXTRAPOLATION,72.81220245361328,243.2941465377808,479.4917888641357,1.6647127742278027,BỔ SUNG THẬN TRỌNG,B,196.28235576152798,390.9176729917526,TRUNG BÌNH,CÂN NHẮC THỬ NGHIỆM,True,POL-INV-005|POL-INV-003|POL-INV-001|POL-PROMO-004|POL-PROMO-005|POL-PROMO-003|POL-PROMO-002|POL-HITL-001|POL-PROMO-001,RULE_BASED,PENDING_HUMAN_REVIEW
514,DEC-S17-HOME_AND_KITCHEN_II,17,HOME AND KITCHEN II,HIGH,3,RISK_HIGH|PROMO_EXTRAPOLATION,52.93773937225342,242.22971057891849,509.2973527908325,1.876249461187877,BỔ SUNG THẬN TRỌNG,B,215.36321849822994,409.14698696136475,TRUNG BÌNH,CÂN NHẮC THỬ NGHIỆM,True,POL-INV-005|POL-INV-003|POL-INV-001|POL-PROMO-004|POL-PROMO-005|POL-PROMO-003|POL-PROMO-002|POL-HITL-001|POL-PROMO-001,RULE_BASED,PENDING_HUMAN_REVIEW
515,DEC-S31-GROCERY_II,31,GROCERY II,HIGH,3,RISK_HIGH|PROMO_EXTRAPOLATION,60.96258544921875,241.80332851409912,496.1739854812622,1.7924441262623447,BỔ SUNG THẬN TRỌNG,B,207.34232630729676,400.78498911857605,TRUNG BÌNH,CÂN NHẮC THỬ NGHIỆM,True,POL-INV-005|POL-INV-003|POL-INV-001|POL-PROMO-004|POL-PROMO-005|POL-PROMO-003|POL-PROMO-002|POL-HITL-001|POL-PROMO-001,RULE_BASED,PENDING_HUMAN_REVIEW
516,DEC-S11-LADIESWEAR,11,LADIESWEAR,HIGH,3,RISK_HIGH|PROMO_EXTRAPOLATION,93.94026374816896,241.3178977966309,442.9948539733887,1.440482083243266,BỔ SUNG THẬN TRỌNG,B,174.3116771697998,367.3659954071045,TRUNG BÌNH,CÂN NHẮC THỬ NGHIỆM,True,POL-INV-005|POL-INV-003|POL-INV-001|POL-PROMO-004|POL-PROMO-005|POL-PROMO-003|POL-PROMO-002|POL-HITL-001|POL-PROMO-001,RULE_BASED,PENDING_HUMAN_REVIEW
517,DEC-S06-LAWN_AND_GARDEN,6,LAWN AND GARDEN,HIGH,3,RISK_HIGH|PROMO_EXTRAPOLATION,73.8227310180664,241.2331829071045,477.4308252334595,1.6661965523120557,BỔ SUNG THẬN TRỌNG,B,195.87016303539275,388.85670936107635,TRUNG BÌNH,CÂN NHẮC THỬ NGHIỆM,True,POL-INV-005|POL-INV-003|POL-INV-001|POL-PROMO-004|POL-PROMO-005|POL-PROMO-003|POL-PROMO-002|POL-HITL-001|POL-PROMO-001,RULE_BASED,PENDING_HUMAN_REVIEW
518,DEC-S20-SEAFOOD,20,SEAFOOD,HIGH,3,RISK_HIGH|PROMO_EXTRAPOLATION,80.46129751205444,240.94680070877075,462.6221146583557,1.5795241599673182,BỔ SUNG THẬN TRỌNG,B,186.73643136024475,379.49387192726135,TRUNG BÌNH,CÂN NHẮC THỬ NGHIỆM,True,POL-INV-005|POL-INV-003|POL-INV-001|POL-PROMO-004|POL-PROMO-005|POL-PROMO-003|POL-PROMO-002|POL-HITL-001|POL-PROMO-001,RULE_BASED,PENDING_HUMAN_REVIEW
519,DEC-S07-LINGERIE,7,LINGERIE,HIGH,3,RISK_HIGH|PROMO_EXTRAPOLATION,78.41779470443726,240.8471875190735,464.6566989421845,1.5970369893480203,BỔ SUNG THẬN TRỌNG,B,188.05038214325904,380.72813215851784,TRUNG BÌNH,CÂN NHẮC THỬ NGHIỆM,True,POL-INV-005|POL-INV-003|POL-INV-001|POL-PROMO-004|POL-PROMO-005|POL-PROMO-003|POL-PROMO-002|POL-HITL-001|POL-PROMO-001,RULE_BASED,PENDING_HUMAN_REVIEW
520,DEC-S27-SEAFOOD,27,SEAFOOD,HIGH,3,RISK_HIGH|PROMO_EXTRAPOLATION,62.92561721801758,239.2895212173462,491.83483505249023,1.7849684649648812,BỔ SUNG THẬN TRỌNG,B,205.69872539043425,397.1303423643112,TRUNG BÌNH,CÂN NHẮC THỬ NGHIỆM,True,POL-INV-005|POL-INV-003|POL-INV-001|POL-PROMO-004|POL-PROMO-005|POL-PROMO-003|POL-PROMO-002|POL-HITL-001|POL-PROMO-001,RULE_BASED,PENDING_HUMAN_REVIEW
521,DEC-S48-LAWN_AND_GARDEN,48,LAWN AND GARDEN,HIGH,3,RISK_HIGH|PROMO_EXTRAPOLATION,80.40703248977661,238.87011098861691,460.5454249382019,1.5847676514664424,BỔ SUNG THẬN TRỌNG,B,186.32109341621396,377.41718220710754,TRUNG BÌNH,CÂN NHẮC THỬ NGHIỆM,True,POL-INV-005|POL-INV-003|POL-INV-001|POL-PROMO-004|POL-PROMO-005|POL-PROMO-003|POL-PROMO-002|POL-HITL-001|POL-PROMO-001,RULE_BASED,PENDING_HUMAN_REVIEW
522,DEC-S01-LAWN_AND_GARDEN,1,LAWN AND GARDEN,HIGH,3,RISK_HIGH|PROMO_EXTRAPOLATION,60.81247854232788,238.5937504768372,491.1390643119812,1.796067655826671,BỔ SUNG THẬN TRỌNG,B,205.55957124233245,396.4345716238022,TRUNG BÌNH,CÂN NHẮC THỬ NGHIỆM,True,POL-INV-005|POL-INV-003|POL-INV-001|POL-PROMO-004|POL-PROMO-005|POL-PROMO-003|POL-PROMO-002|POL-HITL-001|POL-PROMO-001,RULE_BASED,PENDING_HUMAN_REVIEW
523,DEC-S21-GROCERY_II,21,GROCERY II,HIGH,3,RISK_HIGH|PROMO_EXTRAPOLATION,54.37930679321289,237.26677417755127,507.9851026535034,1.9037727665808464,BỔ SUNG THẬN TRỌNG,B,216.65231013298032,406.46572947502136,TRUNG BÌNH,CÂN NHẮC THỬ NGHIỆM,True,POL-INV-005|POL-INV-003|POL-INV-001|POL-PROMO-004|POL-PROMO-005|POL-PROMO-003|POL-PROMO-002|POL-HITL-001|POL-PROMO-001,RULE_BASED,PENDING_HUMAN_REVIEW
524,DEC-S39-LAWN_AND_GARDEN,39,LAWN AND GARDEN,HIGH,3,RISK_HIGH|PROMO_EXTRAPOLATION,65.2159013748169,236.9709644317627,479.5170993804932,1.740973731795232,BỔ SUNG THẬN TRỌNG,B,198.98552722930907,388.56229877471924,TRUNG BÌNH,CÂN NHẮC THỬ NGHIỆM,True,POL-INV-005|POL-INV-003|POL-INV-001|POL-PROMO-004|POL-PROMO-005|POL-PROMO-003|POL-PROMO-002|POL-HITL-001|POL-PROMO-001,RULE_BASED,PENDING_HUMAN_REVIEW
525,DEC-S39-SEAFOOD,39,SEAFOOD,HIGH,3,RISK_HIGH|PROMO_EXTRAPOLATION,64.40344524383545,236.0309181213379,478.5770530700684,1.7473400141588888,BỔ SUNG THẬN TRỌNG,B,198.7975179672241,387.62225246429443,TRUNG BÌNH,CÂN NHẮC THỬ NGHIỆM,True,POL-INV-005|POL-INV-003|POL-INV-001|POL-PROMO-004|POL-PROMO-005|POL-PROMO-003|POL-PROMO-002|POL-HITL-001|POL-PROMO-001,RULE_BASED,PENDING_HUMAN_REVIEW
526,DEC-S43-HOME_AND_KITCHEN_II,43,HOME AND KITCHEN II,HIGH,3,RISK_HIGH|PROMO_EXTRAPOLATION,64.74311256408691,235.2648220062256,477.81095695495605,1.7483256325818357,BỔ SUNG THẬN TRỌNG,B,198.64429874420165,386.85615634918213,TRUNG BÌNH,CÂN NHẮC THỬ NGHIỆM,True,POL-INV-005|POL-INV-003|POL-INV-001|POL-PROMO-004|POL-PROMO-005|POL-PROMO-003|POL-PROMO-002|POL-HITL-001|POL-PROMO-001,RULE_BASED,PENDING_HUMAN_REVIEW
527,DEC-S01-CELEBRATION,1,CELEBRATION,HIGH,3,RISK_HIGH|PROMO_EXTRAPOLATION,50.37754917144776,234.6995668411255,493.593373298645,1.8804269777294464,BỔ SUNG THẬN TRỌNG,B,208.7485424041748,396.5081958770752,TRUNG BÌNH,CÂN NHẮC THỬ NGHIỆM,True,POL-INV-005|POL-INV-003|POL-INV-001|POL-PROMO-004|POL-PROMO-005|POL-PROMO-003|POL-PROMO-002|POL-HITL-001|POL-PROMO-001,RULE_BASED,PENDING_HUMAN_REVIEW
528,DEC-S13-HOME_AND_KITCHEN_I,13,HOME AND KITCHEN I,HIGH,3,RISK_HIGH|PROMO_EXTRAPOLATION,73.1667890548706,234.6549415588379,454.5049123764038,1.61820550334745,BỔ SUNG THẬN TRỌNG,B,184.33722007274628,372.0611733198166,TRUNG BÌNH,CÂN NHẮC THỬ NGHIỆM,True,POL-INV-005|POL-INV-003|POL-INV-001|POL-PROMO-004|POL-PROMO-005|POL-PROMO-003|POL-PROMO-002|POL-HITL-001|POL-PROMO-001,RULE_BASED,PENDING_HUMAN_REVIEW
529,DEC-S49-PET_SUPPLIES,49,PET SUPPLIES,HIGH,3,RISK_HIGH|PROMO_EXTRAPOLATION,43.00706195831299,234.6192779541016,501.6869201660156,1.9466991928268833,BỔ SUNG THẬN TRỌNG,B,213.84113197326658,401.53655433654785,TRUNG BÌNH,CÂN NHẮC THỬ NGHIỆM,True,POL-INV-005|POL-INV-003|POL-INV-001|POL-PROMO-004|POL-PROMO-005|POL-PROMO-003|POL-PROMO-002|POL-HITL-001|POL-PROMO-001,RULE_BASED,PENDING_HUMAN_REVIEW
530,DEC-S09-GROCERY_II,9,GROCERY II,HIGH,3,RISK_HIGH|PROMO_EXTRAPOLATION,104.38290882110596,234.4489917755127,419.7782764434815,1.339548601350934,BỔ SUNG THẬN TRỌNG,B,162.720601272583,350.27979469299316,TRUNG BÌNH,CÂN NHẮC THỬ NGHIỆM,True,POL-INV-005|POL-INV-003|POL-INV-001|POL-PROMO-004|POL-PROMO-005|POL-PROMO-003|POL-PROMO-002|POL-HITL-001|POL-PROMO-001,RULE_BASED,PENDING_HUMAN_REVIEW
531,DEC-S08-PLAYERS_AND_ELECTRONICS,8,PLAYERS AND ELECTRONICS,HIGH,3,RISK_HIGH|PROMO_EXTRAPOLATION,39.42588710784912,233.20692920684812,500.2745714187622,1.9676987605430678,BỔ SUNG THẬN TRỌNG,B,213.5586622238159,400.12420558929443,TRUNG BÌNH,CÂN NHẮC THỬ NGHIỆM,True,POL-INV-005|POL-INV-003|POL-INV-001|POL-PROMO-004|POL-PROMO-005|POL-PROMO-003|POL-PROMO-002|POL-HITL-001|POL-PROMO-001,RULE_BASED,PENDING_HUMAN_REVIEW
532,DEC-S17-GROCERY_II,17,GROCERY II,HIGH,3,RISK_HIGH|PROMO_EXTRAPOLATION,79.68821430206299,230.46176719665527,442.13790225982666,1.5659160143274031,BỔ SUNG THẬN TRỌNG,B,178.38993785381314,362.7593516111374,TRUNG BÌNH,CÂN NHẮC THỬ NGHIỆM,True,POL-INV-005|POL-INV-003|POL-INV-001|POL-PROMO-004|POL-PROMO-005|POL-PROMO-003|POL-PROMO-002|POL-HITL-001|POL-PROMO-001,RULE_BASED,PENDING_HUMAN_REVIEW
533,DEC-S25-BEAUTY,25,BEAUTY,HIGH,3,RISK_HIGH|PROMO_EXTRAPOLATION,98.73937511444092,230.40301716327667,416.7392815351486,1.3742254112284489,BỔ SUNG THẬN TRỌNG,B,162.54076866507532,346.86318239569664,TRUNG BÌNH,CÂN NHẮC THỬ NGHIỆM,True,POL-INV-005|POL-INV-003|POL-INV-001|POL-PROMO-004|POL-PROMO-005|POL-PROMO-003|POL-PROMO-002|POL-HITL-001|POL-PROMO-001,RULE_BASED,PENDING_HUMAN_REVIEW
534,DEC-S37-BEAUTY,37,BEAUTY,HIGH,3,RISK_HIGH|PROMO_EXTRAPOLATION,46.9913501739502,229.79224586486816,480.5122165679932,1.8784030839921506,BỔ SUNG THẬN TRỌNG,B,202.65843086242677,386.4922275543213,TRUNG BÌNH,CÂN NHẮC THỬ NGHIỆM,True,POL-INV-005|POL-INV-003|POL-INV-001|POL-PROMO-004|POL-PROMO-005|POL-PROMO-003|POL-PROMO-002|POL-HITL-001|POL-PROMO-001,RULE_BASED,PENDING_HUMAN_REVIEW
535,DEC-S53-LAWN_AND_GARDEN,53,LAWN AND GARDEN,HIGH,3,RISK_HIGH|PROMO_EXTRAPOLATION,109.3981866836548,228.93692779541016,391.5700483322144,1.2271707043925815,BỔ SUNG THẬN TRỌNG,B,147.43308589458465,330.5826281309128,TRUNG BÌNH,CÂN NHẮC THỬ NGHIỆM,True,POL-INV-005|POL-INV-003|POL-INV-001|POL-PROMO-004|POL-PROMO-005|POL-PROMO-003|POL-PROMO-002|POL-HITL-001|POL-PROMO-001,RULE_BASED,PENDING_HUMAN_REVIEW
536,DEC-S26-HOME_AND_KITCHEN_I,26,HOME AND KITCHEN I,HIGH,3,RISK_HIGH|PROMO_EXTRAPOLATION,81.9013180732727,228.80538988113403,432.3076891899109,1.5247961385844107,BỔ SUNG THẬN TRỌNG,B,172.95001504421234,355.99432694911957,TRUNG BÌNH,CÂN NHẮC THỬ NGHIỆM,True,POL-INV-005|POL-INV-003|POL-INV-001|POL-PROMO-004|POL-PROMO-005|POL-PROMO-003|POL-PROMO-002|POL-HITL-001|POL-PROMO-001,RULE_BASED,PENDING_HUMAN_REVIEW
537,DEC-S20-GROCERY_II,20,GROCERY II,HIGH,3,RISK_HIGH|PROMO_EXTRAPOLATION,64.40230894088745,227.42498445510864,463.6226267814636,1.7477086352567233,BỔ SUNG THẬN TRỌNG,B,193.1085233449936,375.0485109090805,TRUNG BÌNH,CÂN NHẮC THỬ NGHIỆM,True,POL-INV-005|POL-INV-003|POL-INV-001|POL-PROMO-004|POL-PROMO-005|POL-PROMO-003|POL-PROMO-002|POL-HITL-001|POL-PROMO-001,RULE_BASED,PENDING_HUMAN_REVIEW
538,DEC-S07-BEAUTY,7,BEAUTY,HIGH,3,RISK_HIGH|PROMO_EXTRAPOLATION,61.458357095718384,226.62317776679996,452.8216412067413,1.7193472472824132,BỔ SUNG THẬN TRỌNG,B,186.69867520332332,367.9972174167633,TRUNG BÌNH,CÂN NHẮC THỬ NGHIỆM,True,POL-INV-005|POL-INV-003|POL-INV-001|POL-PROMO-004|POL-PROMO-005|POL-PROMO-003|POL-PROMO-002|POL-HITL-001|POL-PROMO-001,RULE_BASED,PENDING_HUMAN_REVIEW
539,DEC-S14-GROCERY_II,14,GROCERY II,HIGH,3,RISK_HIGH|PROMO_EXTRAPOLATION,81.07440710067749,225.7593493461609,427.4363055229187,1.5274426365260922,BỔ SUNG THẬN TRỌNG,B,171.1999674797058,351.8074469566345,TRUNG BÌNH,CÂN NHẮC THỬ NGHIỆM,True,POL-INV-005|POL-INV-003|POL-INV-001|POL-PROMO-004|POL-PROMO-005|POL-PROMO-003|POL-PROMO-002|POL-HITL-001|POL-PROMO-001,RULE_BASED,PENDING_HUMAN_REVIEW
540,DEC-S14-HOME_AND_KITCHEN_II,14,HOME AND KITCHEN II,HIGH,3,RISK_HIGH|PROMO_EXTRAPOLATION,62.15966987609863,225.63696479797363,460.0092639923096,1.7554488274710964,BỔ SUNG THẬN TRỌNG,B,191.6100799560547,372.1196517944336,TRUNG BÌNH,CÂN NHẮC THỬ NGHIỆM,True,POL-INV-005|POL-INV-003|POL-INV-001|POL-PROMO-004|POL-PROMO-005|POL-PROMO-003|POL-PROMO-002|POL-HITL-001|POL-PROMO-001,RULE_BASED,PENDING_HUMAN_REVIEW
541,DEC-S17-SEAFOOD,17,SEAFOOD,HIGH,3,RISK_HIGH|PROMO_EXTRAPOLATION,59.76405477523804,225.4855351448059,459.85783433914185,1.7665312679156293,BỔ SUNG THẬN TRỌNG,B,191.5797940254211,371.96822214126587,TRUNG BÌNH,CÂN NHẮC THỬ NGHIỆM,True,POL-INV-005|POL-INV-003|POL-INV-001|POL-PROMO-004|POL-PROMO-005|POL-PROMO-003|POL-PROMO-002|POL-HITL-001|POL-PROMO-001,RULE_BASED,PENDING_HUMAN_REVIEW
542,DEC-S22-GROCERY_II,22,GROCERY II,HIGH,3,RISK_HIGH|PROMO_EXTRAPOLATION,85.48065233230591,225.0237526893616,418.52687311172485,1.4735009786212379,BỔ SUNG THẬN TRỌNG,B,165.94420080184935,345.9632029533386,TRUNG BÌNH,CÂN NHẮC THỬ NGHIỆM,True,POL-INV-005|POL-INV-003|POL-INV-001|POL-PROMO-004|POL-PROMO-005|POL-PROMO-003|POL-PROMO-002|POL-HITL-001|POL-PROMO-001,RULE_BASED,PENDING_HUMAN_REVIEW
543,DEC-S33-CELEBRATION,33,CELEBRATION,HIGH,3,RISK_HIGH|PROMO_EXTRAPOLATION,58.47304916381836,224.5665397644043,450.7650032043457,1.7391407185226204,BỔ SUNG THẬN TRỌNG,B,186.28734760284425,365.9405794143677,TRUNG BÌNH,CÂN NHẮC THỬ NGHIỆM,True,POL-INV-005|POL-INV-003|POL-INV-001|POL-PROMO-004|POL-PROMO-005|POL-PROMO-003|POL-PROMO-002|POL-HITL-001|POL-PROMO-001,RULE_BASED,PENDING_HUMAN_REVIEW
544,DEC-S40-GROCERY_II,40,GROCERY II,HIGH,3,RISK_HIGH|PROMO_EXTRAPOLATION,72.8941879272461,223.73199462890625,441.7566223144531,1.6413436591273949,BỔ SUNG THẬN TRỌNG,B,181.01179122924805,359.99738693237305,TRUNG BÌNH,CÂN NHẮC THỬ NGHIỆM,True,POL-INV-005|POL-INV-003|POL-INV-001|POL-PROMO-004|POL-PROMO-005|POL-PROMO-003|POL-PROMO-002|POL-HITL-001|POL-PROMO-001,RULE_BASED,PENDING_HUMAN_REVIEW
545,DEC-S38-SEAFOOD,38,SEAFOOD,HIGH,3,RISK_HIGH|PROMO_EXTRAPOLATION,55.894328117370605,222.22828578948972,458.4259281158447,1.803228468896062,BỔ SUNG THẬN TRỌNG,B,192.0691836118698,369.8518122434616,TRUNG BÌNH,CÂN NHẮC THỬ NGHIỆM,True,POL-INV-005|POL-INV-003|POL-INV-001|POL-PROMO-004|POL-PROMO-005|POL-PROMO-003|POL-PROMO-002|POL-HITL-001|POL-PROMO-001,RULE_BASED,PENDING_HUMAN_REVIEW
546,DEC-S38-BEAUTY,38,BEAUTY,HIGH,3,RISK_HIGH|PROMO_EXTRAPOLATION,61.42298412322998,221.80267333984372,445.6121847629547,1.7243473558044615,BỔ SUNG THẬN TRỌNG,B,184.2414793074131,361.6836179792881,TRUNG BÌNH,CÂN NHẮC THỬ NGHIỆM,True,POL-INV-005|POL-INV-003|POL-INV-001|POL-PROMO-004|POL-PROMO-005|POL-PROMO-003|POL-PROMO-002|POL-HITL-001|POL-PROMO-001,RULE_BASED,PENDING_HUMAN_REVIEW
547,DEC-S03-PET_SUPPLIES,3,PET SUPPLIES,HIGH,3,RISK_HIGH|PROMO_EXTRAPOLATION,36.71910858154297,221.69717121124268,480.5909776687622,1.9931634814803196,BỔ SUNG THẬN TRỌNG,B,206.14806327819824,383.5058002471924,TRUNG BÌNH,CÂN NHẮC THỬ NGHIỆM,True,POL-INV-005|POL-INV-003|POL-INV-001|POL-PROMO-004|POL-PROMO-005|POL-PROMO-003|POL-PROMO-002|POL-HITL-001|POL-PROMO-001,RULE_BASED,PENDING_HUMAN_REVIEW
548,DEC-S45-MAGAZINES,45,MAGAZINES,HIGH,3,RISK_HIGH|PROMO_EXTRAPOLATION,44.190043449401855,221.3102731704712,472.0302438735962,1.9245183514129345,BỔ SUNG THẬN TRỌNG,B,200.96203632354735,378.0102548599243,TRUNG BÌNH,CÂN NHẮC THỬ NGHIỆM,True,POL-INV-005|POL-INV-003|POL-INV-001|POL-PROMO-004|POL-PROMO-005|POL-PROMO-003|POL-PROMO-002|POL-HITL-001|POL-PROMO-001,RULE_BASED,PENDING_HUMAN_REVIEW
549,DEC-S49-MAGAZINES,49,MAGAZINES,HIGH,3,RISK_HIGH|PROMO_EXTRAPOLATION,52.02664661407471,221.0180721282959,463.5642070770264,1.8536218989647817,BỔ SUNG THẬN TRỌNG,B,195.7949487686157,372.60940647125244,TRUNG BÌNH,CÂN NHẮC THỬ NGHIỆM,True,POL-INV-005|POL-INV-003|POL-INV-001|POL-PROMO-004|POL-PROMO-005|POL-PROMO-003|POL-PROMO-002|POL-HITL-001|POL-PROMO-001,RULE_BASED,PENDING_HUMAN_REVIEW
550,DEC-S46-CELEBRATION,46,CELEBRATION,HIGH,3,RISK_HIGH|PROMO_EXTRAPOLATION,59.90858459472656,220.78323459625244,446.98169803619385,1.7452767074396696,BỔ SUNG THẬN TRỌNG,B,185.53068656921386,362.1572742462158,TRUNG BÌNH,CÂN NHẮC THỬ NGHIỆM,True,POL-INV-005|POL-INV-003|POL-INV-001|POL-PROMO-004|POL-PROMO-005|POL-PROMO-003|POL-PROMO-002|POL-HITL-001|POL-PROMO-001,RULE_BASED,PENDING_HUMAN_REVIEW
551,DEC-S41-BEAUTY,41,BEAUTY,HIGH,3,RISK_HIGH|PROMO_EXTRAPOLATION,49.75033664703369,220.58467197418213,454.95697116851807,1.828676283929499,BỔ SUNG THẬN TRỌNG,B,190.59962139129638,367.0673589706421,TRUNG BÌNH,CÂN NHẮC THỬ NGHIỆM,True,POL-INV-005|POL-INV-003|POL-INV-001|POL-PROMO-004|POL-PROMO-005|POL-PROMO-003|POL-PROMO-002|POL-HITL-001|POL-PROMO-001,RULE_BASED,PENDING_HUMAN_REVIEW
552,DEC-S53-GROCERY_II,53,GROCERY II,HIGH,3,RISK_HIGH|PROMO_EXTRAPOLATION,76.683349609375,219.2807025909424,420.9576587677002,1.5628891006291952,BỔ SUNG THẬN TRỌNG,B,169.9042381286621,345.328800201416,TRUNG BÌNH,CÂN NHẮC THỬ NGHIỆM,True,POL-INV-005|POL-INV-003|POL-INV-001|POL-PROMO-004|POL-PROMO-005|POL-PROMO-003|POL-PROMO-002|POL-HITL-001|POL-PROMO-001,RULE_BASED,PENDING_HUMAN_REVIEW
553,DEC-S08-BEAUTY,8,BEAUTY,HIGH,3,RISK_HIGH|PROMO_EXTRAPOLATION,52.98309659957886,219.1157183647156,453.4880175590515,1.8195198595307283,BỔ SUNG THẬN TRỌNG,B,190.30583066940306,365.59840536117554,TRUNG BÌNH,CÂN NHẮC THỬ NGHIỆM,True,POL-INV-005|POL-INV-003|POL-INV-001|POL-PROMO-004|POL-PROMO-005|POL-PROMO-003|POL-PROMO-002|POL-HITL-001|POL-PROMO-001,RULE_BASED,PENDING_HUMAN_REVIEW
554,DEC-S45-AUTOMOTIVE,45,AUTOMOTIVE,HIGH,3,RISK_HIGH|PROMO_EXTRAPOLATION,72.42954158782959,218.00219631195068,427.852988243103,1.6229218365874372,BỔ SUNG THẬN TRỌNG,B,174.75718421936034,349.1589412689209,TRUNG BÌNH,CÂN NHẮC THỬ NGHIỆM,True,POL-INV-005|POL-INV-003|POL-INV-001|POL-PROMO-004|POL-PROMO-005|POL-PROMO-003|POL-PROMO-002|POL-HITL-001|POL-PROMO-001,RULE_BASED,PENDING_HUMAN_REVIEW
555,DEC-S51-PET_SUPPLIES,51,PET SUPPLIES,HIGH,3,RISK_HIGH|PROMO_EXTRAPOLATION,34.126444816589355,216.1217136383057,475.0155200958252,2.030607938244699,BỔ SUNG THẬN TRỌNG,B,205.03297176361082,377.93034267425537,TRUNG BÌNH,CÂN NHẮC THỬ NGHIỆM,True,POL-INV-005|POL-INV-003|POL-INV-001|POL-PROMO-004|POL-PROMO-005|POL-PROMO-003|POL-PROMO-002|POL-HITL-001|POL-PROMO-001,RULE_BASED,PENDING_HUMAN_REVIEW
556,DEC-S09-LADIESWEAR,9,LADIESWEAR,HIGH,3,RISK_HIGH|PROMO_EXTRAPOLATION,77.49811935424805,215.87253284454343,409.37565326690674,1.5302884582002465,BỔ SUNG THẬN TRỌNG,B,164.11395683288572,336.8119831085205,TRUNG BÌNH,CÂN NHẮC THỬ NGHIỆM,True,POL-INV-005|POL-INV-003|POL-INV-001|POL-PROMO-004|POL-PROMO-005|POL-PROMO-003|POL-PROMO-002|POL-HITL-001|POL-PROMO-001,RULE_BASED,PENDING_HUMAN_REVIEW
557,DEC-S35-HOME_AND_KITCHEN_I,35,HOME AND KITCHEN I,HIGH,3,RISK_HIGH|PROMO_EXTRAPOLATION,74.40674352645874,214.74048471450809,408.24360513687134,1.5474001648424163,BỔ SUNG THẬN TRỌNG,B,163.88754720687865,335.6799349784851,TRUNG BÌNH,CÂN NHẮC THỬ NGHIỆM,True,POL-INV-005|POL-INV-003|POL-INV-001|POL-PROMO-004|POL-PROMO-005|POL-PROMO-003|POL-PROMO-002|POL-HITL-001|POL-PROMO-001,RULE_BASED,PENDING_HUMAN_REVIEW
558,DEC-S18-GROCERY_II,18,GROCERY II,HIGH,3,RISK_HIGH|PROMO_EXTRAPOLATION,88.9647045135498,214.2605104446411,385.06746673583984,1.3755554217104733,BỔ SUNG THẬN TRỌNG,B,149.6064497709274,321.0148581266403,TRUNG BÌNH,CÂN NHẮC THỬ NGHIỆM,True,POL-INV-005|POL-INV-003|POL-INV-001|POL-PROMO-004|POL-PROMO-005|POL-PROMO-003|POL-PROMO-002|POL-HITL-001|POL-PROMO-001,RULE_BASED,PENDING_HUMAN_REVIEW
559,DEC-S07-CELEBRATION,7,CELEBRATION,HIGH,3,RISK_HIGH|PROMO_EXTRAPOLATION,32.21942710876465,214.0870952606201,472.9809017181397,2.0492232417537943,BỔ SUNG THẬN TRỌNG,B,204.62604808807373,375.8957242965698,TRUNG BÌNH,CÂN NHẮC THỬ NGHIỆM,True,POL-INV-005|POL-INV-003|POL-INV-001|POL-PROMO-004|POL-PROMO-005|POL-PROMO-003|POL-PROMO-002|POL-HITL-001|POL-PROMO-001,RULE_BASED,PENDING_HUMAN_REVIEW
560,DEC-S18-LINGERIE,18,LINGERIE,HIGH,3,RISK_HIGH|PROMO_EXTRAPOLATION,65.83901381492615,214.08026123046875,424.9380328655243,1.669604718704551,BỔ SUNG THẬN TRỌNG,B,174.60215951800345,345.86636850237846,TRUNG BÌNH,CÂN NHẮC THỬ NGHIỆM,True,POL-INV-005|POL-INV-003|POL-INV-001|POL-PROMO-004|POL-PROMO-005|POL-PROMO-003|POL-PROMO-002|POL-HITL-001|POL-PROMO-001,RULE_BASED,PENDING_HUMAN_REVIEW
561,DEC-S13-GROCERY_II,13,GROCERY II,HIGH,3,RISK_HIGH|PROMO_EXTRAPOLATION,85.57555389404297,213.924822807312,391.08027172088623,1.4214492018017828,BỔ SUNG THẬN TRỌNG,B,153.5071201324463,324.6469783782959,TRUNG BÌNH,CÂN NHẮC THỬ NGHIỆM,True,POL-INV-005|POL-INV-003|POL-INV-001|POL-PROMO-004|POL-PROMO-005|POL-PROMO-003|POL-PROMO-002|POL-HITL-001|POL-PROMO-001,RULE_BASED,PENDING_HUMAN_REVIEW
562,DEC-S15-HOME_AND_KITCHEN_II,15,HOME AND KITCHEN II,HIGH,3,RISK_HIGH|PROMO_EXTRAPOLATION,51.37572193145752,213.4604434967041,447.83274269104,1.8486253888851785,BỔ SUNG THẬN TRỌNG,B,189.17477569580072,359.943130493164,TRUNG BÌNH,CÂN NHẮC THỬ NGHIỆM,True,POL-INV-005|POL-INV-003|POL-INV-001|POL-PROMO-004|POL-PROMO-005|POL-PROMO-003|POL-PROMO-002|POL-HITL-001|POL-PROMO-001,RULE_BASED,PENDING_HUMAN_REVIEW
563,DEC-S04-HOME_AND_KITCHEN_II,4,HOME AND KITCHEN II,HIGH,3,RISK_HIGH|PROMO_EXTRAPOLATION,78.29243850708008,213.0470094680786,398.37629413604736,1.4953904584997355,BỔ SUNG THẬN TRỌNG,B,158.44020481109618,328.8778123855591,TRUNG BÌNH,CÂN NHẮC THỬ NGHIỆM,True,POL-INV-005|POL-INV-003|POL-INV-001|POL-PROMO-004|POL-PROMO-005|POL-PROMO-003|POL-PROMO-002|POL-HITL-001|POL-PROMO-001,RULE_BASED,PENDING_HUMAN_REVIEW
564,DEC-S12-HOME_AND_KITCHEN_II,12,HOME AND KITCHEN II,HIGH,3,RISK_HIGH|PROMO_EXTRAPOLATION,77.12080669403076,211.214186668396,396.5434713363648,1.5051899670659674,BỔ SUNG THẬN TRỌNG,B,158.07364025115965,327.04498958587646,TRUNG BÌNH,CÂN NHẮC THỬ NGHIỆM,True,POL-INV-005|POL-INV-003|POL-INV-001|POL-PROMO-004|POL-PROMO-005|POL-PROMO-003|POL-PROMO-002|POL-HITL-001|POL-PROMO-001,RULE_BASED,PENDING_HUMAN_REVIEW
565,DEC-S43-GROCERY_II,43,GROCERY II,HIGH,3,RISK_HIGH|PROMO_EXTRAPOLATION,97.31942987442017,210.1247239112854,362.758665561676,1.2572626775762814,BỔ SUNG THẬN TRỌNG,B,137.42115831375122,305.52093744277954,TRUNG BÌNH,CÂN NHẮC THỬ NGHIỆM,True,POL-INV-005|POL-INV-003|POL-INV-001|POL-PROMO-004|POL-PROMO-005|POL-PROMO-003|POL-PROMO-002|POL-HITL-001|POL-PROMO-001,RULE_BASED,PENDING_HUMAN_REVIEW
566,DEC-S17-LINGERIE,17,LINGERIE,HIGH,3,RISK_HIGH|PROMO_EXTRAPOLATION,69.39730072021484,207.15891695022583,408.715635061264,1.6300927162403793,BỔ SUNG THẬN TRỌNG,B,167.40473220944398,333.13186576962465,TRUNG BÌNH,CÂN NHẮC THỬ NGHIỆM,True,POL-INV-005|POL-INV-003|POL-INV-001|POL-PROMO-004|POL-PROMO-005|POL-PROMO-003|POL-PROMO-002|POL-HITL-001|POL-PROMO-001,RULE_BASED,PENDING_HUMAN_REVIEW
567,DEC-S47-AUTOMOTIVE,47,AUTOMOTIVE,HIGH,3,RISK_HIGH|PROMO_EXTRAPOLATION,72.82221221923828,206.63458251953125,391.9638671875,1.5370351657977857,BỔ SUNG THẬN TRỌNG,B,157.1577194213867,322.4653854370117,TRUNG BÌNH,CÂN NHẮC THỬ NGHIỆM,True,POL-INV-005|POL-INV-003|POL-INV-001|POL-PROMO-004|POL-PROMO-005|POL-PROMO-003|POL-PROMO-002|POL-HITL-001|POL-PROMO-001,RULE_BASED,PENDING_HUMAN_REVIEW
568,DEC-S05-BEAUTY,5,BEAUTY,HIGH,3,RISK_HIGH|PROMO_EXTRAPOLATION,43.61388850212097,206.4155728816986,432.61403632164,1.8754625914293759,BỔ SUNG THẬN TRỌNG,B,182.65715422630308,347.789612531662,TRUNG BÌNH,CÂN NHẮC THỬ NGHIỆM,True,POL-INV-005|POL-INV-003|POL-INV-001|POL-PROMO-004|POL-PROMO-005|POL-PROMO-003|POL-PROMO-002|POL-HITL-001|POL-PROMO-001,RULE_BASED,PENDING_HUMAN_REVIEW
569,DEC-S38-CELEBRATION,38,CELEBRATION,HIGH,3,RISK_HIGH|PROMO_EXTRAPOLATION,57.32647705078125,206.3219518661499,416.1727437973023,1.730864790324748,BỔ SUNG THẬN TRỌNG,B,172.42113533020017,337.4786968231201,TRUNG BÌNH,CÂN NHẮC THỬ NGHIỆM,True,POL-INV-005|POL-INV-003|POL-INV-001|POL-PROMO-004|POL-PROMO-005|POL-PROMO-003|POL-PROMO-002|POL-HITL-001|POL-PROMO-001,RULE_BASED,PENDING_HUMAN_REVIEW
570,DEC-S50-PET_SUPPLIES,50,PET SUPPLIES,HIGH,3,RISK_HIGH|PROMO_EXTRAPOLATION,77.61191177368164,206.17404460906985,383.329493522644,1.4756558058507796,BỔ SUNG THẬN TRỌNG,B,151.95696449279785,316.8962001800537,TRUNG BÌNH,CÂN NHẮC THỬ NGHIỆM,True,POL-INV-005|POL-INV-003|POL-INV-001|POL-PROMO-004|POL-PROMO-005|POL-PROMO-003|POL-PROMO-002|POL-HITL-001|POL-PROMO-001,RULE_BASED,PENDING_HUMAN_REVIEW
571,DEC-S51-BEAUTY,51,BEAUTY,HIGH,3,RISK_HIGH|PROMO_EXTRAPOLATION,53.21401596069336,205.5243225097656,418.7710461616516,1.7700434784560193,BỔ SUNG THẬN TRỌNG,B,174.38406678438184,338.80352479219437,TRUNG BÌNH,CÂN NHẮC THỬ NGHIỆM,True,POL-INV-005|POL-INV-003|POL-INV-001|POL-PROMO-004|POL-PROMO-005|POL-PROMO-003|POL-PROMO-002|POL-HITL-001|POL-PROMO-001,RULE_BASED,PENDING_HUMAN_REVIEW
572,DEC-S30-HOME_AND_KITCHEN_I,30,HOME AND KITCHEN I,HIGH,3,RISK_HIGH|PROMO_EXTRAPOLATION,52.03699398040772,205.3237581253052,415.1745500564575,1.7600375224626723,BỔ SUNG THẬN TRỌNG,B,172.22149658203125,336.4805030822754,TRUNG BÌNH,CÂN NHẮC THỬ NGHIỆM,True,POL-INV-005|POL-INV-003|POL-INV-001|POL-PROMO-004|POL-PROMO-005|POL-PROMO-003|POL-PROMO-002|POL-HITL-001|POL-PROMO-001,RULE_BASED,PENDING_HUMAN_REVIEW
573,DEC-S08-MAGAZINES,8,MAGAZINES,HIGH,3,RISK_HIGH|PROMO_EXTRAPOLATION,27.939753532409668,205.04115200042725,463.9349584579468,2.116058858594583,BỔ SUNG THẬN TRỌNG,B,202.81685943603514,366.84978103637695,TRUNG BÌNH,CÂN NHẮC THỬ NGHIỆM,True,POL-INV-005|POL-INV-003|POL-INV-001|POL-PROMO-004|POL-PROMO-005|POL-PROMO-003|POL-PROMO-002|POL-HITL-001|POL-PROMO-001,RULE_BASED,PENDING_HUMAN_REVIEW
574,DEC-S04-BEAUTY,4,BEAUTY,HIGH,3,RISK_HIGH|PROMO_EXTRAPOLATION,55.953261375427246,204.51842308044436,417.7651467323303,1.7604839504596728,BỔ SUNG THẬN TRỌNG,B,174.1828868985176,337.7976253628731,TRUNG BÌNH,CÂN NHẮC THỬ NGHIỆM,True,POL-INV-005|POL-INV-003|POL-INV-001|POL-PROMO-004|POL-PROMO-005|POL-PROMO-003|POL-PROMO-002|POL-HITL-001|POL-PROMO-001,RULE_BASED,PENDING_HUMAN_REVIEW
575,DEC-S05-CELEBRATION,5,CELEBRATION,HIGH,3,RISK_HIGH|PROMO_EXTRAPOLATION,38.471943855285645,203.961332321167,446.5074672698975,1.9907926963278857,BỔ SUNG THẬN TRỌNG,B,192.38360080718994,355.55266666412354,TRUNG BÌNH,CÂN NHẮC THỬ NGHIỆM,True,POL-INV-005|POL-INV-003|POL-INV-001|POL-PROMO-004|POL-PROMO-005|POL-PROMO-003|POL-PROMO-002|POL-HITL-001|POL-PROMO-001,RULE_BASED,PENDING_HUMAN_REVIEW
576,DEC-S43-LAWN_AND_GARDEN,43,LAWN AND GARDEN,HIGH,3,RISK_HIGH|PROMO_EXTRAPOLATION,76.4189076423645,201.95042181015012,372.7573781013489,1.4601520303130686,BỔ SUNG THẬN TRỌNG,B,147.14443204402923,308.70476949214935,TRUNG BÌNH,CÂN NHẮC THỬ NGHIỆM,True,POL-INV-005|POL-INV-003|POL-INV-001|POL-PROMO-004|POL-PROMO-005|POL-PROMO-003|POL-PROMO-002|POL-HITL-001|POL-PROMO-001,RULE_BASED,PENDING_HUMAN_REVIEW
577,DEC-S48-AUTOMOTIVE,48,AUTOMOTIVE,HIGH,3,RISK_HIGH|PROMO_EXTRAPOLATION,78.00985717773438,201.69906044006348,370.6806735992432,1.4438686384935135,BỔ SUNG THẬN TRỌNG,B,145.95332031249998,307.3125686645508,TRUNG BÌNH,CÂN NHẮC THỬ NGHIỆM,True,POL-INV-005|POL-INV-003|POL-INV-001|POL-PROMO-004|POL-PROMO-005|POL-PROMO-003|POL-PROMO-002|POL-HITL-001|POL-PROMO-001,RULE_BASED,PENDING_HUMAN_REVIEW
578,DEC-S25-GROCERY_II,25,GROCERY II,HIGH,3,RISK_HIGH|PROMO_EXTRAPOLATION,33.9035062789917,201.3737268447876,443.91986179351807,2.02603550325973,BỔ SUNG THẬN TRỌNG,B,191.86607971191404,352.96506118774414,TRUNG BÌNH,CÂN NHẮC THỬ NGHIỆM,True,POL-INV-005|POL-INV-003|POL-INV-001|POL-PROMO-004|POL-PROMO-005|POL-PROMO-003|POL-PROMO-002|POL-HITL-001|POL-PROMO-001,RULE_BASED,PENDING_HUMAN_REVIEW
579,DEC-S28-CELEBRATION,28,CELEBRATION,HIGH,3,RISK_HIGH|PROMO_EXTRAPOLATION,29.184553146362305,200.87656688690183,443.4227018356323,2.0519377512563923,BỔ SUNG THẬN TRỌNG,B,191.7666477203369,352.4679012298584,TRUNG BÌNH,CÂN NHẮC THỬ NGHIỆM,True,POL-INV-005|POL-INV-003|POL-INV-001|POL-PROMO-004|POL-PROMO-005|POL-PROMO-003|POL-PROMO-002|POL-HITL-001|POL-PROMO-001,RULE_BASED,PENDING_HUMAN_REVIEW
580,DEC-S24-CELEBRATION,24,CELEBRATION,HIGH,3,RISK_HIGH|PROMO_EXTRAPOLATION,45.41590404510498,200.5718050003052,426.7702684402466,1.8919033065887572,BỔ SUNG THẬN TRỌNG,B,181.4884006500244,341.94584465026855,TRUNG BÌNH,CÂN NHẮC THỬ NGHIỆM,True,POL-INV-005|POL-INV-003|POL-INV-001|POL-PROMO-004|POL-PROMO-005|POL-PROMO-003|POL-PROMO-002|POL-HITL-001|POL-PROMO-001,RULE_BASED,PENDING_HUMAN_REVIEW
581,DEC-S42-BEAUTY,42,BEAUTY,HIGH,3,RISK_HIGH|PROMO_EXTRAPOLATION,46.479822874069214,200.3673083782196,418.3919360637665,1.8469339248014909,BỔ SUNG THẬN TRỌNG,B,176.3388539791107,336.6327006816864,TRUNG BÌNH,CÂN NHẮC THỬ NGHIỆM,True,POL-INV-005|POL-INV-003|POL-INV-001|POL-PROMO-004|POL-PROMO-005|POL-PROMO-003|POL-PROMO-002|POL-HITL-001|POL-PROMO-001,RULE_BASED,PENDING_HUMAN_REVIEW
582,DEC-S13-HOME_AND_KITCHEN_II,13,HOME AND KITCHEN II,HIGH,3,RISK_HIGH|PROMO_EXTRAPOLATION,29.88959789276123,199.2975616455078,433.66986083984375,2.0159020390957334,BỔ SUNG THẬN TRỌNG,B,186.34219932556152,345.7802486419678,TRUNG BÌNH,CÂN NHẮC THỬ NGHIỆM,True,POL-INV-005|POL-INV-003|POL-INV-001|POL-PROMO-004|POL-PROMO-005|POL-PROMO-003|POL-PROMO-002|POL-HITL-001|POL-PROMO-001,RULE_BASED,PENDING_HUMAN_REVIEW
583,DEC-S11-PLAYERS_AND_ELECTRONICS,11,PLAYERS AND ELECTRONICS,HIGH,3,RISK_HIGH|PROMO_EXTRAPOLATION,62.211440086364746,199.15168952941892,392.6548099517822,1.650964679050825,BỔ SUNG THẬN TRỌNG,B,160.76978816986082,320.091139793396,TRUNG BÌNH,CÂN NHẮC THỬ NGHIỆM,True,POL-INV-005|POL-INV-003|POL-INV-001|POL-PROMO-004|POL-PROMO-005|POL-PROMO-003|POL-PROMO-002|POL-HITL-001|POL-PROMO-001,RULE_BASED,PENDING_HUMAN_REVIEW
584,DEC-S02-BEAUTY,2,BEAUTY,HIGH,3,RISK_HIGH|PROMO_EXTRAPOLATION,49.72549772262573,199.04689931869507,408.8976912498474,1.7954399430856653,BỔ SUNG THẬN TRỌNG,B,170.9661248207092,330.2036442756653,TRUNG BÌNH,CÂN NHẮC THỬ NGHIỆM,True,POL-INV-005|POL-INV-003|POL-INV-001|POL-PROMO-004|POL-PROMO-005|POL-PROMO-003|POL-PROMO-002|POL-HITL-001|POL-PROMO-001,RULE_BASED,PENDING_HUMAN_REVIEW
585,DEC-S24-LADIESWEAR,24,LADIESWEAR,HIGH,3,RISK_HIGH|PROMO_EXTRAPOLATION,97.75879240036012,198.5785403251648,334.8648104667664,1.1880336316725215,BỔ SUNG THẬN TRỌNG,B,124.89462690353392,283.75745916366577,TRUNG BÌNH,CÂN NHẮC THỬ NGHIỆM,True,POL-INV-005|POL-INV-003|POL-INV-001|POL-PROMO-004|POL-PROMO-005|POL-PROMO-003|POL-PROMO-002|POL-HITL-001|POL-PROMO-001,RULE_BASED,PENDING_HUMAN_REVIEW
586,DEC-S09-BEAUTY,9,BEAUTY,HIGH,3,RISK_HIGH|PROMO_EXTRAPOLATION,36.84544277191162,197.68489837646484,423.8833618164063,1.9479986763319157,BỔ SUNG THẬN TRỌNG,B,180.91101932525635,339.0589380264282,TRUNG BÌNH,CÂN NHẮC THỬ NGHIỆM,True,POL-INV-005|POL-INV-003|POL-INV-001|POL-PROMO-004|POL-PROMO-005|POL-PROMO-003|POL-PROMO-002|POL-HITL-001|POL-PROMO-001,RULE_BASED,PENDING_HUMAN_REVIEW
587,DEC-S07-LADIESWEAR,7,LADIESWEAR,HIGH,3,RISK_HIGH|PROMO_EXTRAPOLATION,31.985626220703125,196.9848690032959,439.5310039520264,2.058467294915041,BỔ SUNG THẬN TRỌNG,B,190.9883081436157,348.57620334625244,TRUNG BÌNH,CÂN NHẮC THỬ NGHIỆM,True,POL-INV-005|POL-INV-003|POL-INV-001|POL-PROMO-004|POL-PROMO-005|POL-PROMO-003|POL-PROMO-002|POL-HITL-001|POL-PROMO-001,RULE_BASED,PENDING_HUMAN_REVIEW
588,DEC-S06-BEAUTY,6,BEAUTY,HIGH,3,RISK_HIGH|PROMO_EXTRAPOLATION,62.7490713596344,195.8383085727692,381.1675932407379,1.6176654035989508,BỔ SUNG THẬN TRỌNG,B,154.99846463203428,311.66911149024963,TRUNG BÌNH,CÂN NHẮC THỬ NGHIỆM,True,POL-INV-005|POL-INV-003|POL-INV-001|POL-PROMO-004|POL-PROMO-005|POL-PROMO-003|POL-PROMO-002|POL-HITL-001|POL-PROMO-001,RULE_BASED,PENDING_HUMAN_REVIEW
589,DEC-S02-CELEBRATION,2,CELEBRATION,HIGH,3,RISK_HIGH|PROMO_EXTRAPOLATION,88.36843156814575,194.22839784622192,338.688503742218,1.282190884807881,BỔ SUNG THẬN TRỌNG,B,129.13324575424193,284.5159640312195,TRUNG BÌNH,CÂN NHẮC THỬ NGHIỆM,True,POL-INV-005|POL-INV-003|POL-INV-001|POL-PROMO-004|POL-PROMO-005|POL-PROMO-003|POL-PROMO-002|POL-HITL-001|POL-PROMO-001,RULE_BASED,PENDING_HUMAN_REVIEW
590,DEC-S52-PET_SUPPLIES,52,PET SUPPLIES,HIGH,3,RISK_HIGH|PROMO_EXTRAPOLATION,47.505887031555176,193.20421504974365,403.055006980896,1.8308002216031725,BỔ SUNG THẬN TRỌNG,B,169.79758796691894,324.36096000671387,TRUNG BÌNH,CÂN NHẮC THỬ NGHIỆM,True,POL-INV-005|POL-INV-003|POL-INV-001|POL-PROMO-004|POL-PROMO-005|POL-PROMO-003|POL-PROMO-002|POL-HITL-001|POL-PROMO-001,RULE_BASED,PENDING_HUMAN_REVIEW
591,DEC-S09-AUTOMOTIVE,9,AUTOMOTIVE,HIGH,3,RISK_HIGH|PROMO_EXTRAPOLATION,92.13576173782349,192.95550966262817,329.24177980422974,1.2224763219092631,BỔ SUNG THẬN TRỌNG,B,123.7700207710266,278.13442850112915,TRUNG BÌNH,CÂN NHẮC THỬ NGHIỆM,True,POL-INV-005|POL-INV-003|POL-INV-001|POL-PROMO-004|POL-PROMO-005|POL-PROMO-003|POL-PROMO-002|POL-HITL-001|POL-PROMO-001,RULE_BASED,PENDING_HUMAN_REVIEW
592,DEC-S06-PLAYERS_AND_ELECTRONICS,6,PLAYERS AND ELECTRONICS,HIGH,3,RISK_HIGH|PROMO_EXTRAPOLATION,76.52539205551147,192.831928730011,353.63970613479614,1.429662883173793,BỔ SUNG THẬN TRỌNG,B,139.07124662399292,293.3367896080017,TRUNG BÌNH,CÂN NHẮC THỬ NGHIỆM,True,POL-INV-005|POL-INV-003|POL-INV-001|POL-PROMO-004|POL-PROMO-005|POL-PROMO-003|POL-PROMO-002|POL-HITL-001|POL-PROMO-001,RULE_BASED,PENDING_HUMAN_REVIEW
593,DEC-S54-HOME_AND_KITCHEN_II,54,HOME AND KITCHEN II,HIGH,3,RISK_HIGH|PROMO_EXTRAPOLATION,74.3035740852356,191.7307267189026,352.53850412368774,1.4436459342793704,BỔ SUNG THẬN TRỌNG,B,138.85100622177123,292.2355875968933,TRUNG BÌNH,CÂN NHẮC THỬ NGHIỆM,True,POL-INV-005|POL-INV-003|POL-INV-001|POL-PROMO-004|POL-PROMO-005|POL-PROMO-003|POL-PROMO-002|POL-HITL-001|POL-PROMO-001,RULE_BASED,PENDING_HUMAN_REVIEW
594,DEC-S32-HOME_AND_KITCHEN_I,32,HOME AND KITCHEN I,HIGH,3,RISK_HIGH|PROMO_EXTRAPOLATION,62.329322814941406,191.5487489700317,368.704197883606,1.591154846279208,BỔ SUNG THẬN TRỌNG,B,149.03190536499022,302.2709045410156,TRUNG BÌNH,CÂN NHẮC THỬ NGHIỆM,True,POL-INV-005|POL-INV-003|POL-INV-001|POL-PROMO-004|POL-PROMO-005|POL-PROMO-003|POL-PROMO-002|POL-HITL-001|POL-PROMO-001,RULE_BASED,PENDING_HUMAN_REVIEW
595,DEC-S46-AUTOMOTIVE,46,AUTOMOTIVE,HIGH,3,RISK_HIGH|PROMO_EXTRAPOLATION,74.37524223327637,191.50706577301025,352.3148431777954,1.4437890880963526,BỔ SUNG THẬN TRỌNG,B,138.80627403259277,292.011926651001,TRUNG BÌNH,CÂN NHẮC THỬ NGHIỆM,True,POL-INV-005|POL-INV-003|POL-INV-001|POL-PROMO-004|POL-PROMO-005|POL-PROMO-003|POL-PROMO-002|POL-HITL-001|POL-PROMO-001,RULE_BASED,PENDING_HUMAN_REVIEW
596,DEC-S33-LINGERIE,33,LINGERIE,HIGH,3,RISK_HIGH|PROMO_EXTRAPOLATION,83.36477279663086,189.89293956756592,334.353045463562,1.3148117119234506,BỔ SUNG THẬN TRỌNG,B,128.26615409851073,280.1805057525635,TRUNG BÌNH,CÂN NHẮC THỬ NGHIỆM,True,POL-INV-005|POL-INV-003|POL-INV-001|POL-PROMO-004|POL-PROMO-005|POL-PROMO-003|POL-PROMO-002|POL-HITL-001|POL-PROMO-001,RULE_BASED,PENDING_HUMAN_REVIEW
597,DEC-S12-GROCERY_II,12,GROCERY II,HIGH,3,RISK_HIGH|PROMO_EXTRAPOLATION,74.60898208618164,189.8114824295044,348.2303078174591,1.4339877362064273,BỔ SUNG THẬN TRỌNG,B,136.97406235337257,288.8232482969761,TRUNG BÌNH,CÂN NHẮC THỬ NGHIỆM,True,POL-INV-005|POL-INV-003|POL-INV-001|POL-PROMO-004|POL-PROMO-005|POL-PROMO-003|POL-PROMO-002|POL-HITL-001|POL-PROMO-001,RULE_BASED,PENDING_HUMAN_REVIEW
598,DEC-S47-MAGAZINES,47,MAGAZINES,HIGH,3,RISK_HIGH|PROMO_EXTRAPOLATION,65.54473924636841,189.73012113571167,358.71173429489136,1.537077590591596,BỔ SUNG THẬN TRỌNG,B,143.55953245162962,295.343629360199,TRUNG BÌNH,CÂN NHẮC THỬ NGHIỆM,True,POL-INV-005|POL-INV-003|POL-INV-001|POL-PROMO-004|POL-PROMO-005|POL-PROMO-003|POL-PROMO-002|POL-HITL-001|POL-PROMO-001,RULE_BASED,PENDING_HUMAN_REVIEW
599,DEC-S10-HOME_AND_KITCHEN_I,10,HOME AND KITCHEN I,HIGH,3,RISK_HIGH|PROMO_EXTRAPOLATION,53.644636154174805,189.45440864562988,374.7836933135986,1.686172871728861,BỔ SUNG THẬN TRỌNG,B,153.72168464660638,305.2852115631103,TRUNG BÌNH,CÂN NHẮC THỬ NGHIỆM,True,POL-INV-005|POL-INV-003|POL-INV-001|POL-PROMO-004|POL-PROMO-005|POL-PROMO-003|POL-PROMO-002|POL-HITL-001|POL-PROMO-001,RULE_BASED,PENDING_HUMAN_REVIEW
600,DEC-S20-LAWN_AND_GARDEN,20,LAWN AND GARDEN,HIGH,3,RISK_HIGH|PROMO_EXTRAPOLATION,66.95625591278076,188.89220333099365,357.31020760536194,1.5290461988398576,BỔ SUNG THẬN TRỌNG,B,143.0396933376789,294.15345600247383,TRUNG BÌNH,CÂN NHẮC THỬ NGHIỆM,True,POL-INV-005|POL-INV-003|POL-INV-001|POL-PROMO-004|POL-PROMO-005|POL-PROMO-003|POL-PROMO-002|POL-HITL-001|POL-PROMO-001,RULE_BASED,PENDING_HUMAN_REVIEW
601,DEC-S19-HOME_AND_KITCHEN_II,19,HOME AND KITCHEN II,HIGH,3,RISK_HIGH|PROMO_EXTRAPOLATION,68.75718784332275,187.55525493621823,348.3630323410034,1.482885452289631,BỔ SUNG THẬN TRỌNG,B,138.01591186523436,288.060115814209,TRUNG BÌNH,CÂN NHẮC THỬ NGHIỆM,True,POL-INV-005|POL-INV-003|POL-INV-001|POL-PROMO-004|POL-PROMO-005|POL-PROMO-003|POL-PROMO-002|POL-HITL-001|POL-PROMO-001,RULE_BASED,PENDING_HUMAN_REVIEW
602,DEC-S36-HOME_AND_KITCHEN_II,36,HOME AND KITCHEN II,HIGH,3,RISK_HIGH|PROMO_EXTRAPOLATION,30.748533725738525,186.5150284767151,404.539656162262,1.9933928788163209,BỔ SUNG THẬN TRỌNG,B,173.56839799880981,322.7804207801819,TRUNG BÌNH,CÂN NHẮC THỬ NGHIỆM,True,POL-INV-005|POL-INV-003|POL-INV-001|POL-PROMO-004|POL-PROMO-005|POL-PROMO-003|POL-PROMO-002|POL-HITL-001|POL-PROMO-001,RULE_BASED,PENDING_HUMAN_REVIEW
603,DEC-S41-CELEBRATION,41,CELEBRATION,HIGH,3,RISK_HIGH|PROMO_EXTRAPOLATION,51.13568449020386,185.59360933303836,379.0967297554016,1.7576220666799054,BỔ SUNG THẬN TRỌNG,B,158.05817213058472,306.5330595970154,TRUNG BÌNH,CÂN NHẮC THỬ NGHIỆM,True,POL-INV-005|POL-INV-003|POL-INV-001|POL-PROMO-004|POL-PROMO-005|POL-PROMO-003|POL-PROMO-002|POL-HITL-001|POL-PROMO-001,RULE_BASED,PENDING_HUMAN_REVIEW
604,DEC-S24-PET_SUPPLIES,24,PET SUPPLIES,HIGH,3,RISK_HIGH|PROMO_EXTRAPOLATION,28.82557773590088,185.5786838531494,419.95098304748535,2.096302735308326,BỔ SUNG THẬN TRỌNG,B,183.59842376708983,332.0613708496094,TRUNG BÌNH,CÂN NHẮC THỬ NGHIỆM,True,POL-INV-005|POL-INV-003|POL-INV-001|POL-PROMO-004|POL-PROMO-005|POL-PROMO-003|POL-PROMO-002|POL-HITL-001|POL-PROMO-001,RULE_BASED,PENDING_HUMAN_REVIEW
605,DEC-S24-MAGAZINES,24,MAGAZINES,HIGH,3,RISK_HIGH|PROMO_EXTRAPOLATION,74.28509998321533,184.57863903045651,337.2125806808472,1.4167981944003865,BỔ SUNG THẬN TRỌNG,B,132.31194133758544,279.9748525619507,TRUNG BÌNH,CÂN NHẮC THỬ NGHIỆM,True,POL-INV-005|POL-INV-003|POL-INV-001|POL-PROMO-004|POL-PROMO-005|POL-PROMO-003|POL-PROMO-002|POL-HITL-001|POL-PROMO-001,RULE_BASED,PENDING_HUMAN_REVIEW
606,DEC-S50-LAWN_AND_GARDEN,50,LAWN AND GARDEN,HIGH,3,RISK_HIGH|PROMO_EXTRAPOLATION,75.29441118240356,184.50413846969604,334.7491281032562,1.3986465157123014,BỔ SUNG THẬN TRỌNG,B,130.8039462149143,278.40725699067116,TRUNG BÌNH,CÂN NHẮC THỬ NGHIỆM,True,POL-INV-005|POL-INV-003|POL-INV-001|POL-PROMO-004|POL-PROMO-005|POL-PROMO-003|POL-PROMO-002|POL-HITL-001|POL-PROMO-001,RULE_BASED,PENDING_HUMAN_REVIEW
607,DEC-S02-LINGERIE,2,LINGERIE,HIGH,3,RISK_HIGH|PROMO_EXTRAPOLATION,39.81577396392822,184.10623931884768,391.5680792331696,1.9002725492323567,BỔ SUNG THẬN TRỌNG,B,166.4848978102207,313.76988926529884,TRUNG BÌNH,CÂN NHẮC THỬ NGHIỆM,True,POL-INV-005|POL-INV-003|POL-INV-001|POL-PROMO-004|POL-PROMO-005|POL-PROMO-003|POL-PROMO-002|POL-HITL-001|POL-PROMO-001,RULE_BASED,PENDING_HUMAN_REVIEW
608,DEC-S18-SEAFOOD,18,SEAFOOD,HIGH,3,RISK_HIGH|PROMO_EXTRAPOLATION,58.542797327041626,184.0860674381256,358.8525643348694,1.622541184026299,BỔ SUNG THẬN TRỌNG,B,146.04627404808997,293.31512799859047,TRUNG BÌNH,CÂN NHẮC THỬ NGHIỆM,True,POL-INV-005|POL-INV-003|POL-INV-001|POL-PROMO-004|POL-PROMO-005|POL-PROMO-003|POL-PROMO-002|POL-HITL-001|POL-PROMO-001,RULE_BASED,PENDING_HUMAN_REVIEW
609,DEC-S06-CELEBRATION,6,CELEBRATION,HIGH,3,RISK_HIGH|PROMO_EXTRAPOLATION,64.20378875732422,183.6129102706909,352.5945234298706,1.5621374163361057,BỔ SUNG THẬN TRỌNG,B,142.33609027862545,289.2264184951782,TRUNG BÌNH,CÂN NHẮC THỬ NGHIỆM,True,POL-INV-005|POL-INV-003|POL-INV-001|POL-PROMO-004|POL-PROMO-005|POL-PROMO-003|POL-PROMO-002|POL-HITL-001|POL-PROMO-001,RULE_BASED,PENDING_HUMAN_REVIEW
610,DEC-S17-SCHOOL_AND_OFFICE_SUPPLIES,17,SCHOOL AND OFFICE SUPPLIES,HIGH,3,RISK_HIGH|PROMO_EXTRAPOLATION,88.83446788787842,183.5395269393921,355.51131439208984,1.4450933679471039,BỔ SUNG THẬN TRỌNG,B,144.1902725458145,291.0218940973282,TRUNG BÌNH,KHÔNG ĐỀ XUẤT TĂNG,True,POL-INV-005|POL-INV-003|POL-INV-001|POL-PROMO-004|POL-PROMO-002|POL-HITL-001|POL-PROMO-001,RULE_BASED,PENDING_HUMAN_REVIEW
611,DEC-S52-CELEBRATION,52,CELEBRATION,HIGH,3,RISK_HIGH|PROMO_EXTRAPOLATION,78.70935916900635,183.11607551574707,327.5761814117432,1.3516843738147775,BỔ SUNG THẬN TRỌNG,B,126.91078128814698,273.40364170074463,TRUNG BÌNH,KHÔNG ĐỀ XUẤT TĂNG,True,POL-INV-005|POL-INV-003|POL-INV-001|POL-PROMO-004|POL-PROMO-002|POL-HITL-001|POL-PROMO-001,RULE_BASED,PENDING_HUMAN_REVIEW
612,DEC-S39-PLAYERS_AND_ELECTRONICS,39,PLAYERS AND ELECTRONICS,HIGH,3,RISK_HIGH|PROMO_EXTRAPOLATION,81.05415678024292,181.8739047050476,318.1601748466492,1.2965546858576034,BỔ SUNG THẬN TRỌNG,B,121.55369977951048,267.0528235435486,TRUNG BÌNH,KHÔNG ĐỀ XUẤT TĂNG,True,POL-INV-005|POL-INV-003|POL-INV-001|POL-PROMO-004|POL-PROMO-002|POL-HITL-001|POL-PROMO-001,RULE_BASED,PENDING_HUMAN_REVIEW
613,DEC-S23-BEAUTY,23,BEAUTY,HIGH,3,RISK_HIGH|PROMO_EXTRAPOLATION,64.17653632164001,181.5403611660004,353.9179060459137,1.5872729070629248,BỔ SUNG THẬN TRỌNG,B,144.0440377831459,289.2763267159462,TRUNG BÌNH,CÂN NHẮC THỬ NGHIỆM,True,POL-INV-005|POL-INV-003|POL-INV-001|POL-PROMO-004|POL-PROMO-005|POL-PROMO-003|POL-PROMO-002|POL-HITL-001|POL-PROMO-001,RULE_BASED,PENDING_HUMAN_REVIEW
614,DEC-S41-PET_SUPPLIES,41,PET SUPPLIES,HIGH,3,RISK_HIGH|PROMO_EXTRAPOLATION,72.60424566268921,181.329375743866,333.9633173942566,1.4334446693807656,BỔ SUNG THẬN TRỌNG,B,131.66208868026732,276.7255892753601,TRUNG BÌNH,KHÔNG ĐỀ XUẤT TĂNG,True,POL-INV-005|POL-INV-003|POL-INV-001|POL-PROMO-004|POL-PROMO-002|POL-HITL-001|POL-PROMO-001,RULE_BASED,PENDING_HUMAN_REVIEW
615,DEC-S49-AUTOMOTIVE,49,AUTOMOTIVE,HIGH,3,RISK_HIGH|PROMO_EXTRAPOLATION,76.46808338165283,181.27828979492188,325.738395690918,1.3675260646219298,BỔ SUNG THẬN TRỌNG,B,126.54322414398192,271.56585597991943,TRUNG BÌNH,CÂN NHẮC THỬ NGHIỆM,True,POL-INV-005|POL-INV-003|POL-INV-001|POL-PROMO-004|POL-PROMO-005|POL-PROMO-003|POL-PROMO-002|POL-HITL-001|POL-PROMO-001,RULE_BASED,PENDING_HUMAN_REVIEW
616,DEC-S52-AUTOMOTIVE,52,AUTOMOTIVE,HIGH,3,RISK_HIGH|PROMO_EXTRAPOLATION,66.51199865341187,180.81227731704712,341.6200547218323,1.513143447340922,BỔ SUNG THẬN TRỌNG,B,136.66731634140015,281.31713819503784,TRUNG BÌNH,CÂN NHẮC THỬ NGHIỆM,True,POL-INV-005|POL-INV-003|POL-INV-001|POL-PROMO-004|POL-PROMO-005|POL-PROMO-003|POL-PROMO-002|POL-HITL-001|POL-PROMO-001,RULE_BASED,PENDING_HUMAN_REVIEW
617,DEC-S07-PLAYERS_AND_ELECTRONICS,7,PLAYERS AND ELECTRONICS,HIGH,3,RISK_HIGH|PROMO_EXTRAPOLATION,73.97394037246704,180.786461353302,325.2465672492981,1.382240597051299,BỔ SUNG THẬN TRỌNG,B,126.44485845565796,271.07402753829956,TRUNG BÌNH,CÂN NHẮC THỬ NGHIỆM,True,POL-INV-005|POL-INV-003|POL-INV-001|POL-PROMO-004|POL-PROMO-005|POL-PROMO-003|POL-PROMO-002|POL-HITL-001|POL-PROMO-001,RULE_BASED,PENDING_HUMAN_REVIEW
618,DEC-S05-LADIESWEAR,5,LADIESWEAR,HIGH,3,RISK_HIGH|PROMO_EXTRAPOLATION,61.86766195297241,180.6300377845764,349.6116509437561,1.5842312896067583,BỔ SUNG THẬN TRỌNG,B,141.7395157814026,286.2435460090637,TRUNG BÌNH,CÂN NHẮC THỬ NGHIỆM,True,POL-INV-005|POL-INV-003|POL-INV-001|POL-PROMO-004|POL-PROMO-005|POL-PROMO-003|POL-PROMO-002|POL-HITL-001|POL-PROMO-001,RULE_BASED,PENDING_HUMAN_REVIEW
619,DEC-S16-HOME_AND_KITCHEN_II,16,HOME AND KITCHEN II,HIGH,3,RISK_HIGH|PROMO_EXTRAPOLATION,73.69891738891602,180.51143836975095,324.97154426574707,1.384334944032408,BỔ SUNG THẬN TRỌNG,B,126.38985385894776,270.79900455474854,TRUNG BÌNH,CÂN NHẮC THỬ NGHIỆM,True,POL-INV-005|POL-INV-003|POL-INV-001|POL-PROMO-004|POL-PROMO-005|POL-PROMO-003|POL-PROMO-002|POL-HITL-001|POL-PROMO-001,RULE_BASED,PENDING_HUMAN_REVIEW
620,DEC-S16-HOME_AND_KITCHEN_I,16,HOME AND KITCHEN I,HIGH,3,RISK_HIGH|PROMO_EXTRAPOLATION,55.70648908615112,180.4973292350769,349.4789423942566,1.6186048276644824,BỔ SUNG THẬN TRỌNG,B,141.71297407150269,286.1108374595642,TRUNG BÌNH,CÂN NHẮC THỬ NGHIỆM,True,POL-INV-005|POL-INV-003|POL-INV-001|POL-PROMO-004|POL-PROMO-005|POL-PROMO-003|POL-PROMO-002|POL-HITL-001|POL-PROMO-001,RULE_BASED,PENDING_HUMAN_REVIEW
621,DEC-S31-CELEBRATION,31,CELEBRATION,HIGH,3,RISK_HIGH|PROMO_EXTRAPOLATION,75.48549032211304,179.85530614852905,324.31541204452515,1.375850822524711,BỔ SUNG THẬN TRỌNG,B,126.25862741470337,270.1428723335266,TRUNG BÌNH,KHÔNG ĐỀ XUẤT TĂNG,True,POL-INV-005|POL-INV-003|POL-INV-001|POL-PROMO-004|POL-PROMO-002|POL-HITL-001|POL-PROMO-001,RULE_BASED,PENDING_HUMAN_REVIEW
622,DEC-S37-PLAYERS_AND_ELECTRONICS,37,PLAYERS AND ELECTRONICS,HIGH,3,RISK_HIGH|PROMO_EXTRAPOLATION,78.30644655227661,179.1261944770813,315.41246461868286,1.3163328007608293,BỔ SUNG THẬN TRỌNG,B,121.00415773391722,264.3051133155823,TRUNG BÌNH,KHÔNG ĐỀ XUẤT TĂNG,True,POL-INV-005|POL-INV-003|POL-INV-001|POL-PROMO-004|POL-PROMO-002|POL-HITL-001|POL-PROMO-001,RULE_BASED,PENDING_HUMAN_REVIEW
623,DEC-S23-LADIESWEAR,23,LADIESWEAR,HIGH,3,RISK_HIGH|PROMO_EXTRAPOLATION,76.82351684570312,177.6432647705078,313.9295349121094,1.3272597675092985,BỔ SUNG THẬN TRỌNG,B,120.70757179260252,262.8221836090088,TRUNG BÌNH,KHÔNG ĐỀ XUẤT TĂNG,True,POL-INV-005|POL-INV-003|POL-INV-001|POL-PROMO-004|POL-PROMO-002|POL-HITL-001|POL-PROMO-001,RULE_BASED,PENDING_HUMAN_REVIEW
624,DEC-S47-LINGERIE,47,LINGERIE,HIGH,3,RISK_HIGH|PROMO_EXTRAPOLATION,53.52897254228592,175.88017964363098,362.91968116760256,1.749154197200958,BỔ SUNG THẬN TRỌNG,B,152.0757243812084,292.7798680961132,TRUNG BÌNH,CÂN NHẮC THỬ NGHIỆM,True,POL-INV-005|POL-INV-003|POL-INV-001|POL-PROMO-004|POL-PROMO-005|POL-PROMO-003|POL-PROMO-002|POL-HITL-001|POL-PROMO-001,RULE_BASED,PENDING_HUMAN_REVIEW
625,DEC-S29-CELEBRATION,29,CELEBRATION,HIGH,3,RISK_HIGH|PROMO_EXTRAPOLATION,67.08993864059448,175.17898893356323,327.81293058395386,1.4798756283116004,BỔ SUNG THẬN TRỌNG,B,130.43201131820678,270.5752024650574,TRUNG BÌNH,KHÔNG ĐỀ XUẤT TĂNG,True,POL-INV-005|POL-INV-003|POL-INV-001|POL-PROMO-004|POL-PROMO-002|POL-HITL-001|POL-PROMO-001,RULE_BASED,PENDING_HUMAN_REVIEW
626,DEC-S51-MAGAZINES,51,MAGAZINES,HIGH,3,RISK_HIGH|PROMO_EXTRAPOLATION,68.06587171554565,174.87839269638062,319.3384985923767,1.4286725221022671,BỔ SUNG THẬN TRỌNG,B,125.26324472427368,265.1659588813782,TRUNG BÌNH,KHÔNG ĐỀ XUẤT TĂNG,True,POL-INV-005|POL-INV-003|POL-INV-001|POL-PROMO-004|POL-PROMO-002|POL-HITL-001|POL-PROMO-001,RULE_BASED,PENDING_HUMAN_REVIEW
627,DEC-S24-BEAUTY,24,BEAUTY,HIGH,3,RISK_HIGH|PROMO_EXTRAPOLATION,46.4625301361084,173.81696224212646,362.54217863082886,1.8080605247958785,BỔ SUNG THẬN TRỌNG,B,152.7166526913643,291.77022248506546,TRUNG BÌNH,CÂN NHẮC THỬ NGHIỆM,True,POL-INV-005|POL-INV-003|POL-INV-001|POL-PROMO-004|POL-PROMO-005|POL-PROMO-003|POL-PROMO-002|POL-HITL-001|POL-PROMO-001,RULE_BASED,PENDING_HUMAN_REVIEW
628,DEC-S39-LADIESWEAR,39,LADIESWEAR,HIGH,3,RISK_HIGH|PROMO_EXTRAPOLATION,60.647785663604736,173.45307970046997,326.0870213508606,1.5215508728364442,BỔ SUNG THẬN TRỌNG,B,130.08682947158812,268.8492932319641,TRUNG BÌNH,KHÔNG ĐỀ XUẤT TĂNG,True,POL-INV-005|POL-INV-003|POL-INV-001|POL-PROMO-004|POL-PROMO-002|POL-HITL-001|POL-PROMO-001,RULE_BASED,PENDING_HUMAN_REVIEW
629,DEC-S52-MAGAZINES,52,MAGAZINES,HIGH,3,RISK_HIGH|PROMO_EXTRAPOLATION,72.19394063949585,173.01368856430054,309.2999587059021,1.362571071406214,BỔ SUNG THẬN TRỌNG,B,119.78165655136107,258.1926074028015,TRUNG BÌNH,KHÔNG ĐỀ XUẤT TĂNG,True,POL-INV-005|POL-INV-003|POL-INV-001|POL-PROMO-004|POL-PROMO-002|POL-HITL-001|POL-PROMO-001,RULE_BASED,PENDING_HUMAN_REVIEW
630,DEC-S11-SEAFOOD,11,SEAFOOD,HIGH,3,RISK_HIGH|PROMO_EXTRAPOLATION,61.237963914871216,172.84489750862122,328.8747708797455,1.5395148825210805,BỔ SUNG THẬN TRỌNG,B,132.0876503586769,270.3635683655739,TRUNG BÌNH,CÂN NHẮC THỬ NGHIỆM,True,POL-INV-005|POL-INV-003|POL-INV-001|POL-PROMO-004|POL-PROMO-005|POL-PROMO-003|POL-PROMO-002|POL-HITL-001|POL-PROMO-001,RULE_BASED,PENDING_HUMAN_REVIEW
631,DEC-S20-BEAUTY,20,BEAUTY,HIGH,3,RISK_HIGH|PROMO_EXTRAPOLATION,46.7516496181488,171.99699473381042,346.7634916305542,1.7342026228492122,BỔ SUNG THẬN TRỌNG,B,143.62845950722695,281.2260552942753,TRUNG BÌNH,CÂN NHẮC THỬ NGHIỆM,True,POL-INV-005|POL-INV-003|POL-INV-001|POL-PROMO-004|POL-PROMO-005|POL-PROMO-003|POL-PROMO-002|POL-HITL-001|POL-PROMO-001,RULE_BASED,PENDING_HUMAN_REVIEW
632,DEC-S07-MAGAZINES,7,MAGAZINES,HIGH,3,RISK_HIGH|PROMO_EXTRAPOLATION,70.000009059906,170.8197569847107,307.10602712631226,1.3799694646728258,BỔ SUNG THẬN TRỌNG,B,119.34287023544312,255.99867582321167,TRUNG BÌNH,KHÔNG ĐỀ XUẤT TĂNG,True,POL-INV-005|POL-INV-003|POL-INV-001|POL-PROMO-004|POL-PROMO-002|POL-HITL-001|POL-PROMO-001,RULE_BASED,PENDING_HUMAN_REVIEW
633,DEC-S09-LAWN_AND_GARDEN,9,LAWN AND GARDEN,HIGH,3,RISK_HIGH|PROMO_EXTRAPOLATION,49.39595651626587,169.9955449104309,338.4135491847992,1.6902053958184904,BỔ SUNG THẬN TRỌNG,B,139.26036165356635,275.2567975819111,TRUNG BÌNH,CÂN NHẮC THỬ NGHIỆM,True,POL-INV-005|POL-INV-003|POL-INV-001|POL-PROMO-004|POL-PROMO-005|POL-PROMO-003|POL-PROMO-002|POL-HITL-001|POL-PROMO-001,RULE_BASED,PENDING_HUMAN_REVIEW
634,DEC-S36-CELEBRATION,36,CELEBRATION,HIGH,3,RISK_HIGH|PROMO_EXTRAPOLATION,68.8945484161377,169.71429634094238,306.00056648254395,1.3889054587020029,BỔ SUNG THẬN TRỌNG,B,119.12177810668945,254.89321517944336,TRUNG BÌNH,KHÔNG ĐỀ XUẤT TĂNG,True,POL-INV-005|POL-INV-003|POL-INV-001|POL-PROMO-004|POL-PROMO-002|POL-HITL-001|POL-PROMO-001,RULE_BASED,PENDING_HUMAN_REVIEW
635,DEC-S38-PLAYERS_AND_ELECTRONICS,38,PLAYERS AND ELECTRONICS,HIGH,3,RISK_HIGH|PROMO_EXTRAPOLATION,67.6232042312622,168.4429521560669,304.72922229766846,1.3993265287777665,BỔ SUNG THẬN TRỌNG,B,118.86750926971436,253.62187099456787,TRUNG BÌNH,KHÔNG ĐỀ XUẤT TĂNG,True,POL-INV-005|POL-INV-003|POL-INV-001|POL-PROMO-004|POL-PROMO-002|POL-HITL-001|POL-PROMO-001,RULE_BASED,PENDING_HUMAN_REVIEW
636,DEC-S42-LINGERIE,42,LINGERIE,HIGH,3,RISK_HIGH|PROMO_EXTRAPOLATION,55.63265312314034,167.1514674127102,326.83713883757594,1.6128582752643634,BỔ SUNG THẬN TRỌNG,B,133.2338381230831,266.95501205325127,TRUNG BÌNH,CÂN NHẮC THỬ NGHIỆM,True,POL-INV-005|POL-INV-003|POL-INV-001|POL-PROMO-004|POL-PROMO-005|POL-PROMO-003|POL-PROMO-002|POL-HITL-001|POL-PROMO-001,RULE_BASED,PENDING_HUMAN_REVIEW
637,DEC-S27-BEAUTY,27,BEAUTY,HIGH,3,RISK_HIGH|PROMO_EXTRAPOLATION,46.764426743984224,165.7614963054657,347.5797229766846,1.8038654179600389,BỔ SUNG THẬN TRỌNG,B,146.78869093060493,279.3978879749775,TRUNG BÌNH,CÂN NHẮC THỬ NGHIỆM,True,POL-INV-005|POL-INV-003|POL-INV-001|POL-PROMO-004|POL-PROMO-005|POL-PROMO-003|POL-PROMO-002|POL-HITL-001|POL-PROMO-001,RULE_BASED,PENDING_HUMAN_REVIEW
638,DEC-S03-AUTOMOTIVE,3,AUTOMOTIVE,HIGH,3,RISK_HIGH|PROMO_EXTRAPOLATION,55.0677056312561,165.15046453475952,317.78440618515015,1.5811975084724026,BỔ SUNG THẬN TRỌNG,B,128.42630643844603,260.54667806625366,TRUNG BÌNH,CÂN NHẮC THỬ NGHIỆM,True,POL-INV-005|POL-INV-003|POL-INV-001|POL-PROMO-004|POL-PROMO-005|POL-PROMO-003|POL-PROMO-002|POL-HITL-001|POL-PROMO-001,RULE_BASED,PENDING_HUMAN_REVIEW
639,DEC-S52-LADIESWEAR,52,LADIESWEAR,HIGH,3,RISK_HIGH|PROMO_EXTRAPOLATION,63.75043988227844,164.57018780708313,300.8564579486847,1.4320574326017814,BỔ SUNG THẬN TRỌNG,B,118.0929563999176,249.7491066455841,TRUNG BÌNH,KHÔNG ĐỀ XUẤT TĂNG,True,POL-INV-005|POL-INV-003|POL-INV-001|POL-PROMO-004|POL-PROMO-002|POL-HITL-001|POL-PROMO-001,RULE_BASED,PENDING_HUMAN_REVIEW
640,DEC-S28-LAWN_AND_GARDEN,28,LAWN AND GARDEN,HIGH,3,RISK_HIGH|PROMO_EXTRAPOLATION,50.48682975769043,163.29212379455566,315.9260654449463,1.6156540530158514,BỔ SUNG THẬN TRỌNG,B,128.05463829040528,258.6883373260498,TRUNG BÌNH,CÂN NHẮC THỬ NGHIỆM,True,POL-INV-005|POL-INV-003|POL-INV-001|POL-PROMO-004|POL-PROMO-005|POL-PROMO-003|POL-PROMO-002|POL-HITL-001|POL-PROMO-001,RULE_BASED,PENDING_HUMAN_REVIEW
641,DEC-S27-LADIESWEAR,27,LADIESWEAR,HIGH,3,RISK_HIGH|PROMO_EXTRAPOLATION,65.61675453186035,162.84093570709229,296.7382538318634,1.4106456259087292,BỔ SUNG THẬN TRỌNG,B,116.25401096940041,246.52675953507423,TRUNG BÌNH,KHÔNG ĐỀ XUẤT TĂNG,True,POL-INV-005|POL-INV-003|POL-INV-001|POL-PROMO-004|POL-PROMO-002|POL-HITL-001|POL-PROMO-001,RULE_BASED,PENDING_HUMAN_REVIEW
642,DEC-S51-PLAYERS_AND_ELECTRONICS,51,PLAYERS AND ELECTRONICS,HIGH,3,RISK_HIGH|PROMO_EXTRAPOLATION,48.24424600601196,162.5098147392273,323.31759214401245,1.6823047997253233,BỔ SUNG THẬN TRỌNG,B,133.00682382583616,263.014675617218,TRUNG BÌNH,KHÔNG ĐỀ XUẤT TĂNG,True,POL-INV-005|POL-INV-003|POL-INV-001|POL-PROMO-004|POL-PROMO-002|POL-HITL-001|POL-PROMO-001,RULE_BASED,PENDING_HUMAN_REVIEW
643,DEC-S24-PLAYERS_AND_ELECTRONICS,24,PLAYERS AND ELECTRONICS,HIGH,3,RISK_HIGH|PROMO_EXTRAPOLATION,60.06236886978149,160.88211679458618,297.16838693618774,1.4646832075174334,BỔ SUNG THẬN TRỌNG,B,117.3553421974182,246.06103563308716,TRUNG BÌNH,KHÔNG ĐỀ XUẤT TĂNG,True,POL-INV-005|POL-INV-003|POL-INV-001|POL-PROMO-004|POL-PROMO-002|POL-HITL-001|POL-PROMO-001,RULE_BASED,PENDING_HUMAN_REVIEW
644,DEC-S50-AUTOMOTIVE,50,AUTOMOTIVE,HIGH,3,RISK_HIGH|PROMO_EXTRAPOLATION,55.71523571014404,159.8044776916504,307.6605153083801,1.566780249001226,BỔ SUNG THẬN TRỌNG,B,124.37091904878615,252.21450120210648,TRUNG BÌNH,CÂN NHẮC THỬ NGHIỆM,True,POL-INV-005|POL-INV-003|POL-INV-001|POL-PROMO-004|POL-PROMO-005|POL-PROMO-003|POL-PROMO-002|POL-HITL-001|POL-PROMO-001,RULE_BASED,PENDING_HUMAN_REVIEW
645,DEC-S41-LINGERIE,41,LINGERIE,HIGH,3,RISK_HIGH|PROMO_EXTRAPOLATION,57.62607479095459,158.44582271575928,294.73209285736084,1.4870632170093925,BỔ SUNG THẬN TRỌNG,B,116.86808338165281,243.62474155426025,TRUNG BÌNH,KHÔNG ĐỀ XUẤT TĂNG,True,POL-INV-005|POL-INV-003|POL-INV-001|POL-PROMO-004|POL-PROMO-002|POL-HITL-001|POL-PROMO-001,RULE_BASED,PENDING_HUMAN_REVIEW
646,DEC-S40-LINGERIE,40,LINGERIE,HIGH,3,RISK_HIGH|PROMO_EXTRAPOLATION,50.68940210342407,157.50192308425903,301.9620289802551,1.5852970234516048,BỔ SUNG THẬN TRỌNG,B,121.78795080184935,247.7894892692566,TRUNG BÌNH,KHÔNG ĐỀ XUẤT TĂNG,True,POL-INV-005|POL-INV-003|POL-INV-001|POL-PROMO-004|POL-PROMO-002|POL-HITL-001|POL-PROMO-001,RULE_BASED,PENDING_HUMAN_REVIEW
647,DEC-S24-LINGERIE,24,LINGERIE,HIGH,3,RISK_HIGH|PROMO_EXTRAPOLATION,56.62419605255127,157.44394397735596,293.7302141189575,1.4964662713791843,BỔ SUNG THẬN TRỌNG,B,116.66770763397216,242.62286281585693,TRUNG BÌNH,KHÔNG ĐỀ XUẤT TĂNG,True,POL-INV-005|POL-INV-003|POL-INV-001|POL-PROMO-004|POL-PROMO-002|POL-HITL-001|POL-PROMO-001,RULE_BASED,PENDING_HUMAN_REVIEW
648,DEC-S18-LADIESWEAR,18,LADIESWEAR,HIGH,3,RISK_HIGH|PROMO_EXTRAPOLATION,59.32667016983032,156.55085134506226,290.4481694698334,1.466964458311996,BỔ SUNG THẬN TRỌNG,B,114.99599409699441,240.2366751730442,TRUNG BÌNH,KHÔNG ĐỀ XUẤT TĂNG,True,POL-INV-005|POL-INV-003|POL-INV-001|POL-PROMO-004|POL-PROMO-002|POL-HITL-001|POL-PROMO-001,RULE_BASED,PENDING_HUMAN_REVIEW
649,DEC-S22-SCHOOL_AND_OFFICE_SUPPLIES,22,SCHOOL AND OFFICE SUPPLIES,HIGH,3,RISK_HIGH|PROMO_EXTRAPOLATION,76.03630256652832,156.53379344940186,306.6818799972534,1.464102224547814,BỔ SUNG THẬN TRỌNG,B,125.14931278228761,250.37634754180908,TRUNG BÌNH,KHÔNG ĐỀ XUẤT TĂNG,True,POL-INV-005|POL-INV-003|POL-INV-001|POL-PROMO-004|POL-PROMO-002|POL-HITL-001|POL-PROMO-001,RULE_BASED,PENDING_HUMAN_REVIEW
650,DEC-S39-CELEBRATION,39,CELEBRATION,HIGH,3,RISK_HIGH|PROMO_EXTRAPOLATION,55.4147424697876,156.23449039459229,292.52076053619385,1.5079771459262539,BỔ SUNG THẬN TRỌNG,B,116.42581691741943,241.41340923309326,TRUNG BÌNH,KHÔNG ĐỀ XUẤT TĂNG,True,POL-INV-005|POL-INV-003|POL-INV-001|POL-PROMO-004|POL-PROMO-002|POL-HITL-001|POL-PROMO-001,RULE_BASED,PENDING_HUMAN_REVIEW
651,DEC-S14-CELEBRATION,14,CELEBRATION,HIGH,3,RISK_HIGH|PROMO_EXTRAPOLATION,54.34087228775024,155.16062021255493,291.4468903541565,1.5183470566630313,BỔ SUNG THẬN TRỌNG,B,116.21104288101195,240.3395390510559,TRUNG BÌNH,KHÔNG ĐỀ XUẤT TĂNG,True,POL-INV-005|POL-INV-003|POL-INV-001|POL-PROMO-004|POL-PROMO-002|POL-HITL-001|POL-PROMO-001,RULE_BASED,PENDING_HUMAN_REVIEW
652,DEC-S50-MAGAZINES,50,MAGAZINES,HIGH,3,RISK_HIGH|PROMO_EXTRAPOLATION,47.18606519699097,154.89721727371216,307.5311589241028,1.6699790944312896,BỔ SUNG THẬN TRỌNG,B,126.37565698623656,250.2934308052063,TRUNG BÌNH,KHÔNG ĐỀ XUẤT TĂNG,True,POL-INV-005|POL-INV-003|POL-INV-001|POL-PROMO-004|POL-PROMO-002|POL-HITL-001|POL-PROMO-001,RULE_BASED,PENDING_HUMAN_REVIEW
653,DEC-S18-BEAUTY,18,BEAUTY,HIGH,3,RISK_HIGH|PROMO_EXTRAPOLATION,38.38344597816467,154.06166410446167,327.4461886882782,1.8641792887981534,BỔ SUNG THẬN TRỌNG,B,139.17766068577765,262.426991969347,TRUNG BÌNH,CÂN NHẮC THỬ NGHIỆM,True,POL-INV-005|POL-INV-003|POL-INV-001|POL-PROMO-004|POL-PROMO-005|POL-PROMO-003|POL-PROMO-002|POL-HITL-001|POL-PROMO-001,RULE_BASED,PENDING_HUMAN_REVIEW
654,DEC-S52-LINGERIE,52,LINGERIE,HIGH,3,RISK_HIGH|PROMO_EXTRAPOLATION,53.20779585838318,154.02754378318787,290.31381392478943,1.529444460514761,BỔ SUNG THẬN TRỌNG,B,115.98442759513854,239.20646262168884,TRUNG BÌNH,KHÔNG ĐỀ XUẤT TĂNG,True,POL-INV-005|POL-INV-003|POL-INV-001|POL-PROMO-004|POL-PROMO-002|POL-HITL-001|POL-PROMO-001,RULE_BASED,PENDING_HUMAN_REVIEW
655,DEC-S32-PREPARED_FOODS,32,PREPARED FOODS,HIGH,3,RISK_HIGH|PROMO_EXTRAPOLATION,42.75750494003296,153.7443653345108,317.9480744600296,1.7783559932868467,BỔ SUNG THẬN TRỌNG,B,133.3761912703514,256.37168353796005,TRUNG BÌNH,KHÔNG ĐỀ XUẤT TĂNG,True,POL-INV-005|POL-INV-003|POL-INV-001|POL-PROMO-004|POL-PROMO-002|POL-HITL-001|POL-PROMO-001,RULE_BASED,PENDING_HUMAN_REVIEW
656,DEC-S27-PET_SUPPLIES,27,PET SUPPLIES,HIGH,3,RISK_HIGH|PROMO_EXTRAPOLATION,52.90644598007202,153.7261939048767,290.01246404647827,1.532423257384431,BỔ SUNG THẬN TRỌNG,B,115.92415761947633,238.90511274337769,TRUNG BÌNH,KHÔNG ĐỀ XUẤT TĂNG,True,POL-INV-005|POL-INV-003|POL-INV-001|POL-PROMO-004|POL-PROMO-002|POL-HITL-001|POL-PROMO-001,RULE_BASED,PENDING_HUMAN_REVIEW
657,DEC-S21-LINGERIE,21,LINGERIE,HIGH,3,RISK_HIGH|PROMO_EXTRAPOLATION,55.88839793205261,153.11257910728455,287.00989723205566,1.4996926314438563,BỔ SUNG THẬN TRỌNG,B,114.30833964943885,236.7984029352665,TRUNG BÌNH,KHÔNG ĐỀ XUẤT TĂNG,True,POL-INV-005|POL-INV-003|POL-INV-001|POL-PROMO-004|POL-PROMO-002|POL-HITL-001|POL-PROMO-001,RULE_BASED,PENDING_HUMAN_REVIEW
658,DEC-S01-BEAUTY,1,BEAUTY,HIGH,3,RISK_HIGH|PROMO_EXTRAPOLATION,65.51521701216697,153.06293907761574,280.05326748490336,1.3925351012851557,BỔ SUNG THẬN TRỌNG,B,109.98154307007789,232.4318943321705,TRUNG BÌNH,CÂN NHẮC THỬ NGHIỆM,True,POL-INV-005|POL-INV-003|POL-INV-001|POL-PROMO-004|POL-PROMO-005|POL-PROMO-003|POL-PROMO-002|POL-HITL-001|POL-PROMO-001,RULE_BASED,PENDING_HUMAN_REVIEW
659,DEC-S42-CELEBRATION,42,CELEBRATION,HIGH,3,RISK_HIGH|PROMO_EXTRAPOLATION,49.46525287628174,151.18630123138428,293.2574551105499,1.6019326329746733,BỔ SUNG THẬN TRỌNG,B,119.03173142075536,239.9807724058628,TRUNG BÌNH,KHÔNG ĐỀ XUẤT TĂNG,True,POL-INV-005|POL-INV-003|POL-INV-001|POL-PROMO-004|POL-PROMO-002|POL-HITL-001|POL-PROMO-001,RULE_BASED,PENDING_HUMAN_REVIEW
660,DEC-S01-LADIESWEAR,1,LADIESWEAR,HIGH,3,RISK_HIGH|PROMO_EXTRAPOLATION,50.02408409118652,150.8438320159912,287.1301021575928,1.5615123440867573,BỔ SUNG THẬN TRỌNG,B,115.34768524169921,236.0227508544922,TRUNG BÌNH,KHÔNG ĐỀ XUẤT TĂNG,True,POL-INV-005|POL-INV-003|POL-INV-001|POL-PROMO-004|POL-PROMO-002|POL-HITL-001|POL-PROMO-001,RULE_BASED,PENDING_HUMAN_REVIEW
661,DEC-S11-BEAUTY,11,BEAUTY,HIGH,3,RISK_HIGH|PROMO_EXTRAPOLATION,34.73512101173401,150.69364094734192,320.6822338104248,1.8850303217255684,BỔ SUNG THẬN TRỌNG,B,136.3815987288952,256.9365114867687,TRUNG BÌNH,CÂN NHẮC THỬ NGHIỆM,True,POL-INV-005|POL-INV-003|POL-INV-001|POL-PROMO-004|POL-PROMO-005|POL-PROMO-003|POL-PROMO-002|POL-HITL-001|POL-PROMO-001,RULE_BASED,PENDING_HUMAN_REVIEW
662,DEC-S38-MAGAZINES,38,MAGAZINES,HIGH,3,RISK_HIGH|PROMO_EXTRAPOLATION,48.17671585083008,148.99646377563477,285.2827339172363,1.580744052880275,BỔ SUNG THẬN TRỌNG,B,114.97821159362792,234.17538261413574,TRUNG BÌNH,KHÔNG ĐỀ XUẤT TĂNG,True,POL-INV-005|POL-INV-003|POL-INV-001|POL-PROMO-004|POL-PROMO-002|POL-HITL-001|POL-PROMO-001,RULE_BASED,PENDING_HUMAN_REVIEW
663,DEC-S15-GROCERY_II,15,GROCERY II,HIGH,3,RISK_HIGH|PROMO_EXTRAPOLATION,47.35838484764099,148.98292469978333,294.4500102996826,1.6474650427482869,BỔ SUNG THẬN TRỌNG,B,120.7135134398937,239.89985319972038,TRUNG BÌNH,KHÔNG ĐỀ XUẤT TĂNG,True,POL-INV-005|POL-INV-003|POL-INV-001|POL-PROMO-004|POL-PROMO-002|POL-HITL-001|POL-PROMO-001,RULE_BASED,PENDING_HUMAN_REVIEW
664,DEC-S31-LINGERIE,31,LINGERIE,HIGH,3,RISK_HIGH|PROMO_EXTRAPOLATION,42.18192982673645,147.48918175697327,291.94928765296936,1.6820576076378269,BỔ SUNG THẬN TRỌNG,B,119.78540253639223,237.77674794197083,TRUNG BÌNH,KHÔNG ĐỀ XUẤT TĂNG,True,POL-INV-005|POL-INV-003|POL-INV-001|POL-PROMO-004|POL-PROMO-002|POL-HITL-001|POL-PROMO-001,RULE_BASED,PENDING_HUMAN_REVIEW
665,DEC-S40-BEAUTY,40,BEAUTY,HIGH,3,RISK_HIGH|PROMO_EXTRAPOLATION,45.29606342315674,146.60797882080078,297.85994815826416,1.711044936410418,BỔ SUNG THẬN TRỌNG,B,123.85407660007475,241.1404596567154,TRUNG BÌNH,CÂN NHẮC THỬ NGHIỆM,True,POL-INV-005|POL-INV-003|POL-INV-001|POL-PROMO-004|POL-PROMO-005|POL-PROMO-003|POL-PROMO-002|POL-HITL-001|POL-PROMO-001,RULE_BASED,PENDING_HUMAN_REVIEW
666,DEC-S51-CELEBRATION,51,CELEBRATION,HIGH,3,RISK_HIGH|PROMO_EXTRAPOLATION,49.18385982513428,146.4080410003662,280.30535912513733,1.5679029293892377,BỔ SUNG THẬN TRỌNG,B,112.9674320280552,230.09386482834816,TRUNG BÌNH,KHÔNG ĐỀ XUẤT TĂNG,True,POL-INV-005|POL-INV-003|POL-INV-001|POL-PROMO-004|POL-PROMO-002|POL-HITL-001|POL-PROMO-001,RULE_BASED,PENDING_HUMAN_REVIEW
667,DEC-S17-BEAUTY,17,BEAUTY,HIGH,3,RISK_HIGH|PROMO_EXTRAPOLATION,44.12761378288269,145.67793536186218,296.9299046993256,1.7235195620443278,BỔ SUNG THẬN TRỌNG,B,123.66806790828706,240.21041619777682,TRUNG BÌNH,CÂN NHẮC THỬ NGHIỆM,True,POL-INV-005|POL-INV-003|POL-INV-001|POL-PROMO-004|POL-PROMO-005|POL-PROMO-003|POL-PROMO-002|POL-HITL-001|POL-PROMO-001,RULE_BASED,PENDING_HUMAN_REVIEW
668,DEC-S37-MAGAZINES,37,MAGAZINES,HIGH,3,RISK_HIGH|PROMO_EXTRAPOLATION,44.13095283508301,144.9507007598877,281.23697090148926,1.6245623818996502,BỔ SUNG THẬN TRỌNG,B,114.16905899047852,230.12961959838867,TRUNG BÌNH,KHÔNG ĐỀ XUẤT TĂNG,True,POL-INV-005|POL-INV-003|POL-INV-001|POL-PROMO-004|POL-PROMO-002|POL-HITL-001|POL-PROMO-001,RULE_BASED,PENDING_HUMAN_REVIEW
669,DEC-S04-CELEBRATION,4,CELEBRATION,HIGH,3,RISK_HIGH|PROMO_EXTRAPOLATION,46.88997507095337,144.1141562461853,278.0114743709564,1.5926874763886358,BỔ SUNG THẬN TRỌNG,B,112.50865507721902,227.79998007416725,TRUNG BÌNH,KHÔNG ĐỀ XUẤT TĂNG,True,POL-INV-005|POL-INV-003|POL-INV-001|POL-PROMO-004|POL-PROMO-002|POL-HITL-001|POL-PROMO-001,RULE_BASED,PENDING_HUMAN_REVIEW
670,DEC-S36-GROCERY_II,36,GROCERY II,HIGH,3,RISK_HIGH|PROMO_EXTRAPOLATION,43.26628518104553,142.887672662735,282.5698745250702,1.663127805986128,BỔ SUNG THẬN TRỌNG,B,115.8789106965065,230.1890488266945,TRUNG BÌNH,KHÔNG ĐỀ XUẤT TĂNG,True,POL-INV-005|POL-INV-003|POL-INV-001|POL-PROMO-004|POL-PROMO-002|POL-HITL-001|POL-PROMO-001,RULE_BASED,PENDING_HUMAN_REVIEW
671,DEC-S41-MAGAZINES,41,MAGAZINES,HIGH,3,RISK_HIGH|PROMO_EXTRAPOLATION,42.03316020965576,142.85290813446045,279.139178276062,1.6482532132390495,BỔ SUNG THẬN TRỌNG,B,113.74950046539307,228.03182697296143,TRUNG BÌNH,KHÔNG ĐỀ XUẤT TĂNG,True,POL-INV-005|POL-INV-003|POL-INV-001|POL-PROMO-004|POL-PROMO-002|POL-HITL-001|POL-PROMO-001,RULE_BASED,PENDING_HUMAN_REVIEW
672,DEC-S20-CELEBRATION,20,CELEBRATION,HIGH,3,RISK_HIGH|PROMO_EXTRAPOLATION,49.04626226425171,142.6748766899109,274.1832427978516,1.566989203126349,BỔ SUNG THẬN TRỌNG,B,110.72770415544512,224.86760550737384,TRUNG BÌNH,KHÔNG ĐỀ XUẤT TĂNG,True,POL-INV-005|POL-INV-003|POL-INV-001|POL-PROMO-004|POL-PROMO-002|POL-HITL-001|POL-PROMO-001,RULE_BASED,PENDING_HUMAN_REVIEW
673,DEC-S09-PLAYERS_AND_ELECTRONICS,9,PLAYERS AND ELECTRONICS,HIGH,3,RISK_HIGH|PROMO_EXTRAPOLATION,42.0462691783905,141.66765666007996,281.3498585224152,1.677349968074331,BỔ SUNG THẬN TRỌNG,B,115.63490749597551,228.9690328240395,TRUNG BÌNH,KHÔNG ĐỀ XUẤT TĂNG,True,POL-INV-005|POL-INV-003|POL-INV-001|POL-PROMO-004|POL-PROMO-002|POL-HITL-001|POL-PROMO-001,RULE_BASED,PENDING_HUMAN_REVIEW
674,DEC-S04-PLAYERS_AND_ELECTRONICS,4,PLAYERS AND ELECTRONICS,HIGH,3,RISK_HIGH|PROMO_EXTRAPOLATION,40.18422222137451,141.0039701461792,277.2902402877808,1.6697140074487273,BỔ SUNG THẬN TRỌNG,B,113.37971286773684,226.1828889846802,TRUNG BÌNH,KHÔNG ĐỀ XUẤT TĂNG,True,POL-INV-005|POL-INV-003|POL-INV-001|POL-PROMO-004|POL-PROMO-002|POL-HITL-001|POL-PROMO-001,RULE_BASED,PENDING_HUMAN_REVIEW
675,DEC-S39-AUTOMOTIVE,39,AUTOMOTIVE,HIGH,3,RISK_HIGH|PROMO_EXTRAPOLATION,43.73360466957092,140.95778584480286,274.855103969574,1.628100198411657,BỔ SUNG THẬN TRỌNG,B,111.87738099694252,224.6436096727848,TRUNG BÌNH,KHÔNG ĐỀ XUẤT TĂNG,True,POL-INV-005|POL-INV-003|POL-INV-001|POL-PROMO-004|POL-PROMO-002|POL-HITL-001|POL-PROMO-001,RULE_BASED,PENDING_HUMAN_REVIEW
676,DEC-S05-LAWN_AND_GARDEN,5,LAWN AND GARDEN,HIGH,3,RISK_HIGH|PROMO_EXTRAPOLATION,39.05036234855652,140.8653531074524,286.3324387073517,1.7430758881028372,BỔ SUNG THẬN TRỌNG,B,119.08999912142752,231.78228160738945,TRUNG BÌNH,CÂN NHẮC THỬ NGHIỆM,True,POL-INV-005|POL-INV-003|POL-INV-001|POL-PROMO-004|POL-PROMO-005|POL-PROMO-003|POL-PROMO-002|POL-HITL-001|POL-PROMO-001,RULE_BASED,PENDING_HUMAN_REVIEW
677,DEC-S43-BEAUTY,43,BEAUTY,HIGH,3,RISK_HIGH|PROMO_EXTRAPOLATION,42.48048613071442,140.25161403417587,289.37449768781664,1.7479022328011498,BỔ SUNG THẬN TRỌNG,B,121.25212509036064,233.45341631770134,TRUNG BÌNH,CÂN NHẮC THỬ NGHIỆM,True,POL-INV-005|POL-INV-003|POL-INV-001|POL-PROMO-004|POL-PROMO-005|POL-PROMO-003|POL-PROMO-002|POL-HITL-001|POL-PROMO-001,RULE_BASED,PENDING_HUMAN_REVIEW
678,DEC-S34-CELEBRATION,34,CELEBRATION,HIGH,3,RISK_HIGH|PROMO_EXTRAPOLATION,37.01019454002381,140.227148771286,282.29830265045166,1.7368339603574812,BỔ SUNG THẬN TRỌNG,B,116.83990092873574,229.02161994576454,TRUNG BÌNH,KHÔNG ĐỀ XUẤT TĂNG,True,POL-INV-005|POL-INV-003|POL-INV-001|POL-PROMO-004|POL-PROMO-002|POL-HITL-001|POL-PROMO-001,RULE_BASED,PENDING_HUMAN_REVIEW
679,DEC-S27-LINGERIE,27,LINGERIE,HIGH,3,RISK_HIGH|PROMO_EXTRAPOLATION,45.45728874206543,139.0859031677246,270.5942692756653,1.6071351609450935,BỔ SUNG THẬN TRỌNG,B,110.00990945100786,221.27863198518753,TRUNG BÌNH,KHÔNG ĐỀ XUẤT TĂNG,True,POL-INV-005|POL-INV-003|POL-INV-001|POL-PROMO-004|POL-PROMO-002|POL-HITL-001|POL-PROMO-001,RULE_BASED,PENDING_HUMAN_REVIEW
680,DEC-S17-AUTOMOTIVE,17,AUTOMOTIVE,HIGH,3,RISK_HIGH|PROMO_EXTRAPOLATION,48.37316799163818,138.4062156677246,267.52562975883484,1.5720422559173948,BỔ SUNG THẬN TRỌNG,B,108.3808769404888,219.1058494746685,TRUNG BÌNH,KHÔNG ĐỀ XUẤT TĂNG,True,POL-INV-005|POL-INV-003|POL-INV-001|POL-PROMO-004|POL-PROMO-002|POL-HITL-001|POL-PROMO-001,RULE_BASED,PENDING_HUMAN_REVIEW
681,DEC-S06-PET_SUPPLIES,6,PET SUPPLIES,HIGH,3,RISK_HIGH|PROMO_EXTRAPOLATION,37.32223510742188,138.14198303222656,274.4282531738281,1.7040580628457072,BỔ SUNG THẬN TRỌNG,B,112.80731544494628,223.32090187072754,TRUNG BÌNH,KHÔNG ĐỀ XUẤT TĂNG,True,POL-INV-005|POL-INV-003|POL-INV-001|POL-PROMO-004|POL-PROMO-002|POL-HITL-001|POL-PROMO-001,RULE_BASED,PENDING_HUMAN_REVIEW
682,DEC-S34-GROCERY_II,34,GROCERY II,HIGH,3,RISK_HIGH|PROMO_EXTRAPOLATION,43.3996376991272,138.05690360069275,278.74608516693115,1.692447058533752,BỔ SUNG THẬN TRỌNG,B,115.54211919903756,225.98764207959175,TRUNG BÌNH,KHÔNG ĐỀ XUẤT TĂNG,True,POL-INV-005|POL-INV-003|POL-INV-001|POL-PROMO-004|POL-PROMO-002|POL-HITL-001|POL-PROMO-001,RULE_BASED,PENDING_HUMAN_REVIEW
683,DEC-S27-PLAYERS_AND_ELECTRONICS,27,PLAYERS AND ELECTRONICS,HIGH,3,RISK_HIGH|PROMO_EXTRAPOLATION,44.30078983306885,137.92940425872803,269.4377703666687,1.6205135387633822,BỔ SUNG THẬN TRỌNG,B,109.7786096692085,220.12213307619095,TRUNG BÌNH,KHÔNG ĐỀ XUẤT TĂNG,True,POL-INV-005|POL-INV-003|POL-INV-001|POL-PROMO-004|POL-PROMO-002|POL-HITL-001|POL-PROMO-001,RULE_BASED,PENDING_HUMAN_REVIEW
684,DEC-S37-CELEBRATION,37,CELEBRATION,HIGH,3,RISK_HIGH|PROMO_EXTRAPOLATION,47.889294147491455,137.92234182357788,267.0417559146881,1.5775177620134397,BỔ SUNG THẬN TRỌNG,B,108.28410217165947,218.62197563052177,TRUNG BÌNH,KHÔNG ĐỀ XUẤT TĂNG,True,POL-INV-005|POL-INV-003|POL-INV-001|POL-PROMO-004|POL-PROMO-002|POL-HITL-001|POL-PROMO-001,RULE_BASED,PENDING_HUMAN_REVIEW
685,DEC-S26-HOME_AND_KITCHEN_II,26,HOME AND KITCHEN II,HIGH,3,RISK_HIGH|PROMO_EXTRAPOLATION,24.77291941642761,136.669043302536,295.0878686904907,1.963512949530925,BỔ SUNG THẬN TRỌNG,B,126.34557452797891,235.6808091700077,TRUNG BÌNH,KHÔNG ĐỀ XUẤT TĂNG,True,POL-INV-005|POL-INV-003|POL-INV-001|POL-PROMO-004|POL-PROMO-002|POL-HITL-001|POL-PROMO-001,RULE_BASED,PENDING_HUMAN_REVIEW
686,DEC-S53-AUTOMOTIVE,53,AUTOMOTIVE,HIGH,3,RISK_HIGH|PROMO_EXTRAPOLATION,42.76012587547302,136.3887403011322,267.8971064090729,1.6386858198141914,BỔ SUNG THẬN TRỌNG,B,109.47047687768936,218.58146911859512,TRUNG BÌNH,KHÔNG ĐỀ XUẤT TĂNG,True,POL-INV-005|POL-INV-003|POL-INV-001|POL-PROMO-004|POL-PROMO-002|POL-HITL-001|POL-PROMO-001,RULE_BASED,PENDING_HUMAN_REVIEW
687,DEC-S34-LAWN_AND_GARDEN,34,LAWN AND GARDEN,HIGH,3,RISK_HIGH|PROMO_EXTRAPOLATION,36.09028935432434,136.22047352790833,287.4724428653717,1.8319580675395386,BỔ SUNG THẬN TRỌNG,B,121.77657554149626,230.75295436382294,TRUNG BÌNH,KHÔNG ĐỀ XUẤT TĂNG,True,POL-INV-005|POL-INV-003|POL-INV-001|POL-PROMO-004|POL-PROMO-002|POL-HITL-001|POL-PROMO-001,RULE_BASED,PENDING_HUMAN_REVIEW
688,DEC-S11-LINGERIE,11,LINGERIE,HIGH,3,RISK_HIGH|PROMO_EXTRAPOLATION,35.16624426841736,135.98599219322205,272.2722623348236,1.7308778384578365,BỔ SUNG THẬN TRỌNG,B,112.37611727714538,221.16491103172302,TRUNG BÌNH,KHÔNG ĐỀ XUẤT TĂNG,True,POL-INV-005|POL-INV-003|POL-INV-001|POL-PROMO-004|POL-PROMO-002|POL-HITL-001|POL-PROMO-001,RULE_BASED,PENDING_HUMAN_REVIEW
689,DEC-S10-GROCERY_II,10,GROCERY II,HIGH,3,RISK_HIGH|PROMO_EXTRAPOLATION,37.18338680267334,135.18519377708435,278.2633273601532,1.7702360577618532,BỔ SUNG THẬN TRỌNG,B,116.4608722448349,224.60902726650238,TRUNG BÌNH,KHÔNG ĐỀ XUẤT TĂNG,True,POL-INV-005|POL-INV-003|POL-INV-001|POL-PROMO-004|POL-PROMO-002|POL-HITL-001|POL-PROMO-001,RULE_BASED,PENDING_HUMAN_REVIEW
690,DEC-S41-PLAYERS_AND_ELECTRONICS,41,PLAYERS AND ELECTRONICS,HIGH,3,RISK_HIGH|PROMO_EXTRAPOLATION,41.22972774505615,134.85834217071533,266.366708278656,1.657145059599651,BỔ SUNG THẬN TRỌNG,B,109.16439725160598,217.05107098817825,TRUNG BÌNH,KHÔNG ĐỀ XUẤT TĂNG,True,POL-INV-005|POL-INV-003|POL-INV-001|POL-PROMO-004|POL-PROMO-002|POL-HITL-001|POL-PROMO-001,RULE_BASED,PENDING_HUMAN_REVIEW
691,DEC-S38-LINGERIE,38,LINGERIE,HIGH,3,RISK_HIGH|PROMO_EXTRAPOLATION,37.38741850852966,134.6115996837616,268.5089178085327,1.7042900447967948,BỔ SUNG THẬN TRỌNG,B,110.60814376473427,218.29742351174355,TRUNG BÌNH,KHÔNG ĐỀ XUẤT TĂNG,True,POL-INV-005|POL-INV-003|POL-INV-001|POL-PROMO-004|POL-PROMO-002|POL-HITL-001|POL-PROMO-001,RULE_BASED,PENDING_HUMAN_REVIEW
692,DEC-S46-MAGAZINES,46,MAGAZINES,HIGH,3,RISK_HIGH|PROMO_EXTRAPOLATION,48.02000522613525,134.45748615264893,261.1879482269287,1.5736889045805231,BỔ SUNG THẬN TRỌNG,B,106.09803602695463,213.6640249490738,TRUNG BÌNH,KHÔNG ĐỀ XUẤT TĂNG,True,POL-INV-005|POL-INV-003|POL-INV-001|POL-PROMO-004|POL-PROMO-002|POL-HITL-001|POL-PROMO-001,RULE_BASED,PENDING_HUMAN_REVIEW
693,DEC-S45-LINGERIE,45,LINGERIE,HIGH,3,RISK_HIGH|PROMO_EXTRAPOLATION,32.14289565086365,134.29226231575012,283.67501230239867,1.8591759228957234,BỔ SUNG THẬN TRỌNG,B,120.22267120480537,227.65648105740547,TRUNG BÌNH,KHÔNG ĐỀ XUẤT TĂNG,True,POL-INV-005|POL-INV-003|POL-INV-001|POL-PROMO-004|POL-PROMO-002|POL-HITL-001|POL-PROMO-001,RULE_BASED,PENDING_HUMAN_REVIEW
694,DEC-S37-PET_SUPPLIES,37,PET SUPPLIES,HIGH,3,RISK_HIGH|PROMO_EXTRAPOLATION,36.988335371017456,134.2125165462494,268.1098346710205,1.7093202996554542,BỔ SUNG THẬN TRỌNG,B,110.52832713723181,217.89834037423134,TRUNG BÌNH,KHÔNG ĐỀ XUẤT TĂNG,True,POL-INV-005|POL-INV-003|POL-INV-001|POL-PROMO-004|POL-PROMO-002|POL-HITL-001|POL-PROMO-001,RULE_BASED,PENDING_HUMAN_REVIEW
695,DEC-S35-HOME_AND_KITCHEN_II,35,HOME AND KITCHEN II,HIGH,3,RISK_HIGH|PROMO_EXTRAPOLATION,38.79800639152527,132.8633287549019,277.20830837488177,1.7809978595398275,BỔ SUNG THẬN TRỌNG,B,116.78827801346777,223.0789410173893,TRUNG BÌNH,CÂN NHẮC THỬ NGHIỆM,True,POL-INV-005|POL-INV-003|POL-INV-001|POL-PROMO-004|POL-PROMO-005|POL-PROMO-003|POL-PROMO-002|POL-HITL-001|POL-PROMO-001,RULE_BASED,PENDING_HUMAN_REVIEW
696,DEC-S53-BEAUTY,53,BEAUTY,HIGH,3,RISK_HIGH|PROMO_EXTRAPOLATION,35.300425839424136,132.09334683418274,287.2609805583954,1.893111569527828,BỔ SUNG THẬN TRỌNG,B,123.39844044446944,229.07311791181564,TRUNG BÌNH,CÂN NHẮC THỬ NGHIỆM,True,POL-INV-005|POL-INV-003|POL-INV-001|POL-PROMO-004|POL-PROMO-005|POL-PROMO-003|POL-PROMO-002|POL-HITL-001|POL-PROMO-001,RULE_BASED,PENDING_HUMAN_REVIEW
697,DEC-S17-PLAYERS_AND_ELECTRONICS,17,PLAYERS AND ELECTRONICS,HIGH,3,RISK_HIGH|PROMO_EXTRAPOLATION,38.03822660446167,131.66684103012085,263.1752071380615,1.6970101857063473,BỔ SUNG THẬN TRỌNG,B,108.5260970234871,213.85956984758377,TRUNG BÌNH,KHÔNG ĐỀ XUẤT TĂNG,True,POL-INV-005|POL-INV-003|POL-INV-001|POL-PROMO-004|POL-PROMO-002|POL-HITL-001|POL-PROMO-001,RULE_BASED,PENDING_HUMAN_REVIEW
698,DEC-S20-AUTOMOTIVE,20,AUTOMOTIVE,HIGH,3,RISK_HIGH|PROMO_EXTRAPOLATION,41.594268560409546,131.62731623649597,260.7467303276062,1.6523930965805893,BỔ SUNG THẬN TRỌNG,B,107.02509705424306,212.32695004343987,TRUNG BÌNH,KHÔNG ĐỀ XUẤT TĂNG,True,POL-INV-005|POL-INV-003|POL-INV-001|POL-PROMO-004|POL-PROMO-002|POL-HITL-001|POL-PROMO-001,RULE_BASED,PENDING_HUMAN_REVIEW
699,DEC-S11-AUTOMOTIVE,11,AUTOMOTIVE,HIGH,3,RISK_HIGH|PROMO_EXTRAPOLATION,34.242879152297974,131.4670603275299,265.364378452301,1.7447469486266718,BỔ SUNG THẬN TRỌNG,B,109.97923589348794,215.15288415551186,TRUNG BÌNH,KHÔNG ĐỀ XUẤT TĂNG,True,POL-INV-005|POL-INV-003|POL-INV-001|POL-PROMO-004|POL-PROMO-002|POL-HITL-001|POL-PROMO-001,RULE_BASED,PENDING_HUMAN_REVIEW
700,DEC-S41-AUTOMOTIVE,41,AUTOMOTIVE,HIGH,3,RISK_HIGH|PROMO_EXTRAPOLATION,38.65465950965881,131.08491349220276,265.9892113208771,1.721124281348288,BỔ SUNG THẬN TRỌNG,B,110.53216884136201,215.4000996351242,TRUNG BÌNH,CÂN NHẮC THỬ NGHIỆM,True,POL-INV-005|POL-INV-003|POL-INV-001|POL-PROMO-004|POL-PROMO-005|POL-PROMO-003|POL-PROMO-002|POL-HITL-001|POL-PROMO-001,RULE_BASED,PENDING_HUMAN_REVIEW
701,DEC-S05-LINGERIE,5,LINGERIE,HIGH,3,RISK_HIGH|PROMO_EXTRAPOLATION,36.64286422729492,130.2714786529541,261.7798447608948,1.715048713123743,BỔ SUNG THẬN TRỌNG,B,108.24702454805374,212.46420747041702,TRUNG BÌNH,KHÔNG ĐỀ XUẤT TĂNG,True,POL-INV-005|POL-INV-003|POL-INV-001|POL-PROMO-004|POL-PROMO-002|POL-HITL-001|POL-PROMO-001,RULE_BASED,PENDING_HUMAN_REVIEW
702,DEC-S29-LAWN_AND_GARDEN,29,LAWN AND GARDEN,HIGH,3,RISK_HIGH|PROMO_EXTRAPOLATION,38.65943077802658,129.80320501327515,271.7592326164246,1.7820649105252493,BỔ SUNG THẬN TRỌNG,B,114.68315825462341,218.52572226524353,TRUNG BÌNH,CÂN NHẮC THỬ NGHIỆM,True,POL-INV-005|POL-INV-003|POL-INV-001|POL-PROMO-004|POL-PROMO-005|POL-PROMO-003|POL-PROMO-002|POL-HITL-001|POL-PROMO-001,RULE_BASED,PENDING_HUMAN_REVIEW
703,DEC-S20-LADIESWEAR,20,LADIESWEAR,HIGH,3,RISK_HIGH|PROMO_EXTRAPOLATION,42.93670129776001,128.8845475912094,255.6150096654892,1.637441191519562,BỔ SUNG THẬN TRỌNG,B,104.98344831466676,208.09108638763428,TRUNG BÌNH,KHÔNG ĐỀ XUẤT TĂNG,True,POL-INV-005|POL-INV-003|POL-INV-001|POL-PROMO-004|POL-PROMO-002|POL-HITL-001|POL-PROMO-001,RULE_BASED,PENDING_HUMAN_REVIEW
704,DEC-S01-PLAYERS_AND_ELECTRONICS,1,PLAYERS AND ELECTRONICS,HIGH,3,RISK_HIGH|PROMO_EXTRAPOLATION,27.0627555847168,128.60477924346924,270.6759331226349,1.8796619920958177,BỔ SUNG THẬN TRỌNG,B,114.51542702317236,217.39925041794777,TRUNG BÌNH,KHÔNG ĐỀ XUẤT TĂNG,True,POL-INV-005|POL-INV-003|POL-INV-001|POL-PROMO-004|POL-PROMO-002|POL-HITL-001|POL-PROMO-001,RULE_BASED,PENDING_HUMAN_REVIEW
705,DEC-S40-PLAYERS_AND_ELECTRONICS,40,PLAYERS AND ELECTRONICS,HIGH,3,RISK_HIGH|PROMO_EXTRAPOLATION,34.58123803138733,128.2098524570465,259.7182185649872,1.742413417029809,BỔ SUNG THẬN TRỌNG,B,107.83469930887223,210.40258127450943,TRUNG BÌNH,KHÔNG ĐỀ XUẤT TĂNG,True,POL-INV-005|POL-INV-003|POL-INV-001|POL-PROMO-004|POL-PROMO-002|POL-HITL-001|POL-PROMO-001,RULE_BASED,PENDING_HUMAN_REVIEW
706,DEC-S02-PET_SUPPLIES,2,PET SUPPLIES,HIGH,3,RISK_HIGH|PROMO_EXTRAPOLATION,34.468711614608765,128.09732604026794,259.6056921482086,1.743932174577925,BỔ SUNG THẬN TRỌNG,B,107.8121940255165,210.29005485773087,TRUNG BÌNH,KHÔNG ĐỀ XUẤT TĂNG,True,POL-INV-005|POL-INV-003|POL-INV-001|POL-PROMO-004|POL-PROMO-002|POL-HITL-001|POL-PROMO-001,RULE_BASED,PENDING_HUMAN_REVIEW
707,DEC-S09-PET_SUPPLIES,9,PET SUPPLIES,HIGH,3,RISK_HIGH|PROMO_EXTRAPOLATION,34.319480419158936,127.94809484481812,259.4564609527588,1.7459504214043622,BỔ SUNG THẬN TRỌNG,B,107.78234778642654,210.14082366228104,TRUNG BÌNH,KHÔNG ĐỀ XUẤT TĂNG,True,POL-INV-005|POL-INV-003|POL-INV-001|POL-PROMO-004|POL-PROMO-002|POL-HITL-001|POL-PROMO-001,RULE_BASED,PENDING_HUMAN_REVIEW
708,DEC-S26-LAWN_AND_GARDEN,26,LAWN AND GARDEN,HIGH,3,RISK_HIGH|PROMO_EXTRAPOLATION,35.33742713928223,127.76768112182616,262.6719789505005,1.7654628073649838,BỔ SUNG THẬN TRỌNG,B,109.86872236728668,212.08286726474762,TRUNG BÌNH,KHÔNG ĐỀ XUẤT TĂNG,True,POL-INV-005|POL-INV-003|POL-INV-001|POL-PROMO-004|POL-PROMO-002|POL-HITL-001|POL-PROMO-001,RULE_BASED,PENDING_HUMAN_REVIEW
709,DEC-S54-GROCERY_II,54,GROCERY II,HIGH,3,RISK_HIGH|PROMO_EXTRAPOLATION,25.656071662902832,127.27545595169067,272.74254155159,1.926217825970866,BỔ SUNG THẬN TRỌNG,B,116.3720196902752,218.19238445162776,TRUNG BÌNH,KHÔNG ĐỀ XUẤT TĂNG,True,POL-INV-005|POL-INV-003|POL-INV-001|POL-PROMO-004|POL-PROMO-002|POL-HITL-001|POL-PROMO-001,RULE_BASED,PENDING_HUMAN_REVIEW
710,DEC-S39-BEAUTY,39,BEAUTY,HIGH,3,RISK_HIGH|PROMO_EXTRAPOLATION,35.866430974006654,127.15729373693466,271.50227335691454,1.8386455855301675,BỔ SUNG THẬN TRỌNG,B,115.64707100987434,217.37290599942207,TRUNG BÌNH,CÂN NHẮC THỬ NGHIỆM,True,POL-INV-005|POL-INV-003|POL-INV-001|POL-PROMO-004|POL-PROMO-005|POL-PROMO-003|POL-PROMO-002|POL-HITL-001|POL-PROMO-001,RULE_BASED,PENDING_HUMAN_REVIEW
711,DEC-S42-PLAYERS_AND_ELECTRONICS,42,PLAYERS AND ELECTRONICS,HIGH,3,RISK_HIGH|PROMO_EXTRAPOLATION,36.81922960281372,126.85227727890016,255.9716913700104,1.7141068304096925,BỔ SUNG THẬN TRỌNG,B,106.07008926272393,207.55191108584404,TRUNG BÌNH,KHÔNG ĐỀ XUẤT TĂNG,True,POL-INV-005|POL-INV-003|POL-INV-001|POL-PROMO-004|POL-PROMO-002|POL-HITL-001|POL-PROMO-001,RULE_BASED,PENDING_HUMAN_REVIEW
712,DEC-S08-AUTOMOTIVE,8,AUTOMOTIVE,HIGH,3,RISK_HIGH|PROMO_EXTRAPOLATION,29.10822558403015,126.33240675926208,260.2297248840332,1.8151035167109288,BỔ SUNG THẬN TRỌNG,B,108.95230517983435,210.01823058724403,TRUNG BÌNH,KHÔNG ĐỀ XUẤT TĂNG,True,POL-INV-005|POL-INV-003|POL-INV-001|POL-PROMO-004|POL-PROMO-002|POL-HITL-001|POL-PROMO-001,RULE_BASED,PENDING_HUMAN_REVIEW
713,DEC-S38-PET_SUPPLIES,38,PET SUPPLIES,HIGH,3,RISK_HIGH|PROMO_EXTRAPOLATION,29.10679030418396,126.3309714794159,260.228289604187,1.8151239766309784,BỔ SUNG THẬN TRỌNG,B,108.95201812386512,210.01679530739784,TRUNG BÌNH,KHÔNG ĐỀ XUẤT TĂNG,True,POL-INV-005|POL-INV-003|POL-INV-001|POL-PROMO-004|POL-PROMO-002|POL-HITL-001|POL-PROMO-001,RULE_BASED,PENDING_HUMAN_REVIEW
714,DEC-S21-AUTOMOTIVE,21,AUTOMOTIVE,HIGH,3,RISK_HIGH|PROMO_EXTRAPOLATION,35.80831861495972,125.84136629104614,254.9607803821564,1.727768063175356,BỔ SUNG THẬN TRỌNG,B,105.86790706515312,206.54100009799004,TRUNG BÌNH,KHÔNG ĐỀ XUẤT TĂNG,True,POL-INV-005|POL-INV-003|POL-INV-001|POL-PROMO-004|POL-PROMO-002|POL-HITL-001|POL-PROMO-001,RULE_BASED,PENDING_HUMAN_REVIEW
715,DEC-S34-BEAUTY,34,BEAUTY,HIGH,3,RISK_HIGH|PROMO_EXTRAPOLATION,30.973249912261963,125.54221248626708,275.4122095108032,1.931679198552569,BỔ SUNG THẬN TRỌNG,B,118.77719063758849,219.21096062660217,TRUNG BÌNH,CÂN NHẮC THỬ NGHIỆM,True,POL-INV-005|POL-INV-003|POL-INV-001|POL-PROMO-004|POL-PROMO-005|POL-PROMO-003|POL-PROMO-002|POL-HITL-001|POL-PROMO-001,RULE_BASED,PENDING_HUMAN_REVIEW
716,DEC-S28-AUTOMOTIVE,28,AUTOMOTIVE,HIGH,3,RISK_HIGH|PROMO_EXTRAPOLATION,30.780844688415527,124.4094591140747,255.91782522201535,1.7952153061182663,BỔ SUNG THẬN TRỌNG,B,107.07462064027784,206.6021879315376,TRUNG BÌNH,KHÔNG ĐỀ XUẤT TĂNG,True,POL-INV-005|POL-INV-003|POL-INV-001|POL-PROMO-004|POL-PROMO-002|POL-HITL-001|POL-PROMO-001,RULE_BASED,PENDING_HUMAN_REVIEW
717,DEC-S20-PLAYERS_AND_ELECTRONICS,20,PLAYERS AND ELECTRONICS,HIGH,3,RISK_HIGH|PROMO_EXTRAPOLATION,33.95884585380554,123.99189352989195,253.1113076210022,1.7533334008960038,BỔ SUNG THẬN TRỌNG,B,105.4980125129223,204.69152733683586,TRUNG BÌNH,KHÔNG ĐỀ XUẤT TĂNG,True,POL-INV-005|POL-INV-003|POL-INV-001|POL-PROMO-004|POL-PROMO-002|POL-HITL-001|POL-PROMO-001,RULE_BASED,PENDING_HUMAN_REVIEW
718,DEC-S31-AUTOMOTIVE,31,AUTOMOTIVE,HIGH,3,RISK_HIGH|PROMO_EXTRAPOLATION,30.32181191444397,123.95042634010316,255.45879244804385,1.8018104229656524,BỔ SUNG THẬN TRỌNG,B,106.98281408548355,206.14315515756607,TRUNG BÌNH,KHÔNG ĐỀ XUẤT TĂNG,True,POL-INV-005|POL-INV-003|POL-INV-001|POL-PROMO-004|POL-PROMO-002|POL-HITL-001|POL-PROMO-001,RULE_BASED,PENDING_HUMAN_REVIEW
719,DEC-S21-BEAUTY,21,BEAUTY,HIGH,3,RISK_HIGH|PROMO_EXTRAPOLATION,32.63048768043518,123.81181573867798,264.5009973049164,1.8577608878790373,BỔ SUNG THẬN TRỌNG,B,112.69310162663459,211.74255421757698,TRUNG BÌNH,CÂN NHẮC THỬ NGHIỆM,True,POL-INV-005|POL-INV-003|POL-INV-001|POL-PROMO-004|POL-PROMO-005|POL-PROMO-003|POL-PROMO-002|POL-HITL-001|POL-PROMO-001,RULE_BASED,PENDING_HUMAN_REVIEW
720,DEC-S53-CELEBRATION,53,CELEBRATION,HIGH,3,RISK_HIGH|PROMO_EXTRAPOLATION,40.670016050338745,123.51193022727966,247.853440284729,1.6639644398428728,BỔ SUNG THẬN TRỌNG,B,102.41582983136176,201.2253740131855,TRUNG BÌNH,KHÔNG ĐỀ XUẤT TĂNG,True,POL-INV-005|POL-INV-003|POL-INV-001|POL-PROMO-004|POL-PROMO-002|POL-HITL-001|POL-PROMO-001,RULE_BASED,PENDING_HUMAN_REVIEW
721,DEC-S31-PLAYERS_AND_ELECTRONICS,31,PLAYERS AND ELECTRONICS,HIGH,3,RISK_HIGH|PROMO_EXTRAPOLATION,33.098570585250854,123.13161826133728,252.2510323524475,1.7654846109055768,BỔ SUNG THẬN TRỌNG,B,105.32595745921134,203.83125206828117,TRUNG BÌNH,KHÔNG ĐỀ XUẤT TĂNG,True,POL-INV-005|POL-INV-003|POL-INV-001|POL-PROMO-004|POL-PROMO-002|POL-HITL-001|POL-PROMO-001,RULE_BASED,PENDING_HUMAN_REVIEW
722,DEC-S51-LINGERIE,51,LINGERIE,HIGH,3,RISK_HIGH|PROMO_EXTRAPOLATION,29.446202278137207,123.0748167037964,254.58318281173703,1.8145259974154864,BỔ SUNG THẬN TRỌNG,B,106.80769215822215,205.26754552125928,TRUNG BÌNH,KHÔNG ĐỀ XUẤT TĂNG,True,POL-INV-005|POL-INV-003|POL-INV-001|POL-PROMO-004|POL-PROMO-002|POL-HITL-001|POL-PROMO-001,RULE_BASED,PENDING_HUMAN_REVIEW
723,DEC-S42-PET_SUPPLIES,42,PET SUPPLIES,HIGH,3,RISK_HIGH|PROMO_EXTRAPOLATION,32.9467031955719,122.97975087165833,252.09916496276853,1.7676472184079433,BỔ SUNG THẬN TRỌNG,B,105.29558398127553,203.6793846786022,TRUNG BÌNH,KHÔNG ĐỀ XUẤT TĂNG,True,POL-INV-005|POL-INV-003|POL-INV-001|POL-PROMO-004|POL-PROMO-002|POL-HITL-001|POL-PROMO-001,RULE_BASED,PENDING_HUMAN_REVIEW
724,DEC-S25-MAGAZINES,25,MAGAZINES,HIGH,3,RISK_HIGH|PROMO_EXTRAPOLATION,29.27902030944824,122.90763473510742,254.4160008430481,1.8169742406503266,BỔ SUNG THẬN TRỌNG,B,106.77425576448438,205.10036355257034,TRUNG BÌNH,KHÔNG ĐỀ XUẤT TĂNG,True,POL-INV-005|POL-INV-003|POL-INV-001|POL-PROMO-004|POL-PROMO-002|POL-HITL-001|POL-PROMO-001,RULE_BASED,PENDING_HUMAN_REVIEW
725,DEC-S02-PLAYERS_AND_ELECTRONICS,2,PLAYERS AND ELECTRONICS,HIGH,3,RISK_HIGH|PROMO_EXTRAPOLATION,32.68590044975281,122.71894812583923,251.83836221694943,1.7713734645099661,BỔ SUNG THẬN TRỌNG,B,105.2434234321117,203.4185819327831,TRUNG BÌNH,KHÔNG ĐỀ XUẤT TĂNG,True,POL-INV-005|POL-INV-003|POL-INV-001|POL-PROMO-004|POL-PROMO-002|POL-HITL-001|POL-PROMO-001,RULE_BASED,PENDING_HUMAN_REVIEW
726,DEC-S12-CELEBRATION,12,CELEBRATION,HIGH,3,RISK_HIGH|PROMO_EXTRAPOLATION,29.97135305404663,122.40160703659058,257.3059048652649,1.8422333166521072,BỔ SUNG THẬN TRỌNG,B,108.79550755023956,206.71679317951202,TRUNG BÌNH,KHÔNG ĐỀ XUẤT TĂNG,True,POL-INV-005|POL-INV-003|POL-INV-001|POL-PROMO-004|POL-PROMO-002|POL-HITL-001|POL-PROMO-001,RULE_BASED,PENDING_HUMAN_REVIEW
727,DEC-S39-PET_SUPPLIES,39,PET SUPPLIES,HIGH,3,RISK_HIGH|PROMO_EXTRAPOLATION,35.78555107116699,122.22303199768066,248.95349407196045,1.729935869495613,BỔ SUNG THẬN TRỌNG,B,103.65114519596099,201.42957079410553,TRUNG BÌNH,KHÔNG ĐỀ XUẤT TĂNG,True,POL-INV-005|POL-INV-003|POL-INV-001|POL-PROMO-004|POL-PROMO-002|POL-HITL-001|POL-PROMO-001,RULE_BASED,PENDING_HUMAN_REVIEW
728,DEC-S16-GROCERY_II,16,GROCERY II,HIGH,3,RISK_HIGH|PROMO_EXTRAPOLATION,30.217395758628847,120.20206850767136,258.76216439008715,1.8856507272975527,BỔ SUNG THẬN TRỌNG,B,110.64047362804412,206.8021284341812,TRUNG BÌNH,KHÔNG ĐỀ XUẤT TĂNG,True,POL-INV-005|POL-INV-003|POL-INV-001|POL-PROMO-004|POL-PROMO-002|POL-HITL-001|POL-PROMO-001,RULE_BASED,PENDING_HUMAN_REVIEW
729,DEC-S04-PET_SUPPLIES,4,PET SUPPLIES,HIGH,3,RISK_HIGH|PROMO_EXTRAPOLATION,28.95891237258911,118.99196004867554,248.11137413978577,1.8263928823089146,BỔ SUNG THẬN TRỌNG,B,104.49802581667899,199.69159385561943,TRUNG BÌNH,KHÔNG ĐỀ XUẤT TĂNG,True,POL-INV-005|POL-INV-003|POL-INV-001|POL-PROMO-004|POL-PROMO-002|POL-HITL-001|POL-PROMO-001,RULE_BASED,PENDING_HUMAN_REVIEW
730,DEC-S22-CELEBRATION,22,CELEBRATION,HIGH,3,RISK_HIGH|PROMO_EXTRAPOLATION,34.846612787246706,118.79876810312273,243.40014449357983,1.7408654112937985,BỔ SUNG THẬN TRỌNG,B,101.63561386466027,196.67462834715843,TRUNG BÌNH,KHÔNG ĐỀ XUẤT TĂNG,True,POL-INV-005|POL-INV-003|POL-INV-001|POL-PROMO-004|POL-PROMO-002|POL-HITL-001|POL-PROMO-001,RULE_BASED,PENDING_HUMAN_REVIEW
731,DEC-S51-AUTOMOTIVE,51,AUTOMOTIVE,HIGH,3,RISK_HIGH|PROMO_EXTRAPOLATION,27.934672594070435,117.96772027015686,247.0871343612671,1.8421170151830775,BỔ SUNG THẬN TRỌNG,B,104.29317786097528,198.66735407710075,TRUNG BÌNH,KHÔNG ĐỀ XUẤT TĂNG,True,POL-INV-005|POL-INV-003|POL-INV-001|POL-PROMO-004|POL-PROMO-002|POL-HITL-001|POL-PROMO-001,RULE_BASED,PENDING_HUMAN_REVIEW
732,DEC-S27-AUTOMOTIVE,27,AUTOMOTIVE,HIGH,3,RISK_HIGH|PROMO_EXTRAPOLATION,27.84946012496948,117.88250780105592,247.0019218921661,1.8434374057278264,BỔ SUNG THẬN TRỌNG,B,104.27613536715504,198.58214160799977,TRUNG BÌNH,KHÔNG ĐỀ XUẤT TĂNG,True,POL-INV-005|POL-INV-003|POL-INV-001|POL-PROMO-004|POL-PROMO-002|POL-HITL-001|POL-PROMO-001,RULE_BASED,PENDING_HUMAN_REVIEW
733,DEC-S15-LADIESWEAR,15,LADIESWEAR,HIGH,3,RISK_HIGH|PROMO_EXTRAPOLATION,28.810158014297485,117.64484524726868,250.16019105911252,1.8656523389911939,BỔ SUNG THẬN TRỌNG,B,106.35106018185613,200.46693637967107,TRUNG BÌNH,KHÔNG ĐỀ XUẤT TĂNG,True,POL-INV-005|POL-INV-003|POL-INV-001|POL-PROMO-004|POL-PROMO-002|POL-HITL-001|POL-PROMO-001,RULE_BASED,PENDING_HUMAN_REVIEW
734,DEC-S10-BEAUTY,10,BEAUTY,HIGH,3,RISK_HIGH|PROMO_EXTRAPOLATION,57.45931030511856,117.3268076563254,224.11589957717808,1.4084432139511927,BỔ SUNG THẬN TRỌNG,B,90.20854398179799,184.0699901068583,TRUNG BÌNH,CÂN NHẮC THỬ NGHIỆM,True,POL-INV-005|POL-INV-003|POL-INV-001|POL-PROMO-004|POL-PROMO-005|POL-PROMO-003|POL-PROMO-002|POL-HITL-001|POL-PROMO-001,RULE_BASED,PENDING_HUMAN_REVIEW
735,DEC-S34-PLAYERS_AND_ELECTRONICS,34,PLAYERS AND ELECTRONICS,HIGH,3,RISK_HIGH|PROMO_EXTRAPOLATION,26.32492589950561,116.35797357559204,245.47738766670227,1.8673845081862908,BỔ SUNG THẬN TRỌNG,B,103.97122852206229,197.05760738253593,TRUNG BÌNH,KHÔNG ĐỀ XUẤT TĂNG,True,POL-INV-005|POL-INV-003|POL-INV-001|POL-PROMO-004|POL-PROMO-002|POL-HITL-001|POL-PROMO-001,RULE_BASED,PENDING_HUMAN_REVIEW
736,DEC-S42-MAGAZINES,42,MAGAZINES,HIGH,3,RISK_HIGH|PROMO_EXTRAPOLATION,33.38292217254639,116.2248363494873,240.56634640693665,1.7674021196046343,BỔ SUNG THẬN TRỌNG,B,100.9584110558033,193.93828013539314,TRUNG BÌNH,KHÔNG ĐỀ XUẤT TĂNG,True,POL-INV-005|POL-INV-003|POL-INV-001|POL-PROMO-004|POL-PROMO-002|POL-HITL-001|POL-PROMO-001,RULE_BASED,PENDING_HUMAN_REVIEW
737,DEC-S35-GROCERY_II,35,GROCERY II,HIGH,3,RISK_HIGH|PROMO_EXTRAPOLATION,28.286697387695312,116.11496913433076,257.81113040447235,1.9598214874950164,BỔ SUNG THẬN TRỌNG,B,111.78309462070465,204.67506992816925,TRUNG BÌNH,KHÔNG ĐỀ XUẤT TĂNG,True,POL-INV-005|POL-INV-003|POL-INV-001|POL-PROMO-004|POL-PROMO-002|POL-HITL-001|POL-PROMO-001,RULE_BASED,PENDING_HUMAN_REVIEW
738,DEC-S02-MAGAZINES,2,MAGAZINES,HIGH,3,RISK_HIGH|PROMO_EXTRAPOLATION,29.03315758705139,115.47063851356506,242.20110058784485,1.8302290235660232,BỔ SUNG THẬN TRỌNG,B,102.30066649913789,194.67717730998993,TRUNG BÌNH,KHÔNG ĐỀ XUẤT TĂNG,True,POL-INV-005|POL-INV-003|POL-INV-001|POL-PROMO-004|POL-PROMO-002|POL-HITL-001|POL-PROMO-001,RULE_BASED,PENDING_HUMAN_REVIEW
739,DEC-S17-CELEBRATION,17,CELEBRATION,HIGH,3,RISK_HIGH|PROMO_EXTRAPOLATION,23.29455161094665,113.32759928703308,242.4470133781433,1.9168815153459862,BỔ SUNG THẬN TRỌNG,B,103.3651536643505,194.02723309397697,TRUNG BÌNH,KHÔNG ĐỀ XUẤT TĂNG,True,POL-INV-005|POL-INV-003|POL-INV-001|POL-PROMO-004|POL-PROMO-002|POL-HITL-001|POL-PROMO-001,RULE_BASED,PENDING_HUMAN_REVIEW
740,DEC-S19-LADIESWEAR,19,LADIESWEAR,HIGH,3,RISK_HIGH|PROMO_EXTRAPOLATION,30.81611132621765,113.2044198513031,237.54592990875244,1.8101735366433451,BỔ SUNG THẬN TRỌNG,B,100.35432775616646,190.91786363720894,TRUNG BÌNH,KHÔNG ĐỀ XUẤT TĂNG,True,POL-INV-005|POL-INV-003|POL-INV-001|POL-PROMO-004|POL-PROMO-002|POL-HITL-001|POL-PROMO-001,RULE_BASED,PENDING_HUMAN_REVIEW
741,DEC-S14-SCHOOL_AND_OFFICE_SUPPLIES,14,SCHOOL AND OFFICE SUPPLIES,HIGH,3,RISK_HIGH|PROMO_EXTRAPOLATION,28.289376258850098,113.1371431350708,267.8032673835754,2.098474559165045,BỔ SUNG THẬN TRỌNG,B,119.29375628232955,209.8034707903862,TRUNG BÌNH,KHÔNG ĐỀ XUẤT TĂNG,True,POL-INV-005|POL-INV-003|POL-INV-001|POL-PROMO-004|POL-PROMO-002|POL-HITL-001|POL-PROMO-001,RULE_BASED,PENDING_HUMAN_REVIEW
742,DEC-S34-PET_SUPPLIES,34,PET SUPPLIES,HIGH,3,RISK_HIGH|PROMO_EXTRAPOLATION,25.379151821136475,111.81663274765016,238.54709482192996,1.8895081142654786,BỔ SUNG THẬN TRỌNG,B,101.5698653459549,191.023171544075,TRUNG BÌNH,KHÔNG ĐỀ XUẤT TĂNG,True,POL-INV-005|POL-INV-003|POL-INV-001|POL-PROMO-004|POL-PROMO-002|POL-HITL-001|POL-PROMO-001,RULE_BASED,PENDING_HUMAN_REVIEW
743,DEC-S21-SEAFOOD,21,SEAFOOD,HIGH,3,RISK_HIGH|PROMO_EXTRAPOLATION,24.10370635986328,111.3598940372467,247.53103790283205,1.9884971720327878,BỔ SUNG THẬN TRỌNG,B,107.37894372344016,196.46685895323753,TRUNG BÌNH,CÂN NHẮC THỬ NGHIỆM,True,POL-INV-005|POL-INV-003|POL-INV-001|POL-PROMO-004|POL-PROMO-005|POL-PROMO-003|POL-PROMO-002|POL-HITL-001|POL-PROMO-001,RULE_BASED,PENDING_HUMAN_REVIEW
744,DEC-S30-HOME_AND_KITCHEN_II,30,HOME AND KITCHEN II,HIGH,3,RISK_HIGH|PROMO_EXTRAPOLATION,18.968651056289676,111.20971035957336,246.11400818824768,2.0242932309875505,BỔ SUNG THẬN TRỌNG,B,106.55712821483611,195.5248965024948,TRUNG BÌNH,KHÔNG ĐỀ XUẤT TĂNG,True,POL-INV-005|POL-INV-003|POL-INV-001|POL-PROMO-004|POL-PROMO-002|POL-HITL-001|POL-PROMO-001,RULE_BASED,PENDING_HUMAN_REVIEW
745,DEC-S07-PET_SUPPLIES,7,PET SUPPLIES,HIGH,3,RISK_HIGH|PROMO_EXTRAPOLATION,24.38039970397949,110.81788063049316,237.54834270477292,1.9063851129965141,BỔ SUNG THẬN TRỌNG,B,101.37011492252347,190.024419426918,TRUNG BÌNH,KHÔNG ĐỀ XUẤT TĂNG,True,POL-INV-005|POL-INV-003|POL-INV-001|POL-PROMO-004|POL-PROMO-002|POL-HITL-001|POL-PROMO-001,RULE_BASED,PENDING_HUMAN_REVIEW
746,DEC-S01-AUTOMOTIVE,1,AUTOMOTIVE,HIGH,3,RISK_HIGH|PROMO_EXTRAPOLATION,25.818110704422,108.61910057067873,232.96061062812805,1.8896569926711586,BỔ SUNG THẬN TRỌNG,B,99.43726390004157,186.33254435658455,TRUNG BÌNH,KHÔNG ĐỀ XUẤT TĂNG,True,POL-INV-005|POL-INV-003|POL-INV-001|POL-PROMO-004|POL-PROMO-002|POL-HITL-001|POL-PROMO-001,RULE_BASED,PENDING_HUMAN_REVIEW
747,DEC-S48-MAGAZINES,48,MAGAZINES,HIGH,3,RISK_HIGH|PROMO_EXTRAPOLATION,27.965505838394165,107.21185326576231,229.16441130638125,1.8593056065110882,BỔ SUNG THẬN TRỌNG,B,97.66271942853928,183.43220204114914,TRUNG BÌNH,KHÔNG ĐỀ XUẤT TĂNG,True,POL-INV-005|POL-INV-003|POL-INV-001|POL-PROMO-004|POL-PROMO-002|POL-HITL-001|POL-PROMO-001,RULE_BASED,PENDING_HUMAN_REVIEW
748,DEC-S01-LINGERIE,1,LINGERIE,HIGH,3,RISK_HIGH|PROMO_EXTRAPOLATION,24.14743542671204,106.05792760849,230.39943766593933,1.9265458135290012,BỔ SUNG THẬN TRỌNG,B,98.92502930760384,183.77137139439583,TRUNG BÌNH,KHÔNG ĐỀ XUẤT TĂNG,True,POL-INV-005|POL-INV-003|POL-INV-001|POL-PROMO-004|POL-PROMO-002|POL-HITL-001|POL-PROMO-001,RULE_BASED,PENDING_HUMAN_REVIEW
749,DEC-S28-LINGERIE,28,LINGERIE,HIGH,3,RISK_HIGH|PROMO_EXTRAPOLATION,19.904407024383545,105.95459246635436,232.68505454063416,1.9894484435830737,BỔ SUNG THẬN TRỌNG,B,100.39745728969574,185.16113126277924,TRUNG BÌNH,KHÔNG ĐỀ XUẤT TĂNG,True,POL-INV-005|POL-INV-003|POL-INV-001|POL-PROMO-004|POL-PROMO-002|POL-HITL-001|POL-PROMO-001,RULE_BASED,PENDING_HUMAN_REVIEW
750,DEC-S33-AUTOMOTIVE,33,AUTOMOTIVE,HIGH,3,RISK_HIGH|PROMO_EXTRAPOLATION,26.125398635864254,104.60610604286194,226.55866408348083,1.8979325434673968,BỔ SUNG THẬN TRỌNG,B,97.14156998395919,180.82645481824875,TRUNG BÌNH,KHÔNG ĐỀ XUẤT TĂNG,True,POL-INV-005|POL-INV-003|POL-INV-001|POL-PROMO-004|POL-PROMO-002|POL-HITL-001|POL-PROMO-001,RULE_BASED,PENDING_HUMAN_REVIEW
751,DEC-S21-CELEBRATION,21,CELEBRATION,HIGH,3,RISK_HIGH|PROMO_EXTRAPOLATION,25.113496780395508,104.35984420776369,226.31240224838257,1.9096355635381743,BỔ SUNG THẬN TRỌNG,B,97.09231761693954,180.58019298315048,TRUNG BÌNH,KHÔNG ĐỀ XUẤT TĂNG,True,POL-INV-005|POL-INV-003|POL-INV-001|POL-PROMO-004|POL-PROMO-002|POL-HITL-001|POL-PROMO-001,RULE_BASED,PENDING_HUMAN_REVIEW
752,DEC-S28-BEAUTY,28,BEAUTY,HIGH,3,RISK_HIGH|PROMO_EXTRAPOLATION,17.67289924621582,104.05586314201356,251.53690814971924,2.2260919277524582,BỔ SUNG THẬN TRỌNG,B,112.98682575821876,196.2315162718296,TRUNG BÌNH,CÂN NHẮC THỬ NGHIỆM,True,POL-INV-005|POL-INV-003|POL-INV-001|POL-PROMO-004|POL-PROMO-005|POL-PROMO-003|POL-PROMO-002|POL-HITL-001|POL-PROMO-001,RULE_BASED,PENDING_HUMAN_REVIEW
753,DEC-S06-MAGAZINES,6,MAGAZINES,HIGH,3,RISK_HIGH|PROMO_EXTRAPOLATION,27.518943786621094,103.1697244644165,222.73333048820496,1.87400310123953,BỔ SUNG THẬN TRỌNG,B,95.36119865775107,177.8969782292843,TRUNG BÌNH,KHÔNG ĐỀ XUẤT TĂNG,True,POL-INV-005|POL-INV-003|POL-INV-001|POL-PROMO-004|POL-PROMO-002|POL-HITL-001|POL-PROMO-001,RULE_BASED,PENDING_HUMAN_REVIEW
754,DEC-S31-LAWN_AND_GARDEN,31,LAWN AND GARDEN,HIGH,3,RISK_HIGH|PROMO_EXTRAPOLATION,18.518362712860107,103.11960077285768,240.557590675354,2.1325401395543575,BỔ SUNG THẬN TRỌNG,B,106.52266384363173,189.01834446191788,TRUNG BÌNH,KHÔNG ĐỀ XUẤT TĂNG,True,POL-INV-005|POL-INV-003|POL-INV-001|POL-PROMO-004|POL-PROMO-002|POL-HITL-001|POL-PROMO-001,RULE_BASED,PENDING_HUMAN_REVIEW
755,DEC-S29-BEAUTY,29,BEAUTY,HIGH,3,RISK_HIGH|PROMO_EXTRAPOLATION,26.253721278905868,103.08876273036005,240.5267526328564,2.0585606527865137,BỔ SUNG THẬN TRỌNG,B,106.51649623513221,188.98750641942024,TRUNG BÌNH,CÂN NHẮC THỬ NGHIỆM,True,POL-INV-005|POL-INV-003|POL-INV-001|POL-PROMO-004|POL-PROMO-005|POL-PROMO-003|POL-PROMO-002|POL-HITL-001|POL-PROMO-001,RULE_BASED,PENDING_HUMAN_REVIEW
756,DEC-S28-PLAYERS_AND_ELECTRONICS,28,PLAYERS AND ELECTRONICS,HIGH,3,RISK_HIGH|PROMO_EXTRAPOLATION,16.848703622817993,102.39596056938171,229.1264226436615,2.0530562108216883,BỔ SUNG THẬN TRỌNG,B,99.6857309103012,181.60249936580658,TRUNG BÌNH,KHÔNG ĐỀ XUẤT TĂNG,True,POL-INV-005|POL-INV-003|POL-INV-001|POL-PROMO-004|POL-PROMO-002|POL-HITL-001|POL-PROMO-001,RULE_BASED,PENDING_HUMAN_REVIEW
757,DEC-S38-AUTOMOTIVE,38,AUTOMOTIVE,HIGH,3,RISK_HIGH|PROMO_EXTRAPOLATION,23.251407623291016,101.94509696960448,223.8976550102234,1.9490607449345072,BỔ SUNG THẬN TRỌNG,B,96.6093681693077,178.1654457449913,TRUNG BÌNH,KHÔNG ĐỀ XUẤT TĂNG,True,POL-INV-005|POL-INV-003|POL-INV-001|POL-PROMO-004|POL-PROMO-002|POL-HITL-001|POL-PROMO-001,RULE_BASED,PENDING_HUMAN_REVIEW
758,DEC-S18-CELEBRATION,18,CELEBRATION,HIGH,3,RISK_HIGH|PROMO_EXTRAPOLATION,25.52763867378235,101.17841935157776,220.7420253753662,1.9105246287857116,BỔ SUNG THẬN TRỌNG,B,94.96293763518332,175.90567311644554,TRUNG BÌNH,KHÔNG ĐỀ XUẤT TĂNG,True,POL-INV-005|POL-INV-003|POL-INV-001|POL-PROMO-004|POL-PROMO-002|POL-HITL-001|POL-PROMO-001,RULE_BASED,PENDING_HUMAN_REVIEW
759,DEC-S04-MAGAZINES,4,MAGAZINES,HIGH,3,RISK_HIGH|PROMO_EXTRAPOLATION,21.65663981437683,100.88174033164978,222.83429837226868,1.9746193763770599,BỔ SUNG THẬN TRỌNG,B,96.39669684171676,177.1020891070366,TRUNG BÌNH,KHÔNG ĐỀ XUẤT TĂNG,True,POL-INV-005|POL-INV-003|POL-INV-001|POL-PROMO-004|POL-PROMO-002|POL-HITL-001|POL-PROMO-001,RULE_BASED,PENDING_HUMAN_REVIEW
760,DEC-S20-PET_SUPPLIES,20,PET SUPPLIES,HIGH,3,RISK_HIGH|PROMO_EXTRAPOLATION,18.43086266517639,100.6146514415741,224.95616149902344,2.0324362274921937,BỔ SUNG THẬN TRỌNG,B,97.83637407422066,178.32809522747993,TRUNG BÌNH,KHÔNG ĐỀ XUẤT TĂNG,True,POL-INV-005|POL-INV-003|POL-INV-001|POL-PROMO-004|POL-PROMO-002|POL-HITL-001|POL-PROMO-001,RULE_BASED,PENDING_HUMAN_REVIEW
761,DEC-S25-PLAYERS_AND_ELECTRONICS,25,PLAYERS AND ELECTRONICS,HIGH,3,RISK_HIGH|PROMO_EXTRAPOLATION,21.107435941696167,100.11862850189208,222.071186542511,1.9874058180788567,BỔ SUNG THẬN TRỌNG,B,96.24407447576522,176.3389772772789,TRUNG BÌNH,KHÔNG ĐỀ XUẤT TĂNG,True,POL-INV-005|POL-INV-003|POL-INV-001|POL-PROMO-004|POL-PROMO-002|POL-HITL-001|POL-PROMO-001,RULE_BASED,PENDING_HUMAN_REVIEW
762,DEC-S29-SEAFOOD,29,SEAFOOD,HIGH,3,RISK_HIGH|PROMO_EXTRAPOLATION,36.81847381591797,99.84708786010742,214.290282869339,1.7598109456527442,BỔ SUNG THẬN TRỌNG,B,91.49641445279121,171.37408474087715,TRUNG BÌNH,KHÔNG ĐỀ XUẤT TĂNG,True,POL-INV-005|POL-INV-003|POL-INV-001|POL-PROMO-004|POL-PROMO-002|POL-HITL-001|POL-PROMO-001,RULE_BASED,PENDING_HUMAN_REVIEW
763,DEC-S30-GROCERY_II,30,GROCERY II,HIGH,3,RISK_HIGH|PROMO_EXTRAPOLATION,26.021517139673232,99.82472744584084,226.6999295771122,1.9903690049173273,BỔ SUNG THẬN TRỌNG,B,99.26194682121276,179.12172877788544,TRUNG BÌNH,KHÔNG ĐỀ XUẤT TĂNG,True,POL-INV-005|POL-INV-003|POL-INV-001|POL-PROMO-004|POL-PROMO-002|POL-HITL-001|POL-PROMO-001,RULE_BASED,PENDING_HUMAN_REVIEW
764,DEC-S20-LINGERIE,20,LINGERIE,HIGH,3,RISK_HIGH|PROMO_EXTRAPOLATION,13.818180322647097,99.20223116874696,235.1135087013245,2.2084870346449863,BỔ SUNG THẬN TRỌNG,B,104.78499469161034,184.1467796266079,TRUNG BÌNH,KHÔNG ĐỀ XUẤT TĂNG,True,POL-INV-005|POL-INV-003|POL-INV-001|POL-PROMO-004|POL-PROMO-002|POL-HITL-001|POL-PROMO-001,RULE_BASED,PENDING_HUMAN_REVIEW
765,DEC-S10-HOME_AND_KITCHEN_II,10,HOME AND KITCHEN II,HIGH,3,RISK_HIGH|PROMO_EXTRAPOLATION,17.64242089390755,98.25293669104576,229.6461765229702,2.1359947896452405,BỔ SUNG THẬN TRỌNG,B,101.77136223316192,180.37371158599854,TRUNG BÌNH,KHÔNG ĐỀ XUẤT TĂNG,True,POL-INV-005|POL-INV-003|POL-INV-001|POL-PROMO-004|POL-PROMO-002|POL-HITL-001|POL-PROMO-001,RULE_BASED,PENDING_HUMAN_REVIEW
766,DEC-S29-LINGERIE,29,LINGERIE,HIGH,3,RISK_HIGH|PROMO_EXTRAPOLATION,19.00281143188477,96.77633595466614,218.72889399528503,2.0426832383656,BỔ SUNG THẬN TRỌNG,B,95.57561596632003,172.99668473005295,TRUNG BÌNH,KHÔNG ĐỀ XUẤT TĂNG,True,POL-INV-005|POL-INV-003|POL-INV-001|POL-PROMO-004|POL-PROMO-002|POL-HITL-001|POL-PROMO-001,RULE_BASED,PENDING_HUMAN_REVIEW
767,DEC-S12-LADIESWEAR,12,LADIESWEAR,HIGH,3,RISK_HIGH|PROMO_EXTRAPOLATION,17.450215578079224,96.50729489326476,218.45985293388367,2.0614830672498643,BỔ SUNG THẬN TRỌNG,B,95.52180775403976,172.72764366865158,TRUNG BÌNH,KHÔNG ĐỀ XUẤT TĂNG,True,POL-INV-005|POL-INV-003|POL-INV-001|POL-PROMO-004|POL-PROMO-002|POL-HITL-001|POL-PROMO-001,RULE_BASED,PENDING_HUMAN_REVIEW
768,DEC-S18-PLAYERS_AND_ELECTRONICS,18,PLAYERS AND ELECTRONICS,HIGH,3,RISK_HIGH|PROMO_EXTRAPOLATION,16.75526189804077,95.9449520111084,217.8975100517273,2.0748088887664693,BỔ SUNG THẬN TRỌNG,B,95.40933917760849,172.1653007864952,TRUNG BÌNH,KHÔNG ĐỀ XUẤT TĂNG,True,POL-INV-005|POL-INV-003|POL-INV-001|POL-PROMO-004|POL-PROMO-002|POL-HITL-001|POL-PROMO-001,RULE_BASED,PENDING_HUMAN_REVIEW
769,DEC-S06-AUTOMOTIVE,6,AUTOMOTIVE,HIGH,3,RISK_HIGH|PROMO_EXTRAPOLATION,13.86833357810974,95.93450474739076,220.2760148048401,2.129351996635505,BỔ SUNG THẬN TRỌNG,B,96.90034473538398,173.64794853329659,TRUNG BÌNH,KHÔNG ĐỀ XUẤT TĂNG,True,POL-INV-005|POL-INV-003|POL-INV-001|POL-PROMO-004|POL-PROMO-002|POL-HITL-001|POL-PROMO-001,RULE_BASED,PENDING_HUMAN_REVIEW
770,DEC-S29-AUTOMOTIVE,29,AUTOMOTIVE,HIGH,3,RISK_HIGH|PROMO_EXTRAPOLATION,17.4940083026886,95.82645523548126,217.77901327610016,2.068494653515094,BỔ SUNG THẬN TRỌNG,B,95.38563982248306,172.04680401086807,TRUNG BÌNH,KHÔNG ĐỀ XUẤT TĂNG,True,POL-INV-005|POL-INV-003|POL-INV-001|POL-PROMO-004|POL-PROMO-002|POL-HITL-001|POL-PROMO-001,RULE_BASED,PENDING_HUMAN_REVIEW
771,DEC-S02-AUTOMOTIVE,2,AUTOMOTIVE,HIGH,3,RISK_HIGH|PROMO_EXTRAPOLATION,19.736955642700195,95.28355741500854,214.847163438797,2.026412536411781,BỔ SUNG THẬN TRỌNG,B,93.78396524786949,170.01081117987633,TRUNG BÌNH,KHÔNG ĐỀ XUẤT TĂNG,True,POL-INV-005|POL-INV-003|POL-INV-001|POL-PROMO-004|POL-PROMO-002|POL-HITL-001|POL-PROMO-001,RULE_BASED,PENDING_HUMAN_REVIEW
772,DEC-S13-PLAYERS_AND_ELECTRONICS,13,PLAYERS AND ELECTRONICS,HIGH,3,RISK_HIGH|PROMO_EXTRAPOLATION,20.185073471069337,93.35052853822708,210.7850488781929,2.0201262076650695,BỔ SUNG THẬN TRỌNG,B,92.06668092012406,166.74710375070572,TRUNG BÌNH,KHÔNG ĐỀ XUẤT TĂNG,True,POL-INV-005|POL-INV-003|POL-INV-001|POL-PROMO-004|POL-PROMO-002|POL-HITL-001|POL-PROMO-001,RULE_BASED,PENDING_HUMAN_REVIEW
773,DEC-S08-HARDWARE,8,HARDWARE,HIGH,3,RISK_HIGH|PROMO_EXTRAPOLATION,18.10831999778748,93.30615973472597,212.8697657585144,2.0652038669432824,BỔ SUNG THẬN TRỌNG,B,93.38848571181298,168.03341349959373,TRUNG BÌNH,KHÔNG ĐỀ XUẤT TĂNG,True,POL-INV-005|POL-INV-003|POL-INV-001|POL-PROMO-004|POL-PROMO-002|POL-HITL-001|POL-PROMO-001,RULE_BASED,PENDING_HUMAN_REVIEW
774,DEC-S18-LAWN_AND_GARDEN,18,LAWN AND GARDEN,HIGH,3,RISK_HIGH|PROMO_EXTRAPOLATION,18.70488933324814,93.12292349338531,216.3423275709152,2.0997800631591774,BỔ SUNG THẬN TRỌNG,B,95.63671224713322,170.13505104184148,TRUNG BÌNH,KHÔNG ĐỀ XUẤT TĂNG,True,POL-INV-005|POL-INV-003|POL-INV-001|POL-PROMO-004|POL-PROMO-002|POL-HITL-001|POL-PROMO-001,RULE_BASED,PENDING_HUMAN_REVIEW
775,DEC-S53-PLAYERS_AND_ELECTRONICS,53,PLAYERS AND ELECTRONICS,HIGH,3,RISK_HIGH|PROMO_EXTRAPOLATION,20.460134983062744,92.29612565040588,209.4707796573639,2.0259216913524516,BỔ SUNG THẬN TRỌNG,B,91.69338388442993,165.53028440475464,TRUNG BÌNH,KHÔNG ĐỀ XUẤT TĂNG,True,POL-INV-005|POL-INV-003|POL-INV-001|POL-PROMO-004|POL-PROMO-002|POL-HITL-001|POL-PROMO-001,RULE_BASED,PENDING_HUMAN_REVIEW
776,DEC-S52-SEAFOOD,52,SEAFOOD,HIGH,3,RISK_HIGH|PROMO_EXTRAPOLATION,33.37261297404766,91.94824473559856,207.91815211474892,1.8778788091933862,BỔ SUNG THẬN TRỌNG,B,90.87084105908868,164.42943684756753,TRUNG BÌNH,CÂN NHẮC THỬ NGHIỆM,True,POL-INV-005|POL-INV-003|POL-INV-001|POL-PROMO-004|POL-PROMO-005|POL-PROMO-003|POL-PROMO-002|POL-HITL-001|POL-PROMO-001,RULE_BASED,PENDING_HUMAN_REVIEW
777,DEC-S19-BEAUTY,19,BEAUTY,HIGH,3,RISK_HIGH|PROMO_EXTRAPOLATION,33.2525378882885,91.39970953762533,203.71381886303425,1.8448248574345747,BỔ SUNG THẬN TRỌNG,B,88.47626023590564,161.5960278660059,TRUNG BÌNH,KHÔNG ĐỀ XUẤT TĂNG,True,POL-INV-005|POL-INV-003|POL-INV-001|POL-PROMO-004|POL-PROMO-002|POL-HITL-001|POL-PROMO-001,RULE_BASED,PENDING_HUMAN_REVIEW
778,DEC-S07-AUTOMOTIVE,7,AUTOMOTIVE,HIGH,3,RISK_HIGH|PROMO_EXTRAPOLATION,14.840594053268433,89.97600793838501,209.53961396217343,2.1401139082819296,BỔ SUNG THẬN TRỌNG,B,92.72245535254476,164.70326170325276,TRUNG BÌNH,KHÔNG ĐỀ XUẤT TĂNG,True,POL-INV-005|POL-INV-003|POL-INV-001|POL-PROMO-004|POL-PROMO-002|POL-HITL-001|POL-PROMO-001,RULE_BASED,PENDING_HUMAN_REVIEW
779,DEC-S28-PET_SUPPLIES,28,PET SUPPLIES,HIGH,3,RISK_HIGH|PROMO_EXTRAPOLATION,13.473767757415771,89.12454843521118,208.68815445899963,2.1660512045940488,BỔ SUNG THẬN TRỌNG,B,92.55216345191002,163.85180220007896,TRUNG BÌNH,KHÔNG ĐỀ XUẤT TĂNG,True,POL-INV-005|POL-INV-003|POL-INV-001|POL-PROMO-004|POL-PROMO-002|POL-HITL-001|POL-PROMO-001,RULE_BASED,PENDING_HUMAN_REVIEW
780,DEC-S26-CELEBRATION,26,CELEBRATION,HIGH,3,RISK_HIGH|PROMO_EXTRAPOLATION,17.979795217514038,88.55998086929321,205.7346348762512,2.096414468117772,BỔ SUNG THẬN TRỌNG,B,90.94615492820736,161.79413962364194,TRUNG BÌNH,KHÔNG ĐỀ XUẤT TĂNG,True,POL-INV-005|POL-INV-003|POL-INV-001|POL-PROMO-004|POL-PROMO-002|POL-HITL-001|POL-PROMO-001,RULE_BASED,PENDING_HUMAN_REVIEW
781,DEC-S23-PLAYERS_AND_ELECTRONICS,23,PLAYERS AND ELECTRONICS,HIGH,3,RISK_HIGH|PROMO_EXTRAPOLATION,15.501293420791626,87.55650734901428,204.7311613559723,2.1368262321976834,BỔ SUNG THẬN TRỌNG,B,90.74546022415161,160.79066610336304,TRUNG BÌNH,KHÔNG ĐỀ XUẤT TĂNG,True,POL-INV-005|POL-INV-003|POL-INV-001|POL-PROMO-004|POL-PROMO-002|POL-HITL-001|POL-PROMO-001,RULE_BASED,PENDING_HUMAN_REVIEW
782,DEC-S43-AUTOMOTIVE,43,AUTOMOTIVE,HIGH,3,RISK_HIGH|PROMO_EXTRAPOLATION,19.686999082565308,87.34743237495422,202.1331343650818,2.0650983325491468,BỔ SUNG THẬN TRỌNG,B,89.21055021882057,159.08849611878395,TRUNG BÌNH,KHÔNG ĐỀ XUẤT TĂNG,True,POL-INV-005|POL-INV-003|POL-INV-001|POL-PROMO-004|POL-PROMO-002|POL-HITL-001|POL-PROMO-001,RULE_BASED,PENDING_HUMAN_REVIEW
783,DEC-S05-PLAYERS_AND_ELECTRONICS,5,PLAYERS AND ELECTRONICS,HIGH,3,RISK_HIGH|PROMO_EXTRAPOLATION,16.432142734527588,87.26172304153442,204.43637704849243,2.1300766383803014,BỔ SUNG THẬN TRỌNG,B,90.68650336265564,160.49588179588318,TRUNG BÌNH,KHÔNG ĐỀ XUẤT TĂNG,True,POL-INV-005|POL-INV-003|POL-INV-001|POL-PROMO-004|POL-PROMO-002|POL-HITL-001|POL-PROMO-001,RULE_BASED,PENDING_HUMAN_REVIEW
784,DEC-S01-MAGAZINES,1,MAGAZINES,HIGH,3,RISK_HIGH|PROMO_EXTRAPOLATION,14.364654064178469,86.22083616256714,203.39549016952515,2.1672669561779974,BỔ SUNG THẬN TRỌNG,B,90.47832598686217,159.4549949169159,TRUNG BÌNH,KHÔNG ĐỀ XUẤT TĂNG,True,POL-INV-005|POL-INV-003|POL-INV-001|POL-PROMO-004|POL-PROMO-002|POL-HITL-001|POL-PROMO-001,RULE_BASED,PENDING_HUMAN_REVIEW
785,DEC-S14-BEAUTY,14,BEAUTY,HIGH,3,RISK_HIGH|PROMO_EXTRAPOLATION,20.671125888824463,85.55041827261448,203.9919183164835,2.1180809531184415,BỔ SUNG THẬN TRỌNG,B,91.13602118194103,159.57635580003262,TRUNG BÌNH,KHÔNG ĐỀ XUẤT TĂNG,True,POL-INV-005|POL-INV-003|POL-INV-001|POL-PROMO-004|POL-PROMO-002|POL-HITL-001|POL-PROMO-001,RULE_BASED,PENDING_HUMAN_REVIEW
786,DEC-S29-PLAYERS_AND_ELECTRONICS,29,PLAYERS AND ELECTRONICS,HIGH,3,RISK_HIGH|PROMO_EXTRAPOLATION,15.890884399414062,83.3472671508789,198.13296914100647,2.1606163530538693,BỔ SUNG THẬN TRỌNG,B,88.4105171740055,155.08833089470863,TRUNG BÌNH,KHÔNG ĐỀ XUẤT TĂNG,True,POL-INV-005|POL-INV-003|POL-INV-001|POL-PROMO-004|POL-PROMO-002|POL-HITL-001|POL-PROMO-001,RULE_BASED,PENDING_HUMAN_REVIEW
787,DEC-S15-BEAUTY,15,BEAUTY,HIGH,3,RISK_HIGH|PROMO_EXTRAPOLATION,19.56326742768288,83.09674939513206,199.66903008818628,2.141649516252632,BỔ SUNG THẬN TRỌNG,B,89.47702531218529,155.95442482829094,TRUNG BÌNH,KHÔNG ĐỀ XUẤT TĂNG,True,POL-INV-005|POL-INV-003|POL-INV-001|POL-PROMO-004|POL-PROMO-002|POL-HITL-001|POL-PROMO-001,RULE_BASED,PENDING_HUMAN_REVIEW
788,DEC-S21-LAWN_AND_GARDEN,21,LAWN AND GARDEN,HIGH,3,RISK_HIGH|PROMO_EXTRAPOLATION,19.315988612174987,82.95575702190399,206.5797674894333,2.2305055129024844,BỔ SUNG THẬN TRỌNG,B,93.8561579465866,160.2207635641098,TRUNG BÌNH,KHÔNG ĐỀ XUẤT TĂNG,True,POL-INV-005|POL-INV-003|POL-INV-001|POL-PROMO-004|POL-PROMO-002|POL-HITL-001|POL-PROMO-001,RULE_BASED,PENDING_HUMAN_REVIEW
789,DEC-S25-CELEBRATION,25,CELEBRATION,HIGH,3,RISK_HIGH|PROMO_EXTRAPOLATION,14.959697008132936,82.76288628578186,197.54858827590945,2.179830463874185,BỔ SUNG THẬN TRỌNG,B,88.2936410009861,154.5039500296116,TRUNG BÌNH,KHÔNG ĐỀ XUẤT TĂNG,True,POL-INV-005|POL-INV-003|POL-INV-001|POL-PROMO-004|POL-PROMO-002|POL-HITL-001|POL-PROMO-001,RULE_BASED,PENDING_HUMAN_REVIEW
790,DEC-S34-LADIESWEAR,34,LADIESWEAR,HIGH,3,RISK_HIGH|PROMO_EXTRAPOLATION,12.546431541442873,82.14253330230713,202.7131190299988,2.2872371087985477,BỔ SUNG THẬN TRỌNG,B,91.7851227402687,157.4991493821144,TRUNG BÌNH,KHÔNG ĐỀ XUẤT TĂNG,True,POL-INV-005|POL-INV-003|POL-INV-001|POL-PROMO-004|POL-PROMO-002|POL-HITL-001|POL-PROMO-001,RULE_BASED,PENDING_HUMAN_REVIEW
791,DEC-S05-BABY_CARE,5,BABY CARE,HIGH,3,RISK_HIGH|PROMO_EXTRAPOLATION,49.92260687351227,80.87844847142696,178.21259616315365,1.5668346394522925,BỔ SUNG THẬN TRỌNG,B,77.00953200161457,141.71229077875614,TRUNG BÌNH,KHÔNG ĐỀ XUẤT TĂNG,True,POL-INV-005|POL-INV-003|POL-INV-001|POL-PROMO-004|POL-PROMO-002|POL-HITL-001|POL-PROMO-001,RULE_BASED,PENDING_HUMAN_REVIEW
792,DEC-S22-PLAYERS_AND_ELECTRONICS,22,PLAYERS AND ELECTRONICS,HIGH,3,RISK_HIGH|PROMO_EXTRAPOLATION,16.29560112953186,79.78660428524017,192.1833542585373,2.1771895809357638,BỔ SUNG THẬN TRỌNG,B,86.20528959035873,150.03457301855087,TRUNG BÌNH,KHÔNG ĐỀ XUẤT TĂNG,True,POL-INV-005|POL-INV-003|POL-INV-001|POL-PROMO-004|POL-PROMO-002|POL-HITL-001|POL-PROMO-001,RULE_BASED,PENDING_HUMAN_REVIEW
793,DEC-S40-AUTOMOTIVE,40,AUTOMOTIVE,HIGH,3,RISK_HIGH|PROMO_EXTRAPOLATION,11.932871103286743,79.47335147857666,194.25905346870425,2.265671542385752,BỔ SUNG THẬN TRỌNG,B,87.63573403954506,151.2144152224064,TRUNG BÌNH,KHÔNG ĐỀ XUẤT TĂNG,True,POL-INV-005|POL-INV-003|POL-INV-001|POL-PROMO-004|POL-PROMO-002|POL-HITL-001|POL-PROMO-001,RULE_BASED,PENDING_HUMAN_REVIEW
794,DEC-S34-HARDWARE,34,HARDWARE,HIGH,3,RISK_HIGH|PROMO_EXTRAPOLATION,14.688158750534058,79.4426519870758,191.83940196037287,2.2022054076275426,BỔ SUNG THẬN TRỌNG,B,86.13649913072581,149.69062072038645,TRUNG BÌNH,KHÔNG ĐỀ XUẤT TĂNG,True,POL-INV-005|POL-INV-003|POL-INV-001|POL-PROMO-004|POL-PROMO-002|POL-HITL-001|POL-PROMO-001,RULE_BASED,PENDING_HUMAN_REVIEW
795,DEC-S39-MAGAZINES,39,MAGAZINES,HIGH,3,RISK_HIGH|PROMO_EXTRAPOLATION,14.288198471069336,79.06038451194763,193.8460865020752,2.2427807351363636,BỔ SUNG THẬN TRỌNG,B,87.55314064621925,150.80144825577736,TRUNG BÌNH,KHÔNG ĐỀ XUẤT TĂNG,True,POL-INV-005|POL-INV-003|POL-INV-001|POL-PROMO-004|POL-PROMO-002|POL-HITL-001|POL-PROMO-001,RULE_BASED,PENDING_HUMAN_REVIEW
796,DEC-S33-GROCERY_II,33,GROCERY II,HIGH,3,RISK_HIGH|PROMO_EXTRAPOLATION,16.510593509674074,79.04226587712765,198.7506119579077,2.276797345142491,BỔ SUNG THẬN TRỌNG,B,90.62616947591304,153.85998217761517,TRUNG BÌNH,KHÔNG ĐỀ XUẤT TĂNG,True,POL-INV-005|POL-INV-003|POL-INV-001|POL-PROMO-004|POL-PROMO-002|POL-HITL-001|POL-PROMO-001,RULE_BASED,PENDING_HUMAN_REVIEW
797,DEC-S54-CELEBRATION,54,CELEBRATION,HIGH,3,RISK_HIGH|PROMO_EXTRAPOLATION,22.937880462408067,78.95534525811672,194.1456536382437,2.1412924004409244,BỔ SUNG THẬN TRỌNG,B,87.78501178920268,150.94928799569607,TRUNG BÌNH,KHÔNG ĐỀ XUẤT TĂNG,True,POL-INV-005|POL-INV-003|POL-INV-001|POL-PROMO-004|POL-PROMO-002|POL-HITL-001|POL-PROMO-001,RULE_BASED,PENDING_HUMAN_REVIEW
798,DEC-S33-PLAYERS_AND_ELECTRONICS,33,PLAYERS AND ELECTRONICS,HIGH,3,RISK_HIGH|PROMO_EXTRAPOLATION,19.13252139091492,78.87010908126831,188.87790703773496,2.1252679832213963,BỔ SUNG THẬN TRỌNG,B,84.5288955390453,147.62498280405995,TRUNG BÌNH,KHÔNG ĐỀ XUẤT TĂNG,True,POL-INV-005|POL-INV-003|POL-INV-001|POL-PROMO-004|POL-PROMO-002|POL-HITL-001|POL-PROMO-001,RULE_BASED,PENDING_HUMAN_REVIEW
799,DEC-S12-BEAUTY,12,BEAUTY,HIGH,3,RISK_HIGH|PROMO_EXTRAPOLATION,33.4749027043581,78.61822812631726,176.11137831285595,1.7915052741716357,BỔ SUNG THẬN TRỌNG,B,76.65686449185014,139.55144699290395,TRUNG BÌNH,KHÔNG ĐỀ XUẤT TĂNG,True,POL-INV-005|POL-INV-003|POL-INV-001|POL-PROMO-004|POL-PROMO-002|POL-HITL-001|POL-PROMO-001,RULE_BASED,PENDING_HUMAN_REVIEW
800,DEC-S27-MAGAZINES,27,MAGAZINES,HIGH,3,RISK_HIGH|PROMO_EXTRAPOLATION,11.6233389377594,78.52984595298767,193.31554794311523,2.2845789128368135,BỔ SUNG THẬN TRỌNG,B,87.44703293442726,150.2709096968174,TRUNG BÌNH,KHÔNG ĐỀ XUẤT TĂNG,True,POL-INV-005|POL-INV-003|POL-INV-001|POL-PROMO-004|POL-PROMO-002|POL-HITL-001|POL-PROMO-001,RULE_BASED,PENDING_HUMAN_REVIEW
801,DEC-S36-BEAUTY,36,BEAUTY,HIGH,3,RISK_HIGH|PROMO_EXTRAPOLATION,24.125738206505776,78.509092643857,187.91451728641988,2.060000606642172,BỔ SUNG THẬN TRỌNG,B,84.08020893037319,146.8874830454588,TRUNG BÌNH,KHÔNG ĐỀ XUẤT TĂNG,True,POL-INV-005|POL-INV-003|POL-INV-001|POL-PROMO-004|POL-PROMO-002|POL-HITL-001|POL-PROMO-001,RULE_BASED,PENDING_HUMAN_REVIEW
802,DEC-S19-AUTOMOTIVE,19,AUTOMOTIVE,HIGH,3,RISK_HIGH|PROMO_EXTRAPOLATION,15.232278060913083,77.81612193584442,188.3436525583267,2.196395486678787,BỔ SUNG THẬN TRỌNG,B,84.64293102622031,146.89582857489586,TRUNG BÌNH,KHÔNG ĐỀ XUẤT TĂNG,True,POL-INV-005|POL-INV-003|POL-INV-001|POL-PROMO-004|POL-PROMO-002|POL-HITL-001|POL-PROMO-001,RULE_BASED,PENDING_HUMAN_REVIEW
803,DEC-S16-CELEBRATION,16,CELEBRATION,HIGH,3,RISK_HIGH|PROMO_EXTRAPOLATION,16.70996859371662,77.56482047587633,185.963265414536,2.1543140529773037,BỔ SUNG THẬN TRỌNG,B,83.26199218183756,145.31384856253862,TRUNG BÌNH,KHÔNG ĐỀ XUẤT TĂNG,True,POL-INV-005|POL-INV-003|POL-INV-001|POL-PROMO-004|POL-PROMO-002|POL-HITL-001|POL-PROMO-001,RULE_BASED,PENDING_HUMAN_REVIEW
804,DEC-S36-PLAYERS_AND_ELECTRONICS,36,PLAYERS AND ELECTRONICS,HIGH,3,RISK_HIGH|PROMO_EXTRAPOLATION,13.374426639080047,77.08034110069275,189.73695740699767,2.25873156138598,BỔ SUNG THẬN TRỌNG,B,85.82645341157914,147.49072629213333,TRUNG BÌNH,KHÔNG ĐỀ XUẤT TĂNG,True,POL-INV-005|POL-INV-003|POL-INV-001|POL-PROMO-004|POL-PROMO-002|POL-HITL-001|POL-PROMO-001,RULE_BASED,PENDING_HUMAN_REVIEW
805,DEC-S54-AUTOMOTIVE,54,AUTOMOTIVE,HIGH,3,RISK_HIGH|PROMO_EXTRAPOLATION,10.86414167881012,76.39811891317368,189.0547352194786,2.3022600037678598,BỔ SUNG THẬN TRỌNG,B,85.69000897407531,146.80850410461426,TRUNG BÌNH,KHÔNG ĐỀ XUẤT TĂNG,True,POL-INV-005|POL-INV-003|POL-INV-001|POL-PROMO-004|POL-PROMO-002|POL-HITL-001|POL-PROMO-001,RULE_BASED,PENDING_HUMAN_REVIEW
806,DEC-S05-MAGAZINES,5,MAGAZINES,HIGH,3,RISK_HIGH|PROMO_EXTRAPOLATION,12.635073161125185,76.23831993341446,188.89493623971936,2.2820261138583042,BỔ SUNG THẬN TRỌNG,B,85.65804917812343,146.648705124855,TRUNG BÌNH,KHÔNG ĐỀ XUẤT TĂNG,True,POL-INV-005|POL-INV-003|POL-INV-001|POL-PROMO-004|POL-PROMO-002|POL-HITL-001|POL-PROMO-001,RULE_BASED,PENDING_HUMAN_REVIEW
807,DEC-S34-AUTOMOTIVE,34,AUTOMOTIVE,HIGH,3,RISK_HIGH|PROMO_EXTRAPOLATION,11.619976997375488,76.1676504611969,188.564400434494,2.2929870532483494,BỔ SUNG THẬN TRỌNG,B,85.48149882555005,146.41561919450757,TRUNG BÌNH,KHÔNG ĐỀ XUẤT TĂNG,True,POL-INV-005|POL-INV-003|POL-INV-001|POL-PROMO-004|POL-PROMO-002|POL-HITL-001|POL-PROMO-001,RULE_BASED,PENDING_HUMAN_REVIEW
808,DEC-S13-CELEBRATION,13,CELEBRATION,HIGH,3,RISK_HIGH|PROMO_EXTRAPOLATION,13.716691732406616,76.07156300544739,188.4683129787445,2.267394281779215,BỔ SUNG THẬN TRỌNG,B,85.46228133440017,146.3195317387581,TRUNG BÌNH,KHÔNG ĐỀ XUẤT TĂNG,True,POL-INV-005|POL-INV-003|POL-INV-001|POL-PROMO-004|POL-PROMO-002|POL-HITL-001|POL-PROMO-001,RULE_BASED,PENDING_HUMAN_REVIEW
809,DEC-S44-HARDWARE,44,HARDWARE,HIGH,3,RISK_HIGH|PROMO_EXTRAPOLATION,20.222782558202745,75.56767037510872,181.57716329693795,2.1073434773221167,BỔ SUNG THẬN TRỌNG,B,81.369467151165,141.82360345125198,TRUNG BÌNH,KHÔNG ĐỀ XUẤT TĂNG,True,POL-INV-005|POL-INV-003|POL-INV-001|POL-PROMO-004|POL-PROMO-002|POL-HITL-001|POL-PROMO-001,RULE_BASED,PENDING_HUMAN_REVIEW
810,DEC-S03-HARDWARE,3,HARDWARE,HIGH,3,RISK_HIGH|PROMO_EXTRAPOLATION,11.780015707015991,75.47507929801941,187.87182927131653,2.3026038701846896,BỔ SUNG THẬN TRỌNG,B,85.34298459291458,145.7230480313301,TRUNG BÌNH,KHÔNG ĐỀ XUẤT TĂNG,True,POL-INV-005|POL-INV-003|POL-INV-001|POL-PROMO-004|POL-PROMO-002|POL-HITL-001|POL-PROMO-001,RULE_BASED,PENDING_HUMAN_REVIEW
811,DEC-S29-PET_SUPPLIES,29,PET SUPPLIES,HIGH,3,RISK_HIGH|PROMO_EXTRAPOLATION,14.713754177093506,75.35863947868347,185.36643743515012,2.2348837593642115,BỔ SUNG THẬN TRỌNG,B,83.82660161852834,144.11351320147512,TRUNG BÌNH,KHÔNG ĐỀ XUẤT TĂNG,True,POL-INV-005|POL-INV-003|POL-INV-001|POL-PROMO-004|POL-PROMO-002|POL-HITL-001|POL-PROMO-001,RULE_BASED,PENDING_HUMAN_REVIEW
812,DEC-S37-AUTOMOTIVE,37,AUTOMOTIVE,HIGH,3,RISK_HIGH|PROMO_EXTRAPOLATION,10.645000457763672,75.26148867607117,187.6582386493683,2.3211353628761073,BỔ SUNG THẬN TRỌNG,B,85.30026646852494,145.50945740938187,TRUNG BÌNH,KHÔNG ĐỀ XUẤT TĂNG,True,POL-INV-005|POL-INV-003|POL-INV-001|POL-PROMO-004|POL-PROMO-002|POL-HITL-001|POL-PROMO-001,RULE_BASED,PENDING_HUMAN_REVIEW
813,DEC-S53-LINGERIE,53,LINGERIE,HIGH,3,RISK_HIGH|PROMO_EXTRAPOLATION,12.08127236366272,74.22471404075623,186.62146401405332,2.3202506500167743,BỔ SUNG THẬN TRỌNG,B,85.09291154146192,144.4726827740669,TRUNG BÌNH,KHÔNG ĐỀ XUẤT TĂNG,True,POL-INV-005|POL-INV-003|POL-INV-001|POL-PROMO-004|POL-PROMO-002|POL-HITL-001|POL-PROMO-001,RULE_BASED,PENDING_HUMAN_REVIEW
814,DEC-S22-LINGERIE,22,LINGERIE,HIGH,3,RISK_HIGH|PROMO_EXTRAPOLATION,9.312928295135498,73.33413106203079,185.9907473683357,2.37680613937311,BỔ SUNG THẬN TRỌNG,B,85.0772114038467,143.74451625347135,TRUNG BÌNH,KHÔNG ĐỀ XUẤT TĂNG,True,POL-INV-005|POL-INV-003|POL-INV-001|POL-PROMO-004|POL-PROMO-002|POL-HITL-001|POL-PROMO-001,RULE_BASED,PENDING_HUMAN_REVIEW
815,DEC-S52-HARDWARE,52,HARDWARE,HIGH,3,RISK_HIGH|PROMO_EXTRAPOLATION,11.98302936553955,72.96972727775574,182.9775252342224,2.311682118640236,BỔ SUNG THẬN TRỌNG,B,83.34881917834281,141.7246010005474,TRUNG BÌNH,KHÔNG ĐỀ XUẤT TĂNG,True,POL-INV-005|POL-INV-003|POL-INV-001|POL-PROMO-004|POL-PROMO-002|POL-HITL-001|POL-PROMO-001,RULE_BASED,PENDING_HUMAN_REVIEW
816,DEC-S21-PLAYERS_AND_ELECTRONICS,21,PLAYERS AND ELECTRONICS,HIGH,3,RISK_HIGH|PROMO_EXTRAPOLATION,11.727230167388916,72.7095199227333,182.9771842122078,2.323308498336894,BỔ SUNG THẬN TRỌNG,B,83.4591941654682,141.62681010365486,TRUNG BÌNH,KHÔNG ĐỀ XUẤT TĂNG,True,POL-INV-005|POL-INV-003|POL-INV-001|POL-PROMO-004|POL-PROMO-002|POL-HITL-001|POL-PROMO-001,RULE_BASED,PENDING_HUMAN_REVIEW
817,DEC-S53-LADIESWEAR,53,LADIESWEAR,HIGH,3,RISK_HIGH|PROMO_EXTRAPOLATION,11.938012635707857,72.57914102077484,182.84680531024927,2.3227886368812847,BỔ SUNG THẬN TRỌNG,B,83.43311838507645,141.49643120169634,TRUNG BÌNH,KHÔNG ĐỀ XUẤT TĂNG,True,POL-INV-005|POL-INV-003|POL-INV-001|POL-PROMO-004|POL-PROMO-002|POL-HITL-001|POL-PROMO-001,RULE_BASED,PENDING_HUMAN_REVIEW
818,DEC-S53-PET_SUPPLIES,53,PET SUPPLIES,HIGH,3,RISK_HIGH|PROMO_EXTRAPOLATION,11.476056981086732,72.47972732782364,180.8781722664833,2.3054265638415234,BỔ SUNG THẬN TRỌNG,B,82.24497355222701,140.22875541448593,TRUNG BÌNH,KHÔNG ĐỀ XUẤT TĂNG,True,POL-INV-005|POL-INV-003|POL-INV-001|POL-PROMO-004|POL-PROMO-002|POL-HITL-001|POL-PROMO-001,RULE_BASED,PENDING_HUMAN_REVIEW
819,DEC-S35-BEAUTY,35,BEAUTY,HIGH,3,RISK_HIGH|PROMO_EXTRAPOLATION,32.4231417953968,72.36465068161488,165.3397631675005,1.8117256762923903,BỔ SUNG THẬN TRỌNG,B,72.58237544000148,130.4740959852934,TRUNG BÌNH,KHÔNG ĐỀ XUẤT TĂNG,True,POL-INV-005|POL-INV-003|POL-INV-001|POL-PROMO-004|POL-PROMO-002|POL-HITL-001|POL-PROMO-001,RULE_BASED,PENDING_HUMAN_REVIEW
820,DEC-S07-HARDWARE,7,HARDWARE,HIGH,3,RISK_HIGH|PROMO_EXTRAPOLATION,11.279892921447754,72.03434252738953,182.0421404838562,2.3381089177104424,BỔ SUNG THẬN TRỌNG,B,83.16174222826959,140.7892162501812,TRUNG BÌNH,KHÔNG ĐỀ XUẤT TĂNG,True,POL-INV-005|POL-INV-003|POL-INV-001|POL-PROMO-004|POL-PROMO-002|POL-HITL-001|POL-PROMO-001,RULE_BASED,PENDING_HUMAN_REVIEW
821,DEC-S35-AUTOMOTIVE,35,AUTOMOTIVE,HIGH,3,RISK_HIGH|PROMO_EXTRAPOLATION,15.792495799064636,71.99486351013184,177.74449009895324,2.2186765823243078,BỔ SUNG THẬN TRỌNG,B,80.49248932003974,138.08838012814522,TRUNG BÌNH,KHÔNG ĐỀ XUẤT TĂNG,True,POL-INV-005|POL-INV-003|POL-INV-001|POL-PROMO-004|POL-PROMO-002|POL-HITL-001|POL-PROMO-001,RULE_BASED,PENDING_HUMAN_REVIEW
822,DEC-S05-SEAFOOD,5,SEAFOOD,HIGH,3,RISK_HIGH|PROMO_EXTRAPOLATION,19.53538645505905,71.33913516253233,180.661919157207,2.2273770945716613,BỔ SUNG THẬN TRỌNG,B,82.59456702917814,139.665875159204,TRUNG BÌNH,CÂN NHẮC THỬ NGHIỆM,True,POL-INV-005|POL-INV-003|POL-INV-001|POL-PROMO-004|POL-PROMO-005|POL-PROMO-003|POL-PROMO-002|POL-HITL-001|POL-PROMO-001,RULE_BASED,PENDING_HUMAN_REVIEW
823,DEC-S19-CELEBRATION,19,CELEBRATION,HIGH,3,RISK_HIGH|PROMO_EXTRAPOLATION,9.187523519992828,70.5078045129776,180.77546880245208,2.399569479878502,BỔ SUNG THẬN TRỌNG,B,83.01885108351708,139.42509469389915,TRUNG BÌNH,KHÔNG ĐỀ XUẤT TĂNG,True,POL-INV-005|POL-INV-003|POL-INV-001|POL-PROMO-004|POL-PROMO-002|POL-HITL-001|POL-PROMO-001,RULE_BASED,PENDING_HUMAN_REVIEW
824,DEC-S21-LADIESWEAR,21,LADIESWEAR,HIGH,3,RISK_HIGH|PROMO_EXTRAPOLATION,9.80621144771576,70.06372708082199,180.33139137029647,2.3996092933408844,BỔ SUNG THẬN TRỌNG,B,82.93003559708595,138.98101726174355,TRUNG BÌNH,KHÔNG ĐỀ XUẤT TĂNG,True,POL-INV-005|POL-INV-003|POL-INV-001|POL-PROMO-004|POL-PROMO-002|POL-HITL-001|POL-PROMO-001,RULE_BASED,PENDING_HUMAN_REVIEW
825,DEC-S31-BEAUTY,31,BEAUTY,HIGH,3,RISK_HIGH|PROMO_EXTRAPOLATION,8.501719331741333,69.2959411740303,185.34848920106887,2.515746526979579,BỔ SUNG THẬN TRỌNG,B,86.39203075170516,141.8287836909294,TRUNG BÌNH,KHÔNG ĐỀ XUẤT TĂNG,True,POL-INV-005|POL-INV-003|POL-INV-001|POL-PROMO-004|POL-PROMO-002|POL-HITL-001|POL-PROMO-001,RULE_BASED,PENDING_HUMAN_REVIEW
826,DEC-S09-MAGAZINES,9,MAGAZINES,HIGH,3,RISK_HIGH|PROMO_EXTRAPOLATION,9.451107740402222,69.17526817321777,179.18306612968445,2.4186862809034486,BỔ SUNG THẬN TRỌNG,B,82.58992735743522,137.93014189600945,TRUNG BÌNH,KHÔNG ĐỀ XUẤT TĂNG,True,POL-INV-005|POL-INV-003|POL-INV-001|POL-PROMO-004|POL-PROMO-002|POL-HITL-001|POL-PROMO-001,RULE_BASED,PENDING_HUMAN_REVIEW
827,DEC-S26-AUTOMOTIVE,26,AUTOMOTIVE,HIGH,3,RISK_HIGH|PROMO_EXTRAPOLATION,15.390624976158142,69.00568789243698,174.49544814825057,2.2727413723375642,BỔ SUNG THẬN TRỌNG,B,79.73223773837088,134.93678805232048,TRUNG BÌNH,KHÔNG ĐỀ XUẤT TĂNG,True,POL-INV-005|POL-INV-003|POL-INV-001|POL-PROMO-004|POL-PROMO-002|POL-HITL-001|POL-PROMO-001,RULE_BASED,PENDING_HUMAN_REVIEW
828,DEC-S11-PET_SUPPLIES,11,PET SUPPLIES,HIGH,3,RISK_HIGH|PROMO_EXTRAPOLATION,8.942423820495605,68.89089560508728,178.89869356155396,2.4317368989143047,BỔ SUNG THẬN TRỌNG,B,82.53305284380912,137.64576932787895,TRUNG BÌNH,KHÔNG ĐỀ XUẤT TĂNG,True,POL-INV-005|POL-INV-003|POL-INV-001|POL-PROMO-004|POL-PROMO-002|POL-HITL-001|POL-PROMO-001,RULE_BASED,PENDING_HUMAN_REVIEW
829,DEC-S34-LINGERIE,34,LINGERIE,HIGH,3,RISK_HIGH|PROMO_EXTRAPOLATION,8.706859588623047,68.84397482872009,178.85177278518677,2.436071452316593,BỔ SUNG THẬN TRỌNG,B,82.52366868853568,137.59884855151176,TRUNG BÌNH,KHÔNG ĐỀ XUẤT TĂNG,True,POL-INV-005|POL-INV-003|POL-INV-001|POL-PROMO-004|POL-PROMO-002|POL-HITL-001|POL-PROMO-001,RULE_BASED,PENDING_HUMAN_REVIEW
830,DEC-S43-PET_SUPPLIES,43,PET SUPPLIES,HIGH,3,RISK_HIGH|PROMO_EXTRAPOLATION,14.195833510160446,68.78834846615791,174.2781087219715,2.2938252406050115,BỔ SUNG THẬN TRỌNG,B,79.68876985311508,134.7194486260414,TRUNG BÌNH,KHÔNG ĐỀ XUẤT TĂNG,True,POL-INV-005|POL-INV-003|POL-INV-001|POL-PROMO-004|POL-PROMO-002|POL-HITL-001|POL-PROMO-001,RULE_BASED,PENDING_HUMAN_REVIEW
831,DEC-S11-MAGAZINES,11,MAGAZINES,HIGH,3,RISK_HIGH|PROMO_EXTRAPOLATION,8.844659566879272,68.33481407165527,178.34261202812195,2.444629797176236,BỔ SUNG THẬN TRỌNG,B,82.42183653712272,137.08968779444695,TRUNG BÌNH,KHÔNG ĐỀ XUẤT TĂNG,True,POL-INV-005|POL-INV-003|POL-INV-001|POL-PROMO-004|POL-PROMO-002|POL-HITL-001|POL-PROMO-001,RULE_BASED,PENDING_HUMAN_REVIEW
832,DEC-S19-PLAYERS_AND_ELECTRONICS,19,PLAYERS AND ELECTRONICS,HIGH,3,RISK_HIGH|PROMO_EXTRAPOLATION,10.725459849834442,68.08963918685913,175.96835145950317,2.391717391413125,BỔ SUNG THẬN TRỌNG,B,81.04212300777435,135.51383435726166,TRUNG BÌNH,KHÔNG ĐỀ XUẤT TĂNG,True,POL-INV-005|POL-INV-003|POL-INV-001|POL-PROMO-004|POL-PROMO-002|POL-HITL-001|POL-PROMO-001,RULE_BASED,PENDING_HUMAN_REVIEW
833,DEC-S31-PET_SUPPLIES,31,PET SUPPLIES,HIGH,3,RISK_HIGH|PROMO_EXTRAPOLATION,12.21611213684082,67.81466495990753,175.43351089954376,2.371840346208121,BỔ SUNG THẬN TRỌNG,B,80.82471170425416,135.07644367218018,TRUNG BÌNH,KHÔNG ĐỀ XUẤT TĂNG,True,POL-INV-005|POL-INV-003|POL-INV-001|POL-PROMO-004|POL-PROMO-002|POL-HITL-001|POL-PROMO-001,RULE_BASED,PENDING_HUMAN_REVIEW
834,DEC-S15-PLAYERS_AND_ELECTRONICS,15,PLAYERS AND ELECTRONICS,HIGH,3,RISK_HIGH|PROMO_EXTRAPOLATION,5.258613586425781,67.51513028144836,179.91188025474548,2.549119675477141,BỔ SUNG THẬN TRỌNG,B,83.75099478960038,137.76309901475906,TRUNG BÌNH,KHÔNG ĐỀ XUẤT TĂNG,True,POL-INV-005|POL-INV-003|POL-INV-001|POL-PROMO-004|POL-PROMO-002|POL-HITL-001|POL-PROMO-001,RULE_BASED,PENDING_HUMAN_REVIEW
835,DEC-S01-PET_SUPPLIES,1,PET SUPPLIES,HIGH,3,RISK_HIGH|PROMO_EXTRAPOLATION,10.432686364650726,67.42172718048096,175.300439453125,2.4095818664967434,BỔ SUNG THẬN TRỌNG,B,80.90854060649872,134.84592235088348,TRUNG BÌNH,KHÔNG ĐỀ XUẤT TĂNG,True,POL-INV-005|POL-INV-003|POL-INV-001|POL-PROMO-004|POL-PROMO-002|POL-HITL-001|POL-PROMO-001,RULE_BASED,PENDING_HUMAN_REVIEW
836,DEC-S36-LINGERIE,36,LINGERIE,HIGH,3,RISK_HIGH|PROMO_EXTRAPOLATION,10.908050155639648,66.96786659955978,174.84657887220382,2.412000507275389,BỔ SUNG THẬN TRỌNG,B,80.81776849031448,134.3920617699623,TRUNG BÌNH,KHÔNG ĐỀ XUẤT TĂNG,True,POL-INV-005|POL-INV-003|POL-INV-001|POL-PROMO-004|POL-PROMO-002|POL-HITL-001|POL-PROMO-001,RULE_BASED,PENDING_HUMAN_REVIEW
837,DEC-S37-SEAFOOD,37,SEAFOOD,HIGH,3,RISK_HIGH|PROMO_EXTRAPOLATION,13.955291724205017,66.69018298387527,177.62231999635696,2.4178842641205396,BỔ SUNG THẬN TRỌNG,B,82.67062222957611,136.02276861667633,TRUNG BÌNH,CÂN NHẮC THỬ NGHIỆM,True,POL-INV-005|POL-INV-003|POL-INV-001|POL-PROMO-004|POL-PROMO-005|POL-PROMO-003|POL-PROMO-002|POL-HITL-001|POL-PROMO-001,RULE_BASED,PENDING_HUMAN_REVIEW
838,DEC-S30-PLAYERS_AND_ELECTRONICS,30,PLAYERS AND ELECTRONICS,HIGH,3,RISK_HIGH|PROMO_EXTRAPOLATION,9.468294328451156,66.68539670109749,174.56410897374153,2.4391644681401923,BỔ SUNG THẬN TRỌNG,B,80.76127451062203,134.10959187150002,TRUNG BÌNH,KHÔNG ĐỀ XUẤT TĂNG,True,POL-INV-005|POL-INV-003|POL-INV-001|POL-PROMO-004|POL-PROMO-002|POL-HITL-001|POL-PROMO-001,RULE_BASED,PENDING_HUMAN_REVIEW
839,DEC-S43-MAGAZINES,43,MAGAZINES,HIGH,3,RISK_HIGH|PROMO_EXTRAPOLATION,15.058409667015075,66.51426655054092,169.61507478952407,2.2892445259226575,BỔ SUNG THẬN TRỌNG,B,77.74085845947266,130.9522716999054,TRUNG BÌNH,KHÔNG ĐỀ XUẤT TĂNG,True,POL-INV-005|POL-INV-003|POL-INV-001|POL-PROMO-004|POL-PROMO-002|POL-HITL-001|POL-PROMO-001,RULE_BASED,PENDING_HUMAN_REVIEW
840,DEC-S14-PLAYERS_AND_ELECTRONICS,14,PLAYERS AND ELECTRONICS,HIGH,3,RISK_HIGH|PROMO_EXTRAPOLATION,12.250704300403594,65.81400603055954,171.56363261938094,2.38442413176229,BỔ SUNG THẬN TRỌNG,B,79.25631782412529,131.90752264857292,TRUNG BÌNH,KHÔNG ĐỀ XUẤT TĂNG,True,POL-INV-005|POL-INV-003|POL-INV-001|POL-PROMO-004|POL-PROMO-002|POL-HITL-001|POL-PROMO-001,RULE_BASED,PENDING_HUMAN_REVIEW
841,DEC-S50-LINGERIE,50,LINGERIE,HIGH,3,RISK_HIGH|PROMO_EXTRAPOLATION,11.597466242313384,65.61442190408707,171.36404849290847,2.3983782743116886,BỔ SUNG THẬN TRỌNG,B,79.21640099883079,131.70793852210045,TRUNG BÌNH,KHÔNG ĐỀ XUẤT TĂNG,True,POL-INV-005|POL-INV-003|POL-INV-001|POL-PROMO-004|POL-PROMO-002|POL-HITL-001|POL-PROMO-001,RULE_BASED,PENDING_HUMAN_REVIEW
842,DEC-S25-PET_SUPPLIES,25,PET SUPPLIES,HIGH,3,RISK_HIGH|PROMO_EXTRAPOLATION,8.700837379693985,65.28161963820457,173.1603319108486,2.4812232324564465,BỔ SUNG THẬN TRỌNG,B,80.48051909804343,132.7058148086071,TRUNG BÌNH,KHÔNG ĐỀ XUẤT TĂNG,True,POL-INV-005|POL-INV-003|POL-INV-001|POL-PROMO-004|POL-PROMO-002|POL-HITL-001|POL-PROMO-001,RULE_BASED,PENDING_HUMAN_REVIEW
843,DEC-S05-AUTOMOTIVE,5,AUTOMOTIVE,HIGH,3,RISK_HIGH|PROMO_EXTRAPOLATION,11.213620936870576,65.0633533000946,170.5531135559082,2.411919538737817,BỔ SUNG THẬN TRỌNG,B,78.94377081990243,130.9944534599781,TRUNG BÌNH,KHÔNG ĐỀ XUẤT TĂNG,True,POL-INV-005|POL-INV-003|POL-INV-001|POL-PROMO-004|POL-PROMO-002|POL-HITL-001|POL-PROMO-001,RULE_BASED,PENDING_HUMAN_REVIEW
844,DEC-S51-LADIESWEAR,51,LADIESWEAR,HIGH,3,RISK_HIGH|PROMO_EXTRAPOLATION,10.392097210884094,64.98417240381241,170.473932659626,2.4260641547349735,BỔ SUNG THẬN TRỌNG,B,78.92793464064599,130.9152725636959,TRUNG BÌNH,KHÔNG ĐỀ XUẤT TĂNG,True,POL-INV-005|POL-INV-003|POL-INV-001|POL-PROMO-004|POL-PROMO-002|POL-HITL-001|POL-PROMO-001,RULE_BASED,PENDING_HUMAN_REVIEW
845,DEC-S33-BEAUTY,33,BEAUTY,HIGH,3,RISK_HIGH|PROMO_EXTRAPOLATION,19.987228083610532,64.52094305306673,163.62344625741244,2.192218418734725,BỔ SUNG THẬN TRỌNG,B,74.84325311332941,126.4600075557828,TRUNG BÌNH,KHÔNG ĐỀ XUẤT TĂNG,True,POL-INV-005|POL-INV-003|POL-INV-001|POL-PROMO-004|POL-PROMO-002|POL-HITL-001|POL-PROMO-001,RULE_BASED,PENDING_HUMAN_REVIEW
846,DEC-S23-LINGERIE,23,LINGERIE,HIGH,3,RISK_HIGH|PROMO_EXTRAPOLATION,13.493890523910522,64.32227449864149,173.46783280819653,2.4489952854843255,BỔ SUNG THẬN TRỌNG,B,81.0804288432002,132.5382484421134,TRUNG BÌNH,KHÔNG ĐỀ XUẤT TĂNG,True,POL-INV-005|POL-INV-003|POL-INV-001|POL-PROMO-004|POL-PROMO-002|POL-HITL-001|POL-PROMO-001,RULE_BASED,PENDING_HUMAN_REVIEW
847,DEC-S14-AUTOMOTIVE,14,AUTOMOTIVE,HIGH,3,RISK_HIGH|PROMO_EXTRAPOLATION,15.015254652500152,64.28481365740299,165.51640254557134,2.305301025792314,BỔ SUNG THẬN TRỌNG,B,76.1267057865858,127.5545567125082,TRUNG BÌNH,KHÔNG ĐỀ XUẤT TĂNG,True,POL-INV-005|POL-INV-003|POL-INV-001|POL-PROMO-004|POL-PROMO-002|POL-HITL-001|POL-PROMO-001,RULE_BASED,PENDING_HUMAN_REVIEW
848,DEC-S24-AUTOMOTIVE,24,AUTOMOTIVE,HIGH,3,RISK_HIGH|PROMO_EXTRAPOLATION,10.91583776473999,64.28048801422119,169.51038193702698,2.4294325762046625,BỔ SUNG THẬN TRỌNG,B,78.62478130459785,130.0491717159748,TRUNG BÌNH,KHÔNG ĐỀ XUẤT TĂNG,True,POL-INV-005|POL-INV-003|POL-INV-001|POL-PROMO-004|POL-PROMO-002|POL-HITL-001|POL-PROMO-001,RULE_BASED,PENDING_HUMAN_REVIEW
849,DEC-S12-PLAYERS_AND_ELECTRONICS,12,PLAYERS AND ELECTRONICS,HIGH,3,RISK_HIGH|PROMO_EXTRAPOLATION,13.134075558185575,63.84099543094635,166.9418036699295,2.3720753682065907,BỔ SUNG THẬN TRỌNG,B,77.20620423555374,128.27900058031082,TRUNG BÌNH,KHÔNG ĐỀ XUẤT TĂNG,True,POL-INV-005|POL-INV-003|POL-INV-001|POL-PROMO-004|POL-PROMO-002|POL-HITL-001|POL-PROMO-001,RULE_BASED,PENDING_HUMAN_REVIEW
850,DEC-S17-MAGAZINES,17,MAGAZINES,HIGH,3,RISK_HIGH|PROMO_EXTRAPOLATION,6.186843156814575,63.80538487434387,173.81318283081055,2.586611282365185,BỔ SUNG THẬN TRỌNG,B,81.51595069766044,132.56025859713554,TRUNG BÌNH,KHÔNG ĐỀ XUẤT TĂNG,True,POL-INV-005|POL-INV-003|POL-INV-001|POL-PROMO-004|POL-PROMO-002|POL-HITL-001|POL-PROMO-001,RULE_BASED,PENDING_HUMAN_REVIEW
851,DEC-S41-SEAFOOD,41,SEAFOOD,HIGH,3,RISK_HIGH|PROMO_EXTRAPOLATION,16.116894400119783,63.72882564365864,170.6626576215029,2.3875879360484533,BỔ SUNG THẬN TRỌNG,B,79.57941011488438,130.5624706298113,TRUNG BÌNH,CÂN NHẮC THỬ NGHIỆM,True,POL-INV-005|POL-INV-003|POL-INV-001|POL-PROMO-004|POL-PROMO-005|POL-PROMO-003|POL-PROMO-002|POL-HITL-001|POL-PROMO-001,RULE_BASED,PENDING_HUMAN_REVIEW
852,DEC-S22-BEAUTY,22,BEAUTY,HIGH,3,RISK_HIGH|PROMO_EXTRAPOLATION,13.199806120991706,63.25696250796318,170.53330146670342,2.4485050211673767,BỔ SUNG THẬN TRỌNG,B,79.69910435080527,130.30467435717583,TRUNG BÌNH,KHÔNG ĐỀ XUẤT TĂNG,True,POL-INV-005|POL-INV-003|POL-INV-001|POL-PROMO-004|POL-PROMO-002|POL-HITL-001|POL-PROMO-001,RULE_BASED,PENDING_HUMAN_REVIEW
853,DEC-S40-PET_SUPPLIES,40,PET SUPPLIES,HIGH,3,RISK_HIGH|PROMO_EXTRAPOLATION,10.389672434329986,63.12600314617157,168.61576340198516,2.467424807483913,BỔ SUNG THẬN TRỌNG,B,78.55630078911781,129.05710330605507,TRUNG BÌNH,KHÔNG ĐỀ XUẤT TĂNG,True,POL-INV-005|POL-INV-003|POL-INV-001|POL-PROMO-004|POL-PROMO-002|POL-HITL-001|POL-PROMO-001,RULE_BASED,PENDING_HUMAN_REVIEW
854,DEC-S49-HARDWARE,49,HARDWARE,HIGH,3,RISK_HIGH|PROMO_EXTRAPOLATION,8.421872615814209,62.7988669872284,170.41771292686462,2.5391648466653742,BỔ SUNG THẬN TRỌNG,B,79.82155210971831,130.06064569950104,TRUNG BÌNH,KHÔNG ĐỀ XUẤT TĂNG,True,POL-INV-005|POL-INV-003|POL-INV-001|POL-PROMO-004|POL-PROMO-002|POL-HITL-001|POL-PROMO-001,RULE_BASED,PENDING_HUMAN_REVIEW
855,DEC-S43-PLAYERS_AND_ELECTRONICS,43,PLAYERS AND ELECTRONICS,HIGH,3,RISK_HIGH|PROMO_EXTRAPOLATION,11.083537411689758,62.20987808704376,165.57055265903472,2.444032798712365,BỔ SUNG THẬN TRỌNG,B,77.04239722490308,126.8102996945381,TRUNG BÌNH,KHÔNG ĐỀ XUẤT TĂNG,True,POL-INV-005|POL-INV-003|POL-INV-001|POL-PROMO-004|POL-PROMO-002|POL-HITL-001|POL-PROMO-001,RULE_BASED,PENDING_HUMAN_REVIEW
856,DEC-S11-LAWN_AND_GARDEN,11,LAWN AND GARDEN,HIGH,3,RISK_HIGH|PROMO_EXTRAPOLATION,8.18110573887825,62.033861130476,167.5236213862896,2.52788759548749,BỔ SUNG THẬN TRỌNG,B,78.33787238597868,127.96496129035948,TRUNG BÌNH,KHÔNG ĐỀ XUẤT TĂNG,True,POL-INV-005|POL-INV-003|POL-INV-001|POL-PROMO-004|POL-PROMO-002|POL-HITL-001|POL-PROMO-001,RULE_BASED,PENDING_HUMAN_REVIEW
857,DEC-S34-MAGAZINES,34,MAGAZINES,HIGH,3,RISK_HIGH|PROMO_EXTRAPOLATION,9.943194150924684,61.5324592590332,166.762353181839,2.5078041210774993,BỔ SUNG THẬN TRỌNG,B,78.07517555356026,127.30114296078682,TRUNG BÌNH,KHÔNG ĐỀ XUẤT TĂNG,True,POL-INV-005|POL-INV-003|POL-INV-001|POL-PROMO-004|POL-PROMO-002|POL-HITL-001|POL-PROMO-001,RULE_BASED,PENDING_HUMAN_REVIEW
858,DEC-S25-LINGERIE,25,LINGERIE,HIGH,3,RISK_HIGH|PROMO_EXTRAPOLATION,8.14011058807373,61.25266367197037,166.74242392778396,2.5477193100593682,BỔ SUNG THẬN TRỌNG,B,78.18163289427756,127.18376383185385,TRUNG BÌNH,KHÔNG ĐỀ XUẤT TĂNG,True,POL-INV-005|POL-INV-003|POL-INV-001|POL-PROMO-004|POL-PROMO-002|POL-HITL-001|POL-PROMO-001,RULE_BASED,PENDING_HUMAN_REVIEW
859,DEC-S03-HOME_APPLIANCES,3,HOME APPLIANCES,HIGH,3,RISK_HIGH|PROMO_EXTRAPOLATION,6.461097240447998,61.01687800884247,168.6357239484787,2.615007912602559,BỔ SUNG THẬN TRỌNG,B,79.46515431404114,128.2786567211151,TRUNG BÌNH,KHÔNG ĐỀ XUẤT TĂNG,True,POL-INV-005|POL-INV-003|POL-INV-001|POL-PROMO-004|POL-PROMO-002|POL-HITL-001|POL-PROMO-001,RULE_BASED,PENDING_HUMAN_REVIEW
860,DEC-S49-HOME_APPLIANCES,49,HOME APPLIANCES,HIGH,3,RISK_HIGH|PROMO_EXTRAPOLATION,8.23375574350357,60.216957807540894,165.7067180633545,2.572374844482274,BỔ SUNG THẬN TRỌNG,B,77.97449172139166,126.14805796742438,TRUNG BÌNH,KHÔNG ĐỀ XUẤT TĂNG,True,POL-INV-005|POL-INV-003|POL-INV-001|POL-PROMO-004|POL-PROMO-002|POL-HITL-001|POL-PROMO-001,RULE_BASED,PENDING_HUMAN_REVIEW
861,DEC-S19-LINGERIE,19,LINGERIE,HIGH,3,RISK_HIGH|PROMO_EXTRAPOLATION,9.957639503479005,59.84673408418894,161.3381893053651,2.4878993438239836,BỔ SUNG THẬN TRỌNG,B,75.40150633007288,123.27889359742403,TRUNG BÌNH,KHÔNG ĐỀ XUẤT TĂNG,True,POL-INV-005|POL-INV-003|POL-INV-001|POL-PROMO-004|POL-PROMO-002|POL-HITL-001|POL-PROMO-001,RULE_BASED,PENDING_HUMAN_REVIEW
862,DEC-S23-MAGAZINES,23,MAGAZINES,HIGH,3,RISK_HIGH|PROMO_EXTRAPOLATION,10.730127131938934,59.27573585510254,162.3765440940857,2.5158783183782467,BỔ SUNG THẬN TRỌNG,B,76.29315232038496,123.713741004467,TRUNG BÌNH,KHÔNG ĐỀ XUẤT TĂNG,True,POL-INV-005|POL-INV-003|POL-INV-001|POL-PROMO-004|POL-PROMO-002|POL-HITL-001|POL-PROMO-001,RULE_BASED,PENDING_HUMAN_REVIEW
863,DEC-S23-PET_SUPPLIES,23,PET SUPPLIES,HIGH,3,RISK_HIGH|PROMO_EXTRAPOLATION,7.959166276454926,57.63552463054657,158.86711351871492,2.5736607320068807,BỔ SUNG THẬN TRỌNG,B,74.79684798121451,120.90526768565178,TRUNG BÌNH,KHÔNG ĐỀ XUẤT TĂNG,True,POL-INV-005|POL-INV-003|POL-INV-001|POL-PROMO-004|POL-PROMO-002|POL-HITL-001|POL-PROMO-001,RULE_BASED,PENDING_HUMAN_REVIEW
864,DEC-S08-HOME_APPLIANCES,8,HOME APPLIANCES,HIGH,3,RISK_HIGH|PROMO_EXTRAPOLATION,7.259504294395446,57.51649516820908,160.61730340719222,2.620761866751603,BỔ SUNG THẬN TRỌNG,B,75.94130418300628,121.95450031757355,TRUNG BÌNH,KHÔNG ĐỀ XUẤT TĂNG,True,POL-INV-005|POL-INV-003|POL-INV-001|POL-PROMO-004|POL-PROMO-002|POL-HITL-001|POL-PROMO-001,RULE_BASED,PENDING_HUMAN_REVIEW
865,DEC-S03-BABY_CARE,3,BABY CARE,HIGH,3,RISK_HIGH|PROMO_EXTRAPOLATION,7.573070359230042,57.2518355846405,160.61251015663146,2.627203731203175,BỔ SUNG THẬN TRỌNG,B,76.05078872442245,121.85225719213484,TRUNG BÌNH,KHÔNG ĐỀ XUẤT TĂNG,True,POL-INV-005|POL-INV-003|POL-INV-001|POL-PROMO-004|POL-PROMO-002|POL-HITL-001|POL-PROMO-001,RULE_BASED,PENDING_HUMAN_REVIEW
866,DEC-S27-HARDWARE,27,HARDWARE,HIGH,3,RISK_HIGH|PROMO_EXTRAPOLATION,7.983228921890259,56.67672085762024,159.51766276359558,2.627306677433702,BỔ SUNG THẬN TRỌNG,B,75.61093286275863,120.95230954885483,TRUNG BÌNH,KHÔNG ĐỀ XUẤT TĂNG,True,POL-INV-005|POL-INV-003|POL-INV-001|POL-PROMO-004|POL-PROMO-002|POL-HITL-001|POL-PROMO-001,RULE_BASED,PENDING_HUMAN_REVIEW
867,DEC-S45-HARDWARE,45,HARDWARE,HIGH,3,RISK_HIGH|PROMO_EXTRAPOLATION,8.150898730754852,56.10836696624756,159.2091752052307,2.6451163725930913,BỔ SUNG THẬN TRỌNG,B,75.65967854261396,120.54637211561202,TRUNG BÌNH,KHÔNG ĐỀ XUẤT TĂNG,True,POL-INV-005|POL-INV-003|POL-INV-001|POL-PROMO-004|POL-PROMO-002|POL-HITL-001|POL-PROMO-001,RULE_BASED,PENDING_HUMAN_REVIEW
868,DEC-S31-LADIESWEAR,31,LADIESWEAR,HIGH,3,RISK_HIGH|PROMO_EXTRAPOLATION,5.661336302757263,55.79728299379349,160.9445362687111,2.7339899336896516,BỔ SUNG THẬN TRỌNG,B,76.8764898955822,121.51431629061699,TRUNG BÌNH,KHÔNG ĐỀ XUẤT TĂNG,True,POL-INV-005|POL-INV-003|POL-INV-001|POL-PROMO-004|POL-PROMO-002|POL-HITL-001|POL-PROMO-001,RULE_BASED,PENDING_HUMAN_REVIEW
869,DEC-S04-AUTOMOTIVE,4,AUTOMOTIVE,HIGH,3,RISK_HIGH|PROMO_EXTRAPOLATION,8.551934957504272,55.728379011154175,158.56932091712952,2.6444856802646908,BỔ SUNG THẬN TRỌNG,B,75.42126449346543,120.00396770238876,TRUNG BÌNH,KHÔNG ĐỀ XUẤT TĂNG,True,POL-INV-005|POL-INV-003|POL-INV-001|POL-PROMO-004|POL-PROMO-002|POL-HITL-001|POL-PROMO-001,RULE_BASED,PENDING_HUMAN_REVIEW
870,DEC-S36-AUTOMOTIVE,36,AUTOMOTIVE,HIGH,3,RISK_HIGH|PROMO_EXTRAPOLATION,7.020812749862671,55.335763931274414,158.17670583724976,2.6831249376823294,BỔ SUNG THẬN TRỌNG,B,75.34274147748947,119.611352622509,TRUNG BÌNH,KHÔNG ĐỀ XUẤT TĂNG,True,POL-INV-005|POL-INV-003|POL-INV-001|POL-PROMO-004|POL-PROMO-002|POL-HITL-001|POL-PROMO-001,RULE_BASED,PENDING_HUMAN_REVIEW
871,DEC-S42-AUTOMOTIVE,42,AUTOMOTIVE,HIGH,3,RISK_HIGH|PROMO_EXTRAPOLATION,6.611879962682724,55.04334846138954,156.2749373495579,2.670487426174828,BỔ SUNG THẬN TRỌNG,B,74.2784127473831,118.31309151649475,TRUNG BÌNH,KHÔNG ĐỀ XUẤT TĂNG,True,POL-INV-005|POL-INV-003|POL-INV-001|POL-PROMO-004|POL-PROMO-002|POL-HITL-001|POL-PROMO-001,RULE_BASED,PENDING_HUMAN_REVIEW
872,DEC-S12-AUTOMOTIVE,12,AUTOMOTIVE,HIGH,3,RISK_HIGH|PROMO_EXTRAPOLATION,10.522811722755431,53.648650765419006,152.23142130374907,2.5930852380835927,BỔ SUNG THẬN TRỌNG,B,72.3439617395401,115.2628823518753,TRUNG BÌNH,KHÔNG ĐỀ XUẤT TĂNG,True,POL-INV-005|POL-INV-003|POL-INV-001|POL-PROMO-004|POL-PROMO-002|POL-HITL-001|POL-PROMO-001,RULE_BASED,PENDING_HUMAN_REVIEW
873,DEC-S18-AUTOMOTIVE,18,AUTOMOTIVE,HIGH,3,RISK_HIGH|PROMO_EXTRAPOLATION,9.6431737780571,53.07034510374069,149.78389629125596,2.5918222316562143,BỔ SUNG THẬN TRỌNG,B,71.06003851294517,113.51631459593773,TRUNG BÌNH,KHÔNG ĐỀ XUẤT TĂNG,True,POL-INV-005|POL-INV-003|POL-INV-001|POL-PROMO-004|POL-PROMO-002|POL-HITL-001|POL-PROMO-001,RULE_BASED,PENDING_HUMAN_REVIEW
874,DEC-S18-PET_SUPPLIES,18,PET SUPPLIES,HIGH,3,RISK_HIGH|PROMO_EXTRAPOLATION,7.098845875263214,53.04411315917969,153.7559693813324,2.7136558439604754,BỔ SUNG THẬN TRỌNG,B,73.55373277068138,115.98902329802513,TRUNG BÌNH,KHÔNG ĐỀ XUẤT TĂNG,True,POL-INV-005|POL-INV-003|POL-INV-001|POL-PROMO-004|POL-PROMO-002|POL-HITL-001|POL-PROMO-001,RULE_BASED,PENDING_HUMAN_REVIEW
875,DEC-S35-CELEBRATION,35,CELEBRATION,HIGH,3,RISK_HIGH|PROMO_EXTRAPOLATION,5.402311342954636,52.54209652543068,157.42948346734048,2.8393952047092155,BỔ SUNG THẬN TRỌNG,B,76.06303614377975,118.0967133641243,TRUNG BÌNH,KHÔNG ĐỀ XUẤT TĂNG,True,POL-INV-005|POL-INV-003|POL-INV-001|POL-PROMO-004|POL-PROMO-002|POL-HITL-001|POL-PROMO-001,RULE_BASED,PENDING_HUMAN_REVIEW
876,DEC-S48-LINGERIE,48,LINGERIE,HIGH,3,RISK_HIGH|PROMO_EXTRAPOLATION,11.094988256692886,51.88583669066429,146.47030219435692,2.5597650034259787,BỔ SUNG THẬN TRỌNG,B,69.49245827794074,111.00112763047218,TRUNG BÌNH,KHÔNG ĐỀ XUẤT TĂNG,True,POL-INV-005|POL-INV-003|POL-INV-001|POL-PROMO-004|POL-PROMO-002|POL-HITL-001|POL-PROMO-001,RULE_BASED,PENDING_HUMAN_REVIEW
877,DEC-S37-LINGERIE,37,LINGERIE,HIGH,3,RISK_HIGH|PROMO_EXTRAPOLATION,5.418863368034363,51.75421905517578,152.7259416103363,2.792327910081146,BỔ SUNG THẬN TRỌNG,B,73.45817040801047,114.86154565215111,TRUNG BÌNH,KHÔNG ĐỀ XUẤT TĂNG,True,POL-INV-005|POL-INV-003|POL-INV-001|POL-PROMO-004|POL-PROMO-002|POL-HITL-001|POL-PROMO-001,RULE_BASED,PENDING_HUMAN_REVIEW
878,DEC-S45-HOME_APPLIANCES,45,HOME APPLIANCES,HIGH,3,RISK_HIGH|PROMO_EXTRAPOLATION,7.285813021659852,51.53324240446091,150.3758792757988,2.723800391996903,BỔ SUNG THẬN TRỌNG,B,72.08329652547836,113.30989044904709,TRUNG BÌNH,KHÔNG ĐỀ XUẤT TĂNG,True,POL-INV-005|POL-INV-003|POL-INV-001|POL-PROMO-004|POL-PROMO-002|POL-HITL-001|POL-PROMO-001,RULE_BASED,PENDING_HUMAN_REVIEW
879,DEC-S10-PLAYERS_AND_ELECTRONICS,10,PLAYERS AND ELECTRONICS,HIGH,3,RISK_HIGH|PROMO_EXTRAPOLATION,7.640050196647644,50.99851143360138,147.71206262111664,2.693769659220564,BỔ SUNG THẬN TRỌNG,B,70.6456717789173,111.44448092579842,TRUNG BÌNH,KHÔNG ĐỀ XUẤT TĂNG,True,POL-INV-005|POL-INV-003|POL-INV-001|POL-PROMO-004|POL-PROMO-002|POL-HITL-001|POL-PROMO-001,RULE_BASED,PENDING_HUMAN_REVIEW
880,DEC-S15-LINGERIE,15,LINGERIE,HIGH,3,RISK_HIGH|PROMO_EXTRAPOLATION,10.357917523384094,50.76803029328585,146.96184881478547,2.638770115793231,BỔ SUNG THẬN TRỌNG,B,70.27474263459445,110.88916686922312,TRUNG BÌNH,KHÔNG ĐỀ XUẤT TĂNG,True,POL-INV-005|POL-INV-003|POL-INV-001|POL-PROMO-004|POL-PROMO-002|POL-HITL-001|POL-PROMO-001,RULE_BASED,PENDING_HUMAN_REVIEW
881,DEC-S16-AUTOMOTIVE,16,AUTOMOTIVE,HIGH,3,RISK_HIGH|PROMO_EXTRAPOLATION,4.070120316743851,50.63384929671884,149.73635250106454,2.821138345646783,BỔ SUNG THẬN TRỌNG,B,72.06583436205983,112.5729137994349,TRUNG BÌNH,KHÔNG ĐỀ XUẤT TĂNG,True,POL-INV-005|POL-INV-003|POL-INV-001|POL-PROMO-004|POL-PROMO-002|POL-HITL-001|POL-PROMO-001,RULE_BASED,PENDING_HUMAN_REVIEW
882,DEC-S30-CELEBRATION,30,CELEBRATION,HIGH,3,RISK_HIGH|PROMO_EXTRAPOLATION,10.9164293050766,50.61760318279266,144.94220235347748,2.596512910019812,BỔ SUNG THẬN TRỌNG,B,69.07639511823655,109.57047766447067,TRUNG BÌNH,KHÔNG ĐỀ XUẤT TĂNG,True,POL-INV-005|POL-INV-003|POL-INV-001|POL-PROMO-004|POL-PROMO-002|POL-HITL-001|POL-PROMO-001,RULE_BASED,PENDING_HUMAN_REVIEW
883,DEC-S15-AUTOMOTIVE,15,AUTOMOTIVE,HIGH,3,RISK_HIGH|PROMO_EXTRAPOLATION,9.1375923037529,50.10082828998566,146.55451314449311,2.68913294440024,BỔ SUNG THẬN TRỌNG,B,70.30371869206428,110.38438132405281,TRUNG BÌNH,KHÔNG ĐỀ XUẤT TĂNG,True,POL-INV-005|POL-INV-003|POL-INV-001|POL-PROMO-004|POL-PROMO-002|POL-HITL-001|POL-PROMO-001,RULE_BASED,PENDING_HUMAN_REVIEW
884,DEC-S20-MAGAZINES,20,MAGAZINES,HIGH,3,RISK_HIGH|PROMO_EXTRAPOLATION,5.750773388147354,49.80449745059013,148.64713432192804,2.812671478007521,BỔ SUNG THẬN TRỌNG,B,71.7375475347042,111.58114549517632,TRUNG BÌNH,KHÔNG ĐỀ XUẤT TĂNG,True,POL-INV-005|POL-INV-003|POL-INV-001|POL-PROMO-004|POL-PROMO-002|POL-HITL-001|POL-PROMO-001,RULE_BASED,PENDING_HUMAN_REVIEW
885,DEC-S13-BEAUTY,13,BEAUTY,HIGH,3,RISK_HIGH|PROMO_EXTRAPOLATION,15.93347378373146,49.58544827252626,141.78096175938845,2.4878199615363834,BỔ SUNG THẬN TRỌNG,B,67.53928558379411,107.20764420181513,TRUNG BÌNH,KHÔNG ĐỀ XUẤT TĂNG,True,POL-INV-005|POL-INV-003|POL-INV-001|POL-PROMO-004|POL-PROMO-002|POL-HITL-001|POL-PROMO-001,RULE_BASED,PENDING_HUMAN_REVIEW
886,DEC-S46-HARDWARE,46,HARDWARE,HIGH,3,RISK_HIGH|PROMO_EXTRAPOLATION,4.700868779420853,49.56799963116646,148.67050283551217,2.847050211718457,BỔ SUNG THẬN TRỌNG,B,71.85266442894935,111.50706413388252,TRUNG BÌNH,KHÔNG ĐỀ XUẤT TĂNG,True,POL-INV-005|POL-INV-003|POL-INV-001|POL-PROMO-004|POL-PROMO-002|POL-HITL-001|POL-PROMO-001,RULE_BASED,PENDING_HUMAN_REVIEW
887,DEC-S22-AUTOMOTIVE,22,AUTOMOTIVE,HIGH,3,RISK_HIGH|PROMO_EXTRAPOLATION,5.510514941811562,49.5337537676096,148.3763906389475,2.8271376069574323,BỔ SUNG THẬN TRỌNG,B,71.68339879810812,111.31040181219579,TRUNG BÌNH,KHÔNG ĐỀ XUẤT TĂNG,True,POL-INV-005|POL-INV-003|POL-INV-001|POL-PROMO-004|POL-PROMO-002|POL-HITL-001|POL-PROMO-001,RULE_BASED,PENDING_HUMAN_REVIEW
888,DEC-S05-PET_SUPPLIES,5,PET SUPPLIES,HIGH,3,RISK_HIGH|PROMO_EXTRAPOLATION,5.678527998924256,49.44260078668594,148.28523765802385,2.8271085835197436,BỔ SUNG THẬN TRỌNG,B,71.66516820192336,111.21924883127213,TRUNG BÌNH,KHÔNG ĐỀ XUẤT TĂNG,True,POL-INV-005|POL-INV-003|POL-INV-001|POL-PROMO-004|POL-PROMO-002|POL-HITL-001|POL-PROMO-001,RULE_BASED,PENDING_HUMAN_REVIEW
889,DEC-S40-MAGAZINES,40,MAGAZINES,HIGH,3,RISK_HIGH|PROMO_EXTRAPOLATION,3.717534065246582,49.42639947682619,150.3981220319867,2.908805496496894,BỔ SUNG THẬN TRỌNG,B,72.99260649234056,112.53372607380152,TRUNG BÌNH,KHÔNG ĐỀ XUẤT TĂNG,True,POL-INV-005|POL-INV-003|POL-INV-001|POL-PROMO-004|POL-PROMO-002|POL-HITL-001|POL-PROMO-001,RULE_BASED,PENDING_HUMAN_REVIEW
890,DEC-S17-PET_SUPPLIES,17,PET SUPPLIES,HIGH,3,RISK_HIGH|PROMO_EXTRAPOLATION,6.384381484985352,48.43281698226929,147.01558752059935,2.8448956507183487,BỔ SUNG THẬN TRỌNG,B,71.30079498291016,110.04704856872559,TRUNG BÌNH,KHÔNG ĐỀ XUẤT TĂNG,True,POL-INV-005|POL-INV-003|POL-INV-001|POL-PROMO-004|POL-PROMO-002|POL-HITL-001|POL-PROMO-001,RULE_BASED,PENDING_HUMAN_REVIEW
891,DEC-S24-HARDWARE,24,HARDWARE,HIGH,3,RISK_HIGH|PROMO_EXTRAPOLATION,5.197069144248962,47.83243328332901,146.15533748865127,2.886570643050964,BỔ SUNG THẬN TRỌNG,B,71.01830178499222,109.28424841165543,TRUNG BÌNH,KHÔNG ĐỀ XUẤT TĂNG,True,POL-INV-005|POL-INV-003|POL-INV-001|POL-PROMO-004|POL-PROMO-002|POL-HITL-001|POL-PROMO-001,RULE_BASED,PENDING_HUMAN_REVIEW
892,DEC-S23-SEAFOOD,23,SEAFOOD,HIGH,3,RISK_HIGH|PROMO_EXTRAPOLATION,12.850114595890044,47.82721034809947,145.72496692463756,2.7213279518009466,BỔ SUNG THẬN TRỌNG,B,70.7515399299562,109.01330820843577,TRUNG BÌNH,CÂN NHẮC THỬ NGHIỆM,True,POL-INV-005|POL-INV-003|POL-INV-001|POL-PROMO-004|POL-PROMO-005|POL-PROMO-003|POL-PROMO-002|POL-HITL-001|POL-PROMO-001,RULE_BASED,PENDING_HUMAN_REVIEW
893,DEC-S13-AUTOMOTIVE,13,AUTOMOTIVE,HIGH,3,RISK_HIGH|PROMO_EXTRAPOLATION,11.857460397481915,47.65588577464223,140.11126559451222,2.6359360877954003,BỔ SUNG THẬN TRỌNG,B,67.31578954234719,105.44049816206098,TRUNG BÌNH,KHÔNG ĐỀ XUẤT TĂNG,True,POL-INV-005|POL-INV-003|POL-INV-001|POL-PROMO-004|POL-PROMO-002|POL-HITL-001|POL-PROMO-001,RULE_BASED,PENDING_HUMAN_REVIEW
894,DEC-S08-BABY_CARE,8,BABY CARE,HIGH,3,RISK_HIGH|PROMO_EXTRAPOLATION,9.19943995475769,47.46442484855652,143.65824337005614,2.774381493960992,BỔ SUNG THẬN TRỌNG,B,69.61402154564857,107.58556142449379,TRUNG BÌNH,KHÔNG ĐỀ XUẤT TĂNG,True,POL-INV-005|POL-INV-003|POL-INV-001|POL-PROMO-004|POL-PROMO-002|POL-HITL-001|POL-PROMO-001,RULE_BASED,PENDING_HUMAN_REVIEW
895,DEC-S40-SEAFOOD,40,SEAFOOD,HIGH,3,RISK_HIGH|PROMO_EXTRAPOLATION,4.873535311222076,47.13060867786408,153.54470798969268,3.088911126670345,BỔ SUNG THẬN TRỌNG,B,75.9349338054657,113.63942074775696,TRUNG BÌNH,KHÔNG ĐỀ XUẤT TĂNG,True,POL-INV-005|POL-INV-003|POL-INV-001|POL-PROMO-004|POL-PROMO-002|POL-HITL-001|POL-PROMO-001,RULE_BASED,PENDING_HUMAN_REVIEW
896,DEC-S09-HARDWARE,9,HARDWARE,HIGH,3,RISK_HIGH|PROMO_EXTRAPOLATION,7.089517831802368,47.05612526834011,145.37902947366237,2.877666704705521,BỔ SUNG THẬN TRỌNG,B,70.86304018199444,108.50794039666653,TRUNG BÌNH,KHÔNG ĐỀ XUẤT TĂNG,True,POL-INV-005|POL-INV-003|POL-INV-001|POL-PROMO-004|POL-PROMO-002|POL-HITL-001|POL-PROMO-001,RULE_BASED,PENDING_HUMAN_REVIEW
897,DEC-S30-LINGERIE,30,LINGERIE,HIGH,3,RISK_HIGH|PROMO_EXTRAPOLATION,7.073382925987244,46.94155848026276,141.52602398395538,2.804511269973033,BỔ SUNG THẬN TRỌNG,B,68.50360263586043,106.05684942007065,TRUNG BÌNH,KHÔNG ĐỀ XUẤT TĂNG,True,POL-INV-005|POL-INV-003|POL-INV-001|POL-PROMO-004|POL-PROMO-002|POL-HITL-001|POL-PROMO-001,RULE_BASED,PENDING_HUMAN_REVIEW
898,DEC-S34-HOME_APPLIANCES,34,HOME APPLIANCES,HIGH,3,RISK_HIGH|PROMO_EXTRAPOLATION,6.752411437034607,46.80201089382172,142.99582941532134,2.8501608076888627,BỔ SUNG THẬN TRỌNG,B,69.4815387547016,106.92314746975899,TRUNG BÌNH,KHÔNG ĐỀ XUẤT TĂNG,True,POL-INV-005|POL-INV-003|POL-INV-001|POL-PROMO-004|POL-PROMO-002|POL-HITL-001|POL-PROMO-001,RULE_BASED,PENDING_HUMAN_REVIEW
899,DEC-S38-HARDWARE,38,HARDWARE,HIGH,3,RISK_HIGH|PROMO_EXTRAPOLATION,5.865293788909913,46.58657652139664,143.0402613759041,2.8826399714910225,BỔ SUNG THẬN TRỌNG,B,69.60086833834649,106.87012955546379,TRUNG BÌNH,KHÔNG ĐỀ XUẤT TĂNG,True,POL-INV-005|POL-INV-003|POL-INV-001|POL-PROMO-004|POL-PROMO-002|POL-HITL-001|POL-PROMO-001,RULE_BASED,PENDING_HUMAN_REVIEW
900,DEC-S52-HOME_APPLIANCES,52,HOME APPLIANCES,HIGH,3,RISK_HIGH|PROMO_EXTRAPOLATION,8.199528056383134,46.50859805941582,140.57333089709283,2.786312546523866,BỔ SUNG THẬN TRỌNG,B,68.09217763543128,105.29905608296394,TRUNG BÌNH,KHÔNG ĐỀ XUẤT TĂNG,True,POL-INV-005|POL-INV-003|POL-INV-001|POL-PROMO-004|POL-PROMO-002|POL-HITL-001|POL-PROMO-001,RULE_BASED,PENDING_HUMAN_REVIEW
901,DEC-S54-LINGERIE,54,LINGERIE,HIGH,3,RISK_HIGH|PROMO_EXTRAPOLATION,8.674363124370576,45.74263289570808,137.93814638257027,2.7654365030444983,BỔ SUNG THẬN TRỌNG,B,66.77072250843048,103.36482882499695,TRUNG BÌNH,KHÔNG ĐỀ XUẤT TĂNG,True,POL-INV-005|POL-INV-003|POL-INV-001|POL-PROMO-004|POL-PROMO-002|POL-HITL-001|POL-PROMO-001,RULE_BASED,PENDING_HUMAN_REVIEW
902,DEC-S28-SEAFOOD,28,SEAFOOD,HIGH,3,RISK_HIGH|PROMO_EXTRAPOLATION,10.907904303073884,45.627482771873474,139.8694412946701,2.7657838108598933,BỔ SUNG THẬN TRỌNG,B,68.02672063112259,104.52870684862137,TRUNG BÌNH,KHÔNG ĐỀ XUẤT TĂNG,True,POL-INV-005|POL-INV-003|POL-INV-001|POL-PROMO-004|POL-PROMO-002|POL-HITL-001|POL-PROMO-001,RULE_BASED,PENDING_HUMAN_REVIEW
903,DEC-S31-MAGAZINES,31,MAGAZINES,HIGH,3,RISK_HIGH|PROMO_EXTRAPOLATION,5.643945384025574,45.09257864207029,139.4171778127551,2.902272694863508,BỔ SUNG THẬN TRỌNG,B,67.97139021009207,104.0454531237483,TRUNG BÌNH,KHÔNG ĐỀ XUẤT TĂNG,True,POL-INV-005|POL-INV-003|POL-INV-001|POL-PROMO-004|POL-PROMO-002|POL-HITL-001|POL-PROMO-001,RULE_BASED,PENDING_HUMAN_REVIEW
904,DEC-S11-BABY_CARE,11,BABY CARE,HIGH,3,RISK_HIGH|PROMO_EXTRAPOLATION,5.832899165153504,45.01109743118286,141.20491595268248,2.9421601384318214,BỔ SUNG THẬN TRỌNG,B,69.12335606217384,105.13223400712013,TRUNG BÌNH,KHÔNG ĐỀ XUẤT TĂNG,True,POL-INV-005|POL-INV-003|POL-INV-001|POL-PROMO-004|POL-PROMO-002|POL-HITL-001|POL-PROMO-001,RULE_BASED,PENDING_HUMAN_REVIEW
905,DEC-S16-PLAYERS_AND_ELECTRONICS,16,PLAYERS AND ELECTRONICS,HIGH,3,RISK_HIGH|PROMO_EXTRAPOLATION,7.685989508032799,44.92233882844448,137.11785231530666,2.8184945738674627,BỔ SUNG THẬN TRỌNG,B,66.60666369497775,102.54453475773335,TRUNG BÌNH,KHÔNG ĐỀ XUẤT TĂNG,True,POL-INV-005|POL-INV-003|POL-INV-001|POL-PROMO-004|POL-PROMO-002|POL-HITL-001|POL-PROMO-001,RULE_BASED,PENDING_HUMAN_REVIEW
906,DEC-S28-MAGAZINES,28,MAGAZINES,HIGH,3,RISK_HIGH|PROMO_EXTRAPOLATION,3.336456510424614,44.86013017594814,141.3138150304556,3.00865605899206,BỔ SUNG THẬN TRỌNG,B,69.25557906925678,105.1436832100153,TRUNG BÌNH,KHÔNG ĐỀ XUẤT TĂNG,True,POL-INV-005|POL-INV-003|POL-INV-001|POL-PROMO-004|POL-PROMO-002|POL-HITL-001|POL-PROMO-001,RULE_BASED,PENDING_HUMAN_REVIEW
907,DEC-S47-HOME_APPLIANCES,47,HOME APPLIANCES,HIGH,3,RISK_HIGH|PROMO_EXTRAPOLATION,6.92252151966095,44.824690982699394,137.28007080256938,2.844701109542091,BỔ SUNG THẬN TRỌNG,B,66.74955058395862,102.60930337011814,TRUNG BÌNH,KHÔNG ĐỀ XUẤT TĂNG,True,POL-INV-005|POL-INV-003|POL-INV-001|POL-PROMO-004|POL-PROMO-002|POL-HITL-001|POL-PROMO-001,RULE_BASED,PENDING_HUMAN_REVIEW
908,DEC-S03-BOOKS,3,BOOKS,HIGH,3,RISK_HIGH|PROMO_EXTRAPOLATION,7.967340409755707,44.704654812812805,136.900168299675,2.820999926987182,BỔ SUNG THẬN TRỌNG,B,66.56312689185143,102.32685074210167,TRUNG BÌNH,KHÔNG ĐỀ XUẤT TĂNG,True,POL-INV-005|POL-INV-003|POL-INV-001|POL-PROMO-004|POL-PROMO-002|POL-HITL-001|POL-PROMO-001,RULE_BASED,PENDING_HUMAN_REVIEW
909,DEC-S43-LINGERIE,43,LINGERIE,HIGH,3,RISK_HIGH|PROMO_EXTRAPOLATION,8.505091059207917,44.616140857338905,136.55178801119328,2.8070479997955524,BỔ SUNG THẬN TRỌNG,B,66.38300764262675,102.07592032849789,TRUNG BÌNH,KHÔNG ĐỀ XUẤT TĂNG,True,POL-INV-005|POL-INV-003|POL-INV-001|POL-PROMO-004|POL-PROMO-002|POL-HITL-001|POL-PROMO-001,RULE_BASED,PENDING_HUMAN_REVIEW
910,DEC-S25-AUTOMOTIVE,25,AUTOMOTIVE,HIGH,3,RISK_HIGH|PROMO_EXTRAPOLATION,5.326569056510925,44.5104895234108,142.83339372873306,3.0214314570597622,BỔ SUNG THẬN TRỌNG,B,70.35391303300858,105.96230465173721,TRUNG BÌNH,KHÔNG ĐỀ XUẤT TĂNG,True,POL-INV-005|POL-INV-003|POL-INV-001|POL-PROMO-004|POL-PROMO-002|POL-HITL-001|POL-PROMO-001,RULE_BASED,PENDING_HUMAN_REVIEW
911,DEC-S21-PET_SUPPLIES,21,PET SUPPLIES,HIGH,3,RISK_HIGH|PROMO_EXTRAPOLATION,6.512096625566483,44.465652383863926,138.79025155454875,2.909408487360201,BỔ SUNG THẬN TRỌNG,B,67.84600495845079,103.41852686554193,TRUNG BÌNH,KHÔNG ĐỀ XUẤT TĂNG,True,POL-INV-005|POL-INV-003|POL-INV-001|POL-PROMO-004|POL-PROMO-002|POL-HITL-001|POL-PROMO-001,RULE_BASED,PENDING_HUMAN_REVIEW
912,DEC-S07-HOME_APPLIANCES,7,HOME APPLIANCES,HIGH,3,RISK_HIGH|PROMO_EXTRAPOLATION,5.569998931884766,44.36063742637634,140.55445594787597,2.975805999972574,BỔ SUNG THẬN TRỌNG,B,68.99326406121253,104.48177400231361,TRUNG BÌNH,KHÔNG ĐỀ XUẤT TĂNG,True,POL-INV-005|POL-INV-003|POL-INV-001|POL-PROMO-004|POL-PROMO-002|POL-HITL-001|POL-PROMO-001,RULE_BASED,PENDING_HUMAN_REVIEW
913,DEC-S24-BOOKS,24,BOOKS,HIGH,3,RISK_HIGH|PROMO_EXTRAPOLATION,6.159841442108155,44.31612813472748,138.6407273054123,2.9234820210021204,BỔ SUNG THẬN TRỌNG,B,67.8161001086235,103.26900261640549,TRUNG BÌNH,KHÔNG ĐỀ XUẤT TĂNG,True,POL-INV-005|POL-INV-003|POL-INV-001|POL-PROMO-004|POL-PROMO-002|POL-HITL-001|POL-PROMO-001,RULE_BASED,PENDING_HUMAN_REVIEW
914,DEC-S47-HARDWARE,47,HARDWARE,HIGH,3,RISK_HIGH|PROMO_EXTRAPOLATION,5.358161365985871,43.966823399066925,136.42220321893691,2.914683136271322,BỔ SUNG THẬN TRỌNG,B,66.57797706723213,101.75143578648567,TRUNG BÌNH,KHÔNG ĐỀ XUẤT TĂNG,True,POL-INV-005|POL-INV-003|POL-INV-001|POL-PROMO-004|POL-PROMO-002|POL-HITL-001|POL-PROMO-001,RULE_BASED,PENDING_HUMAN_REVIEW
915,DEC-S48-HOME_APPLIANCES,48,HOME APPLIANCES,HIGH,3,RISK_HIGH|PROMO_EXTRAPOLATION,4.971166175603867,43.655629076529294,138.24009458022192,2.9843701938724525,BỔ SUNG THẬN TRỌNG,B,67.84641675511375,102.77092001633719,TRUNG BÌNH,KHÔNG ĐỀ XUẤT TĂNG,True,POL-INV-005|POL-INV-003|POL-INV-001|POL-PROMO-004|POL-PROMO-002|POL-HITL-001|POL-PROMO-001,RULE_BASED,PENDING_HUMAN_REVIEW
916,DEC-S32-HOME_AND_KITCHEN_II,32,HOME AND KITCHEN II,HIGH,3,RISK_HIGH|PROMO_EXTRAPOLATION,5.104321336746216,43.3161763548851,137.64077552556992,2.9907014794658346,BỔ SUNG THẬN TRỌNG,B,67.61610975265503,102.26905083656311,TRUNG BÌNH,KHÔNG ĐỀ XUẤT TĂNG,True,POL-INV-005|POL-INV-003|POL-INV-001|POL-PROMO-004|POL-PROMO-002|POL-HITL-001|POL-PROMO-001,RULE_BASED,PENDING_HUMAN_REVIEW
917,DEC-S24-HOME_APPLIANCES,24,HOME APPLIANCES,HIGH,3,RISK_HIGH|PROMO_EXTRAPOLATION,6.678632187843324,43.20878082513809,137.2735136628151,2.954048472667055,BỔ SUNG THẬN TRỌNG,B,67.43221418857574,101.99923884868622,TRUNG BÌNH,KHÔNG ĐỀ XUẤT TĂNG,True,POL-INV-005|POL-INV-003|POL-INV-001|POL-PROMO-004|POL-PROMO-002|POL-HITL-001|POL-PROMO-001,RULE_BASED,PENDING_HUMAN_REVIEW
918,DEC-S40-HARDWARE,40,HARDWARE,HIGH,3,RISK_HIGH|PROMO_EXTRAPOLATION,6.66582293510437,43.109495647251606,137.17422848492862,2.958737197847694,BỔ SUNG THẬN TRỌNG,B,67.41235715299845,101.89995367079973,TRUNG BÌNH,KHÔNG ĐỀ XUẤT TĂNG,True,POL-INV-005|POL-INV-003|POL-INV-001|POL-PROMO-004|POL-PROMO-002|POL-HITL-001|POL-PROMO-001,RULE_BASED,PENDING_HUMAN_REVIEW
919,DEC-S39-HARDWARE,39,HARDWARE,HIGH,3,RISK_HIGH|PROMO_EXTRAPOLATION,6.085083079338074,43.092015132308006,137.15674796998502,2.9726848386796783,BỔ SUNG THẬN TRỌNG,B,67.40886105000973,101.88247315585613,TRUNG BÌNH,KHÔNG ĐỀ XUẤT TĂNG,True,POL-INV-005|POL-INV-003|POL-INV-001|POL-PROMO-004|POL-PROMO-002|POL-HITL-001|POL-PROMO-001,RULE_BASED,PENDING_HUMAN_REVIEW
920,DEC-S11-HARDWARE,11,HARDWARE,HIGH,3,RISK_HIGH|PROMO_EXTRAPOLATION,7.149593698978425,42.86376392841339,136.9284967660904,2.9586814136359556,BỔ SUNG THẬN TRỌNG,B,67.3632108092308,101.65422195196152,TRUNG BÌNH,KHÔNG ĐỀ XUẤT TĂNG,True,POL-INV-005|POL-INV-003|POL-INV-001|POL-PROMO-004|POL-PROMO-002|POL-HITL-001|POL-PROMO-001,RULE_BASED,PENDING_HUMAN_REVIEW
921,DEC-S49-BABY_CARE,49,BABY CARE,HIGH,3,RISK_HIGH|PROMO_EXTRAPOLATION,8.753172665834427,42.429414600133896,132.23597607016563,2.843298822728099,BỔ SUNG THẬN TRỌNG,B,64.6149838387966,98.55851551890373,TRUNG BÌNH,KHÔNG ĐỀ XUẤT TĂNG,True,POL-INV-005|POL-INV-003|POL-INV-001|POL-PROMO-004|POL-PROMO-002|POL-HITL-001|POL-PROMO-001,RULE_BASED,PENDING_HUMAN_REVIEW
922,DEC-S49-BOOKS,49,BOOKS,HIGH,3,RISK_HIGH|PROMO_EXTRAPOLATION,8.753172665834427,42.429414600133896,132.23597607016563,2.843298822728099,BỔ SUNG THẬN TRỌNG,B,64.6149838387966,98.55851551890373,TRUNG BÌNH,KHÔNG ĐỀ XUẤT TĂNG,True,POL-INV-005|POL-INV-003|POL-INV-001|POL-PROMO-004|POL-PROMO-002|POL-HITL-001|POL-PROMO-001,RULE_BASED,PENDING_HUMAN_REVIEW
923,DEC-S36-PET_SUPPLIES,36,PET SUPPLIES,HIGH,3,RISK_HIGH|PROMO_EXTRAPOLATION,7.084496760368348,42.349045276641846,134.28469243049622,2.9343251935162753,BỔ SUNG THẬN TRỌNG,B,65.92958852648735,99.80882474780083,TRUNG BÌNH,KHÔNG ĐỀ XUẤT TĂNG,True,POL-INV-005|POL-INV-003|POL-INV-001|POL-PROMO-004|POL-PROMO-002|POL-HITL-001|POL-PROMO-001,RULE_BASED,PENDING_HUMAN_REVIEW
924,DEC-S08-BOOKS,8,BOOKS,HIGH,3,RISK_HIGH|PROMO_EXTRAPOLATION,9.468629825115205,42.15296185016632,133.8287426710129,2.8818442005833806,BỔ SUNG THẬN TRỌNG,B,65.72795538306235,99.45032486319542,TRUNG BÌNH,KHÔNG ĐỀ XUẤT TĂNG,True,POL-INV-005|POL-INV-003|POL-INV-001|POL-PROMO-004|POL-PROMO-002|POL-HITL-001|POL-PROMO-001,RULE_BASED,PENDING_HUMAN_REVIEW
925,DEC-S28-HOME_APPLIANCES,28,HOME APPLIANCES,HIGH,3,RISK_HIGH|PROMO_EXTRAPOLATION,5.525416696071625,42.14014394953847,134.33565743640065,2.985855607969224,BỔ SUNG THẬN TRỌNG,B,66.05022471919656,99.76233987882733,TRUNG BÌNH,KHÔNG ĐỀ XUẤT TĂNG,True,POL-INV-005|POL-INV-003|POL-INV-001|POL-PROMO-004|POL-PROMO-002|POL-HITL-001|POL-PROMO-001,RULE_BASED,PENDING_HUMAN_REVIEW
926,DEC-S44-HOME_APPLIANCES,44,HOME APPLIANCES,HIGH,3,RISK_HIGH|PROMO_EXTRAPOLATION,8.078008750081063,41.82309313118458,132.14938726723193,2.897300718961839,BỔ SUNG THẬN TRỌNG,B,64.8185524612665,98.27702696621418,TRUNG BÌNH,KHÔNG ĐỀ XUẤT TĂNG,True,POL-INV-005|POL-INV-003|POL-INV-001|POL-PROMO-004|POL-PROMO-002|POL-HITL-001|POL-PROMO-001,RULE_BASED,PENDING_HUMAN_REVIEW
927,DEC-S53-SEAFOOD,53,SEAFOOD,HIGH,3,RISK_HIGH|PROMO_EXTRAPOLATION,16.739933013916016,41.32794761657715,130.7093614578247,2.6925337716888067,BỔ SUNG THẬN TRỌNG,B,64.12897317409515,97.19133126735687,TRUNG BÌNH,CÂN NHẮC THỬ NGHIỆM,True,POL-INV-005|POL-INV-003|POL-INV-001|POL-PROMO-004|POL-PROMO-005|POL-PROMO-003|POL-PROMO-002|POL-HITL-001|POL-PROMO-001,RULE_BASED,PENDING_HUMAN_REVIEW
928,DEC-S11-HOME_APPLIANCES,11,HOME APPLIANCES,HIGH,3,RISK_HIGH|PROMO_EXTRAPOLATION,6.345830553770066,40.97191569209099,132.90756284594536,3.0153908918678223,BỔ SUNG THẬN TRỌNG,B,65.65416260957718,98.43169516324997,TRUNG BÌNH,KHÔNG ĐỀ XUẤT TĂNG,True,POL-INV-005|POL-INV-003|POL-INV-001|POL-PROMO-004|POL-PROMO-002|POL-HITL-001|POL-PROMO-001,RULE_BASED,PENDING_HUMAN_REVIEW
929,DEC-S37-HARDWARE,37,HARDWARE,HIGH,3,RISK_HIGH|PROMO_EXTRAPOLATION,5.682098829746247,40.96795672178269,132.90360387563706,3.0313962123359426,BỔ SUNG THẬN TRỌNG,B,65.65337081551552,98.42773619294167,TRUNG BÌNH,KHÔNG ĐỀ XUẤT TĂNG,True,POL-INV-005|POL-INV-003|POL-INV-001|POL-PROMO-004|POL-PROMO-002|POL-HITL-001|POL-PROMO-001,RULE_BASED,PENDING_HUMAN_REVIEW
930,DEC-S30-AUTOMOTIVE,30,AUTOMOTIVE,HIGH,3,RISK_HIGH|PROMO_EXTRAPOLATION,2.6211299359798432,40.75201967358589,137.20570452809335,3.2234266903561903,BỔ SUNG THẬN TRỌNG,B,68.43395696878432,101.03557270765305,TRUNG BÌNH,KHÔNG ĐỀ XUẤT TĂNG,True,POL-INV-005|POL-INV-003|POL-INV-001|POL-PROMO-004|POL-PROMO-002|POL-HITL-001|POL-PROMO-001,RULE_BASED,PENDING_HUMAN_REVIEW
931,DEC-S28-HARDWARE,28,HARDWARE,HIGH,3,RISK_HIGH|PROMO_EXTRAPOLATION,4.618564257025719,40.31459687650204,132.2502440303564,3.0892635877544308,BỔ SUNG THẬN TRỌNG,B,65.52269884645938,97.77437634766102,TRUNG BÌNH,KHÔNG ĐỀ XUẤT TĂNG,True,POL-INV-005|POL-INV-003|POL-INV-001|POL-PROMO-004|POL-PROMO-002|POL-HITL-001|POL-PROMO-001,RULE_BASED,PENDING_HUMAN_REVIEW
932,DEC-S14-LINGERIE,14,LINGERIE,HIGH,3,RISK_HIGH|PROMO_EXTRAPOLATION,8.728789561986924,40.189792111516,127.8672678977251,2.8924272793896666,BỔ SUNG THẬN TRỌNG,B,62.83638078868389,94.98821447789669,TRUNG BÌNH,KHÔNG ĐỀ XUẤT TĂNG,True,POL-INV-005|POL-INV-003|POL-INV-001|POL-PROMO-004|POL-PROMO-002|POL-HITL-001|POL-PROMO-001,RULE_BASED,PENDING_HUMAN_REVIEW
933,DEC-S48-HARDWARE,48,HARDWARE,HIGH,3,RISK_HIGH|PROMO_EXTRAPOLATION,5.922549778223038,39.845784679055214,129.91221248209476,3.0355559007647313,BỔ SUNG THẬN TRỌNG,B,64.26067431271076,96.13730205595493,TRUNG BÌNH,KHÔNG ĐỀ XUẤT TĂNG,True,POL-INV-005|POL-INV-003|POL-INV-001|POL-PROMO-004|POL-PROMO-002|POL-HITL-001|POL-PROMO-001,RULE_BASED,PENDING_HUMAN_REVIEW
934,DEC-S09-BABY_CARE,9,BABY CARE,HIGH,3,RISK_HIGH|PROMO_EXTRAPOLATION,5.323685312271119,39.62040948867798,131.55605664253235,3.1076095223866624,BỔ SUNG THẬN TRỌNG,B,65.38386136889457,97.08018895983696,TRUNG BÌNH,KHÔNG ĐỀ XUẤT TĂNG,True,POL-INV-005|POL-INV-003|POL-INV-001|POL-PROMO-004|POL-PROMO-002|POL-HITL-001|POL-PROMO-001,RULE_BASED,PENDING_HUMAN_REVIEW
935,DEC-S24-BABY_CARE,24,BABY CARE,HIGH,3,RISK_HIGH|PROMO_EXTRAPOLATION,6.212302434444428,39.46181488037109,131.13759570121766,3.0874861554313826,BỔ SUNG THẬN TRỌNG,B,65.18972598910331,96.75917789340019,TRUNG BÌNH,KHÔNG ĐỀ XUẤT TĂNG,True,POL-INV-005|POL-INV-003|POL-INV-001|POL-PROMO-004|POL-PROMO-002|POL-HITL-001|POL-PROMO-001,RULE_BASED,PENDING_HUMAN_REVIEW
936,DEC-S46-HOME_APPLIANCES,46,HOME APPLIANCES,HIGH,3,RISK_HIGH|PROMO_EXTRAPOLATION,4.812183421850205,39.29739758372307,131.49291107058525,3.143645377732877,BỔ SUNG THẬN TRỌNG,B,65.48167544603348,96.91959351301193,TRUNG BÌNH,KHÔNG ĐỀ XUẤT TĂNG,True,POL-INV-005|POL-INV-003|POL-INV-001|POL-PROMO-004|POL-PROMO-002|POL-HITL-001|POL-PROMO-001,RULE_BASED,PENDING_HUMAN_REVIEW
937,DEC-S15-BABY_CARE,15,BABY CARE,HIGH,3,RISK_HIGH|PROMO_EXTRAPOLATION,7.298275494575501,39.293039724230766,127.23038184344767,2.9764968632224926,BỔ SUNG THẬN TRỌNG,B,62.81944676935673,94.25387854874134,TRUNG BÌNH,KHÔNG ĐỀ XUẤT TĂNG,True,POL-INV-005|POL-INV-003|POL-INV-001|POL-PROMO-004|POL-PROMO-002|POL-HITL-001|POL-PROMO-001,RULE_BASED,PENDING_HUMAN_REVIEW
938,DEC-S25-SEAFOOD,25,SEAFOOD,HIGH,3,RISK_HIGH|PROMO_EXTRAPOLATION,14.626947402954102,39.214962005615234,128.5963758468628,2.8340056227827617,BỔ SUNG THẬN TRỌNG,B,63.706376051902765,95.07834565639496,TRUNG BÌNH,CÂN NHẮC THỬ NGHIỆM,True,POL-INV-005|POL-INV-003|POL-INV-001|POL-PROMO-004|POL-PROMO-005|POL-PROMO-003|POL-PROMO-002|POL-HITL-001|POL-PROMO-001,RULE_BASED,PENDING_HUMAN_REVIEW
939,DEC-S04-HARDWARE,4,HARDWARE,HIGH,3,RISK_HIGH|PROMO_EXTRAPOLATION,6.311391520500184,38.68964296579361,130.36542378664018,3.125602121769036,BỔ SUNG THẬN TRỌNG,B,65.03529160618783,95.98700597882271,TRUNG BÌNH,KHÔNG ĐỀ XUẤT TĂNG,True,POL-INV-005|POL-INV-003|POL-INV-001|POL-PROMO-004|POL-PROMO-002|POL-HITL-001|POL-PROMO-001,RULE_BASED,PENDING_HUMAN_REVIEW
940,DEC-S50-HOME_APPLIANCES,50,HOME APPLIANCES,HIGH,3,RISK_HIGH|PROMO_EXTRAPOLATION,8.10214352607727,38.51159876585007,126.18907455205915,2.9886649671094703,BỔ SUNG THẬN TRỌNG,B,62.500742119550694,93.31002113223074,TRUNG BÌNH,KHÔNG ĐỀ XUẤT TĂNG,True,POL-INV-005|POL-INV-003|POL-INV-001|POL-PROMO-004|POL-PROMO-002|POL-HITL-001|POL-PROMO-001,RULE_BASED,PENDING_HUMAN_REVIEW
941,DEC-S44-BABY_CARE,44,BABY CARE,HIGH,3,RISK_HIGH|PROMO_EXTRAPOLATION,7.713581490516662,38.484635174274445,126.42197729349137,3.00644529901386,BỔ SUNG THẬN TRỌNG,B,62.657765859365455,93.44547399878502,TRUNG BÌNH,KHÔNG ĐỀ XUẤT TĂNG,True,POL-INV-005|POL-INV-003|POL-INV-001|POL-PROMO-004|POL-PROMO-002|POL-HITL-001|POL-PROMO-001,RULE_BASED,PENDING_HUMAN_REVIEW
942,DEC-S44-BOOKS,44,BOOKS,HIGH,3,RISK_HIGH|PROMO_EXTRAPOLATION,7.713581490516662,38.484635174274445,126.42197729349137,3.00644529901386,BỔ SUNG THẬN TRỌNG,B,62.657765859365455,93.44547399878502,TRUNG BÌNH,KHÔNG ĐỀ XUẤT TĂNG,True,POL-INV-005|POL-INV-003|POL-INV-001|POL-PROMO-004|POL-PROMO-002|POL-HITL-001|POL-PROMO-001,RULE_BASED,PENDING_HUMAN_REVIEW
943,DEC-S32-GROCERY_II,32,GROCERY II,HIGH,3,RISK_HIGH|PROMO_EXTRAPOLATION,6.782478928565979,38.33170113712549,129.92484131008385,3.1308679467535883,BỔ SUNG THẬN TRỌNG,B,64.91205283552407,95.57741374522446,TRUNG BÌNH,KHÔNG ĐỀ XUẤT TĂNG,True,POL-INV-005|POL-INV-003|POL-INV-001|POL-PROMO-004|POL-PROMO-002|POL-HITL-001|POL-PROMO-001,RULE_BASED,PENDING_HUMAN_REVIEW
944,DEC-S09-HOME_APPLIANCES,9,HOME APPLIANCES,HIGH,3,RISK_HIGH|PROMO_EXTRAPOLATION,5.730194801092148,38.256951697170734,128.06351316720247,3.1162205183375695,BỔ SUNG THẬN TRỌNG,B,63.78049125820398,94.38605261594057,TRUNG BÌNH,KHÔNG ĐỀ XUẤT TĂNG,True,POL-INV-005|POL-INV-003|POL-INV-001|POL-PROMO-004|POL-PROMO-002|POL-HITL-001|POL-PROMO-001,RULE_BASED,PENDING_HUMAN_REVIEW
945,DEC-S52-BABY_CARE,52,BABY CARE,HIGH,3,RISK_HIGH|PROMO_EXTRAPOLATION,5.527856826782227,38.15300291776657,127.95956438779832,3.127006830565732,BỔ SUNG THẬN TRỌNG,B,63.75970150232315,94.28210383653641,TRUNG BÌNH,KHÔNG ĐỀ XUẤT TĂNG,True,POL-INV-005|POL-INV-003|POL-INV-001|POL-PROMO-004|POL-PROMO-002|POL-HITL-001|POL-PROMO-001,RULE_BASED,PENDING_HUMAN_REVIEW
946,DEC-S52-BOOKS,52,BOOKS,HIGH,3,RISK_HIGH|PROMO_EXTRAPOLATION,5.527856826782227,38.15300291776657,127.95956438779832,3.127006830565732,BỔ SUNG THẬN TRỌNG,B,63.75970150232315,94.28210383653641,TRUNG BÌNH,KHÔNG ĐỀ XUẤT TĂNG,True,POL-INV-005|POL-INV-003|POL-INV-001|POL-PROMO-004|POL-PROMO-002|POL-HITL-001|POL-PROMO-001,RULE_BASED,PENDING_HUMAN_REVIEW
947,DEC-S26-PET_SUPPLIES,26,PET SUPPLIES,HIGH,3,RISK_HIGH|PROMO_EXTRAPOLATION,3.934734708070755,37.8307087123394,131.63557521700858,3.2886559309271064,BỔ SUNG THẬN TRỌNG,B,66.19418330788612,96.45875027775764,TRUNG BÌNH,KHÔNG ĐỀ XUẤT TĂNG,True,POL-INV-005|POL-INV-003|POL-INV-001|POL-PROMO-004|POL-PROMO-002|POL-HITL-001|POL-PROMO-001,RULE_BASED,PENDING_HUMAN_REVIEW
948,DEC-S51-HOME_APPLIANCES,51,HOME APPLIANCES,HIGH,3,RISK_HIGH|PROMO_EXTRAPOLATION,3.7567775785923008,37.66183188557625,129.59747903943062,3.254907885205158,BỔ SUNG THẬN TRỌNG,B,64.99214584827423,95.12161135673523,TRUNG BÌNH,KHÔNG ĐỀ XUẤT TĂNG,True,POL-INV-005|POL-INV-003|POL-INV-001|POL-PROMO-004|POL-PROMO-002|POL-HITL-001|POL-PROMO-001,RULE_BASED,PENDING_HUMAN_REVIEW
949,DEC-S34-BABY_CARE,34,BABY CARE,HIGH,3,RISK_HIGH|PROMO_EXTRAPOLATION,6.605636352300644,37.39423593878746,126.9409310758114,3.1342020952145844,BỔ SUNG THẬN TRỌNG,B,63.44553164839745,93.36092039942741,TRUNG BÌNH,KHÔNG ĐỀ XUẤT TĂNG,True,POL-INV-005|POL-INV-003|POL-INV-001|POL-PROMO-004|POL-PROMO-002|POL-HITL-001|POL-PROMO-001,RULE_BASED,PENDING_HUMAN_REVIEW
950,DEC-S53-MAGAZINES,53,MAGAZINES,HIGH,3,RISK_HIGH|PROMO_EXTRAPOLATION,7.518337368965149,37.01580482721329,124.6932806134224,3.0822691713889108,BỔ SUNG THẬN TRỌNG,B,62.20158333182334,91.81422719359398,TRUNG BÌNH,KHÔNG ĐỀ XUẤT TĂNG,True,POL-INV-005|POL-INV-003|POL-INV-001|POL-PROMO-004|POL-PROMO-002|POL-HITL-001|POL-PROMO-001,RULE_BASED,PENDING_HUMAN_REVIEW
951,DEC-S32-BEAUTY,32,BEAUTY,HIGH,3,RISK_HIGH|PROMO_EXTRAPOLATION,13.9550694167614,36.99513909220696,118.54522415995598,2.7527246179932177,BỔ SUNG THẬN TRỌNG,B,58.36783098578453,87.9639422595501,TRUNG BÌNH,KHÔNG ĐỀ XUẤT TĂNG,True,POL-INV-005|POL-INV-003|POL-INV-001|POL-PROMO-004|POL-PROMO-002|POL-HITL-001|POL-PROMO-001,RULE_BASED,PENDING_HUMAN_REVIEW
952,DEC-S54-BEAUTY,54,BEAUTY,HIGH,3,RISK_HIGH|PROMO_EXTRAPOLATION,10.962807619571686,36.746326982975006,122.29471708536148,2.9494766342697294,BỔ SUNG THẬN TRỌNG,B,60.81700921058655,90.21407079696655,TRUNG BÌNH,KHÔNG ĐỀ XUẤT TĂNG,True,POL-INV-005|POL-INV-003|POL-INV-001|POL-PROMO-004|POL-PROMO-002|POL-HITL-001|POL-PROMO-001,RULE_BASED,PENDING_HUMAN_REVIEW
953,DEC-S34-BOOKS,34,BOOKS,HIGH,3,RISK_HIGH|PROMO_EXTRAPOLATION,5.9369226634502414,36.6646920144558,126.21138715147973,3.1932947823353457,BỔ SUNG THẬN TRỌNG,B,63.29962286353111,92.63137647509575,TRUNG BÌNH,KHÔNG ĐỀ XUẤT TĂNG,True,POL-INV-005|POL-INV-003|POL-INV-001|POL-PROMO-004|POL-PROMO-002|POL-HITL-001|POL-PROMO-001,RULE_BASED,PENDING_HUMAN_REVIEW
954,DEC-S45-BOOKS,45,BOOKS,HIGH,3,RISK_HIGH|PROMO_EXTRAPOLATION,5.60619929432869,36.65105079114437,124.32852657735349,3.153227460810964,BỔ SUNG THẬN TRỌNG,B,62.128632524609564,91.44947315752506,TRUNG BÌNH,KHÔNG ĐỀ XUẤT TĂNG,True,POL-INV-005|POL-INV-003|POL-INV-001|POL-PROMO-004|POL-PROMO-002|POL-HITL-001|POL-PROMO-001,RULE_BASED,PENDING_HUMAN_REVIEW
955,DEC-S27-BOOKS,27,BOOKS,HIGH,3,RISK_HIGH|PROMO_EXTRAPOLATION,6.060919666290284,36.64491581916809,126.19161095619202,3.1911531391639723,BỔ SUNG THẬN TRỌNG,B,63.295667624473566,92.61160027980804,TRUNG BÌNH,KHÔNG ĐỀ XUẤT TĂNG,True,POL-INV-005|POL-INV-003|POL-INV-001|POL-PROMO-004|POL-PROMO-002|POL-HITL-001|POL-PROMO-001,RULE_BASED,PENDING_HUMAN_REVIEW
956,DEC-S45-BABY_CARE,45,BABY CARE,HIGH,3,RISK_HIGH|PROMO_EXTRAPOLATION,5.575784742832184,36.620636239647865,124.29811202585697,3.1557766999672636,BỔ SUNG THẬN TRỌNG,B,62.122549614310266,91.41905860602856,TRUNG BÌNH,KHÔNG ĐỀ XUẤT TĂNG,True,POL-INV-005|POL-INV-003|POL-INV-001|POL-PROMO-004|POL-PROMO-002|POL-HITL-001|POL-PROMO-001,RULE_BASED,PENDING_HUMAN_REVIEW
957,DEC-S31-HARDWARE,31,HARDWARE,HIGH,3,RISK_HIGH|PROMO_EXTRAPOLATION,5.206172096729279,36.35220294445753,126.15876441448928,3.2381648947885533,BỔ SUNG THẬN TRỌNG,B,63.39954150766134,92.48130386322737,TRUNG BÌNH,KHÔNG ĐỀ XUẤT TĂNG,True,POL-INV-005|POL-INV-003|POL-INV-001|POL-PROMO-004|POL-PROMO-002|POL-HITL-001|POL-PROMO-001,RULE_BASED,PENDING_HUMAN_REVIEW
958,DEC-S54-PLAYERS_AND_ELECTRONICS,54,PLAYERS AND ELECTRONICS,HIGH,3,RISK_HIGH|PROMO_EXTRAPOLATION,4.395507645606995,36.28368354681879,126.09024501685052,3.264021303539549,BỔ SUNG THẬN TRỌNG,B,63.38583762813357,92.41278446558862,TRUNG BÌNH,KHÔNG ĐỀ XUẤT TĂNG,True,POL-INV-005|POL-INV-003|POL-INV-001|POL-PROMO-004|POL-PROMO-002|POL-HITL-001|POL-PROMO-001,RULE_BASED,PENDING_HUMAN_REVIEW
959,DEC-S04-LINGERIE,4,LINGERIE,HIGH,3,RISK_HIGH|PROMO_EXTRAPOLATION,2.763593825697899,36.25629471614957,128.19194187000394,3.3666350612675484,BỔ SUNG THẬN TRỌNG,B,64.7110384143889,93.71607418730855,TRUNG BÌNH,KHÔNG ĐỀ XUẤT TĂNG,True,POL-INV-005|POL-INV-003|POL-INV-001|POL-PROMO-004|POL-PROMO-002|POL-HITL-001|POL-PROMO-001,RULE_BASED,PENDING_HUMAN_REVIEW
960,DEC-S50-HARDWARE,50,HARDWARE,HIGH,3,RISK_HIGH|PROMO_EXTRAPOLATION,7.486072432994843,36.07174059096724,123.48935004416852,3.1291564885258882,BỔ SUNG THẬN TRỌNG,B,61.850354026444236,90.70774649921803,TRUNG BÌNH,KHÔNG ĐỀ XUẤT TĂNG,True,POL-INV-005|POL-INV-003|POL-INV-001|POL-PROMO-004|POL-PROMO-002|POL-HITL-001|POL-PROMO-001,RULE_BASED,PENDING_HUMAN_REVIEW
961,DEC-S27-BABY_CARE,27,BABY CARE,HIGH,3,RISK_HIGH|PROMO_EXTRAPOLATION,4.135261255502701,35.977640479803085,127.65342130064964,3.340347259653077,BỔ SUNG THẬN TRỌNG,B,64.49289110898971,93.27500349283218,TRUNG BÌNH,KHÔNG ĐỀ XUẤT TĂNG,True,POL-INV-005|POL-INV-003|POL-INV-001|POL-PROMO-004|POL-PROMO-002|POL-HITL-001|POL-PROMO-001,RULE_BASED,PENDING_HUMAN_REVIEW
962,DEC-S20-BABY_CARE,20,BABY CARE,HIGH,3,RISK_HIGH|PROMO_EXTRAPOLATION,4.600169330835342,35.94890686869621,125.75546833872797,3.278995490676819,BỔ SUNG THẬN TRỌNG,B,63.31888229250908,92.07800778746605,TRUNG BÌNH,KHÔNG ĐỀ XUẤT TĂNG,True,POL-INV-005|POL-INV-003|POL-INV-001|POL-PROMO-004|POL-PROMO-002|POL-HITL-001|POL-PROMO-001,RULE_BASED,PENDING_HUMAN_REVIEW
963,DEC-S17-HARDWARE,17,HARDWARE,HIGH,3,RISK_HIGH|PROMO_EXTRAPOLATION,2.6585689365863803,35.89359459653497,127.82924175038934,3.3927480957780936,BỔ SUNG THẬN TRỌNG,B,64.63849839046597,93.35337406769395,TRUNG BÌNH,KHÔNG ĐỀ XUẤT TĂNG,True,POL-INV-005|POL-INV-003|POL-INV-001|POL-PROMO-004|POL-PROMO-002|POL-HITL-001|POL-PROMO-001,RULE_BASED,PENDING_HUMAN_REVIEW
964,DEC-S27-HOME_APPLIANCES,27,HOME APPLIANCES,HIGH,3,RISK_HIGH|PROMO_EXTRAPOLATION,4.608060884475709,35.83283819258213,125.37953332960606,3.278907582784453,BỔ SUNG THẬN TRỌNG,B,63.13325209915638,91.79952265322208,TRUNG BÌNH,KHÔNG ĐỀ XUẤT TĂNG,True,POL-INV-005|POL-INV-003|POL-INV-001|POL-PROMO-004|POL-PROMO-002|POL-HITL-001|POL-PROMO-001,RULE_BASED,PENDING_HUMAN_REVIEW
965,DEC-S07-BOOKS,7,BOOKS,HIGH,3,RISK_HIGH|PROMO_EXTRAPOLATION,6.189090216159821,35.7786665558815,125.32536169290545,3.239276532653243,BỔ SUNG THẬN TRỌNG,B,63.12241777181625,91.74535101652145,TRUNG BÌNH,KHÔNG ĐỀ XUẤT TĂNG,True,POL-INV-005|POL-INV-003|POL-INV-001|POL-PROMO-004|POL-PROMO-002|POL-HITL-001|POL-PROMO-001,RULE_BASED,PENDING_HUMAN_REVIEW
966,DEC-S26-BEAUTY,26,BEAUTY,HIGH,3,RISK_HIGH|PROMO_EXTRAPOLATION,14.37855283021927,35.60413771867752,115.0251371026039,2.749595825638832,BỔ SUNG THẬN TRỌNG,B,56.758952158689496,85.24226233363152,TRUNG BÌNH,KHÔNG ĐỀ XUẤT TĂNG,True,POL-INV-005|POL-INV-003|POL-INV-001|POL-PROMO-004|POL-PROMO-002|POL-HITL-001|POL-PROMO-001,RULE_BASED,PENDING_HUMAN_REVIEW
967,DEC-S39-HOME_APPLIANCES,39,HOME APPLIANCES,HIGH,3,RISK_HIGH|PROMO_EXTRAPOLATION,3.289241153001785,35.56143365800381,125.36799512803556,3.3390034733583,BỔ SUNG THẬN TRỌNG,B,63.2413876503706,91.69053457677364,TRUNG BÌNH,KHÔNG ĐỀ XUẤT TĂNG,True,POL-INV-005|POL-INV-003|POL-INV-001|POL-PROMO-004|POL-PROMO-002|POL-HITL-001|POL-PROMO-001,RULE_BASED,PENDING_HUMAN_REVIEW
968,DEC-S07-BABY_CARE,7,BABY CARE,HIGH,3,RISK_HIGH|PROMO_EXTRAPOLATION,5.586213672161103,35.32452458143234,124.87121971845627,3.2838697111887027,BỔ SUNG THẬN TRỌNG,B,63.03158937692642,91.2912090420723,TRUNG BÌNH,KHÔNG ĐỀ XUẤT TĂNG,True,POL-INV-005|POL-INV-003|POL-INV-001|POL-PROMO-004|POL-PROMO-002|POL-HITL-001|POL-PROMO-001,RULE_BASED,PENDING_HUMAN_REVIEW
969,DEC-S20-HARDWARE,20,HARDWARE,HIGH,3,RISK_HIGH|PROMO_EXTRAPOLATION,6.0220882833004,34.92102644592524,122.33863589912652,3.238118704400794,BỔ SUNG THẬN TRỌNG,B,61.620211197435836,89.55703235417603,TRUNG BÌNH,KHÔNG ĐỀ XUẤT TĂNG,True,POL-INV-005|POL-INV-003|POL-INV-001|POL-PROMO-004|POL-PROMO-002|POL-HITL-001|POL-PROMO-001,RULE_BASED,PENDING_HUMAN_REVIEW
970,DEC-S09-BOOKS,9,BOOKS,HIGH,3,RISK_HIGH|PROMO_EXTRAPOLATION,6.185407811403275,34.59303267300129,122.01064212620258,3.254154693108162,BỔ SUNG THẬN TRỌNG,B,61.55461244285107,89.2290385812521,TRUNG BÌNH,KHÔNG ĐỀ XUẤT TĂNG,True,POL-INV-005|POL-INV-003|POL-INV-001|POL-PROMO-004|POL-PROMO-002|POL-HITL-001|POL-PROMO-001,RULE_BASED,PENDING_HUMAN_REVIEW
971,DEC-S11-BOOKS,11,BOOKS,HIGH,3,RISK_HIGH|PROMO_EXTRAPOLATION,6.185407811403275,34.59303267300129,122.01064212620258,3.254154693108162,BỔ SUNG THẬN TRỌNG,B,61.55461244285107,89.2290385812521,TRUNG BÌNH,KHÔNG ĐỀ XUẤT TĂNG,True,POL-INV-005|POL-INV-003|POL-INV-001|POL-PROMO-004|POL-PROMO-002|POL-HITL-001|POL-PROMO-001,RULE_BASED,PENDING_HUMAN_REVIEW
972,DEC-S39-BABY_CARE,39,BABY CARE,HIGH,3,RISK_HIGH|PROMO_EXTRAPOLATION,5.747349733114243,34.50752259045839,121.92513204365969,3.2719202533652636,BỔ SUNG THẬN TRỌNG,B,61.53751042634248,89.1435284987092,TRUNG BÌNH,KHÔNG ĐỀ XUẤT TĂNG,True,POL-INV-005|POL-INV-003|POL-INV-001|POL-PROMO-004|POL-PROMO-002|POL-HITL-001|POL-PROMO-001,RULE_BASED,PENDING_HUMAN_REVIEW
973,DEC-S23-LAWN_AND_GARDEN,23,LAWN AND GARDEN,HIGH,3,RISK_HIGH|PROMO_EXTRAPOLATION,5.1345752656459815,34.17273343354464,121.59034288674592,3.3109672252550815,BỔ SUNG THẬN TRỌNG,B,61.47055259495972,88.80873934179543,TRUNG BÌNH,KHÔNG ĐỀ XUẤT TĂNG,True,POL-INV-005|POL-INV-003|POL-INV-001|POL-PROMO-004|POL-PROMO-002|POL-HITL-001|POL-PROMO-001,RULE_BASED,PENDING_HUMAN_REVIEW
974,DEC-S40-BABY_CARE,40,BABY CARE,HIGH,3,RISK_HIGH|PROMO_EXTRAPOLATION,4.063908699154854,33.90144685283303,123.44814198985696,3.4206098616513776,BỔ SUNG THẬN TRỌNG,B,62.74697383120656,89.86813131347299,TRUNG BÌNH,KHÔNG ĐỀ XUẤT TĂNG,True,POL-INV-005|POL-INV-003|POL-INV-001|POL-PROMO-004|POL-PROMO-002|POL-HITL-001|POL-PROMO-001,RULE_BASED,PENDING_HUMAN_REVIEW
975,DEC-S43-BABY_CARE,43,BABY CARE,HIGH,3,RISK_HIGH|PROMO_EXTRAPOLATION,5.594865798950195,33.712051928043365,121.12966138124466,3.3283770092817697,BỔ SUNG THẬN TRỌNG,B,61.37841629385949,88.34805783629417,TRUNG BÌNH,KHÔNG ĐỀ XUẤT TĂNG,True,POL-INV-005|POL-INV-003|POL-INV-001|POL-PROMO-004|POL-PROMO-002|POL-HITL-001|POL-PROMO-001,RULE_BASED,PENDING_HUMAN_REVIEW
976,DEC-S21-MAGAZINES,21,MAGAZINES,HIGH,3,RISK_HIGH|PROMO_EXTRAPOLATION,4.114515945315361,33.572044510394335,121.24952029660344,3.388142240649684,BỔ SUNG THẬN TRỌNG,B,61.51283126845956,88.37046687677503,TRUNG BÌNH,KHÔNG ĐỀ XUẤT TĂNG,True,POL-INV-005|POL-INV-003|POL-INV-001|POL-PROMO-004|POL-PROMO-002|POL-HITL-001|POL-PROMO-001,RULE_BASED,PENDING_HUMAN_REVIEW
977,DEC-S43-BOOKS,43,BOOKS,HIGH,3,RISK_HIGH|PROMO_EXTRAPOLATION,5.446012735366821,33.50236850976944,120.91997796297072,3.3468416869672915,BỔ SUNG THẬN TRỌNG,B,61.33647961020468,88.13837441802023,TRUNG BÌNH,KHÔNG ĐỀ XUẤT TĂNG,True,POL-INV-005|POL-INV-003|POL-INV-001|POL-PROMO-004|POL-PROMO-002|POL-HITL-001|POL-PROMO-001,RULE_BASED,PENDING_HUMAN_REVIEW
978,DEC-S14-PET_SUPPLIES,14,PET SUPPLIES,HIGH,3,RISK_HIGH|PROMO_EXTRAPOLATION,3.286126410961151,33.38290710747242,123.18946857750416,3.487295061809491,BỔ SUNG THẬN TRỌNG,B,62.80568234026432,89.51200802624226,TRUNG BÌNH,KHÔNG ĐỀ XUẤT TĂNG,True,POL-INV-005|POL-INV-003|POL-INV-001|POL-PROMO-004|POL-PROMO-002|POL-HITL-001|POL-PROMO-001,RULE_BASED,PENDING_HUMAN_REVIEW
979,DEC-S17-BABY_CARE,17,BABY CARE,HIGH,3,RISK_HIGH|PROMO_EXTRAPOLATION,2.848201197385788,33.09574645757675,122.64244159460068,3.513465837924022,BỔ SUNG THẬN TRỌNG,B,62.5858337521553,89.0624309182167,TRUNG BÌNH,KHÔNG ĐỀ XUẤT TĂNG,True,POL-INV-005|POL-INV-003|POL-INV-001|POL-PROMO-004|POL-PROMO-002|POL-HITL-001|POL-PROMO-001,RULE_BASED,PENDING_HUMAN_REVIEW
980,DEC-S15-CELEBRATION,15,CELEBRATION,HIGH,3,RISK_HIGH|PROMO_EXTRAPOLATION,4.60265463590622,33.035006403923035,120.71248219013214,3.4114824653255407,BỔ SUNG THẬN TRỌNG,B,61.40542364716529,87.83342877030373,TRUNG BÌNH,KHÔNG ĐỀ XUẤT TĂNG,True,POL-INV-005|POL-INV-003|POL-INV-001|POL-PROMO-004|POL-PROMO-002|POL-HITL-001|POL-PROMO-001,RULE_BASED,PENDING_HUMAN_REVIEW
981,DEC-S51-HARDWARE,51,HARDWARE,HIGH,3,RISK_HIGH|PROMO_EXTRAPOLATION,3.607932323217392,32.8299373537302,120.5074131399393,3.455503910468583,BỔ SUNG THẬN TRỌNG,B,61.36440983712673,87.6283597201109,TRUNG BÌNH,KHÔNG ĐỀ XUẤT TĂNG,True,POL-INV-005|POL-INV-003|POL-INV-001|POL-PROMO-004|POL-PROMO-002|POL-HITL-001|POL-PROMO-001,RULE_BASED,PENDING_HUMAN_REVIEW
982,DEC-S31-BABY_CARE,31,BABY CARE,HIGH,3,RISK_HIGH|PROMO_EXTRAPOLATION,3.301949301362038,32.81074661388993,120.48822240009903,3.4659475118066516,BỔ SUNG THẬN TRỌNG,B,61.360571689158675,87.60916898027062,TRUNG BÌNH,KHÔNG ĐỀ XUẤT TĂNG,True,POL-INV-005|POL-INV-003|POL-INV-001|POL-PROMO-004|POL-PROMO-002|POL-HITL-001|POL-PROMO-001,RULE_BASED,PENDING_HUMAN_REVIEW
983,DEC-S41-HARDWARE,41,HARDWARE,HIGH,3,RISK_HIGH|PROMO_EXTRAPOLATION,4.84412648677826,32.70922137796879,120.12683083117008,3.4199159645893427,BỔ SUNG THẬN TRỌNG,B,61.17785018384457,87.3452272862196,TRUNG BÌNH,KHÔNG ĐỀ XUẤT TĂNG,True,POL-INV-005|POL-INV-003|POL-INV-001|POL-PROMO-004|POL-PROMO-002|POL-HITL-001|POL-PROMO-001,RULE_BASED,PENDING_HUMAN_REVIEW
984,DEC-S38-BABY_CARE,38,BABY CARE,HIGH,3,RISK_HIGH|PROMO_EXTRAPOLATION,4.762360715866089,32.38286252319813,119.80047197639942,3.4460229760282552,BỔ SUNG THẬN TRỌNG,B,61.11257841289043,87.01886843144894,TRUNG BÌNH,KHÔNG ĐỀ XUẤT TĂNG,True,POL-INV-005|POL-INV-003|POL-INV-001|POL-PROMO-004|POL-PROMO-002|POL-HITL-001|POL-PROMO-001,RULE_BASED,PENDING_HUMAN_REVIEW
985,DEC-S38-BOOKS,38,BOOKS,HIGH,3,RISK_HIGH|PROMO_EXTRAPOLATION,4.762360715866089,32.38286252319813,119.80047197639942,3.4460229760282552,BỔ SUNG THẬN TRỌNG,B,61.11257841289043,87.01886843144894,TRUNG BÌNH,KHÔNG ĐỀ XUẤT TĂNG,True,POL-INV-005|POL-INV-003|POL-INV-001|POL-PROMO-004|POL-PROMO-002|POL-HITL-001|POL-PROMO-001,RULE_BASED,PENDING_HUMAN_REVIEW
986,DEC-S43-HARDWARE,43,HARDWARE,HIGH,3,RISK_HIGH|PROMO_EXTRAPOLATION,4.524812990427018,32.35510282218456,119.77271227538586,3.4551804531781314,BỔ SUNG THẬN TRỌNG,B,61.10702647268772,86.99110873043537,TRUNG BÌNH,KHÔNG ĐỀ XUẤT TĂNG,True,POL-INV-005|POL-INV-003|POL-INV-001|POL-PROMO-004|POL-PROMO-002|POL-HITL-001|POL-PROMO-001,RULE_BASED,PENDING_HUMAN_REVIEW
987,DEC-S37-HOME_APPLIANCES,37,HOME APPLIANCES,HIGH,3,RISK_HIGH|PROMO_EXTRAPOLATION,4.7280063241720205,31.99355775862932,117.5419478610158,3.419271797305272,BỔ SUNG THẬN TRỌNG,B,59.866455365717414,85.46130157262087,TRUNG BÌNH,KHÔNG ĐỀ XUẤT TĂNG,True,POL-INV-005|POL-INV-003|POL-INV-001|POL-PROMO-004|POL-PROMO-002|POL-HITL-001|POL-PROMO-001,RULE_BASED,PENDING_HUMAN_REVIEW
988,DEC-S20-HOME_APPLIANCES,20,HOME APPLIANCES,HIGH,3,RISK_HIGH|PROMO_EXTRAPOLATION,4.254243308305741,31.9900371581316,119.4076466113329,3.4905508821060356,BỔ SUNG THẬN TRỌNG,B,61.03401333987713,86.62604306638241,TRUNG BÌNH,KHÔNG ĐỀ XUẤT TĂNG,True,POL-INV-005|POL-INV-003|POL-INV-001|POL-PROMO-004|POL-PROMO-002|POL-HITL-001|POL-PROMO-001,RULE_BASED,PENDING_HUMAN_REVIEW
989,DEC-S46-BOOKS,46,BOOKS,HIGH,3,RISK_HIGH|PROMO_EXTRAPOLATION,4.969327008724212,31.91969406604767,119.33730351924896,3.474150649184807,BỔ SUNG THẬN TRỌNG,B,61.01994472146034,86.55569997429848,TRUNG BÌNH,KHÔNG ĐỀ XUẤT TĂNG,True,POL-INV-005|POL-INV-003|POL-INV-001|POL-PROMO-004|POL-PROMO-002|POL-HITL-001|POL-PROMO-001,RULE_BASED,PENDING_HUMAN_REVIEW
990,DEC-S23-AUTOMOTIVE,23,AUTOMOTIVE,HIGH,3,RISK_HIGH|PROMO_EXTRAPOLATION,4.122571724653244,31.87634190917015,119.29395136237144,3.503168933937678,BỔ SUNG THẬN TRỌNG,B,61.01127429008484,86.51234781742096,TRUNG BÌNH,KHÔNG ĐỀ XUẤT TĂNG,True,POL-INV-005|POL-INV-003|POL-INV-001|POL-PROMO-004|POL-PROMO-002|POL-HITL-001|POL-PROMO-001,RULE_BASED,PENDING_HUMAN_REVIEW
991,DEC-S43-HOME_APPLIANCES,43,HOME APPLIANCES,HIGH,3,RISK_HIGH|PROMO_EXTRAPOLATION,4.1737480700016025,31.665184900164604,119.0827943533659,3.5177834331739923,BỔ SUNG THẬN TRỌNG,B,60.969042888283724,86.30119080841541,TRUNG BÌNH,KHÔNG ĐỀ XUẤT TĂNG,True,POL-INV-005|POL-INV-003|POL-INV-001|POL-PROMO-004|POL-PROMO-002|POL-HITL-001|POL-PROMO-001,RULE_BASED,PENDING_HUMAN_REVIEW
992,DEC-S39-BOOKS,39,BOOKS,HIGH,3,RISK_HIGH|PROMO_EXTRAPOLATION,3.8558677673339847,31.506164230406284,118.92377368360758,3.5398795471733635,BỔ SUNG THẬN TRỌNG,B,60.937238754332064,86.1421701386571,TRUNG BÌNH,KHÔNG ĐỀ XUẤT TĂNG,True,POL-INV-005|POL-INV-003|POL-INV-001|POL-PROMO-004|POL-PROMO-002|POL-HITL-001|POL-PROMO-001,RULE_BASED,PENDING_HUMAN_REVIEW
993,DEC-S43-LADIESWEAR,43,LADIESWEAR,HIGH,3,RISK_HIGH|PROMO_EXTRAPOLATION,4.143333488702774,31.45061366260052,118.8682231158018,3.5353688783802566,BỔ SUNG THẬN TRỌNG,B,60.9261286407709,86.08661957085131,TRUNG BÌNH,KHÔNG ĐỀ XUẤT TĂNG,True,POL-INV-005|POL-INV-003|POL-INV-001|POL-PROMO-004|POL-PROMO-002|POL-HITL-001|POL-PROMO-001,RULE_BASED,PENDING_HUMAN_REVIEW
994,DEC-S31-SEAFOOD,31,SEAFOOD,HIGH,3,RISK_HIGH|PROMO_EXTRAPOLATION,3.666356486082077,31.400722354650497,122.91122187972069,3.680315027807499,BỔ SUNG THẬN TRỌNG,B,63.474206674098966,88.59478455781937,TRUNG BÌNH,KHÔNG ĐỀ XUẤT TĂNG,True,POL-INV-005|POL-INV-003|POL-INV-001|POL-PROMO-004|POL-PROMO-002|POL-HITL-001|POL-PROMO-001,RULE_BASED,PENDING_HUMAN_REVIEW
995,DEC-S29-MAGAZINES,29,MAGAZINES,HIGH,3,RISK_HIGH|PROMO_EXTRAPOLATION,3.809478658437729,31.16065189987421,118.5782613530755,3.56860871638882,BỔ SUNG THẬN TRỌNG,B,60.86813628822565,85.79665780812502,TRUNG BÌNH,KHÔNG ĐỀ XUẤT TĂNG,True,POL-INV-005|POL-INV-003|POL-INV-001|POL-PROMO-004|POL-PROMO-002|POL-HITL-001|POL-PROMO-001,RULE_BASED,PENDING_HUMAN_REVIEW
996,DEC-S17-HOME_APPLIANCES,17,HOME APPLIANCES,HIGH,3,RISK_HIGH|PROMO_EXTRAPOLATION,3.709673362970352,31.14265765249729,118.5602671056986,3.5731517593973767,BỔ SUNG THẬN TRỌNG,B,60.86453743875026,85.7786635607481,TRUNG BÌNH,KHÔNG ĐỀ XUẤT TĂNG,True,POL-INV-005|POL-INV-003|POL-INV-001|POL-PROMO-004|POL-PROMO-002|POL-HITL-001|POL-PROMO-001,RULE_BASED,PENDING_HUMAN_REVIEW
997,DEC-S16-BEAUTY,16,BEAUTY,HIGH,3,RISK_HIGH|PROMO_EXTRAPOLATION,10.858809447288516,31.12046135962009,110.28159441053867,3.0953099910401187,BỔ SUNG THẬN TRỌNG,B,55.69980042874813,80.5961695164442,TRUNG BÌNH,KHÔNG ĐỀ XUẤT TĂNG,True,POL-INV-005|POL-INV-003|POL-INV-001|POL-PROMO-004|POL-PROMO-002|POL-HITL-001|POL-PROMO-001,RULE_BASED,PENDING_HUMAN_REVIEW
998,DEC-S36-MAGAZINES,36,MAGAZINES,HIGH,3,RISK_HIGH|PROMO_EXTRAPOLATION,3.9918540596961978,30.971436567604545,118.38904602080584,3.578106092268122,BỔ SUNG THẬN TRỌNG,B,60.83029322177171,85.60744247585535,TRUNG BÌNH,KHÔNG ĐỀ XUẤT TĂNG,True,POL-INV-005|POL-INV-003|POL-INV-001|POL-PROMO-004|POL-PROMO-002|POL-HITL-001|POL-PROMO-001,RULE_BASED,PENDING_HUMAN_REVIEW
999,DEC-S10-CELEBRATION,10,CELEBRATION,HIGH,3,RISK_HIGH|PROMO_EXTRAPOLATION,4.666911265254021,30.933179780840877,116.22170355021952,3.4933819009122176,BỔ SUNG THẬN TRỌNG,B,59.491963312029824,84.23850713670252,TRUNG BÌNH,KHÔNG ĐỀ XUẤT TĂNG,True,POL-INV-005|POL-INV-003|POL-INV-001|POL-PROMO-004|POL-PROMO-002|POL-HITL-001|POL-PROMO-001,RULE_BASED,PENDING_HUMAN_REVIEW
1000,DEC-S32-PLAYERS_AND_ELECTRONICS,32,PLAYERS AND ELECTRONICS,HIGH,3,RISK_HIGH|PROMO_EXTRAPOLATION,3.0026850521564485,30.89388671517372,120.35794120430948,3.679553301238777,BỔ SUNG THẬN TRỌNG,B,62.09381139874458,86.80892077088356,TRUNG BÌNH,KHÔNG ĐỀ XUẤT TĂNG,True,POL-INV-005|POL-INV-003|POL-INV-001|POL-PROMO-004|POL-PROMO-002|POL-HITL-001|POL-PROMO-001,RULE_BASED,PENDING_HUMAN_REVIEW
1001,DEC-S15-SEAFOOD,15,SEAFOOD,HIGH,3,RISK_HIGH|PROMO_EXTRAPOLATION,11.589613473415374,30.754513133317232,108.3062931664288,3.0457616933681493,BỔ SUNG THẬN TRỌNG,B,54.62076514735818,79.22437565401196,TRUNG BÌNH,KHÔNG ĐỀ XUẤT TĂNG,True,POL-INV-005|POL-INV-003|POL-INV-001|POL-PROMO-004|POL-PROMO-002|POL-HITL-001|POL-PROMO-001,RULE_BASED,PENDING_HUMAN_REVIEW
1002,DEC-S40-HOME_APPLIANCES,40,HOME APPLIANCES,HIGH,3,RISK_HIGH|PROMO_EXTRAPOLATION,2.692027431726456,30.74589993059635,120.29259506762028,3.70443326202738,BỔ SUNG THẬN TRỌNG,B,62.11586444675922,86.7125843912363,TRUNG BÌNH,KHÔNG ĐỀ XUẤT TĂNG,True,POL-INV-005|POL-INV-003|POL-INV-001|POL-PROMO-004|POL-PROMO-002|POL-HITL-001|POL-PROMO-001,RULE_BASED,PENDING_HUMAN_REVIEW
1003,DEC-S02-HARDWARE,2,HARDWARE,HIGH,3,RISK_HIGH|PROMO_EXTRAPOLATION,4.309912830591202,30.73920187354088,116.02772564291952,3.519868371531451,BỔ SUNG THẬN TRỌNG,B,59.453167730569824,84.04452922940253,TRUNG BÌNH,KHÔNG ĐỀ XUẤT TĂNG,True,POL-INV-005|POL-INV-003|POL-INV-001|POL-PROMO-004|POL-PROMO-002|POL-HITL-001|POL-PROMO-001,RULE_BASED,PENDING_HUMAN_REVIEW
1004,DEC-S29-HARDWARE,29,HARDWARE,HIGH,3,RISK_HIGH|PROMO_EXTRAPOLATION,3.010773259401321,30.727310985326767,118.40478677153588,3.637056212091278,BỔ SUNG THẬN TRỌNG,B,60.94388456344605,85.52573335170746,TRUNG BÌNH,KHÔNG ĐỀ XUẤT TĂNG,True,POL-INV-005|POL-INV-003|POL-INV-001|POL-PROMO-004|POL-PROMO-002|POL-HITL-001|POL-PROMO-001,RULE_BASED,PENDING_HUMAN_REVIEW
1005,DEC-S20-BOOKS,20,BOOKS,HIGH,3,RISK_HIGH|PROMO_EXTRAPOLATION,3.634591454267502,30.60357441008091,118.0211838632822,3.6194194658097807,BỔ SUNG THẬN TRỌNG,B,60.75672079026699,85.23958031833172,TRUNG BÌNH,KHÔNG ĐỀ XUẤT TĂNG,True,POL-INV-005|POL-INV-003|POL-INV-001|POL-PROMO-004|POL-PROMO-002|POL-HITL-001|POL-PROMO-001,RULE_BASED,PENDING_HUMAN_REVIEW
1006,DEC-S38-HOME_APPLIANCES,38,HOME APPLIANCES,HIGH,3,RISK_HIGH|PROMO_EXTRAPOLATION,5.0428232699632645,30.39538993313909,115.68391370251774,3.5241190081785985,BỔ SUNG THẬN TRỌNG,B,59.38440534248948,83.70071728900075,TRUNG BÌNH,KHÔNG ĐỀ XUẤT TĂNG,True,POL-INV-005|POL-INV-003|POL-INV-001|POL-PROMO-004|POL-PROMO-002|POL-HITL-001|POL-PROMO-001,RULE_BASED,PENDING_HUMAN_REVIEW
1007,DEC-S40-BOOKS,40,BOOKS,HIGH,3,RISK_HIGH|PROMO_EXTRAPOLATION,3.19346176981926,30.27007280662656,117.68768225982784,3.6614631887184372,BỔ SUNG THẬN TRỌNG,B,60.690020469576105,84.90607871487735,TRUNG BÌNH,KHÔNG ĐỀ XUẤT TĂNG,True,POL-INV-005|POL-INV-003|POL-INV-001|POL-PROMO-004|POL-PROMO-002|POL-HITL-001|POL-PROMO-001,RULE_BASED,PENDING_HUMAN_REVIEW
1008,DEC-S37-BABY_CARE,37,BABY CARE,HIGH,3,RISK_HIGH|PROMO_EXTRAPOLATION,3.799007320404053,30.234281226992607,117.6518906801939,3.6451257684584846,BỔ SUNG THẬN TRỌNG,B,60.682862153649324,84.87028713524342,TRUNG BÌNH,KHÔNG ĐỀ XUẤT TĂNG,True,POL-INV-005|POL-INV-003|POL-INV-001|POL-PROMO-004|POL-PROMO-002|POL-HITL-001|POL-PROMO-001,RULE_BASED,PENDING_HUMAN_REVIEW
1009,DEC-S37-BOOKS,37,BOOKS,HIGH,3,RISK_HIGH|PROMO_EXTRAPOLATION,3.799007320404053,30.234281226992607,117.6518906801939,3.6451257684584846,BỔ SUNG THẬN TRỌNG,B,60.682862153649324,84.87028713524342,TRUNG BÌNH,KHÔNG ĐỀ XUẤT TĂNG,True,POL-INV-005|POL-INV-003|POL-INV-001|POL-PROMO-004|POL-PROMO-002|POL-HITL-001|POL-PROMO-001,RULE_BASED,PENDING_HUMAN_REVIEW
1010,DEC-S48-BABY_CARE,48,BABY CARE,HIGH,3,RISK_HIGH|PROMO_EXTRAPOLATION,5.035253202915191,30.183719746768475,115.47224351614712,3.5414950881437535,BỔ SUNG THẬN TRỌNG,B,59.34207130521534,83.48904710263012,TRUNG BÌNH,KHÔNG ĐỀ XUẤT TĂNG,True,POL-INV-005|POL-INV-003|POL-INV-001|POL-PROMO-004|POL-PROMO-002|POL-HITL-001|POL-PROMO-001,RULE_BASED,PENDING_HUMAN_REVIEW
1011,DEC-S48-BOOKS,48,BOOKS,HIGH,3,RISK_HIGH|PROMO_EXTRAPOLATION,5.035253202915191,30.183719746768475,115.47224351614712,3.5414950881437535,BỔ SUNG THẬN TRỌNG,B,59.34207130521534,83.48904710263012,TRUNG BÌNH,KHÔNG ĐỀ XUẤT TĂNG,True,POL-INV-005|POL-INV-003|POL-INV-001|POL-PROMO-004|POL-PROMO-002|POL-HITL-001|POL-PROMO-001,RULE_BASED,PENDING_HUMAN_REVIEW
1012,DEC-S42-HARDWARE,42,HARDWARE,HIGH,3,RISK_HIGH|PROMO_EXTRAPOLATION,2.5003154397010805,30.070589408278465,117.48819886147976,3.7008594175925493,BỔ SUNG THẬN TRỌNG,B,60.6501237899065,84.70659531652927,TRUNG BÌNH,KHÔNG ĐỀ XUẤT TĂNG,True,POL-INV-005|POL-INV-003|POL-INV-001|POL-PROMO-004|POL-PROMO-002|POL-HITL-001|POL-PROMO-001,RULE_BASED,PENDING_HUMAN_REVIEW
1013,DEC-S28-BABY_CARE,28,BABY CARE,HIGH,3,RISK_HIGH|PROMO_EXTRAPOLATION,3.6806076109409336,30.068654999136925,117.48626445233822,3.6630377737484534,BỔ SUNG THẬN TRỌNG,B,60.6497369080782,84.70466090738773,TRUNG BÌNH,KHÔNG ĐỀ XUẤT TĂNG,True,POL-INV-005|POL-INV-003|POL-INV-001|POL-PROMO-004|POL-PROMO-002|POL-HITL-001|POL-PROMO-001,RULE_BASED,PENDING_HUMAN_REVIEW
1014,DEC-S28-BOOKS,28,BOOKS,HIGH,3,RISK_HIGH|PROMO_EXTRAPOLATION,3.6806076109409336,30.068654999136925,117.48626445233822,3.6630377737484534,BỔ SUNG THẬN TRỌNG,B,60.6497369080782,84.70466090738773,TRUNG BÌNH,KHÔNG ĐỀ XUẤT TĂNG,True,POL-INV-005|POL-INV-003|POL-INV-001|POL-PROMO-004|POL-PROMO-002|POL-HITL-001|POL-PROMO-001,RULE_BASED,PENDING_HUMAN_REVIEW
1015,DEC-S33-PET_SUPPLIES,33,PET SUPPLIES,HIGH,3,RISK_HIGH|PROMO_EXTRAPOLATION,6.1039103358984,30.049858435988423,113.20929652154446,3.4494645573490046,BỔ SUNG THẬN TRỌNG,B,57.9846204906702,82.02450723946095,TRUNG BÌNH,KHÔNG ĐỀ XUẤT TĂNG,True,POL-INV-005|POL-INV-003|POL-INV-001|POL-PROMO-004|POL-PROMO-002|POL-HITL-001|POL-PROMO-001,RULE_BASED,PENDING_HUMAN_REVIEW
1016,DEC-S04-BOOKS,4,BOOKS,HIGH,3,RISK_HIGH|PROMO_EXTRAPOLATION,3.371866291761399,29.81850639730692,115.3668964996934,3.634018753670642,BỔ SUNG THẬN TRỌNG,B,59.43144509345293,83.28625021129847,TRUNG BÌNH,KHÔNG ĐỀ XUẤT TĂNG,True,POL-INV-005|POL-INV-003|POL-INV-001|POL-PROMO-004|POL-PROMO-002|POL-HITL-001|POL-PROMO-001,RULE_BASED,PENDING_HUMAN_REVIEW
1017,DEC-S31-HOME_APPLIANCES,31,HOME APPLIANCES,HIGH,3,RISK_HIGH|PROMO_EXTRAPOLATION,3.975329059362412,29.656525015830997,114.94504878520964,3.619774898444706,BỔ SUNG THẬN TRỌNG,B,59.236632359027844,82.96185237169264,TRUNG BÌNH,KHÔNG ĐỀ XUẤT TĂNG,True,POL-INV-005|POL-INV-003|POL-INV-001|POL-PROMO-004|POL-PROMO-002|POL-HITL-001|POL-PROMO-001,RULE_BASED,PENDING_HUMAN_REVIEW
1018,DEC-S50-BOOKS,50,BOOKS,HIGH,3,RISK_HIGH|PROMO_EXTRAPOLATION,5.203874516487122,29.604578473139554,114.8931022425182,3.584079023414782,BỔ SUNG THẬN TRỌNG,B,59.22624305048956,82.9099058290012,TRUNG BÌNH,KHÔNG ĐỀ XUẤT TĂNG,True,POL-INV-005|POL-INV-003|POL-INV-001|POL-PROMO-004|POL-PROMO-002|POL-HITL-001|POL-PROMO-001,RULE_BASED,PENDING_HUMAN_REVIEW
1019,DEC-S04-HOME_APPLIANCES,4,HOME APPLIANCES,HIGH,3,RISK_HIGH|PROMO_EXTRAPOLATION,3.625405389070511,29.40191638469696,114.69044015407562,3.6532247954247565,BỔ SUNG THẬN TRỌNG,B,59.185710632801054,82.70724374055862,TRUNG BÌNH,KHÔNG ĐỀ XUẤT TĂNG,True,POL-INV-005|POL-INV-003|POL-INV-001|POL-PROMO-004|POL-PROMO-002|POL-HITL-001|POL-PROMO-001,RULE_BASED,PENDING_HUMAN_REVIEW
1020,DEC-S14-MAGAZINES,14,MAGAZINES,HIGH,3,RISK_HIGH|PROMO_EXTRAPOLATION,3.07985709309578,29.17658227309585,116.59419172629714,3.7616696816725295,BỔ SUNG THẬN TRỌNG,B,60.47132236286998,83.81258818134665,TRUNG BÌNH,KHÔNG ĐỀ XUẤT TĂNG,True,POL-INV-005|POL-INV-003|POL-INV-001|POL-PROMO-004|POL-PROMO-002|POL-HITL-001|POL-PROMO-001,RULE_BASED,PENDING_HUMAN_REVIEW
1021,DEC-S46-BABY_CARE,46,BABY CARE,HIGH,3,RISK_HIGH|PROMO_EXTRAPOLATION,3.358670949935913,29.0562436580658,116.47385311126708,3.7634503981330325,BỔ SUNG THẬN TRỌNG,B,60.44725463986395,83.69224956631659,TRUNG BÌNH,KHÔNG ĐỀ XUẤT TĂNG,True,POL-INV-005|POL-INV-003|POL-INV-001|POL-PROMO-004|POL-PROMO-002|POL-HITL-001|POL-PROMO-001,RULE_BASED,PENDING_HUMAN_REVIEW
1022,DEC-S50-BABY_CARE,50,BABY CARE,HIGH,3,RISK_HIGH|PROMO_EXTRAPOLATION,4.146803212165833,28.32716528372839,113.61568905310703,3.732678722333859,BỔ SUNG THẬN TRỌNG,B,58.97076041260732,81.63249263959004,TRUNG BÌNH,KHÔNG ĐỀ XUẤT TĂNG,True,POL-INV-005|POL-INV-003|POL-INV-001|POL-PROMO-004|POL-PROMO-002|POL-HITL-001|POL-PROMO-001,RULE_BASED,PENDING_HUMAN_REVIEW
1023,DEC-S40-LAWN_AND_GARDEN,40,LAWN AND GARDEN,HIGH,3,RISK_HIGH|PROMO_EXTRAPOLATION,3.074069958925248,27.61918704211712,112.90771081149578,3.837762431579032,BỔ SUNG THẬN TRỌNG,B,58.82916476428508,80.92451439797878,TRUNG BÌNH,KHÔNG ĐỀ XUẤT TĂNG,True,POL-INV-005|POL-INV-003|POL-INV-001|POL-PROMO-004|POL-PROMO-002|POL-HITL-001|POL-PROMO-001,RULE_BASED,PENDING_HUMAN_REVIEW
1024,DEC-S31-BOOKS,31,BOOKS,HIGH,3,RISK_HIGH|PROMO_EXTRAPOLATION,3.856201851367951,27.51228681579232,110.67172490134836,3.746297999177592,BỔ SUNG THẬN TRỌNG,B,57.47710616663098,79.48693561926484,TRUNG BÌNH,KHÔNG ĐỀ XUẤT TĂNG,True,POL-INV-005|POL-INV-003|POL-INV-001|POL-PROMO-004|POL-PROMO-002|POL-HITL-001|POL-PROMO-001,RULE_BASED,PENDING_HUMAN_REVIEW
1025,DEC-S02-HOME_APPLIANCES,2,HOME APPLIANCES,HIGH,3,RISK_HIGH|PROMO_EXTRAPOLATION,3.608228981494904,27.38620187714696,110.545639962703,3.7672321025554605,BỔ SUNG THẬN TRỌNG,B,57.45188917890191,79.36085068061948,TRUNG BÌNH,KHÔNG ĐỀ XUẤT TĂNG,True,POL-INV-005|POL-INV-003|POL-INV-001|POL-PROMO-004|POL-PROMO-002|POL-HITL-001|POL-PROMO-001,RULE_BASED,PENDING_HUMAN_REVIEW
1026,DEC-S40-LADIESWEAR,40,LADIESWEAR,HIGH,3,RISK_HIGH|PROMO_EXTRAPOLATION,3.074069958925248,27.37908972799778,112.66761349737644,3.8617709231994914,BỔ SUNG THẬN TRỌNG,B,58.78114530146122,80.68441708385944,TRUNG BÌNH,KHÔNG ĐỀ XUẤT TĂNG,True,POL-INV-005|POL-INV-003|POL-INV-001|POL-PROMO-004|POL-PROMO-002|POL-HITL-001|POL-PROMO-001,RULE_BASED,PENDING_HUMAN_REVIEW
1027,DEC-S30-PET_SUPPLIES,30,PET SUPPLIES,HIGH,3,RISK_HIGH|PROMO_EXTRAPOLATION,4.3179643034935,27.216915741562843,110.37635382711888,3.7586811576080197,BỔ SUNG THẬN TRỌNG,B,57.41803195178508,79.19156454503536,TRUNG BÌNH,KHÔNG ĐỀ XUẤT TĂNG,True,POL-INV-005|POL-INV-003|POL-INV-001|POL-PROMO-004|POL-PROMO-002|POL-HITL-001|POL-PROMO-001,RULE_BASED,PENDING_HUMAN_REVIEW
1028,DEC-S06-HARDWARE,6,HARDWARE,HIGH,3,RISK_HIGH|PROMO_EXTRAPOLATION,3.890390959382058,26.795962691307068,107.82631509304046,3.739245346093496,BỔ SUNG THẬN TRỌNG,B,56.003162789344785,77.43993294239044,TRUNG BÌNH,KHÔNG ĐỀ XUẤT TĂNG,True,POL-INV-005|POL-INV-003|POL-INV-001|POL-PROMO-004|POL-PROMO-002|POL-HITL-001|POL-PROMO-001,RULE_BASED,PENDING_HUMAN_REVIEW
1029,DEC-S17-LADIESWEAR,17,LADIESWEAR,HIGH,3,RISK_HIGH|PROMO_EXTRAPOLATION,5.069199258089066,26.604712180793285,107.63506458252668,3.7155201855645696,BỔ SUNG THẬN TRỌNG,B,55.964912687242034,77.24868243187666,TRUNG BÌNH,KHÔNG ĐỀ XUẤT TĂNG,True,POL-INV-005|POL-INV-003|POL-INV-001|POL-PROMO-004|POL-PROMO-002|POL-HITL-001|POL-PROMO-001,RULE_BASED,PENDING_HUMAN_REVIEW
1030,DEC-S18-MAGAZINES,18,MAGAZINES,HIGH,3,RISK_HIGH|PROMO_EXTRAPOLATION,2.558300679922104,26.33318439498544,111.6217081643641,3.990146406228863,BỔ SUNG THẬN TRỌNG,B,58.571964234858754,79.6385117508471,TRUNG BÌNH,KHÔNG ĐỀ XUẤT TĂNG,True,POL-INV-005|POL-INV-003|POL-INV-001|POL-PROMO-004|POL-PROMO-002|POL-HITL-001|POL-PROMO-001,RULE_BASED,PENDING_HUMAN_REVIEW
1031,DEC-S04-BABY_CARE,4,BABY CARE,HIGH,3,RISK_HIGH|PROMO_EXTRAPOLATION,3.3316395640373235,26.152298100292683,109.31173618584872,3.903172255635666,BỔ SUNG THẬN TRỌNG,B,57.20510842353106,78.1269469037652,TRUNG BÌNH,KHÔNG ĐỀ XUẤT TĂNG,True,POL-INV-005|POL-INV-003|POL-INV-001|POL-PROMO-004|POL-PROMO-002|POL-HITL-001|POL-PROMO-001,RULE_BASED,PENDING_HUMAN_REVIEW
1032,DEC-S17-BOOKS,17,BOOKS,HIGH,3,RISK_HIGH|PROMO_EXTRAPOLATION,3.561989271640778,26.061142832040787,109.22058091759682,3.9044393764795005,BỔ SUNG THẬN TRỌNG,B,57.186877369880676,78.0357916355133,TRUNG BÌNH,KHÔNG ĐỀ XUẤT TĂNG,True,POL-INV-005|POL-INV-003|POL-INV-001|POL-PROMO-004|POL-PROMO-002|POL-HITL-001|POL-PROMO-001,RULE_BASED,PENDING_HUMAN_REVIEW
1033,DEC-S47-BOOKS,47,BOOKS,HIGH,3,RISK_HIGH|PROMO_EXTRAPOLATION,3.8906519174575807,26.05408746004105,109.21352554559708,3.893048463885601,BỔ SUNG THẬN TRỌNG,B,57.18546629548072,78.02873626351357,TRUNG BÌNH,KHÔNG ĐỀ XUẤT TĂNG,True,POL-INV-005|POL-INV-003|POL-INV-001|POL-PROMO-004|POL-PROMO-002|POL-HITL-001|POL-PROMO-001,RULE_BASED,PENDING_HUMAN_REVIEW
1034,DEC-S14-LADIESWEAR,14,LADIESWEAR,HIGH,3,RISK_HIGH|PROMO_EXTRAPOLATION,2.917305934429169,25.90736910700798,109.066807192564,3.94499740335031,BỔ SUNG THẬN TRỌNG,B,57.156122624874115,77.8820179104805,TRUNG BÌNH,KHÔNG ĐỀ XUẤT TĂNG,True,POL-INV-005|POL-INV-003|POL-INV-001|POL-PROMO-004|POL-PROMO-002|POL-HITL-001|POL-PROMO-001,RULE_BASED,PENDING_HUMAN_REVIEW
1035,DEC-S47-BABY_CARE,47,BABY CARE,HIGH,3,RISK_HIGH|PROMO_EXTRAPOLATION,3.8906519174575807,25.900345385074612,109.05978347063063,3.9095829457834808,BỔ SUNG THẬN TRỌNG,B,57.154717880487425,77.87499418854712,TRUNG BÌNH,KHÔNG ĐỀ XUẤT TĂNG,True,POL-INV-005|POL-INV-003|POL-INV-001|POL-PROMO-004|POL-PROMO-002|POL-HITL-001|POL-PROMO-001,RULE_BASED,PENDING_HUMAN_REVIEW
1036,DEC-S28-LADIESWEAR,28,LADIESWEAR,HIGH,3,RISK_HIGH|PROMO_EXTRAPOLATION,4.87054255604744,25.833626601845022,106.86397900357842,3.800956089942689,BỔ SUNG THẬN TRỌNG,B,55.810695571452364,76.47759685292839,TRUNG BÌNH,KHÔNG ĐỀ XUẤT TĂNG,True,POL-INV-005|POL-INV-003|POL-INV-001|POL-PROMO-004|POL-PROMO-002|POL-HITL-001|POL-PROMO-001,RULE_BASED,PENDING_HUMAN_REVIEW
1037,DEC-S29-HOME_APPLIANCES,29,HOME APPLIANCES,HIGH,3,RISK_HIGH|PROMO_EXTRAPOLATION,3.4392537057399752,25.59460506588221,108.75404315143824,3.9600057675157925,BỔ SUNG THẬN TRỌNG,B,57.09356981664895,77.56925386935472,TRUNG BÌNH,KHÔNG ĐỀ XUẤT TĂNG,True,POL-INV-005|POL-INV-003|POL-INV-001|POL-PROMO-004|POL-PROMO-002|POL-HITL-001|POL-PROMO-001,RULE_BASED,PENDING_HUMAN_REVIEW
1038,DEC-S22-MAGAZINES,22,MAGAZINES,HIGH,3,RISK_HIGH|PROMO_EXTRAPOLATION,3.687051737308503,25.31949967890978,106.609718413651,3.910509999504892,BỔ SUNG THẬN TRỌNG,B,55.87028664499521,76.12588638812304,TRUNG BÌNH,KHÔNG ĐỀ XUẤT TĂNG,True,POL-INV-005|POL-INV-003|POL-INV-001|POL-PROMO-004|POL-PROMO-002|POL-HITL-001|POL-PROMO-001,RULE_BASED,PENDING_HUMAN_REVIEW
1039,DEC-S36-SEAFOOD,36,SEAFOOD,HIGH,3,RISK_HIGH|PROMO_EXTRAPOLATION,1.5539779663085938,25.192280769348145,114.57369461059572,4.315000959234903,BỔ SUNG THẬN TRỌNG,B,60.90183980464935,81.05566442012787,TRUNG BÌNH,KHÔNG ĐỀ XUẤT TĂNG,True,POL-INV-005|POL-INV-003|POL-INV-001|POL-PROMO-004|POL-PROMO-002|POL-HITL-001|POL-PROMO-001,RULE_BASED,PENDING_HUMAN_REVIEW
1040,DEC-S30-SEAFOOD,30,SEAFOOD,HIGH,3,RISK_HIGH|PROMO_EXTRAPOLATION,7.345807075500488,25.04965478926897,106.257232876122,3.797034033685836,BỔ SUNG THẬN TRỌNG,B,55.76466726213694,75.80439109355211,TRUNG BÌNH,KHÔNG ĐỀ XUẤT TĂNG,True,POL-INV-005|POL-INV-003|POL-INV-001|POL-PROMO-004|POL-PROMO-002|POL-HITL-001|POL-PROMO-001,RULE_BASED,PENDING_HUMAN_REVIEW
1041,DEC-S15-MAGAZINES,15,MAGAZINES,HIGH,3,RISK_HIGH|PROMO_EXTRAPOLATION,4.719755411148071,24.90582829713821,105.9361806988716,3.907090872632117,BỔ SUNG THẬN TRỌNG,B,55.625135910511005,75.54979854822157,TRUNG BÌNH,KHÔNG ĐỀ XUẤT TĂNG,True,POL-INV-005|POL-INV-003|POL-INV-001|POL-PROMO-004|POL-PROMO-002|POL-HITL-001|POL-PROMO-001,RULE_BASED,PENDING_HUMAN_REVIEW
1042,DEC-S32-CELEBRATION,32,CELEBRATION,HIGH,3,RISK_HIGH|PROMO_EXTRAPOLATION,4.307339632511139,24.745552241802216,107.90499032735823,4.023904778652949,BỔ SUNG THẬN TRỌNG,B,56.92375925183296,76.72020104527473,TRUNG BÌNH,KHÔNG ĐỀ XUẤT TĂNG,True,POL-INV-005|POL-INV-003|POL-INV-001|POL-PROMO-004|POL-PROMO-002|POL-HITL-001|POL-PROMO-001,RULE_BASED,PENDING_HUMAN_REVIEW
1043,DEC-S22-LADIESWEAR,22,LADIESWEAR,HIGH,3,RISK_HIGH|PROMO_EXTRAPOLATION,5.559713929891586,24.45120643079281,103.35247314870357,3.842362423358244,BỔ SUNG THẬN TRỌNG,B,54.203532984852785,73.76449812948704,TRUNG BÌNH,KHÔNG ĐỀ XUẤT TĂNG,True,POL-INV-005|POL-INV-003|POL-INV-001|POL-PROMO-004|POL-PROMO-002|POL-HITL-001|POL-PROMO-001,RULE_BASED,PENDING_HUMAN_REVIEW
1044,DEC-S36-HARDWARE,36,HARDWARE,HIGH,3,RISK_HIGH|PROMO_EXTRAPOLATION,5.84957058429718,24.32391184568405,103.2251785635948,3.8452040337477844,BỔ SUNG THẬN TRỌNG,B,54.17807406783102,73.63720354437827,TRUNG BÌNH,KHÔNG ĐỀ XUẤT TĂNG,True,POL-INV-005|POL-INV-003|POL-INV-001|POL-PROMO-004|POL-PROMO-002|POL-HITL-001|POL-PROMO-001,RULE_BASED,PENDING_HUMAN_REVIEW
1045,DEC-S32-SEAFOOD,32,SEAFOOD,HIGH,3,RISK_HIGH|PROMO_EXTRAPOLATION,7.627864837646484,24.277366638183597,105.48494472503664,3.871332061132063,BỔ SUNG THẬN TRỌNG,B,55.61020963191987,75.03210294246675,TRUNG BÌNH,KHÔNG ĐỀ XUẤT TĂNG,True,POL-INV-005|POL-INV-003|POL-INV-001|POL-PROMO-004|POL-PROMO-002|POL-HITL-001|POL-PROMO-001,RULE_BASED,PENDING_HUMAN_REVIEW
1046,DEC-S51-BOOKS,51,BOOKS,HIGH,3,RISK_HIGH|PROMO_EXTRAPOLATION,3.750783687829972,24.17808447033167,105.20843687206506,4.029601747654261,BỔ SUNG THẬN TRỌNG,B,55.47958714514971,74.82205472141504,TRUNG BÌNH,KHÔNG ĐỀ XUẤT TĂNG,True,POL-INV-005|POL-INV-003|POL-INV-001|POL-PROMO-004|POL-PROMO-002|POL-HITL-001|POL-PROMO-001,RULE_BASED,PENDING_HUMAN_REVIEW
1047,DEC-S51-BABY_CARE,51,BABY CARE,HIGH,3,RISK_HIGH|PROMO_EXTRAPOLATION,3.338499426841736,23.39171601086855,104.42206841260194,4.144176200670713,BỔ SUNG THẬN TRỌNG,B,55.32231345325708,74.03568626195192,TRUNG BÌNH,KHÔNG ĐỀ XUẤT TĂNG,True,POL-INV-005|POL-INV-003|POL-INV-001|POL-PROMO-004|POL-PROMO-002|POL-HITL-001|POL-PROMO-001,RULE_BASED,PENDING_HUMAN_REVIEW
1048,DEC-S29-BABY_CARE,29,BABY CARE,HIGH,3,RISK_HIGH|PROMO_EXTRAPOLATION,3.3595626354217534,23.32513327896595,104.35548568069936,4.151916533695181,BỔ SUNG THẬN TRỌNG,B,55.308996906876565,73.96910353004932,TRUNG BÌNH,KHÔNG ĐỀ XUẤT TĂNG,True,POL-INV-005|POL-INV-003|POL-INV-001|POL-PROMO-004|POL-PROMO-002|POL-HITL-001|POL-PROMO-001,RULE_BASED,PENDING_HUMAN_REVIEW
1049,DEC-S16-PET_SUPPLIES,16,PET SUPPLIES,HIGH,3,RISK_HIGH|PROMO_EXTRAPOLATION,2.059615629911423,23.283669024705887,106.44310711026192,4.298505772507116,BỔ SUNG THẬN TRỌNG,B,56.631382608413695,75.2583178281784,TRUNG BÌNH,KHÔNG ĐỀ XUẤT TĂNG,True,POL-INV-005|POL-INV-003|POL-INV-001|POL-PROMO-004|POL-PROMO-002|POL-HITL-001|POL-PROMO-001,RULE_BASED,PENDING_HUMAN_REVIEW
1050,DEC-S17-LAWN_AND_GARDEN,17,LAWN AND GARDEN,HIGH,3,RISK_HIGH|PROMO_EXTRAPOLATION,3.5703808605670933,23.20434994995594,104.23470235168934,4.158935137661298,BỔ SUNG THẬN TRỌNG,B,55.28484024107456,73.84832020103931,TRUNG BÌNH,KHÔNG ĐỀ XUẤT TĂNG,True,POL-INV-005|POL-INV-003|POL-INV-001|POL-PROMO-004|POL-PROMO-002|POL-HITL-001|POL-PROMO-001,RULE_BASED,PENDING_HUMAN_REVIEW
1051,DEC-S33-MAGAZINES,33,MAGAZINES,HIGH,3,RISK_HIGH|PROMO_EXTRAPOLATION,4.67398945093155,23.11262434720993,102.0138910651207,4.036885417884941,BỔ SUNG THẬN TRỌNG,B,53.93581656813622,72.42591604590416,TRUNG BÌNH,KHÔNG ĐỀ XUẤT TĂNG,True,POL-INV-005|POL-INV-003|POL-INV-001|POL-PROMO-004|POL-PROMO-002|POL-HITL-001|POL-PROMO-001,RULE_BASED,PENDING_HUMAN_REVIEW
1052,DEC-S14-SEAFOOD,14,SEAFOOD,HIGH,3,RISK_HIGH|PROMO_EXTRAPOLATION,0.1930549800395966,23.08795550465584,112.4693693459034,4.661097715169827,BỔ SUNG THẬN TRỌNG,B,60.48097475171089,78.95133915543556,TRUNG BÌNH,KHÔNG ĐỀ XUẤT TĂNG,True,POL-INV-005|POL-INV-003|POL-INV-001|POL-PROMO-004|POL-PROMO-002|POL-HITL-001|POL-PROMO-001,RULE_BASED,PENDING_HUMAN_REVIEW
1053,DEC-S01-HARDWARE,1,HARDWARE,HIGH,3,RISK_HIGH|PROMO_EXTRAPOLATION,4.685286644101144,22.932611778378487,101.83387849628924,4.059255744914367,BỔ SUNG THẬN TRỌNG,B,53.89981405436993,72.24590347707272,TRUNG BÌNH,KHÔNG ĐỀ XUẤT TĂNG,True,POL-INV-005|POL-INV-003|POL-INV-001|POL-PROMO-004|POL-PROMO-002|POL-HITL-001|POL-PROMO-001,RULE_BASED,PENDING_HUMAN_REVIEW
1054,DEC-S19-MAGAZINES,19,MAGAZINES,HIGH,3,RISK_HIGH|PROMO_EXTRAPOLATION,2.380934321880341,22.53119730204344,103.56154970377683,4.299849858175724,BỔ SUNG THẬN TRỌNG,B,55.15020971149206,73.17516755312681,TRUNG BÌNH,KHÔNG ĐỀ XUẤT TĂNG,True,POL-INV-005|POL-INV-003|POL-INV-001|POL-PROMO-004|POL-PROMO-002|POL-HITL-001|POL-PROMO-001,RULE_BASED,PENDING_HUMAN_REVIEW
1055,DEC-S15-PET_SUPPLIES,15,PET SUPPLIES,HIGH,3,RISK_HIGH|PROMO_EXTRAPOLATION,4.128281146287918,22.522398322820663,101.42366504073144,4.136286723792561,BỔ SUNG THẬN TRỌNG,B,53.81777136325836,71.83569002151489,TRUNG BÌNH,KHÔNG ĐỀ XUẤT TĂNG,True,POL-INV-005|POL-INV-003|POL-INV-001|POL-PROMO-004|POL-PROMO-002|POL-HITL-001|POL-PROMO-001,RULE_BASED,PENDING_HUMAN_REVIEW
1056,DEC-S26-PLAYERS_AND_ELECTRONICS,26,PLAYERS AND ELECTRONICS,HIGH,3,RISK_HIGH|PROMO_EXTRAPOLATION,2.265009450912476,22.374557502567768,103.40490990430116,4.326922571358972,BỔ SUNG THẬN TRỌNG,B,55.11888175159693,73.01852775365114,TRUNG BÌNH,KHÔNG ĐỀ XUẤT TĂNG,True,POL-INV-005|POL-INV-003|POL-INV-001|POL-PROMO-004|POL-PROMO-002|POL-HITL-001|POL-PROMO-001,RULE_BASED,PENDING_HUMAN_REVIEW
1057,DEC-S32-AUTOMOTIVE,32,AUTOMOTIVE,HIGH,3,RISK_HIGH|PROMO_EXTRAPOLATION,4.829737854003907,22.28753635287285,99.3195837199688,4.057528646833791,BỔ SUNG THẬN TRỌNG,B,52.602536875009534,70.43256595730782,TRUNG BÌNH,KHÔNG ĐỀ XUẤT TĂNG,True,POL-INV-005|POL-INV-003|POL-INV-001|POL-PROMO-004|POL-PROMO-002|POL-HITL-001|POL-PROMO-001,RULE_BASED,PENDING_HUMAN_REVIEW
1058,DEC-S22-PET_SUPPLIES,22,PET SUPPLIES,HIGH,3,RISK_HIGH|PROMO_EXTRAPOLATION,3.879644870758057,22.277289912104607,101.17855663001538,4.179993123196878,BỔ SUNG THẬN TRỌNG,B,53.76874968111515,71.59058161079884,TRUNG BÌNH,KHÔNG ĐỀ XUẤT TĂNG,True,POL-INV-005|POL-INV-003|POL-INV-001|POL-PROMO-004|POL-PROMO-002|POL-HITL-001|POL-PROMO-001,RULE_BASED,PENDING_HUMAN_REVIEW
1059,DEC-S02-BABY_CARE,2,BABY CARE,HIGH,3,RISK_HIGH|PROMO_EXTRAPOLATION,3.1228384584188467,22.128741793800145,101.0300085117109,4.233138617144185,BỔ SUNG THẬN TRỌNG,B,53.73904005745426,71.44203349249437,TRUNG BÌNH,KHÔNG ĐỀ XUẤT TĂNG,True,POL-INV-005|POL-INV-003|POL-INV-001|POL-PROMO-004|POL-PROMO-002|POL-HITL-001|POL-PROMO-001,RULE_BASED,PENDING_HUMAN_REVIEW
1060,DEC-S02-BOOKS,2,BOOKS,HIGH,3,RISK_HIGH|PROMO_EXTRAPOLATION,3.1228384584188467,22.128741793800145,101.0300085117109,4.233138617144185,BỔ SUNG THẬN TRỌNG,B,53.73904005745426,71.44203349249437,TRUNG BÌNH,KHÔNG ĐỀ XUẤT TĂNG,True,POL-INV-005|POL-INV-003|POL-INV-001|POL-PROMO-004|POL-PROMO-002|POL-HITL-001|POL-PROMO-001,RULE_BASED,PENDING_HUMAN_REVIEW
1061,DEC-S16-LINGERIE,16,LINGERIE,HIGH,3,RISK_HIGH|PROMO_EXTRAPOLATION,4.136358994245529,21.969798669219017,100.87106538712978,4.2113867773040115,BỔ SUNG THẬN TRỌNG,B,53.70725143253803,71.28309036791325,TRUNG BÌNH,KHÔNG ĐỀ XUẤT TĂNG,True,POL-INV-005|POL-INV-003|POL-INV-001|POL-PROMO-004|POL-PROMO-002|POL-HITL-001|POL-PROMO-001,RULE_BASED,PENDING_HUMAN_REVIEW
1062,DEC-S35-PLAYERS_AND_ELECTRONICS,35,PLAYERS AND ELECTRONICS,HIGH,3,RISK_HIGH|PROMO_EXTRAPOLATION,2.9856903642416004,21.593996480107307,102.6243488818407,4.4099616730189855,BỔ SUNG THẬN TRỌNG,B,54.962769547104834,72.23796673119068,TRUNG BÌNH,KHÔNG ĐỀ XUẤT TĂNG,True,POL-INV-005|POL-INV-003|POL-INV-001|POL-PROMO-004|POL-PROMO-002|POL-HITL-001|POL-PROMO-001,RULE_BASED,PENDING_HUMAN_REVIEW
1063,DEC-S41-HOME_APPLIANCES,41,HOME APPLIANCES,HIGH,3,RISK_HIGH|PROMO_EXTRAPOLATION,6.009749287366867,21.54412380605936,96.18721915632486,4.000043232761181,BỔ SUNG THẬN TRỌNG,B,50.960759355127806,68.1960583999753,TRUNG BÌNH,KHÔNG ĐỀ XUẤT TĂNG,True,POL-INV-005|POL-INV-003|POL-INV-001|POL-PROMO-004|POL-PROMO-002|POL-HITL-001|POL-PROMO-001,RULE_BASED,PENDING_HUMAN_REVIEW
1064,DEC-S54-SEAFOOD,54,SEAFOOD,HIGH,3,RISK_HIGH|PROMO_EXTRAPOLATION,8.73896598815918,21.39122912660241,94.42497145906091,3.8267664980079417,BỔ SUNG THẬN TRỌNG,B,49.92433478310704,67.03731808438897,TRUNG BÌNH,KHÔNG ĐỀ XUẤT TĂNG,True,POL-INV-005|POL-INV-003|POL-INV-001|POL-PROMO-004|POL-PROMO-002|POL-HITL-001|POL-PROMO-001,RULE_BASED,PENDING_HUMAN_REVIEW
1065,DEC-S36-BABY_CARE,36,BABY CARE,HIGH,3,RISK_HIGH|PROMO_EXTRAPOLATION,3.39911100268364,21.166195303201675,100.06746202111243,4.361070977501766,BỔ SUNG THẬN TRỌNG,B,53.54653075933456,70.4794870018959,TRUNG BÌNH,KHÔNG ĐỀ XUẤT TĂNG,True,POL-INV-005|POL-INV-003|POL-INV-001|POL-PROMO-004|POL-PROMO-002|POL-HITL-001|POL-PROMO-001,RULE_BASED,PENDING_HUMAN_REVIEW
1066,DEC-S54-MAGAZINES,54,MAGAZINES,HIGH,3,RISK_HIGH|PROMO_EXTRAPOLATION,1.375312548875809,20.945727705955505,101.9760801076889,4.584070708738112,BỔ SUNG THẬN TRỌNG,B,54.83311579227447,71.58969795703888,TRUNG BÌNH,KHÔNG ĐỀ XUẤT TĂNG,True,POL-INV-005|POL-INV-003|POL-INV-001|POL-PROMO-004|POL-PROMO-002|POL-HITL-001|POL-PROMO-001,RULE_BASED,PENDING_HUMAN_REVIEW
1067,DEC-S33-SEAFOOD,33,SEAFOOD,HIGH,3,RISK_HIGH|PROMO_EXTRAPOLATION,8.305412292480469,20.90788078308105,93.94162311553956,3.908922623369119,BỔ SUNG THẬN TRỌNG,B,49.82766511440277,66.55396974086761,TRUNG BÌNH,KHÔNG ĐỀ XUẤT TĂNG,True,POL-INV-005|POL-INV-003|POL-INV-001|POL-PROMO-004|POL-PROMO-002|POL-HITL-001|POL-PROMO-001,RULE_BASED,PENDING_HUMAN_REVIEW
1068,DEC-S53-HARDWARE,53,HARDWARE,HIGH,3,RISK_HIGH|PROMO_EXTRAPOLATION,3.6743239402771,20.880006670951843,99.78127338886262,4.392455216943706,BỔ SUNG THẬN TRỌNG,B,53.489293032884596,70.19329836964607,TRUNG BÌNH,KHÔNG ĐỀ XUẤT TĂNG,True,POL-INV-005|POL-INV-003|POL-INV-001|POL-PROMO-004|POL-PROMO-002|POL-HITL-001|POL-PROMO-001,RULE_BASED,PENDING_HUMAN_REVIEW
1069,DEC-S30-BEAUTY,30,BEAUTY,HIGH,3,RISK_HIGH|PROMO_EXTRAPOLATION,2.634329289197922,20.800673753023148,99.70194047093392,4.452505105181688,BỔ SUNG THẬN TRỌNG,B,53.473426449298856,70.11396545171738,TRUNG BÌNH,KHÔNG ĐỀ XUẤT TĂNG,True,POL-INV-005|POL-INV-003|POL-INV-001|POL-PROMO-004|POL-PROMO-002|POL-HITL-001|POL-PROMO-001,RULE_BASED,PENDING_HUMAN_REVIEW
1070,DEC-S35-PET_SUPPLIES,35,PET SUPPLIES,HIGH,3,RISK_HIGH|PROMO_EXTRAPOLATION,2.3662207603454597,20.736281782388687,101.76663418412208,4.5730182567063276,BỔ SUNG THẬN TRỌNG,B,54.791226607561114,71.38025203347206,TRUNG BÌNH,KHÔNG ĐỀ XUẤT TĂNG,True,POL-INV-005|POL-INV-003|POL-INV-001|POL-PROMO-004|POL-PROMO-002|POL-HITL-001|POL-PROMO-001,RULE_BASED,PENDING_HUMAN_REVIEW
1071,DEC-S42-HOME_APPLIANCES,42,HOME APPLIANCES,HIGH,3,RISK_HIGH|PROMO_EXTRAPOLATION,4.7463308632373815,20.70817056298256,97.4803515970707,4.2718487246440855,BỔ SUNG THẬN TRỌNG,B,52.12424725890159,68.69078370928764,TRUNG BÌNH,KHÔNG ĐỀ XUẤT TĂNG,True,POL-INV-005|POL-INV-003|POL-INV-001|POL-PROMO-004|POL-PROMO-002|POL-HITL-001|POL-PROMO-001,RULE_BASED,PENDING_HUMAN_REVIEW
1072,DEC-S34-SEAFOOD,34,SEAFOOD,HIGH,3,RISK_HIGH|PROMO_EXTRAPOLATION,9.072790622711182,20.56836712360382,93.3422431230545,3.9070854097304926,BỔ SUNG THẬN TRỌNG,B,49.597345924377436,66.0520396232605,TRUNG BÌNH,KHÔNG ĐỀ XUẤT TĂNG,True,POL-INV-005|POL-INV-003|POL-INV-001|POL-PROMO-004|POL-PROMO-002|POL-HITL-001|POL-PROMO-001,RULE_BASED,PENDING_HUMAN_REVIEW
1073,DEC-S42-BABY_CARE,42,BABY CARE,HIGH,3,RISK_HIGH|PROMO_EXTRAPOLATION,4.169203197956086,20.405240833759308,97.17742186784744,4.3451143293470125,BỔ SUNG THẬN TRỌNG,B,52.06366131305694,68.38785398006439,TRUNG BÌNH,KHÔNG ĐỀ XUẤT TĂNG,True,POL-INV-005|POL-INV-003|POL-INV-001|POL-PROMO-004|POL-PROMO-002|POL-HITL-001|POL-PROMO-001,RULE_BASED,PENDING_HUMAN_REVIEW
1074,DEC-S42-BOOKS,42,BOOKS,HIGH,3,RISK_HIGH|PROMO_EXTRAPOLATION,4.169203197956086,20.405240833759308,97.17742186784744,4.3451143293470125,BỔ SUNG THẬN TRỌNG,B,52.06366131305694,68.38785398006439,TRUNG BÌNH,KHÔNG ĐỀ XUẤT TĂNG,True,POL-INV-005|POL-INV-003|POL-INV-001|POL-PROMO-004|POL-PROMO-002|POL-HITL-001|POL-PROMO-001,RULE_BASED,PENDING_HUMAN_REVIEW
1075,DEC-S41-BABY_CARE,41,BABY CARE,HIGH,3,RISK_HIGH|PROMO_EXTRAPOLATION,4.20860812664032,20.396249413490292,97.16843044757844,4.344678383788476,BỔ SUNG THẬN TRỌNG,B,52.06186302900314,68.37886255979538,TRUNG BÌNH,KHÔNG ĐỀ XUẤT TĂNG,True,POL-INV-005|POL-INV-003|POL-INV-001|POL-PROMO-004|POL-PROMO-002|POL-HITL-001|POL-PROMO-001,RULE_BASED,PENDING_HUMAN_REVIEW
1076,DEC-S41-BOOKS,41,BOOKS,HIGH,3,RISK_HIGH|PROMO_EXTRAPOLATION,4.20860812664032,20.365835309028625,97.13801634311676,4.349439508092014,BỔ SUNG THẬN TRỌNG,B,52.055780208110804,68.34844845533371,TRUNG BÌNH,KHÔNG ĐỀ XUẤT TĂNG,True,POL-INV-005|POL-INV-003|POL-INV-001|POL-PROMO-004|POL-PROMO-002|POL-HITL-001|POL-PROMO-001,RULE_BASED,PENDING_HUMAN_REVIEW
1077,DEC-S18-HARDWARE,18,HARDWARE,HIGH,3,RISK_HIGH|PROMO_EXTRAPOLATION,1.2548157930374146,20.361707892268896,101.39206029400228,4.687698427765036,BỔ SUNG THẬN TRỌNG,B,54.71631182953713,71.00567814335226,TRUNG BÌNH,KHÔNG ĐỀ XUẤT TĂNG,True,POL-INV-005|POL-INV-003|POL-INV-001|POL-PROMO-004|POL-PROMO-002|POL-HITL-001|POL-PROMO-001,RULE_BASED,PENDING_HUMAN_REVIEW
1078,DEC-S14-HARDWARE,14,HARDWARE,HIGH,3,RISK_HIGH|PROMO_EXTRAPOLATION,3.100565004348755,20.317742832005024,99.2190095499158,4.508847175004911,BỔ SUNG THẬN TRỌNG,B,53.37684026509523,69.63103453069925,TRUNG BÌNH,KHÔNG ĐỀ XUẤT TĂNG,True,POL-INV-005|POL-INV-003|POL-INV-001|POL-PROMO-004|POL-PROMO-002|POL-HITL-001|POL-PROMO-001,RULE_BASED,PENDING_HUMAN_REVIEW
1079,DEC-S15-HARDWARE,15,HARDWARE,HIGH,3,RISK_HIGH|PROMO_EXTRAPOLATION,3.85521537065506,20.17706501483917,96.94924604892732,4.395983608353637,BỔ SUNG THẬN TRỌNG,B,52.01802614927291,68.15967816114426,TRUNG BÌNH,KHÔNG ĐỀ XUẤT TĂNG,True,POL-INV-005|POL-INV-003|POL-INV-001|POL-PROMO-004|POL-PROMO-002|POL-HITL-001|POL-PROMO-001,RULE_BASED,PENDING_HUMAN_REVIEW
1080,DEC-S54-PET_SUPPLIES,54,PET SUPPLIES,HIGH,3,RISK_HIGH|PROMO_EXTRAPOLATION,1.3756030678749085,20.113627910614014,101.1439803123474,4.725307164967041,BỔ SUNG THẬN TRỌNG,B,54.66669583320616,70.75759816169737,TRUNG BÌNH,KHÔNG ĐỀ XUẤT TĂNG,True,POL-INV-005|POL-INV-003|POL-INV-001|POL-PROMO-004|POL-PROMO-002|POL-HITL-001|POL-PROMO-001,RULE_BASED,PENDING_HUMAN_REVIEW
1081,DEC-S10-LADIESWEAR,10,LADIESWEAR,HIGH,3,RISK_HIGH|PROMO_EXTRAPOLATION,3.999918997287751,19.776316829025745,96.54849786311388,4.454522889087361,BỔ SUNG THẬN TRỌNG,B,51.937876512110236,67.75892997533083,TRUNG BÌNH,KHÔNG ĐỀ XUẤT TĂNG,True,POL-INV-005|POL-INV-003|POL-INV-001|POL-PROMO-004|POL-PROMO-002|POL-HITL-001|POL-PROMO-001,RULE_BASED,PENDING_HUMAN_REVIEW
1082,DEC-S31-SCHOOL_AND_OFFICE_SUPPLIES,31,SCHOOL AND OFFICE SUPPLIES,HIGH,3,RISK_HIGH|PROMO_EXTRAPOLATION,7.750006771087646,19.68291789293289,92.45679389238356,4.09549501476478,BỔ SUNG THẬN TRỌNG,B,49.42025607824324,65.16659039258955,TRUNG BÌNH,KHÔNG ĐỀ XUẤT TĂNG,True,POL-INV-005|POL-INV-003|POL-INV-001|POL-PROMO-004|POL-PROMO-002|POL-HITL-001|POL-PROMO-001,RULE_BASED,PENDING_HUMAN_REVIEW
1083,DEC-S19-SEAFOOD,19,SEAFOOD,HIGH,3,RISK_HIGH|PROMO_EXTRAPOLATION,2.8297553062438965,19.573523998260494,100.78110208511352,4.761038837447171,BỔ SUNG THẬN TRỌNG,B,54.66944110393523,70.32826030254363,TRUNG BÌNH,KHÔNG ĐỀ XUẤT TĂNG,True,POL-INV-005|POL-INV-003|POL-INV-001|POL-PROMO-004|POL-PROMO-002|POL-HITL-001|POL-PROMO-001,RULE_BASED,PENDING_HUMAN_REVIEW
1084,DEC-S12-SEAFOOD,12,SEAFOOD,HIGH,3,RISK_HIGH|PROMO_EXTRAPOLATION,6.8889031410217285,19.491371631622314,92.52511396408082,4.179135119042259,BỔ SUNG THẬN TRỌNG,B,49.54436328411102,65.13746058940887,TRUNG BÌNH,KHÔNG ĐỀ XUẤT TĂNG,True,POL-INV-005|POL-INV-003|POL-INV-001|POL-PROMO-004|POL-PROMO-002|POL-HITL-001|POL-PROMO-001,RULE_BASED,PENDING_HUMAN_REVIEW
1085,DEC-S06-BABY_CARE,6,BABY CARE,HIGH,3,RISK_HIGH|PROMO_EXTRAPOLATION,3.35906133055687,19.37919317325577,96.1513742073439,4.553286878823112,BỔ SUNG THẬN TRỌNG,B,51.85845178095624,67.36180631956086,TRUNG BÌNH,KHÔNG ĐỀ XUẤT TĂNG,True,POL-INV-005|POL-INV-003|POL-INV-001|POL-PROMO-004|POL-PROMO-002|POL-HITL-001|POL-PROMO-001,RULE_BASED,PENDING_HUMAN_REVIEW
1086,DEC-S32-PET_SUPPLIES,32,PET SUPPLIES,HIGH,3,RISK_HIGH|PROMO_EXTRAPOLATION,3.122478866577149,19.271538607776165,98.17280532568694,4.688856050751297,BỔ SUNG THẬN TRỌNG,B,53.16759942024946,68.5848303064704,TRUNG BÌNH,KHÔNG ĐỀ XUẤT TĂNG,True,POL-INV-005|POL-INV-003|POL-INV-001|POL-PROMO-004|POL-PROMO-002|POL-HITL-001|POL-PROMO-001,RULE_BASED,PENDING_HUMAN_REVIEW
1087,DEC-S13-LINGERIE,13,LINGERIE,HIGH,3,RISK_HIGH|PROMO_EXTRAPOLATION,2.1619733512401584,19.271320797502995,98.17258751541377,4.736278169698746,BỔ SUNG THẬN TRỌNG,B,53.16755585819483,68.58461249619722,TRUNG BÌNH,KHÔNG ĐỀ XUẤT TĂNG,True,POL-INV-005|POL-INV-003|POL-INV-001|POL-PROMO-004|POL-PROMO-002|POL-HITL-001|POL-PROMO-001,RULE_BASED,PENDING_HUMAN_REVIEW
1088,DEC-S21-HARDWARE,21,HARDWARE,HIGH,3,RISK_HIGH|PROMO_EXTRAPOLATION,3.3276307523250583,19.170389026403427,98.0716557443142,4.6971838206971315,BỔ SUNG THẬN TRỌNG,B,53.147369503974915,68.48368072509766,TRUNG BÌNH,KHÔNG ĐỀ XUẤT TĂNG,True,POL-INV-005|POL-INV-003|POL-INV-001|POL-PROMO-004|POL-PROMO-002|POL-HITL-001|POL-PROMO-001,RULE_BASED,PENDING_HUMAN_REVIEW
1089,DEC-S19-PET_SUPPLIES,19,PET SUPPLIES,HIGH,3,RISK_HIGH|PROMO_EXTRAPOLATION,3.2599320054054264,19.12630933523178,98.02757605314255,4.708644911953289,BỔ SUNG THẬN TRỌNG,B,53.13855356574059,68.43960103392601,TRUNG BÌNH,KHÔNG ĐỀ XUẤT TĂNG,True,POL-INV-005|POL-INV-003|POL-INV-001|POL-PROMO-004|POL-PROMO-002|POL-HITL-001|POL-PROMO-001,RULE_BASED,PENDING_HUMAN_REVIEW
1090,DEC-S29-BOOKS,29,BOOKS,HIGH,3,RISK_HIGH|PROMO_EXTRAPOLATION,3.3205747365951543,18.7772079706192,95.54938900470734,4.663389008454899,BỔ SUNG THẬN TRỌNG,B,51.73805474042892,66.75982111692429,TRUNG BÌNH,KHÔNG ĐỀ XUẤT TĂNG,True,POL-INV-005|POL-INV-003|POL-INV-001|POL-PROMO-004|POL-PROMO-002|POL-HITL-001|POL-PROMO-001,RULE_BASED,PENDING_HUMAN_REVIEW
1091,DEC-S36-BOOKS,36,BOOKS,HIGH,3,RISK_HIGH|PROMO_EXTRAPOLATION,3.3205747365951543,18.7772079706192,95.54938900470734,4.663389008454899,BỔ SUNG THẬN TRỌNG,B,51.73805474042892,66.75982111692429,TRUNG BÌNH,KHÔNG ĐỀ XUẤT TĂNG,True,POL-INV-005|POL-INV-003|POL-INV-001|POL-PROMO-004|POL-PROMO-002|POL-HITL-001|POL-PROMO-001,RULE_BASED,PENDING_HUMAN_REVIEW
1092,DEC-S06-BOOKS,6,BOOKS,HIGH,3,RISK_HIGH|PROMO_EXTRAPOLATION,2.836848050355912,18.738244109321386,95.51042514340952,4.695127721583325,BỔ SUNG THẬN TRỌNG,B,51.73026196816936,66.72085725562647,TRUNG BÌNH,KHÔNG ĐỀ XUẤT TĂNG,True,POL-INV-005|POL-INV-003|POL-INV-001|POL-PROMO-004|POL-PROMO-002|POL-HITL-001|POL-PROMO-001,RULE_BASED,PENDING_HUMAN_REVIEW
1093,DEC-S23-HARDWARE,23,HARDWARE,HIGH,3,RISK_HIGH|PROMO_EXTRAPOLATION,3.889849317073823,18.605798937380317,93.2488942876458,4.557786461851369,BỔ SUNG THẬN TRỌNG,B,50.37309438139199,65.25773353129624,TRUNG BÌNH,KHÔNG ĐỀ XUẤT TĂNG,True,POL-INV-005|POL-INV-003|POL-INV-001|POL-PROMO-004|POL-PROMO-002|POL-HITL-001|POL-PROMO-001,RULE_BASED,PENDING_HUMAN_REVIEW
1094,DEC-S06-HOME_APPLIANCES,6,HOME APPLIANCES,HIGH,3,RISK_HIGH|PROMO_EXTRAPOLATION,2.780817449092865,18.601876411587,95.37405744567512,4.723692673720197,BỔ SUNG THẬN TRỌNG,B,51.70298842862247,66.58448955789207,TRUNG BÌNH,KHÔNG ĐỀ XUẤT TĂNG,True,POL-INV-005|POL-INV-003|POL-INV-001|POL-PROMO-004|POL-PROMO-002|POL-HITL-001|POL-PROMO-001,RULE_BASED,PENDING_HUMAN_REVIEW
1095,DEC-S21-BABY_CARE,21,BABY CARE,HIGH,3,RISK_HIGH|PROMO_EXTRAPOLATION,2.4945615202188494,18.436512783169743,95.20869381725788,4.770101166363601,BỔ SUNG THẬN TRỌNG,B,51.669915702939036,66.41912592947483,TRUNG BÌNH,KHÔNG ĐỀ XUẤT TĂNG,True,POL-INV-005|POL-INV-003|POL-INV-001|POL-PROMO-004|POL-PROMO-002|POL-HITL-001|POL-PROMO-001,RULE_BASED,PENDING_HUMAN_REVIEW
1096,DEC-S26-LINGERIE,26,LINGERIE,HIGH,3,RISK_HIGH|PROMO_EXTRAPOLATION,3.233198207616806,18.41712549701333,93.32008718028663,4.639558465362272,BỔ SUNG THẬN TRỌNG,B,50.49777615144849,65.23147654905915,TRUNG BÌNH,KHÔNG ĐỀ XUẤT TĂNG,True,POL-INV-005|POL-INV-003|POL-INV-001|POL-PROMO-004|POL-PROMO-002|POL-HITL-001|POL-PROMO-001,RULE_BASED,PENDING_HUMAN_REVIEW
1097,DEC-S18-BABY_CARE,18,BABY CARE,HIGH,3,RISK_HIGH|PROMO_EXTRAPOLATION,2.365281277894974,18.288527503609657,95.0607085376978,4.805728547316834,BỔ SUNG THẬN TRỌNG,B,51.640318647027016,66.27114064991474,TRUNG BÌNH,KHÔNG ĐỀ XUẤT TĂNG,True,POL-INV-005|POL-INV-003|POL-INV-001|POL-PROMO-004|POL-PROMO-002|POL-HITL-001|POL-PROMO-001,RULE_BASED,PENDING_HUMAN_REVIEW
1098,DEC-S18-HOME_APPLIANCES,18,HOME APPLIANCES,HIGH,3,RISK_HIGH|PROMO_EXTRAPOLATION,3.7747681498527528,18.24750190973282,92.89059725999832,4.629994558674789,BỔ SUNG THẬN TRỌNG,B,50.301434975862506,64.89943650364876,TRUNG BÌNH,KHÔNG ĐỀ XUẤT TĂNG,True,POL-INV-005|POL-INV-003|POL-INV-001|POL-PROMO-004|POL-PROMO-002|POL-HITL-001|POL-PROMO-001,RULE_BASED,PENDING_HUMAN_REVIEW
1099,DEC-S14-HOME_APPLIANCES,14,HOME APPLIANCES,HIGH,3,RISK_HIGH|PROMO_EXTRAPOLATION,2.844853270053864,17.723394885659218,94.49557591974737,4.894984227453933,BỔ SUNG THẬN TRỌNG,B,51.52729212343692,65.7060080319643,TRUNG BÌNH,KHÔNG ĐỀ XUẤT TĂNG,True,POL-INV-005|POL-INV-003|POL-INV-001|POL-PROMO-004|POL-PROMO-002|POL-HITL-001|POL-PROMO-001,RULE_BASED,PENDING_HUMAN_REVIEW
1100,DEC-S14-BABY_CARE,14,BABY CARE,HIGH,3,RISK_HIGH|PROMO_EXTRAPOLATION,2.479953515529633,17.55008140206337,94.3222624361515,4.9510461399056735,BỔ SUNG THẬN TRỌNG,B,51.492629426717755,65.53269454836845,TRUNG BÌNH,KHÔNG ĐỀ XUẤT TĂNG,True,POL-INV-005|POL-INV-003|POL-INV-001|POL-PROMO-004|POL-PROMO-002|POL-HITL-001|POL-PROMO-001,RULE_BASED,PENDING_HUMAN_REVIEW
1101,DEC-S14-BOOKS,14,BOOKS,HIGH,3,RISK_HIGH|PROMO_EXTRAPOLATION,2.479953515529633,17.55008140206337,94.3222624361515,4.9510461399056735,BỔ SUNG THẬN TRỌNG,B,51.492629426717755,65.53269454836845,TRUNG BÌNH,KHÔNG ĐỀ XUẤT TĂNG,True,POL-INV-005|POL-INV-003|POL-INV-001|POL-PROMO-004|POL-PROMO-002|POL-HITL-001|POL-PROMO-001,RULE_BASED,PENDING_HUMAN_REVIEW
1102,DEC-S54-HARDWARE,54,HARDWARE,HIGH,3,RISK_HIGH|PROMO_EXTRAPOLATION,1.8894836306571965,17.520816758275032,94.29299779236317,4.989170583981963,BỔ SUNG THẬN TRỌNG,B,51.48677649796009,65.50342990458012,TRUNG BÌNH,KHÔNG ĐỀ XUẤT TĂNG,True,POL-INV-005|POL-INV-003|POL-INV-001|POL-PROMO-004|POL-PROMO-002|POL-HITL-001|POL-PROMO-001,RULE_BASED,PENDING_HUMAN_REVIEW
1103,DEC-S36-HOME_APPLIANCES,36,HOME APPLIANCES,HIGH,3,RISK_HIGH|PROMO_EXTRAPOLATION,3.772130173444748,17.516940899193287,92.16003624945878,4.773353576986615,BỔ SUNG THẬN TRỌNG,B,50.1553227737546,64.16887549310923,TRUNG BÌNH,KHÔNG ĐỀ XUẤT TĂNG,True,POL-INV-005|POL-INV-003|POL-INV-001|POL-PROMO-004|POL-PROMO-002|POL-HITL-001|POL-PROMO-001,RULE_BASED,PENDING_HUMAN_REVIEW
1104,DEC-S12-PET_SUPPLIES,12,PET SUPPLIES,HIGH,3,RISK_HIGH|PROMO_EXTRAPOLATION,3.794141513109208,17.50479170680046,92.14788705706596,4.774641452002239,BỔ SUNG THẬN TRỌNG,B,50.15289293527603,64.1567263007164,TRUNG BÌNH,KHÔNG ĐỀ XUẤT TĂNG,True,POL-INV-005|POL-INV-003|POL-INV-001|POL-PROMO-004|POL-PROMO-002|POL-HITL-001|POL-PROMO-001,RULE_BASED,PENDING_HUMAN_REVIEW
1105,DEC-S25-HARDWARE,25,HARDWARE,HIGH,3,RISK_HIGH|PROMO_EXTRAPOLATION,3.771461501717568,17.277950935065746,91.92104628533124,4.822727946736148,BỔ SUNG THẬN TRỌNG,B,50.10752478092908,63.92988552898168,TRUNG BÌNH,KHÔNG ĐỀ XUẤT TĂNG,True,POL-INV-005|POL-INV-003|POL-INV-001|POL-PROMO-004|POL-PROMO-002|POL-HITL-001|POL-PROMO-001,RULE_BASED,PENDING_HUMAN_REVIEW
1106,DEC-S22-HARDWARE,22,HARDWARE,HIGH,3,RISK_HIGH|PROMO_EXTRAPOLATION,2.7511481881141666,17.235879704356194,94.00806073844431,5.004250632807731,BỔ SUNG THẬN TRỌNG,B,51.42978908717631,65.21849285066126,TRUNG BÌNH,KHÔNG ĐỀ XUẤT TĂNG,True,POL-INV-005|POL-INV-003|POL-INV-001|POL-PROMO-004|POL-PROMO-002|POL-HITL-001|POL-PROMO-001,RULE_BASED,PENDING_HUMAN_REVIEW
1107,DEC-S03-SCHOOL_AND_OFFICE_SUPPLIES,3,SCHOOL AND OFFICE SUPPLIES,HIGH,3,RISK_HIGH|PROMO_EXTRAPOLATION,5.999607121944427,17.013884663581848,89.78776066303253,4.651309537385915,BỔ SUNG THẬN TRỌNG,B,48.88644943237304,62.49755716323852,TRUNG BÌNH,KHÔNG ĐỀ XUẤT TĂNG,True,POL-INV-005|POL-INV-003|POL-INV-001|POL-PROMO-004|POL-PROMO-002|POL-HITL-001|POL-PROMO-001,RULE_BASED,PENDING_HUMAN_REVIEW
1108,DEC-S01-HOME_APPLIANCES,1,HOME APPLIANCES,HIGH,3,RISK_HIGH|PROMO_EXTRAPOLATION,2.5971414208412176,16.87353305518627,91.51662840545175,4.974925030773881,BỔ SUNG THẬN TRỌNG,B,50.02664120495318,63.5254676491022,TRUNG BÌNH,KHÔNG ĐỀ XUẤT TĂNG,True,POL-INV-005|POL-INV-003|POL-INV-001|POL-PROMO-004|POL-PROMO-002|POL-HITL-001|POL-PROMO-001,RULE_BASED,PENDING_HUMAN_REVIEW
1109,DEC-S26-SEAFOOD,26,SEAFOOD,HIGH,3,RISK_HIGH|PROMO_EXTRAPOLATION,4.252192497253418,16.854660987854004,89.8884033203125,4.796294417536959,BỔ SUNG THẬN TRỌNG,B,49.01702115535736,62.500749945640564,TRUNG BÌNH,KHÔNG ĐỀ XUẤT TĂNG,True,POL-INV-005|POL-INV-003|POL-INV-001|POL-PROMO-004|POL-PROMO-002|POL-HITL-001|POL-PROMO-001,RULE_BASED,PENDING_HUMAN_REVIEW
1110,DEC-S16-MAGAZINES,16,MAGAZINES,HIGH,3,RISK_HIGH|PROMO_EXTRAPOLATION,3.4604404807090763,16.712909817695618,91.35600516796111,4.962231818029259,BỔ SUNG THẬN TRỌNG,B,49.99451655745506,63.36484441161155,TRUNG BÌNH,KHÔNG ĐỀ XUẤT TĂNG,True,POL-INV-005|POL-INV-003|POL-INV-001|POL-PROMO-004|POL-PROMO-002|POL-HITL-001|POL-PROMO-001,RULE_BASED,PENDING_HUMAN_REVIEW
1111,DEC-S01-BOOKS,1,BOOKS,HIGH,3,RISK_HIGH|PROMO_EXTRAPOLATION,4.464031779766083,16.66362674534321,89.17763641178608,4.795934937560525,BỔ SUNG THẬN TRỌNG,B,48.65398139059543,61.98488278687,TRUNG BÌNH,KHÔNG ĐỀ XUẤT TĂNG,True,POL-INV-005|POL-INV-003|POL-INV-001|POL-PROMO-004|POL-PROMO-002|POL-HITL-001|POL-PROMO-001,RULE_BASED,PENDING_HUMAN_REVIEW
1112,DEC-S13-SEAFOOD,13,SEAFOOD,HIGH,3,RISK_HIGH|PROMO_EXTRAPOLATION,3.937842607498169,16.540311098098755,89.57405343055726,4.882251537279829,BỔ SUNG THẬN TRỌNG,B,48.95415117740631,62.186400055885315,TRUNG BÌNH,KHÔNG ĐỀ XUẤT TĂNG,True,POL-INV-005|POL-INV-003|POL-INV-001|POL-PROMO-004|POL-PROMO-002|POL-HITL-001|POL-PROMO-001,RULE_BASED,PENDING_HUMAN_REVIEW
1113,DEC-S23-HOME_APPLIANCES,23,HOME APPLIANCES,HIGH,3,RISK_HIGH|PROMO_EXTRAPOLATION,2.815017288923264,16.47721728682518,91.12031263709068,5.05259469507966,BỔ SUNG THẬN TRỌNG,B,49.947378051280964,63.12915188074111,TRUNG BÌNH,KHÔNG ĐỀ XUẤT TĂNG,True,POL-INV-005|POL-INV-003|POL-INV-001|POL-PROMO-004|POL-PROMO-002|POL-HITL-001|POL-PROMO-001,RULE_BASED,PENDING_HUMAN_REVIEW
1114,DEC-S29-LADIESWEAR,29,LADIESWEAR,HIGH,3,RISK_HIGH|PROMO_EXTRAPOLATION,2.9825261294841767,16.476580388844013,91.11967573910952,5.043157622865784,BỔ SUNG THẬN TRỌNG,B,49.94725067168474,63.12851498275995,TRUNG BÌNH,KHÔNG ĐỀ XUẤT TĂNG,True,POL-INV-005|POL-INV-003|POL-INV-001|POL-PROMO-004|POL-PROMO-002|POL-HITL-001|POL-PROMO-001,RULE_BASED,PENDING_HUMAN_REVIEW
1115,DEC-S36-LADIESWEAR,36,LADIESWEAR,HIGH,3,RISK_HIGH|PROMO_EXTRAPOLATION,2.9825261294841767,16.476580388844013,91.11967573910952,5.043157622865784,BỔ SUNG THẬN TRỌNG,B,49.94725067168474,63.12851498275995,TRUNG BÌNH,KHÔNG ĐỀ XUẤT TĂNG,True,POL-INV-005|POL-INV-003|POL-INV-001|POL-PROMO-004|POL-PROMO-002|POL-HITL-001|POL-PROMO-001,RULE_BASED,PENDING_HUMAN_REVIEW
1116,DEC-S10-PET_SUPPLIES,10,PET SUPPLIES,HIGH,3,RISK_HIGH|PROMO_EXTRAPOLATION,3.3596942722797394,16.452000707387924,91.09509605765342,5.027240329427262,BỔ SUNG THẬN TRỌNG,B,49.942334735393516,63.103935301303856,TRUNG BÌNH,KHÔNG ĐỀ XUẤT TĂNG,True,POL-INV-005|POL-INV-003|POL-INV-001|POL-PROMO-004|POL-PROMO-002|POL-HITL-001|POL-PROMO-001,RULE_BASED,PENDING_HUMAN_REVIEW
1117,DEC-S30-MAGAZINES,30,MAGAZINES,HIGH,3,RISK_HIGH|PROMO_EXTRAPOLATION,1.6040980339050297,16.25110749900341,93.02328853309156,5.299322985754264,BỔ SUNG THẬN TRỌNG,B,51.232834646105765,64.2337206453085,TRUNG BÌNH,KHÔNG ĐỀ XUẤT TĂNG,True,POL-INV-005|POL-INV-003|POL-INV-001|POL-PROMO-004|POL-PROMO-002|POL-HITL-001|POL-PROMO-001,RULE_BASED,PENDING_HUMAN_REVIEW
1118,DEC-S18-BOOKS,18,BOOKS,HIGH,3,RISK_HIGH|PROMO_EXTRAPOLATION,1.9226640641689303,16.182904973626137,92.95508600771429,5.2978481859307305,BỔ SUNG THẬN TRỌNG,B,51.219194141030314,64.16551811993122,TRUNG BÌNH,KHÔNG ĐỀ XUẤT TĂNG,True,POL-INV-005|POL-INV-003|POL-INV-001|POL-PROMO-004|POL-PROMO-002|POL-HITL-001|POL-PROMO-001,RULE_BASED,PENDING_HUMAN_REVIEW
1119,DEC-S23-BABY_CARE,23,BABY CARE,HIGH,3,RISK_HIGH|PROMO_EXTRAPOLATION,2.697113937139511,16.017091043293476,90.66018639355896,5.1691015951334505,BỔ SUNG THẬN TRỌNG,B,49.85535280257462,62.6690256372094,TRUNG BÌNH,KHÔNG ĐỀ XUẤT TĂNG,True,POL-INV-005|POL-INV-003|POL-INV-001|POL-PROMO-004|POL-PROMO-002|POL-HITL-001|POL-PROMO-001,RULE_BASED,PENDING_HUMAN_REVIEW
1120,DEC-S23-BOOKS,23,BOOKS,HIGH,3,RISK_HIGH|PROMO_EXTRAPOLATION,2.697113937139511,16.017091043293476,90.66018639355896,5.1691015951334505,BỔ SUNG THẬN TRỌNG,B,49.85535280257462,62.6690256372094,TRUNG BÌNH,KHÔNG ĐỀ XUẤT TĂNG,True,POL-INV-005|POL-INV-003|POL-INV-001|POL-PROMO-004|POL-PROMO-002|POL-HITL-001|POL-PROMO-001,RULE_BASED,PENDING_HUMAN_REVIEW
1121,DEC-S25-HOME_APPLIANCES,25,HOME APPLIANCES,HIGH,3,RISK_HIGH|PROMO_EXTRAPOLATION,1.0074084818363191,15.79215706884861,92.56433810293674,5.452362626535283,BỔ SUNG THẬN TRỌNG,B,51.1410445600748,63.774770215153694,TRUNG BÌNH,KHÔNG ĐỀ XUẤT TĂNG,True,POL-INV-005|POL-INV-003|POL-INV-001|POL-PROMO-004|POL-PROMO-002|POL-HITL-001|POL-PROMO-001,RULE_BASED,PENDING_HUMAN_REVIEW
1122,DEC-S33-HARDWARE,33,HARDWARE,HIGH,3,RISK_HIGH|PROMO_EXTRAPOLATION,2.429124093055725,15.658609226346016,90.30170457661151,5.274904962929502,BỔ SUNG THẬN TRỌNG,B,49.78365643918514,62.31054382026195,TRUNG BÌNH,KHÔNG ĐỀ XUẤT TĂNG,True,POL-INV-005|POL-INV-003|POL-INV-001|POL-PROMO-004|POL-PROMO-002|POL-HITL-001|POL-PROMO-001,RULE_BASED,PENDING_HUMAN_REVIEW
1123,DEC-S12-HARDWARE,12,HARDWARE,HIGH,3,RISK_HIGH|PROMO_EXTRAPOLATION,1.983625501394272,15.615997463464735,90.25909281373023,5.312679392641706,BỔ SUNG THẬN TRỌNG,B,49.77513408660888,62.26793205738067,TRUNG BÌNH,KHÔNG ĐỀ XUẤT TĂNG,True,POL-INV-005|POL-INV-003|POL-INV-001|POL-PROMO-004|POL-PROMO-002|POL-HITL-001|POL-PROMO-001,RULE_BASED,PENDING_HUMAN_REVIEW
1124,DEC-S05-HARDWARE,5,HARDWARE,HIGH,3,RISK_HIGH|PROMO_EXTRAPOLATION,2.417977470159531,15.559926927089691,90.2030222773552,5.301052667303248,BỔ SUNG THẬN TRỌNG,B,49.76391997933388,62.21186152100563,TRUNG BÌNH,KHÔNG ĐỀ XUẤT TĂNG,True,POL-INV-005|POL-INV-003|POL-INV-001|POL-PROMO-004|POL-PROMO-002|POL-HITL-001|POL-PROMO-001,RULE_BASED,PENDING_HUMAN_REVIEW
1125,DEC-S14-LAWN_AND_GARDEN,14,LAWN AND GARDEN,HIGH,3,RISK_HIGH|PROMO_EXTRAPOLATION,2.724004411697388,15.390407219529152,90.03350256979465,5.326865708014141,BỔ SUNG THẬN TRỌNG,B,49.73001603782176,62.042341813445084,TRUNG BÌNH,KHÔNG ĐỀ XUẤT TĂNG,True,POL-INV-005|POL-INV-003|POL-INV-001|POL-PROMO-004|POL-PROMO-002|POL-HITL-001|POL-PROMO-001,RULE_BASED,PENDING_HUMAN_REVIEW
1126,DEC-S16-HARDWARE,16,HARDWARE,HIGH,3,RISK_HIGH|PROMO_EXTRAPOLATION,2.544463509321213,15.191494166851044,89.83458951711654,5.391109993202789,BỔ SUNG THẬN TRỌNG,B,49.69023342728614,61.843428760766976,TRUNG BÌNH,KHÔNG ĐỀ XUẤT TĂNG,True,POL-INV-005|POL-INV-003|POL-INV-001|POL-PROMO-004|POL-PROMO-002|POL-HITL-001|POL-PROMO-001,RULE_BASED,PENDING_HUMAN_REVIEW
1127,DEC-S15-HOME_APPLIANCES,15,HOME APPLIANCES,HIGH,3,RISK_HIGH|PROMO_EXTRAPOLATION,1.234519022703171,14.89682313799858,91.66900417208672,5.688840113797059,BỔ SUNG THẬN TRỌNG,B,50.9619777739048,62.879436284303665,TRUNG BÌNH,KHÔNG ĐỀ XUẤT TĂNG,True,POL-INV-005|POL-INV-003|POL-INV-001|POL-PROMO-004|POL-PROMO-002|POL-HITL-001|POL-PROMO-001,RULE_BASED,PENDING_HUMAN_REVIEW
1128,DEC-S12-MAGAZINES,12,MAGAZINES,HIGH,3,RISK_HIGH|PROMO_EXTRAPOLATION,5.195187401771546,14.854583084583282,85.23950706720352,5.0486549686232784,BỔ SUNG THẬN TRỌNG,B,46.961494106054296,58.845160573720925,TRUNG BÌNH,KHÔNG ĐỀ XUẤT TĂNG,True,POL-INV-005|POL-INV-003|POL-INV-001|POL-PROMO-004|POL-PROMO-002|POL-HITL-001|POL-PROMO-001,RULE_BASED,PENDING_HUMAN_REVIEW
1129,DEC-S35-MAGAZINES,35,MAGAZINES,HIGH,3,RISK_HIGH|PROMO_EXTRAPOLATION,1.9978357434272769,14.707213804125786,89.35030915439128,5.561296516382765,BỔ SUNG THẬN TRỌNG,B,49.59337735474109,61.35914839804172,TRUNG BÌNH,KHÔNG ĐỀ XUẤT TĂNG,True,POL-INV-005|POL-INV-003|POL-INV-001|POL-PROMO-004|POL-PROMO-002|POL-HITL-001|POL-PROMO-001,RULE_BASED,PENDING_HUMAN_REVIEW
1130,DEC-S15-BOOKS,15,BOOKS,HIGH,3,RISK_HIGH|PROMO_EXTRAPOLATION,2.010856559872628,14.696487382054327,89.33958273231983,5.563584007482429,BỔ SUNG THẬN TRỌNG,B,49.5912320703268,61.34842197597026,TRUNG BÌNH,KHÔNG ĐỀ XUẤT TĂNG,True,POL-INV-005|POL-INV-003|POL-INV-001|POL-PROMO-004|POL-PROMO-002|POL-HITL-001|POL-PROMO-001,RULE_BASED,PENDING_HUMAN_REVIEW
1131,DEC-S54-HOME_APPLIANCES,54,HOME APPLIANCES,HIGH,3,RISK_HIGH|PROMO_EXTRAPOLATION,0.5142737448215485,14.585478268563747,91.35765930265188,5.828719785973039,BỔ SUNG THẬN TRỌNG,B,50.899708800017834,62.56809141486883,TRUNG BÌNH,KHÔNG ĐỀ XUẤT TĂNG,True,POL-INV-005|POL-INV-003|POL-INV-001|POL-PROMO-004|POL-PROMO-002|POL-HITL-001|POL-PROMO-001,RULE_BASED,PENDING_HUMAN_REVIEW
1132,DEC-S26-LADIESWEAR,26,LADIESWEAR,HIGH,3,RISK_HIGH|PROMO_EXTRAPOLATION,1.7742800593376162,14.355081919580698,88.9981772698462,5.680457953095076,BỔ SUNG THẬN TRỌNG,B,49.52295097783207,61.00701651349663,TRUNG BÌNH,KHÔNG ĐỀ XUẤT TĂNG,True,POL-INV-005|POL-INV-003|POL-INV-001|POL-PROMO-004|POL-PROMO-002|POL-HITL-001|POL-PROMO-001,RULE_BASED,PENDING_HUMAN_REVIEW
1133,DEC-S54-BABY_CARE,54,BABY CARE,HIGH,3,RISK_HIGH|PROMO_EXTRAPOLATION,1.1951531767845156,14.332264252007008,88.9753596022725,5.725195247270636,BỔ SUNG THẬN TRỌNG,B,49.518387444317334,60.98419884592294,TRUNG BÌNH,KHÔNG ĐỀ XUẤT TĂNG,True,POL-INV-005|POL-INV-003|POL-INV-001|POL-PROMO-004|POL-PROMO-002|POL-HITL-001|POL-PROMO-001,RULE_BASED,PENDING_HUMAN_REVIEW
1134,DEC-S54-BOOKS,54,BOOKS,HIGH,3,RISK_HIGH|PROMO_EXTRAPOLATION,1.1951531767845156,14.332264252007008,88.9753596022725,5.725195247270636,BỔ SUNG THẬN TRỌNG,B,49.518387444317334,60.98419884592294,TRUNG BÌNH,KHÔNG ĐỀ XUẤT TĂNG,True,POL-INV-005|POL-INV-003|POL-INV-001|POL-PROMO-004|POL-PROMO-002|POL-HITL-001|POL-PROMO-001,RULE_BASED,PENDING_HUMAN_REVIEW
1135,DEC-S33-HOME_APPLIANCES,33,HOME APPLIANCES,HIGH,3,RISK_HIGH|PROMO_EXTRAPOLATION,3.363456726074219,14.321676515042782,86.83568618148566,5.447982756551388,BỔ SUNG THẬN TRỌNG,B,48.185591344535354,59.642932556569576,TRUNG BÌNH,KHÔNG ĐỀ XUẤT TĂNG,True,POL-INV-005|POL-INV-003|POL-INV-001|POL-PROMO-004|POL-PROMO-002|POL-HITL-001|POL-PROMO-001,RULE_BASED,PENDING_HUMAN_REVIEW
1136,DEC-S10-AUTOMOTIVE,10,AUTOMOTIVE,HIGH,3,RISK_HIGH|PROMO_EXTRAPOLATION,3.238555616140366,14.184809014201164,86.69881868064404,5.496299820857136,BỔ SUNG THẬN TRỌNG,B,48.15821784436703,59.50606505572796,TRUNG BÌNH,KHÔNG ĐỀ XUẤT TĂNG,True,POL-INV-005|POL-INV-003|POL-INV-001|POL-PROMO-004|POL-PROMO-002|POL-HITL-001|POL-PROMO-001,RULE_BASED,PENDING_HUMAN_REVIEW
1137,DEC-S05-HOME_APPLIANCES,5,HOME APPLIANCES,HIGH,3,RISK_HIGH|PROMO_EXTRAPOLATION,2.449152141809464,14.155455816537142,86.66946548298002,5.557095369528383,BỔ SUNG THẬN TRỌNG,B,48.15234720483422,59.476711858063936,TRUNG BÌNH,KHÔNG ĐỀ XUẤT TĂNG,True,POL-INV-005|POL-INV-003|POL-INV-001|POL-PROMO-004|POL-PROMO-002|POL-HITL-001|POL-PROMO-001,RULE_BASED,PENDING_HUMAN_REVIEW
1138,DEC-S26-MAGAZINES,26,MAGAZINES,HIGH,3,RISK_HIGH|PROMO_EXTRAPOLATION,1.523844075202942,14.103443302214146,88.74653865247964,5.775020492478689,BỔ SUNG THẬN TRỌNG,B,49.47262325435876,60.75537789613008,TRUNG BÌNH,KHÔNG ĐỀ XUẤT TĂNG,True,POL-INV-005|POL-INV-003|POL-INV-001|POL-PROMO-004|POL-PROMO-002|POL-HITL-001|POL-PROMO-001,RULE_BASED,PENDING_HUMAN_REVIEW
1139,DEC-S13-LADIESWEAR,13,LADIESWEAR,HIGH,3,RISK_HIGH|PROMO_EXTRAPOLATION,2.1410939633846287,14.036592692136765,88.67968804240226,5.755199721827414,BỔ SUNG THẬN TRỌNG,B,49.459253132343285,60.6885272860527,TRUNG BÌNH,KHÔNG ĐỀ XUẤT TĂNG,True,POL-INV-005|POL-INV-003|POL-INV-001|POL-PROMO-004|POL-PROMO-002|POL-HITL-001|POL-PROMO-001,RULE_BASED,PENDING_HUMAN_REVIEW
1140,DEC-S30-BABY_CARE,30,BABY CARE,HIGH,3,RISK_HIGH|PROMO_EXTRAPOLATION,0.965281316637993,13.867359184660016,88.51045453492551,5.888414487800611,BỔ SUNG THẬN TRỌNG,B,49.425406430847936,60.51929377857595,TRUNG BÌNH,KHÔNG ĐỀ XUẤT TĂNG,True,POL-INV-005|POL-INV-003|POL-INV-001|POL-PROMO-004|POL-PROMO-002|POL-HITL-001|POL-PROMO-001,RULE_BASED,PENDING_HUMAN_REVIEW
1141,DEC-S13-MAGAZINES,13,MAGAZINES,HIGH,3,RISK_HIGH|PROMO_EXTRAPOLATION,1.9740030229091647,13.779785030521452,88.42288038078695,5.849129549540393,BỔ SUNG THẬN TRỌNG,B,49.40789160002022,60.431719624437385,TRUNG BÌNH,KHÔNG ĐỀ XUẤT TĂNG,True,POL-INV-005|POL-INV-003|POL-INV-001|POL-PROMO-004|POL-PROMO-002|POL-HITL-001|POL-PROMO-001,RULE_BASED,PENDING_HUMAN_REVIEW
1142,DEC-S26-HARDWARE,26,HARDWARE,HIGH,3,RISK_HIGH|PROMO_EXTRAPOLATION,1.1357215225696564,13.76901302114129,88.41210837140679,5.909425817683568,BỔ SUNG THẬN TRỌNG,B,49.40573719814419,60.42094761505722,TRUNG BÌNH,KHÔNG ĐỀ XUẤT TĂNG,True,POL-INV-005|POL-INV-003|POL-INV-001|POL-PROMO-004|POL-PROMO-002|POL-HITL-001|POL-PROMO-001,RULE_BASED,PENDING_HUMAN_REVIEW
1143,DEC-S21-BOOKS,21,BOOKS,HIGH,3,RISK_HIGH|PROMO_EXTRAPOLATION,1.582446345686913,13.766982063651083,88.41007741391658,5.879849429895078,BỔ SUNG THẬN TRỌNG,B,49.40533100664615,60.41891665756702,TRUNG BÌNH,KHÔNG ĐỀ XUẤT TĂNG,True,POL-INV-005|POL-INV-003|POL-INV-001|POL-PROMO-004|POL-PROMO-002|POL-HITL-001|POL-PROMO-001,RULE_BASED,PENDING_HUMAN_REVIEW
1144,DEC-S52-SCHOOL_AND_OFFICE_SUPPLIES,52,SCHOOL AND OFFICE SUPPLIES,HIGH,3,RISK_HIGH|PROMO_EXTRAPOLATION,2.694672739505768,13.754601366817951,86.52847736626863,5.681875270130925,BỔ SUNG THẬN TRỌNG,B,48.23459277302026,59.23827386647462,TRUNG BÌNH,KHÔNG ĐỀ XUẤT TĂNG,True,POL-INV-005|POL-INV-003|POL-INV-001|POL-PROMO-004|POL-PROMO-002|POL-HITL-001|POL-PROMO-001,RULE_BASED,PENDING_HUMAN_REVIEW
1145,DEC-S19-HARDWARE,19,HARDWARE,HIGH,3,RISK_HIGH|PROMO_EXTRAPOLATION,2.9102681338787084,13.648574084043505,86.16258375048638,5.683305087509733,BỔ SUNG THẬN TRỌNG,B,48.05097085833549,58.9698301255703,TRUNG BÌNH,KHÔNG ĐỀ XUẤT TĂNG,True,POL-INV-005|POL-INV-003|POL-INV-001|POL-PROMO-004|POL-PROMO-002|POL-HITL-001|POL-PROMO-001,RULE_BASED,PENDING_HUMAN_REVIEW
1146,DEC-S22-SEAFOOD,22,SEAFOOD,HIGH,3,RISK_HIGH|PROMO_EXTRAPOLATION,4.692809081077575,13.488531112670898,84.13332142829896,5.482992839608629,BỔ SUNG THẬN TRỌNG,B,46.85070016980171,57.64152505993843,TRUNG BÌNH,KHÔNG ĐỀ XUẤT TĂNG,True,POL-INV-005|POL-INV-003|POL-INV-001|POL-PROMO-004|POL-PROMO-002|POL-HITL-001|POL-PROMO-001,RULE_BASED,PENDING_HUMAN_REVIEW
1147,DEC-S53-HOME_APPLIANCES,53,HOME APPLIANCES,HIGH,3,RISK_HIGH|PROMO_EXTRAPOLATION,0.1247268080711365,13.44992396235466,90.2221049964428,6.235145487484629,BỔ SUNG THẬN TRỌNG,B,50.672597938776015,61.432537108659744,TRUNG BÌNH,KHÔNG ĐỀ XUẤT TĂNG,True,POL-INV-005|POL-INV-003|POL-INV-001|POL-PROMO-004|POL-PROMO-002|POL-HITL-001|POL-PROMO-001,RULE_BASED,PENDING_HUMAN_REVIEW
1148,DEC-S30-HOME_APPLIANCES,30,HOME APPLIANCES,HIGH,3,RISK_HIGH|PROMO_EXTRAPOLATION,2.8107221424579625,13.435760281980038,85.94976994842291,5.759242754241789,BỔ SUNG THẬN TRỌNG,B,48.0084080979228,58.75701632350683,TRUNG BÌNH,KHÔNG ĐỀ XUẤT TĂNG,True,POL-INV-005|POL-INV-003|POL-INV-001|POL-PROMO-004|POL-PROMO-002|POL-HITL-001|POL-PROMO-001,RULE_BASED,PENDING_HUMAN_REVIEW
1149,DEC-S30-HARDWARE,30,HARDWARE,HIGH,3,RISK_HIGH|PROMO_EXTRAPOLATION,1.1075810551643372,13.306896705180408,87.9499920554459,6.069968406833933,BỔ SUNG THẬN TRỌNG,B,49.31331393495201,59.95883129909634,TRUNG BÌNH,KHÔNG ĐỀ XUẤT TĂNG,True,POL-INV-005|POL-INV-003|POL-INV-001|POL-PROMO-004|POL-PROMO-002|POL-HITL-001|POL-PROMO-001,RULE_BASED,PENDING_HUMAN_REVIEW
1150,DEC-S15-LAWN_AND_GARDEN,15,LAWN AND GARDEN,HIGH,3,RISK_HIGH|PROMO_EXTRAPOLATION,1.2280879199504855,13.264575496315956,87.90767084658145,6.076562386943607,BỔ SUNG THẬN TRỌNG,B,49.30484969317912,59.91651009023189,TRUNG BÌNH,KHÔNG ĐỀ XUẤT TĂNG,True,POL-INV-005|POL-INV-003|POL-INV-001|POL-PROMO-004|POL-PROMO-002|POL-HITL-001|POL-PROMO-001,RULE_BASED,PENDING_HUMAN_REVIEW
1151,DEC-S21-HOME_APPLIANCES,21,HOME APPLIANCES,HIGH,3,RISK_HIGH|PROMO_EXTRAPOLATION,1.5675503849983217,13.263026878237724,87.90612222850322,6.0533134081965985,BỔ SUNG THẬN TRỌNG,B,49.30453996956348,59.91496147215366,TRUNG BÌNH,KHÔNG ĐỀ XUẤT TĂNG,True,POL-INV-005|POL-INV-003|POL-INV-001|POL-PROMO-004|POL-PROMO-002|POL-HITL-001|POL-PROMO-001,RULE_BASED,PENDING_HUMAN_REVIEW
1152,DEC-S22-BABY_CARE,22,BABY CARE,HIGH,3,RISK_HIGH|PROMO_EXTRAPOLATION,2.200036972761154,13.131722137331964,85.64573180377484,5.904849672254314,BỔ SUNG THẬN TRỌNG,B,47.94760046899319,58.45297817885876,TRUNG BÌNH,KHÔNG ĐỀ XUẤT TĂNG,True,POL-INV-005|POL-INV-003|POL-INV-001|POL-PROMO-004|POL-PROMO-002|POL-HITL-001|POL-PROMO-001,RULE_BASED,PENDING_HUMAN_REVIEW
1153,DEC-S25-BABY_CARE,25,BABY CARE,HIGH,3,RISK_HIGH|PROMO_EXTRAPOLATION,3.651303380727768,13.013890724629164,83.3988147072494,5.690604621767658,BỔ SUNG THẬN TRỌNG,B,46.59335563406347,57.004468213766806,TRUNG BÌNH,KHÔNG ĐỀ XUẤT TĂNG,True,POL-INV-005|POL-INV-003|POL-INV-001|POL-PROMO-004|POL-PROMO-002|POL-HITL-001|POL-PROMO-001,RULE_BASED,PENDING_HUMAN_REVIEW
1154,DEC-S53-BABY_CARE,53,BABY CARE,HIGH,3,RISK_HIGH|PROMO_EXTRAPOLATION,0.3409329146146775,12.927002847194672,87.57009819746017,6.26331208802877,BỔ SUNG THẬN TRỌNG,B,49.237335163354864,59.578937441110604,TRUNG BÌNH,KHÔNG ĐỀ XUẤT TĂNG,True,POL-INV-005|POL-INV-003|POL-INV-001|POL-PROMO-004|POL-PROMO-002|POL-HITL-001|POL-PROMO-001,RULE_BASED,PENDING_HUMAN_REVIEW
1155,DEC-S54-LADIESWEAR,54,LADIESWEAR,HIGH,3,RISK_HIGH|PROMO_EXTRAPOLATION,0.5302961349487305,12.916925966739656,87.56002131700515,6.2535164295657335,BỔ SUNG THẬN TRỌNG,B,49.23531978726386,59.56886056065559,TRUNG BÌNH,KHÔNG ĐỀ XUẤT TĂNG,True,POL-INV-005|POL-INV-003|POL-INV-001|POL-PROMO-004|POL-PROMO-002|POL-HITL-001|POL-PROMO-001,RULE_BASED,PENDING_HUMAN_REVIEW
1156,DEC-S54-LAWN_AND_GARDEN,54,LAWN AND GARDEN,HIGH,3,RISK_HIGH|PROMO_EXTRAPOLATION,0.5302961349487305,12.916925966739656,87.56002131700515,6.2535164295657335,BỔ SUNG THẬN TRỌNG,B,49.23531978726386,59.56886056065559,TRUNG BÌNH,KHÔNG ĐỀ XUẤT TĂNG,True,POL-INV-005|POL-INV-003|POL-INV-001|POL-PROMO-004|POL-PROMO-002|POL-HITL-001|POL-PROMO-001,RULE_BASED,PENDING_HUMAN_REVIEW
1157,DEC-S35-HOME_APPLIANCES,35,HOME APPLIANCES,HIGH,3,RISK_HIGH|PROMO_EXTRAPOLATION,2.789392054080964,12.866191361099482,85.38020102754236,5.956272117025838,BỔ SUNG THẬN TRỌNG,B,47.89449431374669,58.187447402626276,TRUNG BÌNH,KHÔNG ĐỀ XUẤT TĂNG,True,POL-INV-005|POL-INV-003|POL-INV-001|POL-PROMO-004|POL-PROMO-002|POL-HITL-001|POL-PROMO-001,RULE_BASED,PENDING_HUMAN_REVIEW
1158,DEC-S53-BOOKS,53,BOOKS,HIGH,3,RISK_HIGH|PROMO_EXTRAPOLATION,0.3105180799961091,12.74773471057415,87.39083006083965,6.334157140366202,BỔ SUNG THẬN TRỌNG,B,49.20148153603076,59.39966930449008,TRUNG BÌNH,KHÔNG ĐỀ XUẤT TĂNG,True,POL-INV-005|POL-INV-003|POL-INV-001|POL-PROMO-004|POL-PROMO-002|POL-HITL-001|POL-PROMO-001,RULE_BASED,PENDING_HUMAN_REVIEW
1159,DEC-S33-BABY_CARE,33,BABY CARE,HIGH,3,RISK_HIGH|PROMO_EXTRAPOLATION,1.8525879323482517,12.514007076621056,85.02801674306393,6.154756937681896,BỔ SUNG THẬN TRỌNG,B,47.82405745685101,57.83526311814785,TRUNG BÌNH,KHÔNG ĐỀ XUẤT TĂNG,True,POL-INV-005|POL-INV-003|POL-INV-001|POL-PROMO-004|POL-PROMO-002|POL-HITL-001|POL-PROMO-001,RULE_BASED,PENDING_HUMAN_REVIEW
1160,DEC-S33-BOOKS,33,BOOKS,HIGH,3,RISK_HIGH|PROMO_EXTRAPOLATION,1.8525879323482517,12.514007076621056,85.02801674306393,6.154756937681896,BỔ SUNG THẬN TRỌNG,B,47.82405745685101,57.83526311814785,TRUNG BÌNH,KHÔNG ĐỀ XUẤT TĂNG,True,POL-INV-005|POL-INV-003|POL-INV-001|POL-PROMO-004|POL-PROMO-002|POL-HITL-001|POL-PROMO-001,RULE_BASED,PENDING_HUMAN_REVIEW
1161,DEC-S35-LINGERIE,35,LINGERIE,HIGH,3,RISK_HIGH|PROMO_EXTRAPOLATION,0.6515942335128786,12.503807589411736,87.14690293967723,6.405253343063394,BỔ SUNG THẬN TRỌNG,B,49.15269611179828,59.15574218332767,TRUNG BÌNH,KHÔNG ĐỀ XUẤT TĂNG,True,POL-INV-005|POL-INV-003|POL-INV-001|POL-PROMO-004|POL-PROMO-002|POL-HITL-001|POL-PROMO-001,RULE_BASED,PENDING_HUMAN_REVIEW
1162,DEC-S26-HOME_APPLIANCES,26,HOME APPLIANCES,HIGH,3,RISK_HIGH|PROMO_EXTRAPOLATION,1.6617540419101715,12.466303680092096,84.98031334653497,6.187188502795964,BỔ SUNG THẬN TRỌNG,B,47.814516777545215,57.78755972161889,TRUNG BÌNH,KHÔNG ĐỀ XUẤT TĂNG,True,POL-INV-005|POL-INV-003|POL-INV-001|POL-PROMO-004|POL-PROMO-002|POL-HITL-001|POL-PROMO-001,RULE_BASED,PENDING_HUMAN_REVIEW
1163,DEC-S30-LADIESWEAR,30,LADIESWEAR,HIGH,3,RISK_HIGH|PROMO_EXTRAPOLATION,2.0759763658046726,12.452865850180387,84.96687551662326,6.1615792555983235,BỔ SUNG THẬN TRỌNG,B,47.81182921156287,57.77412189170718,TRUNG BÌNH,KHÔNG ĐỀ XUẤT TĂNG,True,POL-INV-005|POL-INV-003|POL-INV-001|POL-PROMO-004|POL-PROMO-002|POL-HITL-001|POL-PROMO-001,RULE_BASED,PENDING_HUMAN_REVIEW
1164,DEC-S22-HOME_APPLIANCES,22,HOME APPLIANCES,HIGH,3,RISK_HIGH|PROMO_EXTRAPOLATION,1.9222345888614656,12.357411697506905,84.87142136394978,6.209974555966585,BỔ SUNG THẬN TRỌNG,B,47.79273838102817,57.6786677390337,TRUNG BÌNH,KHÔNG ĐỀ XUẤT TĂNG,True,POL-INV-005|POL-INV-003|POL-INV-001|POL-PROMO-004|POL-PROMO-002|POL-HITL-001|POL-PROMO-001,RULE_BASED,PENDING_HUMAN_REVIEW
1165,DEC-S25-BOOKS,25,BOOKS,HIGH,3,RISK_HIGH|PROMO_EXTRAPOLATION,2.8592627942562108,12.191435430198908,82.57635941281914,6.043094933858985,BỔ SUNG THẬN TRỌNG,B,46.42886457517742,56.18201291933655,TRUNG BÌNH,KHÔNG ĐỀ XUẤT TĂNG,True,POL-INV-005|POL-INV-003|POL-INV-001|POL-PROMO-004|POL-PROMO-002|POL-HITL-001|POL-PROMO-001,RULE_BASED,PENDING_HUMAN_REVIEW
1166,DEC-S01-BABY_CARE,1,BABY CARE,HIGH,3,RISK_HIGH|PROMO_EXTRAPOLATION,1.525503307580948,12.033308525569735,84.54731819201261,6.369972345974405,BỔ SUNG THẬN TRỌNG,B,47.72791774664074,57.35456456709653,TRUNG BÌNH,KHÔNG ĐỀ XUẤT TĂNG,True,POL-INV-005|POL-INV-003|POL-INV-001|POL-PROMO-004|POL-PROMO-002|POL-HITL-001|POL-PROMO-001,RULE_BASED,PENDING_HUMAN_REVIEW
1167,DEC-S13-PET_SUPPLIES,13,PET SUPPLIES,HIGH,3,RISK_HIGH|PROMO_EXTRAPOLATION,2.8984827339649204,11.958121560979636,82.34304554359987,6.130870314480128,BỔ SUNG THẬN TRỌNG,B,46.382201801333565,55.94869905011728,TRUNG BÌNH,KHÔNG ĐỀ XUẤT TĂNG,True,POL-INV-005|POL-INV-003|POL-INV-001|POL-PROMO-004|POL-PROMO-002|POL-HITL-001|POL-PROMO-001,RULE_BASED,PENDING_HUMAN_REVIEW
1168,DEC-S05-BOOKS,5,BOOKS,HIGH,3,RISK_HIGH|PROMO_EXTRAPOLATION,1.4687310934066775,11.754621408879755,84.26863107532263,6.491756777999757,BỔ SUNG THẬN TRỌNG,B,47.67218032330275,57.07587745040655,TRUNG BÌNH,KHÔNG ĐỀ XUẤT TĂNG,True,POL-INV-005|POL-INV-003|POL-INV-001|POL-PROMO-004|POL-PROMO-002|POL-HITL-001|POL-PROMO-001,RULE_BASED,PENDING_HUMAN_REVIEW
1169,DEC-S10-MAGAZINES,10,MAGAZINES,HIGH,3,RISK_HIGH|PROMO_EXTRAPOLATION,1.7698855400085451,11.611587770283222,84.1255974367261,6.530162053882932,BỔ SUNG THẬN TRỌNG,B,47.64357359558344,56.93284381181002,TRUNG BÌNH,KHÔNG ĐỀ XUẤT TĂNG,True,POL-INV-005|POL-INV-003|POL-INV-001|POL-PROMO-004|POL-PROMO-002|POL-HITL-001|POL-PROMO-001,RULE_BASED,PENDING_HUMAN_REVIEW
1170,DEC-S32-HARDWARE,32,HARDWARE,HIGH,3,RISK_HIGH|PROMO_EXTRAPOLATION,1.6994022369384767,11.105423782020807,83.61943344846368,6.767217132306785,BỔ SUNG THẬN TRỌNG,B,47.542340797930954,56.4266798235476,TRUNG BÌNH,KHÔNG ĐỀ XUẤT TĂNG,True,POL-INV-005|POL-INV-003|POL-INV-001|POL-PROMO-004|POL-PROMO-002|POL-HITL-001|POL-PROMO-001,RULE_BASED,PENDING_HUMAN_REVIEW
1171,DEC-S25-LADIESWEAR,25,LADIESWEAR,HIGH,3,RISK_HIGH|PROMO_EXTRAPOLATION,1.9275144785642624,10.983099065721037,81.36802304834127,6.629379272764694,BỔ SUNG THẬN TRỌNG,B,46.187197302281845,54.97367655485868,TRUNG BÌNH,KHÔNG ĐỀ XUẤT TĂNG,True,POL-INV-005|POL-INV-003|POL-INV-001|POL-PROMO-004|POL-PROMO-002|POL-HITL-001|POL-PROMO-001,RULE_BASED,PENDING_HUMAN_REVIEW
1172,DEC-S10-LINGERIE,10,LINGERIE,HIGH,3,RISK_HIGH|PROMO_EXTRAPOLATION,2.1470581114292147,10.880132168531418,81.26505615115165,6.659690053726291,BỔ SUNG THẬN TRỌNG,B,46.166603922843926,54.87070965766906,TRUNG BÌNH,KHÔNG ĐỀ XUẤT TĂNG,True,POL-INV-005|POL-INV-003|POL-INV-001|POL-PROMO-004|POL-PROMO-002|POL-HITL-001|POL-PROMO-001,RULE_BASED,PENDING_HUMAN_REVIEW
1173,DEC-S10-SEAFOOD,10,SEAFOOD,HIGH,3,RISK_HIGH|PROMO_EXTRAPOLATION,4.497601509094238,10.798835754394531,79.31454038619995,6.3410441872826135,BỔ SUNG THẬN TRỌNG,B,44.982082545757294,53.62115114927292,TRUNG BÌNH,KHÔNG ĐỀ XUẤT TĂNG,True,POL-INV-005|POL-INV-003|POL-INV-001|POL-PROMO-004|POL-PROMO-002|POL-HITL-001|POL-PROMO-001,RULE_BASED,PENDING_HUMAN_REVIEW
1174,DEC-S16-HOME_APPLIANCES,16,HOME APPLIANCES,HIGH,3,RISK_HIGH|PROMO_EXTRAPOLATION,1.135462355613709,10.611135356128216,83.12514502257109,7.061297638192136,BỔ SUNG THẬN TRỌNG,B,47.44348311275244,55.93239139765501,TRUNG BÌNH,KHÔNG ĐỀ XUẤT TĂNG,True,POL-INV-005|POL-INV-003|POL-INV-001|POL-PROMO-004|POL-PROMO-002|POL-HITL-001|POL-PROMO-001,RULE_BASED,PENDING_HUMAN_REVIEW
1175,DEC-S32-LINGERIE,32,LINGERIE,HIGH,3,RISK_HIGH|PROMO_EXTRAPOLATION,2.5418798327445984,10.597126476466656,80.98205045908689,6.763759176509471,BỔ SUNG THẬN TRỌNG,B,46.110002784430975,54.5877039656043,TRUNG BÌNH,KHÔNG ĐỀ XUẤT TĂNG,True,POL-INV-005|POL-INV-003|POL-INV-001|POL-PROMO-004|POL-PROMO-002|POL-HITL-001|POL-PROMO-001,RULE_BASED,PENDING_HUMAN_REVIEW
1176,DEC-S33-LADIESWEAR,33,LADIESWEAR,HIGH,3,RISK_HIGH|PROMO_EXTRAPOLATION,2.1048504352569584,10.59401086717844,80.97893484979868,6.8030024568828775,BỔ SUNG THẬN TRỌNG,B,46.10937966257333,54.58458835631608,TRUNG BÌNH,KHÔNG ĐỀ XUẤT TĂNG,True,POL-INV-005|POL-INV-003|POL-INV-001|POL-PROMO-004|POL-PROMO-002|POL-HITL-001|POL-PROMO-001,RULE_BASED,PENDING_HUMAN_REVIEW
1177,DEC-S33-LAWN_AND_GARDEN,33,LAWN AND GARDEN,HIGH,3,RISK_HIGH|PROMO_EXTRAPOLATION,2.1048504352569584,10.59401086717844,80.97893484979868,6.8030024568828775,BỔ SUNG THẬN TRỌNG,B,46.10937966257333,54.58458835631608,TRUNG BÌNH,KHÔNG ĐỀ XUẤT TĂNG,True,POL-INV-005|POL-INV-003|POL-INV-001|POL-PROMO-004|POL-PROMO-002|POL-HITL-001|POL-PROMO-001,RULE_BASED,PENDING_HUMAN_REVIEW
1178,DEC-S30-BOOKS,30,BOOKS,HIGH,3,RISK_HIGH|PROMO_EXTRAPOLATION,1.8402524530887607,10.498528882861136,80.88345286548137,6.874201145001132,BỔ SUNG THẬN TRỌNG,B,46.09028326570987,54.48910637199878,TRUNG BÌNH,KHÔNG ĐỀ XUẤT TĂNG,True,POL-INV-005|POL-INV-003|POL-INV-001|POL-PROMO-004|POL-PROMO-002|POL-HITL-001|POL-PROMO-001,RULE_BASED,PENDING_HUMAN_REVIEW
1179,DEC-S26-BABY_CARE,26,BABY CARE,HIGH,3,RISK_HIGH|PROMO_EXTRAPOLATION,1.4467570722103122,10.402418807148932,80.78734278976917,6.958224132919498,BỔ SUNG THẬN TRỌNG,B,46.071061250567425,54.392996296286576,TRUNG BÌNH,KHÔNG ĐỀ XUẤT TĂNG,True,POL-INV-005|POL-INV-003|POL-INV-001|POL-PROMO-004|POL-PROMO-002|POL-HITL-001|POL-PROMO-001,RULE_BASED,PENDING_HUMAN_REVIEW
1180,DEC-S26-BOOKS,26,BOOKS,HIGH,3,RISK_HIGH|PROMO_EXTRAPOLATION,1.4467570722103122,10.402418807148932,80.78734278976917,6.958224132919498,BỔ SUNG THẬN TRỌNG,B,46.071061250567425,54.392996296286576,TRUNG BÌNH,KHÔNG ĐỀ XUẤT TĂNG,True,POL-INV-005|POL-INV-003|POL-INV-001|POL-PROMO-004|POL-PROMO-002|POL-HITL-001|POL-PROMO-001,RULE_BASED,PENDING_HUMAN_REVIEW
1181,DEC-S16-BABY_CARE,16,BABY CARE,HIGH,3,RISK_HIGH|PROMO_EXTRAPOLATION,1.8402524530887607,10.321660899557171,80.70658488217741,6.96596843243851,BỔ SUNG THẬN TRỌNG,B,46.054909669049074,54.312238388694816,TRUNG BÌNH,KHÔNG ĐỀ XUẤT TĂNG,True,POL-INV-005|POL-INV-003|POL-INV-001|POL-PROMO-004|POL-PROMO-002|POL-HITL-001|POL-PROMO-001,RULE_BASED,PENDING_HUMAN_REVIEW
1182,DEC-S16-BOOKS,16,BOOKS,HIGH,3,RISK_HIGH|PROMO_EXTRAPOLATION,1.8402524530887607,10.307565376162527,80.69248935878277,6.973405351422717,BỔ SUNG THẬN TRỌNG,B,46.05209056437015,54.29814286530017,TRUNG BÌNH,KHÔNG ĐỀ XUẤT TĂNG,True,POL-INV-005|POL-INV-003|POL-INV-001|POL-PROMO-004|POL-PROMO-002|POL-HITL-001|POL-PROMO-001,RULE_BASED,PENDING_HUMAN_REVIEW
1183,DEC-S22-BOOKS,22,BOOKS,HIGH,3,RISK_HIGH|PROMO_EXTRAPOLATION,1.8402524530887607,10.307565376162527,80.69248935878277,6.973405351422717,BỔ SUNG THẬN TRỌNG,B,46.05209056437015,54.29814286530017,TRUNG BÌNH,KHÔNG ĐỀ XUẤT TĂNG,True,POL-INV-005|POL-INV-003|POL-INV-001|POL-PROMO-004|POL-PROMO-002|POL-HITL-001|POL-PROMO-001,RULE_BASED,PENDING_HUMAN_REVIEW
1184,DEC-S43-SCHOOL_AND_OFFICE_SUPPLIES,43,SCHOOL AND OFFICE SUPPLIES,HIGH,3,RISK_HIGH|PROMO_EXTRAPOLATION,0.60904860496521,9.97640061378479,82.49041028022766,7.459764321323255,BỔ SUNG THẬN TRỌNG,B,47.316536164283754,55.297656655311584,TRUNG BÌNH,KHÔNG ĐỀ XUẤT TĂNG,True,POL-INV-005|POL-INV-003|POL-INV-001|POL-PROMO-004|POL-PROMO-002|POL-HITL-001|POL-PROMO-001,RULE_BASED,PENDING_HUMAN_REVIEW
1185,DEC-S35-BABY_CARE,35,BABY CARE,HIGH,3,RISK_HIGH|PROMO_EXTRAPOLATION,1.6208409249782565,9.912327371537684,80.29725135415792,7.209865297332367,BỔ SUNG THẬN TRỌNG,B,45.97304296344518,53.90290486067533,TRUNG BÌNH,KHÔNG ĐỀ XUẤT TĂNG,True,POL-INV-005|POL-INV-003|POL-INV-001|POL-PROMO-004|POL-PROMO-002|POL-HITL-001|POL-PROMO-001,RULE_BASED,PENDING_HUMAN_REVIEW
1186,DEC-S35-BOOKS,35,BOOKS,HIGH,3,RISK_HIGH|PROMO_EXTRAPOLATION,1.6208409249782565,9.912327371537684,80.29725135415792,7.209865297332367,BỔ SUNG THẬN TRỌNG,B,45.97304296344518,53.90290486067533,TRUNG BÌNH,KHÔNG ĐỀ XUẤT TĂNG,True,POL-INV-005|POL-INV-003|POL-INV-001|POL-PROMO-004|POL-PROMO-002|POL-HITL-001|POL-PROMO-001,RULE_BASED,PENDING_HUMAN_REVIEW
1187,DEC-S32-BABY_CARE,32,BABY CARE,HIGH,3,RISK_HIGH|PROMO_EXTRAPOLATION,1.386360424757004,9.560606680810452,79.94553066343069,7.438887993189121,BỔ SUNG THẬN TRỌNG,B,45.90269882529973,53.551184169948094,TRUNG BÌNH,KHÔNG ĐỀ XUẤT TĂNG,True,POL-INV-005|POL-INV-003|POL-INV-001|POL-PROMO-004|POL-PROMO-002|POL-HITL-001|POL-PROMO-001,RULE_BASED,PENDING_HUMAN_REVIEW
1188,DEC-S32-BOOKS,32,BOOKS,HIGH,3,RISK_HIGH|PROMO_EXTRAPOLATION,1.386360424757004,9.560606680810452,79.94553066343069,7.438887993189121,BỔ SUNG THẬN TRỌNG,B,45.90269882529973,53.551184169948094,TRUNG BÌNH,KHÔNG ĐỀ XUẤT TĂNG,True,POL-INV-005|POL-INV-003|POL-INV-001|POL-PROMO-004|POL-PROMO-002|POL-HITL-001|POL-PROMO-001,RULE_BASED,PENDING_HUMAN_REVIEW
1189,DEC-S30-LAWN_AND_GARDEN,30,LAWN AND GARDEN,HIGH,3,RISK_HIGH|PROMO_EXTRAPOLATION,1.4030540168285373,9.40562703460455,79.79055101722479,7.533183415061277,BỔ SUNG THẬN TRỌNG,B,45.87170289605855,53.39620452374219,TRUNG BÌNH,KHÔNG ĐỀ XUẤT TĂNG,True,POL-INV-005|POL-INV-003|POL-INV-001|POL-PROMO-004|POL-PROMO-002|POL-HITL-001|POL-PROMO-001,RULE_BASED,PENDING_HUMAN_REVIEW
1190,DEC-S19-HOME_APPLIANCES,19,HOME APPLIANCES,HIGH,3,RISK_HIGH|PROMO_EXTRAPOLATION,1.724465870857239,9.3321191072464,79.71704308986664,7.548555761838782,BỔ SUNG THẬN TRỌNG,B,45.857001310586924,53.32269659638404,TRUNG BÌNH,KHÔNG ĐỀ XUẤT TĂNG,True,POL-INV-005|POL-INV-003|POL-INV-001|POL-PROMO-004|POL-PROMO-002|POL-HITL-001|POL-PROMO-001,RULE_BASED,PENDING_HUMAN_REVIEW
1191,DEC-S16-LADIESWEAR,16,LADIESWEAR,HIGH,3,RISK_HIGH|PROMO_EXTRAPOLATION,1.4030540168285373,9.21466352790594,79.59958751052618,7.65532151696125,BỔ SUNG THẬN TRỌNG,B,45.833510194718826,53.20524101704358,TRUNG BÌNH,KHÔNG ĐỀ XUẤT TĂNG,True,POL-INV-005|POL-INV-003|POL-INV-001|POL-PROMO-004|POL-PROMO-002|POL-HITL-001|POL-PROMO-001,RULE_BASED,PENDING_HUMAN_REVIEW
1192,DEC-S16-LAWN_AND_GARDEN,16,LAWN AND GARDEN,HIGH,3,RISK_HIGH|PROMO_EXTRAPOLATION,1.4030540168285373,9.21466352790594,79.59958751052618,7.65532151696125,BỔ SUNG THẬN TRỌNG,B,45.833510194718826,53.20524101704358,TRUNG BÌNH,KHÔNG ĐỀ XUẤT TĂNG,True,POL-INV-005|POL-INV-003|POL-INV-001|POL-PROMO-004|POL-PROMO-002|POL-HITL-001|POL-PROMO-001,RULE_BASED,PENDING_HUMAN_REVIEW
1193,DEC-S22-LAWN_AND_GARDEN,22,LAWN AND GARDEN,HIGH,3,RISK_HIGH|PROMO_EXTRAPOLATION,1.4030540168285373,9.21466352790594,79.59958751052618,7.65532151696125,BỔ SUNG THẬN TRỌNG,B,45.833510194718826,53.20524101704358,TRUNG BÌNH,KHÔNG ĐỀ XUẤT TĂNG,True,POL-INV-005|POL-INV-003|POL-INV-001|POL-PROMO-004|POL-PROMO-002|POL-HITL-001|POL-PROMO-001,RULE_BASED,PENDING_HUMAN_REVIEW
1194,DEC-S32-MAGAZINES,32,MAGAZINES,HIGH,3,RISK_HIGH|PROMO_EXTRAPOLATION,1.4657515525817872,9.165437433868648,79.55036141648888,7.681382170898918,BỔ SUNG THẬN TRỌNG,B,45.82366497591137,53.15601492300629,TRUNG BÌNH,KHÔNG ĐỀ XUẤT TĂNG,True,POL-INV-005|POL-INV-003|POL-INV-001|POL-PROMO-004|POL-PROMO-002|POL-HITL-001|POL-PROMO-001,RULE_BASED,PENDING_HUMAN_REVIEW
1195,DEC-S19-BABY_CARE,19,BABY CARE,HIGH,3,RISK_HIGH|PROMO_EXTRAPOLATION,1.248299050331116,9.129758756607773,79.51468273922801,7.726381799353585,BỔ SUNG THẬN TRỌNG,B,45.8165292404592,53.12033624574541,TRUNG BÌNH,KHÔNG ĐỀ XUẤT TĂNG,True,POL-INV-005|POL-INV-003|POL-INV-001|POL-PROMO-004|POL-PROMO-002|POL-HITL-001|POL-PROMO-001,RULE_BASED,PENDING_HUMAN_REVIEW
1196,DEC-S35-HARDWARE,35,HARDWARE,HIGH,3,RISK_HIGH|PROMO_EXTRAPOLATION,1.2858140349388123,9.036140892654656,79.4210648752749,7.78538799684672,BỔ SUNG THẬN TRỌNG,B,45.79780566766857,53.0267183817923,TRUNG BÌNH,KHÔNG ĐỀ XUẤT TĂNG,True,POL-INV-005|POL-INV-003|POL-INV-001|POL-PROMO-004|POL-PROMO-002|POL-HITL-001|POL-PROMO-001,RULE_BASED,PENDING_HUMAN_REVIEW
1197,DEC-S34-SCHOOL_AND_OFFICE_SUPPLIES,34,SCHOOL AND OFFICE SUPPLIES,HIGH,3,RISK_HIGH|PROMO_EXTRAPOLATION,1.6509404599666595,8.97723862528801,79.36216260790825,7.7888507097522,BỔ SUNG THẬN TRỌNG,B,45.78602521419524,52.96781611442565,TRUNG BÌNH,KHÔNG ĐỀ XUẤT TĂNG,True,POL-INV-005|POL-INV-003|POL-INV-001|POL-PROMO-004|POL-PROMO-002|POL-HITL-001|POL-PROMO-001,RULE_BASED,PENDING_HUMAN_REVIEW
1198,DEC-S35-LADIESWEAR,35,LADIESWEAR,HIGH,3,RISK_HIGH|PROMO_EXTRAPOLATION,1.2858140349388123,8.851983401924372,79.23690738454461,7.912223373658926,BỔ SUNG THẬN TRỌNG,B,45.76097416952251,52.842560891062014,TRUNG BÌNH,KHÔNG ĐỀ XUẤT TĂNG,True,POL-INV-005|POL-INV-003|POL-INV-001|POL-PROMO-004|POL-PROMO-002|POL-HITL-001|POL-PROMO-001,RULE_BASED,PENDING_HUMAN_REVIEW
1199,DEC-S35-LAWN_AND_GARDEN,35,LAWN AND GARDEN,HIGH,3,RISK_HIGH|PROMO_EXTRAPOLATION,1.2858140349388123,8.851983401924372,79.23690738454461,7.912223373658926,BỔ SUNG THẬN TRỌNG,B,45.76097416952251,52.842560891062014,TRUNG BÌNH,KHÔNG ĐỀ XUẤT TĂNG,True,POL-INV-005|POL-INV-003|POL-INV-001|POL-PROMO-004|POL-PROMO-002|POL-HITL-001|POL-PROMO-001,RULE_BASED,PENDING_HUMAN_REVIEW
1200,DEC-S32-HOME_APPLIANCES,32,HOME APPLIANCES,HIGH,3,RISK_HIGH|PROMO_EXTRAPOLATION,1.0513338923454283,8.500263068825006,78.88518705144524,8.192810303802073,BỔ SUNG THẬN TRỌNG,B,45.690630102902645,52.49084055796265,TRUNG BÌNH,KHÔNG ĐỀ XUẤT TĂNG,True,POL-INV-005|POL-INV-003|POL-INV-001|POL-PROMO-004|POL-PROMO-002|POL-HITL-001|POL-PROMO-001,RULE_BASED,PENDING_HUMAN_REVIEW
1201,DEC-S32-LADIESWEAR,32,LADIESWEAR,HIGH,3,RISK_HIGH|PROMO_EXTRAPOLATION,1.0513338923454283,8.500263068825006,78.88518705144524,8.192810303802073,BỔ SUNG THẬN TRỌNG,B,45.690630102902645,52.49084055796265,TRUNG BÌNH,KHÔNG ĐỀ XUẤT TĂNG,True,POL-INV-005|POL-INV-003|POL-INV-001|POL-PROMO-004|POL-PROMO-002|POL-HITL-001|POL-PROMO-001,RULE_BASED,PENDING_HUMAN_REVIEW
1202,DEC-S32-LAWN_AND_GARDEN,32,LAWN AND GARDEN,HIGH,3,RISK_HIGH|PROMO_EXTRAPOLATION,1.0513338923454283,8.500263068825006,78.88518705144524,8.192810303802073,BỔ SUNG THẬN TRỌNG,B,45.690630102902645,52.49084055796265,TRUNG BÌNH,KHÔNG ĐỀ XUẤT TĂNG,True,POL-INV-005|POL-INV-003|POL-INV-001|POL-PROMO-004|POL-PROMO-002|POL-HITL-001|POL-PROMO-001,RULE_BASED,PENDING_HUMAN_REVIEW
1203,DEC-S19-BOOKS,19,BOOKS,HIGH,3,RISK_HIGH|PROMO_EXTRAPOLATION,1.0432589530944825,8.474535659421235,78.85945964204147,8.213194132798325,BỔ SUNG THẬN TRỌNG,B,45.685484621021885,52.46511314855888,TRUNG BÌNH,KHÔNG ĐỀ XUẤT TĂNG,True,POL-INV-005|POL-INV-003|POL-INV-001|POL-PROMO-004|POL-PROMO-002|POL-HITL-001|POL-PROMO-001,RULE_BASED,PENDING_HUMAN_REVIEW
1204,DEC-S10-HOME_APPLIANCES,10,HOME APPLIANCES,HIGH,3,RISK_HIGH|PROMO_EXTRAPOLATION,0.2923925638198853,7.601829841732979,77.98675382435322,9.032306229029118,BỔ SUNG THẬN TRỌNG,B,45.51094345748424,51.59240733087062,TRUNG BÌNH,KHÔNG ĐỀ XUẤT TĂNG,True,POL-INV-005|POL-INV-003|POL-INV-001|POL-PROMO-004|POL-PROMO-002|POL-HITL-001|POL-PROMO-001,RULE_BASED,PENDING_HUMAN_REVIEW
1205,DEC-S12-BABY_CARE,12,BABY CARE,HIGH,3,RISK_HIGH|PROMO_EXTRAPOLATION,1.7587494492530824,7.553471099585295,75.80930939838291,8.657369515484781,BỔ SUNG THẬN TRỌNG,B,44.17059315666556,50.2133700363338,TRUNG BÌNH,KHÔNG ĐỀ XUẤT TĂNG,True,POL-INV-005|POL-INV-003|POL-INV-001|POL-PROMO-004|POL-PROMO-002|POL-HITL-001|POL-PROMO-001,RULE_BASED,PENDING_HUMAN_REVIEW
1206,DEC-S12-BOOKS,12,BOOKS,HIGH,3,RISK_HIGH|PROMO_EXTRAPOLATION,1.7587494492530824,7.553471099585295,75.80930939838291,8.657369515484781,BỔ SUNG THẬN TRỌNG,B,44.17059315666556,50.2133700363338,TRUNG BÌNH,KHÔNG ĐỀ XUẤT TĂNG,True,POL-INV-005|POL-INV-003|POL-INV-001|POL-PROMO-004|POL-PROMO-002|POL-HITL-001|POL-PROMO-001,RULE_BASED,PENDING_HUMAN_REVIEW
1207,DEC-S13-HOME_APPLIANCES,13,HOME APPLIANCES,HIGH,3,RISK_HIGH|PROMO_EXTRAPOLATION,0.608554494380951,7.322935596108437,77.70785957872867,9.263474911471995,BỔ SUNG THẬN TRỌNG,B,45.455164608359325,51.31351308524608,TRUNG BÌNH,KHÔNG ĐỀ XUẤT TĂNG,True,POL-INV-005|POL-INV-003|POL-INV-001|POL-PROMO-004|POL-PROMO-002|POL-HITL-001|POL-PROMO-001,RULE_BASED,PENDING_HUMAN_REVIEW
1208,DEC-S12-HOME_APPLIANCES,12,HOME APPLIANCES,HIGH,3,RISK_HIGH|PROMO_EXTRAPOLATION,1.5547353923320772,7.203959256410599,75.45979755520821,9.008462847389996,BỔ SUNG THẬN TRỌNG,B,44.100690788030626,49.8638581931591,TRUNG BÌNH,KHÔNG ĐỀ XUẤT TĂNG,True,POL-INV-005|POL-INV-003|POL-INV-001|POL-PROMO-004|POL-PROMO-002|POL-HITL-001|POL-PROMO-001,RULE_BASED,PENDING_HUMAN_REVIEW
1209,DEC-S19-LAWN_AND_GARDEN,19,LAWN AND GARDEN,HIGH,3,RISK_HIGH|PROMO_EXTRAPOLATION,1.3791976213455202,6.808079600334168,75.06391789913178,9.436983746250833,BỔ SUNG THẬN TRỌNG,B,44.02151485681534,49.46797853708267,TRUNG BÌNH,KHÔNG ĐỀ XUẤT TĂNG,True,POL-INV-005|POL-INV-003|POL-INV-001|POL-PROMO-004|POL-PROMO-002|POL-HITL-001|POL-PROMO-001,RULE_BASED,PENDING_HUMAN_REVIEW
1210,DEC-S13-HARDWARE,13,HARDWARE,HIGH,3,RISK_HIGH|PROMO_EXTRAPOLATION,0.892303216457367,6.660019069910049,74.91585736870766,9.6636253091103,BỔ SUNG THẬN TRỌNG,B,43.99190275073052,49.319918006658554,TRUNG BÌNH,KHÔNG ĐỀ XUẤT TĂNG,True,POL-INV-005|POL-INV-003|POL-INV-001|POL-PROMO-004|POL-PROMO-002|POL-HITL-001|POL-PROMO-001,RULE_BASED,PENDING_HUMAN_REVIEW
1211,DEC-S13-BABY_CARE,13,BABY CARE,HIGH,3,RISK_HIGH|PROMO_EXTRAPOLATION,1.2882019370794298,6.633712515234947,74.88955081403256,9.64161916368524,BỔ SUNG THẬN TRỌNG,B,43.98664143979549,49.29361145198345,TRUNG BÌNH,KHÔNG ĐỀ XUẤT TĂNG,True,POL-INV-005|POL-INV-003|POL-INV-001|POL-PROMO-004|POL-PROMO-002|POL-HITL-001|POL-PROMO-001,RULE_BASED,PENDING_HUMAN_REVIEW
1212,DEC-S13-BOOKS,13,BOOKS,HIGH,3,RISK_HIGH|PROMO_EXTRAPOLATION,1.2882019370794298,6.633712515234947,74.88955081403256,9.64161916368524,BỔ SUNG THẬN TRỌNG,B,43.98664143979549,49.29361145198345,TRUNG BÌNH,KHÔNG ĐỀ XUẤT TĂNG,True,POL-INV-005|POL-INV-003|POL-INV-001|POL-PROMO-004|POL-PROMO-002|POL-HITL-001|POL-PROMO-001,RULE_BASED,PENDING_HUMAN_REVIEW
1213,DEC-S12-LAWN_AND_GARDEN,12,LAWN AND GARDEN,HIGH,3,RISK_HIGH|PROMO_EXTRAPOLATION,1.1464866638183595,6.575368642807007,74.83120694160462,9.726882446539635,BỔ SUNG THẬN TRỌNG,B,43.974972665309906,49.23526757955551,TRUNG BÌNH,KHÔNG ĐỀ XUẤT TĂNG,True,POL-INV-005|POL-INV-003|POL-INV-001|POL-PROMO-004|POL-PROMO-002|POL-HITL-001|POL-PROMO-001,RULE_BASED,PENDING_HUMAN_REVIEW
1214,DEC-S10-BABY_CARE,10,BABY CARE,HIGH,3,RISK_HIGH|PROMO_EXTRAPOLATION,0.8234040319919587,6.11140801012516,74.36724630892277,10.341671040702451,BỔ SUNG THẬN TRỌNG,B,43.88218053877354,48.771306946873665,TRUNG BÌNH,KHÔNG ĐỀ XUẤT TĂNG,True,POL-INV-005|POL-INV-003|POL-INV-001|POL-PROMO-004|POL-PROMO-002|POL-HITL-001|POL-PROMO-001,RULE_BASED,PENDING_HUMAN_REVIEW
1215,DEC-S10-BOOKS,10,BOOKS,HIGH,3,RISK_HIGH|PROMO_EXTRAPOLATION,0.8234040319919587,6.11140801012516,74.36724630892277,10.341671040702451,BỔ SUNG THẬN TRỌNG,B,43.88218053877354,48.771306946873665,TRUNG BÌNH,KHÔNG ĐỀ XUẤT TĂNG,True,POL-INV-005|POL-INV-003|POL-INV-001|POL-PROMO-004|POL-PROMO-002|POL-HITL-001|POL-PROMO-001,RULE_BASED,PENDING_HUMAN_REVIEW
1216,DEC-S13-LAWN_AND_GARDEN,13,LAWN AND GARDEN,HIGH,3,RISK_HIGH|PROMO_EXTRAPOLATION,0.7710854887962342,5.785942822694778,74.04178112149239,10.79742307696007,BỔ SUNG THẬN TRỌNG,B,43.81708750128746,48.44584175944328,TRUNG BÌNH,KHÔNG ĐỀ XUẤT TĂNG,True,POL-INV-005|POL-INV-003|POL-INV-001|POL-PROMO-004|POL-PROMO-002|POL-HITL-001|POL-PROMO-001,RULE_BASED,PENDING_HUMAN_REVIEW
1217,DEC-S10-HARDWARE,10,HARDWARE,HIGH,3,RISK_HIGH|PROMO_EXTRAPOLATION,0.7807756543159485,5.741122730076313,73.99696102887393,10.861126299910747,BỔ SUNG THẬN TRỌNG,B,43.80812348276377,48.40102166682482,TRUNG BÌNH,KHÔNG ĐỀ XUẤT TĂNG,True,POL-INV-005|POL-INV-003|POL-INV-001|POL-PROMO-004|POL-PROMO-002|POL-HITL-001|POL-PROMO-001,RULE_BASED,PENDING_HUMAN_REVIEW
1218,DEC-S10-LAWN_AND_GARDEN,10,LAWN AND GARDEN,HIGH,3,RISK_HIGH|PROMO_EXTRAPOLATION,0.3337058305740357,5.263638086616993,73.5194763854146,11.684227208339298,BỔ SUNG THẬN TRỌNG,B,43.7126265540719,47.9235370233655,TRUNG BÌNH,KHÔNG ĐỀ XUẤT TĂNG,True,POL-INV-005|POL-INV-003|POL-INV-001|POL-PROMO-004|POL-PROMO-002|POL-HITL-001|POL-PROMO-001,RULE_BASED,PENDING_HUMAN_REVIEW
1219,DEC-S08-SCHOOL_AND_OFFICE_SUPPLIES,8,SCHOOL AND OFFICE SUPPLIES,HIGH,3,RISK_HIGH|PROMO_EXTRAPOLATION,0.1112101078033447,5.028520584106445,73.28435888290406,12.137828469560834,BỔ SUNG THẬN TRỌNG,B,43.6656030535698,47.68841952085495,TRUNG BÌNH,KHÔNG ĐỀ XUẤT TĂNG,True,POL-INV-005|POL-INV-003|POL-INV-001|POL-PROMO-004|POL-PROMO-002|POL-HITL-001|POL-PROMO-001,RULE_BASED,PENDING_HUMAN_REVIEW
1220,DEC-S51-SCHOOL_AND_OFFICE_SUPPLIES,51,SCHOOL AND OFFICE SUPPLIES,HIGH,3,RISK_HIGH|PROMO_EXTRAPOLATION,0.356865644454956,4.9502047300338745,73.20604302883149,12.243137957366015,BỔ SUNG THẬN TRỌNG,B,43.64993988275528,47.61010366678238,TRUNG BÌNH,KHÔNG ĐỀ XUẤT TĂNG,True,POL-INV-005|POL-INV-003|POL-INV-001|POL-PROMO-004|POL-PROMO-002|POL-HITL-001|POL-PROMO-001,RULE_BASED,PENDING_HUMAN_REVIEW
1221,DEC-S28-SCHOOL_AND_OFFICE_SUPPLIES,28,SCHOOL AND OFFICE SUPPLIES,HIGH,3,RISK_HIGH|PROMO_EXTRAPOLATION,0.0,3.540074825286865,71.79591312408448,15.813817147726864,BỔ SUNG THẬN TRỌNG,B,43.36791390180588,46.19997376203537,TRUNG BÌNH,KHÔNG ĐỀ XUẤT TĂNG,True,POL-INV-005|POL-INV-003|POL-INV-001|POL-PROMO-004|POL-PROMO-002|POL-HITL-001|POL-PROMO-001,RULE_BASED,PENDING_HUMAN_REVIEW
1222,DEC-S27-SCHOOL_AND_OFFICE_SUPPLIES,27,SCHOOL AND OFFICE SUPPLIES,HIGH,3,RISK_HIGH|PROMO_EXTRAPOLATION,0.4263224720954895,2.899711072444916,69.02646368741989,17.59108301639272,BỔ SUNG THẬN TRỌNG,B,41.90916259884834,44.228931456804276,TRUNG BÌNH,KHÔNG ĐỀ XUẤT TĂNG,True,POL-INV-005|POL-INV-003|POL-INV-001|POL-PROMO-004|POL-PROMO-002|POL-HITL-001|POL-PROMO-001,RULE_BASED,PENDING_HUMAN_REVIEW
1223,DEC-S29-SCHOOL_AND_OFFICE_SUPPLIES,29,SCHOOL AND OFFICE SUPPLIES,HIGH,3,RISK_HIGH|PROMO_EXTRAPOLATION,0.0,1.8657180294394493,67.99247064441442,23.72615517155892,BỔ SUNG THẬN TRỌNG,B,41.70236399024725,43.19493841379881,TRUNG BÌNH,KHÔNG ĐỀ XUẤT TĂNG,True,POL-INV-005|POL-INV-003|POL-INV-001|POL-PROMO-004|POL-PROMO-002|POL-HITL-001|POL-PROMO-001,RULE_BASED,PENDING_HUMAN_REVIEW
1224,DEC-S21-SCHOOL_AND_OFFICE_SUPPLIES,21,SCHOOL AND OFFICE SUPPLIES,HIGH,3,RISK_HIGH|PROMO_EXTRAPOLATION,0.3164966225624085,0.757180392742157,64.7548473238945,36.671448741112584,BỔ SUNG THẬN TRỌNG,B,40.149977910518636,40.755722224712365,TRUNG BÌNH,KHÔNG ĐỀ XUẤT TĂNG,True,POL-INV-005|POL-INV-003|POL-INV-001|POL-PROMO-004|POL-PROMO-002|POL-HITL-001|POL-PROMO-001,RULE_BASED,PENDING_HUMAN_REVIEW
1225,DEC-S01-SCHOOL_AND_OFFICE_SUPPLIES,1,SCHOOL AND OFFICE SUPPLIES,HIGH,3,RISK_HIGH|PROMO_EXTRAPOLATION,0.0,0.0,63.997666931152345,63.997666931152345,BỔ SUNG THẬN TRỌNG,B,39.998541831970215,39.998541831970215,TRUNG BÌNH,KHÔNG ĐỀ XUẤT TĂNG,True,POL-INV-005|POL-INV-003|POL-INV-001|POL-PROMO-004|POL-PROMO-002|POL-HITL-001|POL-PROMO-001,RULE_BASED,PENDING_HUMAN_REVIEW
1226,DEC-S02-SCHOOL_AND_OFFICE_SUPPLIES,2,SCHOOL AND OFFICE SUPPLIES,HIGH,3,RISK_HIGH|PROMO_EXTRAPOLATION,0.0,0.0,63.997666931152345,63.997666931152345,BỔ SUNG THẬN TRỌNG,B,39.998541831970215,39.998541831970215,TRUNG BÌNH,KHÔNG ĐỀ XUẤT TĂNG,True,POL-INV-005|POL-INV-003|POL-INV-001|POL-PROMO-004|POL-PROMO-002|POL-HITL-001|POL-PROMO-001,RULE_BASED,PENDING_HUMAN_REVIEW
1227,DEC-S04-SCHOOL_AND_OFFICE_SUPPLIES,4,SCHOOL AND OFFICE SUPPLIES,HIGH,3,RISK_HIGH|PROMO_EXTRAPOLATION,0.0,0.0,63.997666931152345,63.997666931152345,BỔ SUNG THẬN TRỌNG,B,39.998541831970215,39.998541831970215,TRUNG BÌNH,KHÔNG ĐỀ XUẤT TĂNG,True,POL-INV-005|POL-INV-003|POL-INV-001|POL-PROMO-004|POL-PROMO-002|POL-HITL-001|POL-PROMO-001,RULE_BASED,PENDING_HUMAN_REVIEW
1228,DEC-S05-SCHOOL_AND_OFFICE_SUPPLIES,5,SCHOOL AND OFFICE SUPPLIES,HIGH,3,RISK_HIGH|PROMO_EXTRAPOLATION,0.0,0.0,63.997666931152345,63.997666931152345,BỔ SUNG THẬN TRỌNG,B,39.998541831970215,39.998541831970215,TRUNG BÌNH,KHÔNG ĐỀ XUẤT TĂNG,True,POL-INV-005|POL-INV-003|POL-INV-001|POL-PROMO-004|POL-PROMO-002|POL-HITL-001|POL-PROMO-001,RULE_BASED,PENDING_HUMAN_REVIEW
1229,DEC-S06-SCHOOL_AND_OFFICE_SUPPLIES,6,SCHOOL AND OFFICE SUPPLIES,HIGH,3,RISK_HIGH|PROMO_EXTRAPOLATION,0.0,0.0,63.997666931152345,63.997666931152345,BỔ SUNG THẬN TRỌNG,B,39.998541831970215,39.998541831970215,TRUNG BÌNH,KHÔNG ĐỀ XUẤT TĂNG,True,POL-INV-005|POL-INV-003|POL-INV-001|POL-PROMO-004|POL-PROMO-002|POL-HITL-001|POL-PROMO-001,RULE_BASED,PENDING_HUMAN_REVIEW
1230,DEC-S07-SCHOOL_AND_OFFICE_SUPPLIES,7,SCHOOL AND OFFICE SUPPLIES,HIGH,3,RISK_HIGH|PROMO_EXTRAPOLATION,0.0,0.0,63.997666931152345,63.997666931152345,BỔ SUNG THẬN TRỌNG,B,39.998541831970215,39.998541831970215,TRUNG BÌNH,KHÔNG ĐỀ XUẤT TĂNG,True,POL-INV-005|POL-INV-003|POL-INV-001|POL-PROMO-004|POL-PROMO-002|POL-HITL-001|POL-PROMO-001,RULE_BASED,PENDING_HUMAN_REVIEW
1231,DEC-S16-SCHOOL_AND_OFFICE_SUPPLIES,16,SCHOOL AND OFFICE SUPPLIES,HIGH,3,RISK_HIGH|PROMO_EXTRAPOLATION,0.0,0.0,63.997666931152345,63.997666931152345,BỔ SUNG THẬN TRỌNG,B,39.998541831970215,39.998541831970215,TRUNG BÌNH,KHÔNG ĐỀ XUẤT TĂNG,True,POL-INV-005|POL-INV-003|POL-INV-001|POL-PROMO-004|POL-PROMO-002|POL-HITL-001|POL-PROMO-001,RULE_BASED,PENDING_HUMAN_REVIEW
1232,DEC-S16-SEAFOOD,16,SEAFOOD,HIGH,3,RISK_HIGH|PROMO_EXTRAPOLATION,0.0,0.0,63.997666931152345,63.997666931152345,BỔ SUNG THẬN TRỌNG,B,39.998541831970215,39.998541831970215,TRUNG BÌNH,KHÔNG ĐỀ XUẤT TĂNG,True,POL-INV-005|POL-INV-003|POL-INV-001|POL-PROMO-004|POL-PROMO-002|POL-HITL-001|POL-PROMO-001,RULE_BASED,PENDING_HUMAN_REVIEW
1233,DEC-S23-SCHOOL_AND_OFFICE_SUPPLIES,23,SCHOOL AND OFFICE SUPPLIES,HIGH,3,RISK_HIGH|PROMO_EXTRAPOLATION,0.0,0.0,63.997666931152345,63.997666931152345,BỔ SUNG THẬN TRỌNG,B,39.998541831970215,39.998541831970215,TRUNG BÌNH,KHÔNG ĐỀ XUẤT TĂNG,True,POL-INV-005|POL-INV-003|POL-INV-001|POL-PROMO-004|POL-PROMO-002|POL-HITL-001|POL-PROMO-001,RULE_BASED,PENDING_HUMAN_REVIEW
1234,DEC-S24-SCHOOL_AND_OFFICE_SUPPLIES,24,SCHOOL AND OFFICE SUPPLIES,HIGH,3,RISK_HIGH|PROMO_EXTRAPOLATION,0.0,0.0,63.997666931152345,63.997666931152345,BỔ SUNG THẬN TRỌNG,B,39.998541831970215,39.998541831970215,TRUNG BÌNH,KHÔNG ĐỀ XUẤT TĂNG,True,POL-INV-005|POL-INV-003|POL-INV-001|POL-PROMO-004|POL-PROMO-002|POL-HITL-001|POL-PROMO-001,RULE_BASED,PENDING_HUMAN_REVIEW
1235,DEC-S25-SCHOOL_AND_OFFICE_SUPPLIES,25,SCHOOL AND OFFICE SUPPLIES,HIGH,3,RISK_HIGH|PROMO_EXTRAPOLATION,0.0,0.0,63.997666931152345,63.997666931152345,BỔ SUNG THẬN TRỌNG,B,39.998541831970215,39.998541831970215,TRUNG BÌNH,KHÔNG ĐỀ XUẤT TĂNG,True,POL-INV-005|POL-INV-003|POL-INV-001|POL-PROMO-004|POL-PROMO-002|POL-HITL-001|POL-PROMO-001,RULE_BASED,PENDING_HUMAN_REVIEW
1236,DEC-S26-SCHOOL_AND_OFFICE_SUPPLIES,26,SCHOOL AND OFFICE SUPPLIES,HIGH,3,RISK_HIGH|PROMO_EXTRAPOLATION,0.0,0.0,63.997666931152345,63.997666931152345,BỔ SUNG THẬN TRỌNG,B,39.998541831970215,39.998541831970215,TRUNG BÌNH,KHÔNG ĐỀ XUẤT TĂNG,True,POL-INV-005|POL-INV-003|POL-INV-001|POL-PROMO-004|POL-PROMO-002|POL-HITL-001|POL-PROMO-001,RULE_BASED,PENDING_HUMAN_REVIEW
1237,DEC-S30-SCHOOL_AND_OFFICE_SUPPLIES,30,SCHOOL AND OFFICE SUPPLIES,HIGH,3,RISK_HIGH|PROMO_EXTRAPOLATION,0.0,0.0,63.997666931152345,63.997666931152345,BỔ SUNG THẬN TRỌNG,B,39.998541831970215,39.998541831970215,TRUNG BÌNH,KHÔNG ĐỀ XUẤT TĂNG,True,POL-INV-005|POL-INV-003|POL-INV-001|POL-PROMO-004|POL-PROMO-002|POL-HITL-001|POL-PROMO-001,RULE_BASED,PENDING_HUMAN_REVIEW
1238,DEC-S32-SCHOOL_AND_OFFICE_SUPPLIES,32,SCHOOL AND OFFICE SUPPLIES,HIGH,3,RISK_HIGH|PROMO_EXTRAPOLATION,0.0,0.0,63.997666931152345,63.997666931152345,BỔ SUNG THẬN TRỌNG,B,39.998541831970215,39.998541831970215,TRUNG BÌNH,KHÔNG ĐỀ XUẤT TĂNG,True,POL-INV-005|POL-INV-003|POL-INV-001|POL-PROMO-004|POL-PROMO-002|POL-HITL-001|POL-PROMO-001,RULE_BASED,PENDING_HUMAN_REVIEW
1239,DEC-S33-SCHOOL_AND_OFFICE_SUPPLIES,33,SCHOOL AND OFFICE SUPPLIES,HIGH,3,RISK_HIGH|PROMO_EXTRAPOLATION,0.0,0.0,63.997666931152345,63.997666931152345,BỔ SUNG THẬN TRỌNG,B,39.998541831970215,39.998541831970215,TRUNG BÌNH,KHÔNG ĐỀ XUẤT TĂNG,True,POL-INV-005|POL-INV-003|POL-INV-001|POL-PROMO-004|POL-PROMO-002|POL-HITL-001|POL-PROMO-001,RULE_BASED,PENDING_HUMAN_REVIEW
1240,DEC-S35-SCHOOL_AND_OFFICE_SUPPLIES,35,SCHOOL AND OFFICE SUPPLIES,HIGH,3,RISK_HIGH|PROMO_EXTRAPOLATION,0.0,0.0,63.997666931152345,63.997666931152345,BỔ SUNG THẬN TRỌNG,B,39.998541831970215,39.998541831970215,TRUNG BÌNH,KHÔNG ĐỀ XUẤT TĂNG,True,POL-INV-005|POL-INV-003|POL-INV-001|POL-PROMO-004|POL-PROMO-002|POL-HITL-001|POL-PROMO-001,RULE_BASED,PENDING_HUMAN_REVIEW
1241,DEC-S35-SEAFOOD,35,SEAFOOD,HIGH,3,RISK_HIGH|PROMO_EXTRAPOLATION,0.0,0.0,63.997666931152345,63.997666931152345,BỔ SUNG THẬN TRỌNG,B,39.998541831970215,39.998541831970215,TRUNG BÌNH,KHÔNG ĐỀ XUẤT TĂNG,True,POL-INV-005|POL-INV-003|POL-INV-001|POL-PROMO-004|POL-PROMO-002|POL-HITL-001|POL-PROMO-001,RULE_BASED,PENDING_HUMAN_REVIEW
1242,DEC-S36-SCHOOL_AND_OFFICE_SUPPLIES,36,SCHOOL AND OFFICE SUPPLIES,HIGH,3,RISK_HIGH|PROMO_EXTRAPOLATION,0.0,0.0,63.997666931152345,63.997666931152345,BỔ SUNG THẬN TRỌNG,B,39.998541831970215,39.998541831970215,TRUNG BÌNH,KHÔNG ĐỀ XUẤT TĂNG,True,POL-INV-005|POL-INV-003|POL-INV-001|POL-PROMO-004|POL-PROMO-002|POL-HITL-001|POL-PROMO-001,RULE_BASED,PENDING_HUMAN_REVIEW
1243,DEC-S37-SCHOOL_AND_OFFICE_SUPPLIES,37,SCHOOL AND OFFICE SUPPLIES,HIGH,3,RISK_HIGH|PROMO_EXTRAPOLATION,0.0,0.0,63.997666931152345,63.997666931152345,BỔ SUNG THẬN TRỌNG,B,39.998541831970215,39.998541831970215,TRUNG BÌNH,KHÔNG ĐỀ XUẤT TĂNG,True,POL-INV-005|POL-INV-003|POL-INV-001|POL-PROMO-004|POL-PROMO-002|POL-HITL-001|POL-PROMO-001,RULE_BASED,PENDING_HUMAN_REVIEW
1244,DEC-S38-SCHOOL_AND_OFFICE_SUPPLIES,38,SCHOOL AND OFFICE SUPPLIES,HIGH,3,RISK_HIGH|PROMO_EXTRAPOLATION,0.0,0.0,63.997666931152345,63.997666931152345,BỔ SUNG THẬN TRỌNG,B,39.998541831970215,39.998541831970215,TRUNG BÌNH,KHÔNG ĐỀ XUẤT TĂNG,True,POL-INV-005|POL-INV-003|POL-INV-001|POL-PROMO-004|POL-PROMO-002|POL-HITL-001|POL-PROMO-001,RULE_BASED,PENDING_HUMAN_REVIEW
1245,DEC-S40-SCHOOL_AND_OFFICE_SUPPLIES,40,SCHOOL AND OFFICE SUPPLIES,HIGH,3,RISK_HIGH|PROMO_EXTRAPOLATION,0.0,0.0,63.997666931152345,63.997666931152345,BỔ SUNG THẬN TRỌNG,B,39.998541831970215,39.998541831970215,TRUNG BÌNH,KHÔNG ĐỀ XUẤT TĂNG,True,POL-INV-005|POL-INV-003|POL-INV-001|POL-PROMO-004|POL-PROMO-002|POL-HITL-001|POL-PROMO-001,RULE_BASED,PENDING_HUMAN_REVIEW
1246,DEC-S41-SCHOOL_AND_OFFICE_SUPPLIES,41,SCHOOL AND OFFICE SUPPLIES,HIGH,3,RISK_HIGH|PROMO_EXTRAPOLATION,0.0,0.0,63.997666931152345,63.997666931152345,BỔ SUNG THẬN TRỌNG,B,39.998541831970215,39.998541831970215,TRUNG BÌNH,KHÔNG ĐỀ XUẤT TĂNG,True,POL-INV-005|POL-INV-003|POL-INV-001|POL-PROMO-004|POL-PROMO-002|POL-HITL-001|POL-PROMO-001,RULE_BASED,PENDING_HUMAN_REVIEW
1247,DEC-S42-SCHOOL_AND_OFFICE_SUPPLIES,42,SCHOOL AND OFFICE SUPPLIES,HIGH,3,RISK_HIGH|PROMO_EXTRAPOLATION,0.0,0.0,63.997666931152345,63.997666931152345,BỔ SUNG THẬN TRỌNG,B,39.998541831970215,39.998541831970215,TRUNG BÌNH,KHÔNG ĐỀ XUẤT TĂNG,True,POL-INV-005|POL-INV-003|POL-INV-001|POL-PROMO-004|POL-PROMO-002|POL-HITL-001|POL-PROMO-001,RULE_BASED,PENDING_HUMAN_REVIEW
1248,DEC-S43-SEAFOOD,43,SEAFOOD,HIGH,3,RISK_HIGH|PROMO_EXTRAPOLATION,0.0,0.0,63.997666931152345,63.997666931152345,BỔ SUNG THẬN TRỌNG,B,39.998541831970215,39.998541831970215,TRUNG BÌNH,KHÔNG ĐỀ XUẤT TĂNG,True,POL-INV-005|POL-INV-003|POL-INV-001|POL-PROMO-004|POL-PROMO-002|POL-HITL-001|POL-PROMO-001,RULE_BASED,PENDING_HUMAN_REVIEW
1249,DEC-S53-SCHOOL_AND_OFFICE_SUPPLIES,53,SCHOOL AND OFFICE SUPPLIES,HIGH,3,RISK_HIGH|PROMO_EXTRAPOLATION,0.0,0.0,63.997666931152345,63.997666931152345,BỔ SUNG THẬN TRỌNG,B,39.998541831970215,39.998541831970215,TRUNG BÌNH,KHÔNG ĐỀ XUẤT TĂNG,True,POL-INV-005|POL-INV-003|POL-INV-001|POL-PROMO-004|POL-PROMO-002|POL-HITL-001|POL-PROMO-001,RULE_BASED,PENDING_HUMAN_REVIEW
1250,DEC-S54-SCHOOL_AND_OFFICE_SUPPLIES,54,SCHOOL AND OFFICE SUPPLIES,HIGH,3,RISK_HIGH|PROMO_EXTRAPOLATION,0.0,0.0,63.997666931152345,63.997666931152345,BỔ SUNG THẬN TRỌNG,B,39.998541831970215,39.998541831970215,TRUNG BÌNH,KHÔNG ĐỀ XUẤT TĂNG,True,POL-INV-005|POL-INV-003|POL-INV-001|POL-PROMO-004|POL-PROMO-002|POL-HITL-001|POL-PROMO-001,RULE_BASED,PENDING_HUMAN_REVIEW
1251,DEC-S22-MEATS,22,MEATS,HIGH,2,RISK_HIGH,1092.9573554992676,1671.0386505126953,2352.231752166748,0.7531371336908691,BỔ SUNG THẬN TRỌNG,B,759.9534186363219,2096.784339046478,TRUNG BÌNH,CÂN NHẮC THỬ NGHIỆM,False,POL-INV-005|POL-INV-003|POL-INV-001|POL-PROMO-005|POL-PROMO-003|POL-PROMO-002|POL-HITL-001|POL-INV-002,RULE_BASED,PENDING_HUMAN_REVIEW
1252,DEC-S25-HOME_CARE,25,HOME CARE,HIGH,2,RISK_HIGH,1040.3081245422363,1618.389419555664,2299.582521209717,0.7776229617537,BỔ SUNG THẬN TRỌNG,B,749.4235724449159,2044.1351080894472,TRUNG BÌNH,CÂN NHẮC THỬ NGHIỆM,False,POL-INV-005|POL-INV-003|POL-INV-001|POL-PROMO-005|POL-PROMO-003|POL-PROMO-002|POL-HITL-001|POL-INV-002,RULE_BASED,PENDING_HUMAN_REVIEW
1253,DEC-S11-PREPARED_FOODS,11,PREPARED FOODS,HIGH,2,RISK_HIGH,1017.631004333496,1613.9551010131836,2312.090775817871,0.801545362265652,BỔ SUNG THẬN TRỌNG,B,759.1258169555665,2050.2898977661134,TRUNG BÌNH,CÂN NHẮC THỬ NGHIỆM,False,POL-INV-005|POL-INV-003|POL-INV-001|POL-PROMO-005|POL-PROMO-003|POL-PROMO-002|POL-HITL-001|POL-INV-002,RULE_BASED,PENDING_HUMAN_REVIEW
1254,DEC-S35-DELI,35,DELI,HIGH,2,RISK_HIGH,1048.7468719482422,1608.5853652954102,2272.835893798828,0.7604995971281873,BỔ SUNG THẬN TRỌNG,B,736.8736533737178,2023.741945610046,TRUNG BÌNH,CÂN NHẮC THỬ NGHIỆM,False,POL-INV-005|POL-INV-003|POL-INV-001|POL-PROMO-005|POL-PROMO-003|POL-PROMO-002|POL-HITL-001|POL-INV-002,RULE_BASED,PENDING_HUMAN_REVIEW
1255,DEC-S35-PERSONAL_CARE,35,PERSONAL CARE,HIGH,2,RISK_HIGH,978.5592498779296,1501.912139892578,2132.2775220947265,0.7676551686509498,BỔ SUNG THẬN TRỌNG,B,694.3607918548585,1895.8905037689208,TRUNG BÌNH,CÂN NHẮC THỬ NGHIỆM,False,POL-INV-005|POL-INV-003|POL-INV-001|POL-PROMO-005|POL-PROMO-003|POL-PROMO-002|POL-HITL-001|POL-INV-002,RULE_BASED,PENDING_HUMAN_REVIEW
1256,DEC-S03-GROCERY_II,3,GROCERY II,HIGH,2,RISK_HIGH,961.9721488952636,1467.0822372436523,2080.505046295166,0.7619007089820563,BỔ SUNG THẬN TRỌNG,B,676.8057031059263,1850.4714929008483,TRUNG BÌNH,CÂN NHẮC THỬ NGHIỆM,False,POL-INV-005|POL-INV-003|POL-INV-001|POL-PROMO-005|POL-PROMO-003|POL-PROMO-002|POL-HITL-001|POL-INV-002,RULE_BASED,PENDING_HUMAN_REVIEW
1257,DEC-S47-SCHOOL_AND_OFFICE_SUPPLIES,47,SCHOOL AND OFFICE SUPPLIES,HIGH,2,RISK_HIGH,917.032371520996,1440.3852615356443,2070.750643737793,0.8004232476941184,BỔ SUNG THẬN TRỌNG,B,682.0554161834716,1834.3636254119872,TRUNG BÌNH,KHÔNG ĐỀ XUẤT TĂNG,False,POL-INV-005|POL-INV-003|POL-INV-001|POL-PROMO-002|POL-HITL-001|POL-INV-002,RULE_BASED,PENDING_HUMAN_REVIEW
1258,DEC-S05-EGGS,5,EGGS,HIGH,2,RISK_HIGH,924.5958671569824,1429.705955505371,2043.1287645568848,0.7818048796789979,BỔ SUNG THẬN TRỌNG,B,669.33044675827,1813.095211162567,TRUNG BÌNH,CÂN NHẮC THỬ NGHIỆM,False,POL-INV-005|POL-INV-003|POL-INV-001|POL-PROMO-005|POL-PROMO-003|POL-PROMO-002|POL-HITL-001|POL-INV-002,RULE_BASED,PENDING_HUMAN_REVIEW
1259,DEC-S45-HOME_AND_KITCHEN_II,45,HOME AND KITCHEN II,HIGH,2,RISK_HIGH,890.4409523010254,1395.551040649414,2008.9738497009275,0.8009251827128138,BỔ SUNG THẬN TRỌNG,B,662.4994637870789,1778.94029630661,TRUNG BÌNH,CÂN NHẮC THỬ NGHIỆM,False,POL-INV-005|POL-INV-003|POL-INV-001|POL-PROMO-005|POL-PROMO-003|POL-PROMO-002|POL-HITL-001|POL-INV-002,RULE_BASED,PENDING_HUMAN_REVIEW
1260,DEC-S14-PREPARED_FOODS,14,PREPARED FOODS,HIGH,2,RISK_HIGH,845.4599113464355,1350.5699996948242,1963.9928087463377,0.8275804417473455,BỔ SUNG THẬN TRỌNG,B,653.5032555961604,1733.9592553520201,TRUNG BÌNH,CÂN NHẮC THỬ NGHIỆM,False,POL-INV-005|POL-INV-003|POL-INV-001|POL-PROMO-005|POL-PROMO-003|POL-PROMO-002|POL-HITL-001|POL-INV-002,RULE_BASED,PENDING_HUMAN_REVIEW
1261,DEC-S47-HOME_AND_KITCHEN_II,47,HOME AND KITCHEN II,HIGH,2,RISK_HIGH,879.5177421569824,1348.1422271728516,1927.679889923096,0.7769100445121739,BỔ SUNG THẬN TRỌNG,B,631.8394846534729,1710.3532663917542,TRUNG BÌNH,CÂN NHẮC THỬ NGHIỆM,False,POL-INV-005|POL-INV-003|POL-INV-001|POL-PROMO-005|POL-PROMO-003|POL-PROMO-002|POL-HITL-001|POL-INV-002,RULE_BASED,PENDING_HUMAN_REVIEW
1262,DEC-S48-SCHOOL_AND_OFFICE_SUPPLIES,48,SCHOOL AND OFFICE SUPPLIES,HIGH,2,RISK_HIGH,833.0171318054199,1331.3937730789185,1934.8174032440184,0.826932918556456,BỔ SUNG THẬN TRỌNG,B,643.418523468971,1708.533541932106,TRUNG BÌNH,KHÔNG ĐỀ XUẤT TĂNG,False,POL-INV-005|POL-INV-003|POL-INV-001|POL-PROMO-002|POL-HITL-001|POL-INV-002,RULE_BASED,PENDING_HUMAN_REVIEW
1263,DEC-S42-LIQUOR_WINE_BEER,42,"LIQUOR,WINE,BEER",HIGH,2,RISK_HIGH,880.4458961486816,1330.827579498291,1893.4226690979003,0.7605915274188978,BỔ SUNG THẬN TRỌNG,B,617.7874468994141,1682.449510498047,TRUNG BÌNH,CÂN NHẮC THỬ NGHIỆM,False,POL-INV-005|POL-INV-003|POL-INV-001|POL-PROMO-005|POL-PROMO-003|POL-PROMO-002|POL-HITL-001|POL-INV-002,RULE_BASED,PENDING_HUMAN_REVIEW
1264,DEC-S32-PERSONAL_CARE,32,PERSONAL CARE,HIGH,2,RISK_HIGH,871.0791397094727,1321.460823059082,1884.0559126586916,0.7659786628733752,BỔ SUNG THẬN TRỌNG,B,615.9140956115723,1673.082754058838,TRUNG BÌNH,CÂN NHẮC THỬ NGHIỆM,False,POL-INV-005|POL-INV-003|POL-INV-001|POL-PROMO-005|POL-PROMO-003|POL-PROMO-002|POL-HITL-001|POL-INV-002,RULE_BASED,PENDING_HUMAN_REVIEW
1265,DEC-S50-SCHOOL_AND_OFFICE_SUPPLIES,50,SCHOOL AND OFFICE SUPPLIES,HIGH,2,RISK_HIGH,795.7730293273926,1274.5209732055664,1861.002030220032,0.8351324856819617,BỔ SUNG THẬN TRỌNG,B,621.4548552751542,1641.0716338396073,TRUNG BÌNH,KHÔNG ĐỀ XUẤT TĂNG,False,POL-INV-005|POL-INV-003|POL-INV-001|POL-PROMO-002|POL-HITL-001|POL-INV-002,RULE_BASED,PENDING_HUMAN_REVIEW
1266,DEC-S28-PREPARED_FOODS,28,PREPARED FOODS,HIGH,2,RISK_HIGH,825.6277122497559,1257.7665939331057,1803.41911038208,0.7767853094012809,BỔ SUNG THẬN TRỌNG,B,592.58614156723,1598.7994167137144,TRUNG BÌNH,CÂN NHẮC THỬ NGHIỆM,False,POL-INV-005|POL-INV-003|POL-INV-001|POL-PROMO-005|POL-PROMO-003|POL-PROMO-002|POL-HITL-001|POL-INV-002,RULE_BASED,PENDING_HUMAN_REVIEW
1267,DEC-S03-SEAFOOD,3,SEAFOOD,HIGH,2,RISK_HIGH,821.1222114562988,1235.018291473389,1763.7282347717285,0.7626149465731622,BỔ SUNG THẬN TRỌNG,B,577.4473728561403,1565.4620060348511,TRUNG BÌNH,CÂN NHẮC THỬ NGHIỆM,False,POL-INV-005|POL-INV-003|POL-INV-001|POL-PROMO-005|POL-PROMO-003|POL-PROMO-002|POL-HITL-001|POL-INV-002,RULE_BASED,PENDING_HUMAN_REVIEW
1268,DEC-S39-LIQUOR_WINE_BEER,39,"LIQUOR,WINE,BEER",HIGH,2,RISK_HIGH,800.0357856750488,1232.1746673583984,1777.8271838073729,0.7929058421438914,BỔ SUNG THẬN TRỌNG,B,587.4677562522886,1573.2074901390074,TRUNG BÌNH,CÂN NHẮC THỬ NGHIỆM,False,POL-INV-005|POL-INV-003|POL-INV-001|POL-PROMO-005|POL-PROMO-003|POL-PROMO-002|POL-HITL-001|POL-INV-002,RULE_BASED,PENDING_HUMAN_REVIEW
1269,DEC-S27-PREPARED_FOODS,27,PREPARED FOODS,HIGH,2,RISK_HIGH,777.6111106872559,1191.5071907043457,1720.2171340026855,0.79044053626099,BỔ SUNG THẬN TRỌNG,B,568.7451527023316,1521.9509052658082,TRUNG BÌNH,CÂN NHẮC THỬ NGHIỆM,False,POL-INV-005|POL-INV-003|POL-INV-001|POL-PROMO-005|POL-PROMO-003|POL-PROMO-002|POL-HITL-001|POL-INV-002,RULE_BASED,PENDING_HUMAN_REVIEW
1270,DEC-S23-FROZEN_FOODS,23,FROZEN FOODS,HIGH,2,RISK_HIGH,757.0750389099121,1189.2139205932615,1734.8664370422362,0.8215257620621211,BỔ SUNG THẬN TRỌNG,B,578.8756068992612,1530.2467433738707,TRUNG BÌNH,CÂN NHẮC THỬ NGHIỆM,False,POL-INV-005|POL-INV-003|POL-INV-001|POL-PROMO-005|POL-PROMO-003|POL-PROMO-002|POL-HITL-001|POL-INV-002,RULE_BASED,PENDING_HUMAN_REVIEW
1271,DEC-S22-LIQUOR_WINE_BEER,22,"LIQUOR,WINE,BEER",HIGH,2,RISK_HIGH,786.8126106262207,1182.4658889770508,1694.233259124756,0.7667484605600927,BỔ SUNG THẬN TRỌNG,B,556.3477841377259,1502.3204953193665,TRUNG BÌNH,CÂN NHẮC THỬ NGHIỆM,False,POL-INV-005|POL-INV-003|POL-INV-001|POL-PROMO-005|POL-PROMO-003|POL-PROMO-002|POL-HITL-001|POL-INV-002,RULE_BASED,PENDING_HUMAN_REVIEW
1272,DEC-S19-SCHOOL_AND_OFFICE_SUPPLIES,19,SCHOOL AND OFFICE SUPPLIES,MEDIUM,2,RISK_MEDIUM|PROMO_EXTRAPOLATION,819.3817367553711,1154.8140411376953,1575.514337497711,0.6541991824204355,BỔ SUNG THEO P90,C,651.6631045875546,1575.514337497711,CAO,CÂN NHẮC THỬ NGHIỆM,True,POL-INV-002|POL-INV-003|POL-INV-001|POL-PROMO-004|POL-PROMO-005|POL-PROMO-003|POL-PROMO-002|POL-HITL-001|POL-PROMO-001,RULE_BASED,PENDING_HUMAN_REVIEW
1273,DEC-S32-MEATS,32,MEATS,HIGH,2,RISK_HIGH,747.8814315795898,1125.2919082641602,1620.1167052612304,0.7744309155394081,BỔ SUNG THẬN TRỌNG,B,534.3238797760009,1434.5574063873291,TRUNG BÌNH,CÂN NHẮC THỬ NGHIỆM,False,POL-INV-005|POL-INV-003|POL-INV-001|POL-PROMO-005|POL-PROMO-003|POL-PROMO-002|POL-HITL-001|POL-INV-002,RULE_BASED,PENDING_HUMAN_REVIEW
1274,DEC-S45-HOME_AND_KITCHEN_I,45,HOME AND KITCHEN I,HIGH,2,RISK_HIGH,727.9112548828125,1105.3217315673828,1600.146528564453,0.788410142179798,BỔ SUNG THẬN TRỌNG,B,530.3298444366455,1414.5872296905518,TRUNG BÌNH,CÂN NHẮC THỬ NGHIỆM,False,POL-INV-005|POL-INV-003|POL-INV-001|POL-PROMO-005|POL-PROMO-003|POL-PROMO-002|POL-HITL-001|POL-INV-002,RULE_BASED,PENDING_HUMAN_REVIEW
1275,DEC-S38-PREPARED_FOODS,38,PREPARED FOODS,HIGH,2,RISK_HIGH,706.4880981445312,1102.141376495361,1613.9087466430665,0.8225787445135787,BỔ SUNG THẬN TRỌNG,B,540.2828816413877,1421.9959828376768,TRUNG BÌNH,CÂN NHẮC THỬ NGHIỆM,False,POL-INV-005|POL-INV-003|POL-INV-001|POL-PROMO-005|POL-PROMO-003|POL-PROMO-002|POL-HITL-001|POL-INV-002,RULE_BASED,PENDING_HUMAN_REVIEW
1276,DEC-S54-EGGS,54,EGGS,HIGH,2,RISK_HIGH,721.6992149353027,1099.109691619873,1593.934488616943,0.7928620939583801,BỔ SUNG THẬN TRỌNG,B,529.0874364471433,1408.3751897430418,TRUNG BÌNH,CÂN NHẮC THỬ NGHIỆM,False,POL-INV-005|POL-INV-003|POL-INV-001|POL-PROMO-005|POL-PROMO-003|POL-PROMO-002|POL-HITL-001|POL-INV-002,RULE_BASED,PENDING_HUMAN_REVIEW
1277,DEC-S19-EGGS,19,EGGS,HIGH,2,RISK_HIGH,690.9372100830078,1086.590488433838,1598.357858581543,0.8343403681336414,BỔ SUNG THẬN TRỌNG,B,537.1727040290832,1406.4450947761536,TRUNG BÌNH,CÂN NHẮC THỬ NGHIỆM,False,POL-INV-005|POL-INV-003|POL-INV-001|POL-PROMO-005|POL-PROMO-003|POL-PROMO-002|POL-HITL-001|POL-INV-002,RULE_BASED,PENDING_HUMAN_REVIEW
1278,DEC-S16-POULTRY,16,POULTRY,HIGH,2,RISK_HIGH,694.6124496459961,1072.0229263305664,1566.847723327637,0.8128766425004894,BỔ SUNG THẬN TRỌNG,B,523.6700833892822,1381.2884244537354,TRUNG BÌNH,CÂN NHẮC THỬ NGHIỆM,False,POL-INV-005|POL-INV-003|POL-INV-001|POL-PROMO-005|POL-PROMO-003|POL-PROMO-002|POL-HITL-001|POL-INV-002,RULE_BASED,PENDING_HUMAN_REVIEW
1279,DEC-S49-SEAFOOD,49,SEAFOOD,HIGH,2,RISK_HIGH,712.3823585510254,1071.550033569336,1549.4322574157711,0.7804296980711752,BỔ SUNG THẬN TRỌNG,B,512.9863966178891,1370.226423473358,TRUNG BÌNH,CÂN NHẮC THỬ NGHIỆM,False,POL-INV-005|POL-INV-003|POL-INV-001|POL-PROMO-005|POL-PROMO-003|POL-PROMO-002|POL-HITL-001|POL-INV-002,RULE_BASED,PENDING_HUMAN_REVIEW
1280,DEC-S50-PREPARED_FOODS,50,PREPARED FOODS,HIGH,2,RISK_HIGH,689.702392578125,1067.1128692626953,1561.9376662597656,0.8166133924439404,BỔ SUNG THẬN TRỌNG,B,522.688071975708,1376.3783673858643,TRUNG BÌNH,CÂN NHẮC THỬ NGHIỆM,False,POL-INV-005|POL-INV-003|POL-INV-001|POL-PROMO-005|POL-PROMO-003|POL-PROMO-002|POL-HITL-001|POL-INV-002,RULE_BASED,PENDING_HUMAN_REVIEW
1281,DEC-S34-FROZEN_FOODS,34,FROZEN FOODS,HIGH,2,RISK_HIGH,705.4780426025391,1064.6457176208496,1542.527941467285,0.7854861001398622,BỔ SUNG THẬN TRỌNG,B,511.60553342819185,1363.3221075248716,TRUNG BÌNH,CÂN NHẮC THỬ NGHIỆM,False,POL-INV-005|POL-INV-003|POL-INV-001|POL-PROMO-005|POL-PROMO-003|POL-PROMO-002|POL-HITL-001|POL-INV-002,RULE_BASED,PENDING_HUMAN_REVIEW
1282,DEC-S30-MEATS,30,MEATS,HIGH,2,RISK_HIGH,719.7064399719238,1060.6313133239746,1521.5709640197754,0.7553135575261137,BỔ SUNG THẬN TRỌNG,B,500.2135443496704,1348.7185950088501,TRUNG BÌNH,CÂN NHẮC THỬ NGHIỆM,False,POL-INV-005|POL-INV-003|POL-INV-001|POL-PROMO-005|POL-PROMO-003|POL-PROMO-002|POL-HITL-001|POL-INV-002,RULE_BASED,PENDING_HUMAN_REVIEW
1283,DEC-S18-FROZEN_FOODS,18,FROZEN FOODS,HIGH,2,RISK_HIGH,700.832405090332,1060.0000801086426,1537.882303955078,0.7889253870546693,BỔ SUNG THẬN TRỌNG,B,510.6764059257505,1358.6764700126646,TRUNG BÌNH,CÂN NHẮC THỬ NGHIỆM,False,POL-INV-005|POL-INV-003|POL-INV-001|POL-PROMO-005|POL-PROMO-003|POL-PROMO-002|POL-HITL-001|POL-INV-002,RULE_BASED,PENDING_HUMAN_REVIEW
1284,DEC-S12-EGGS,12,EGGS,HIGH,2,RISK_HIGH,692.9244575500488,1052.0921325683594,1529.9743564147948,0.7948496365871488,BỔ SUNG THẬN TRỌNG,B,509.0948164176939,1350.7685224723814,TRUNG BÌNH,CÂN NHẮC THỬ NGHIỆM,False,POL-INV-005|POL-INV-003|POL-INV-001|POL-PROMO-005|POL-PROMO-003|POL-PROMO-002|POL-HITL-001|POL-INV-002,RULE_BASED,PENDING_HUMAN_REVIEW
1285,DEC-S49-HOME_AND_KITCHEN_I,49,HOME AND KITCHEN I,HIGH,2,RISK_HIGH,686.1859893798828,1045.3536643981934,1523.2358882446288,0.7999684306989762,BỔ SUNG THẬN TRỌNG,B,507.74712278366064,1344.0300543022154,TRUNG BÌNH,CÂN NHẮC THỬ NGHIỆM,False,POL-INV-005|POL-INV-003|POL-INV-001|POL-PROMO-005|POL-PROMO-003|POL-PROMO-002|POL-HITL-001|POL-INV-002,RULE_BASED,PENDING_HUMAN_REVIEW
1286,DEC-S33-FROZEN_FOODS,33,FROZEN FOODS,HIGH,2,RISK_HIGH,696.4130477905273,1037.337921142578,1498.277571838379,0.7722577666868671,BỔ SUNG THẬN TRỌNG,B,495.55486591339104,1325.4252028274536,TRUNG BÌNH,CÂN NHẮC THỬ NGHIỆM,False,POL-INV-005|POL-INV-003|POL-INV-001|POL-PROMO-005|POL-PROMO-003|POL-PROMO-002|POL-HITL-001|POL-INV-002,RULE_BASED,PENDING_HUMAN_REVIEW
1287,DEC-S38-HOME_AND_KITCHEN_II,38,HOME AND KITCHEN II,HIGH,2,RISK_HIGH,664.4914894104004,1005.4163627624512,1466.356013458252,0.7967522724360943,BỔ SUNG THẬN TRỌNG,B,489.17055423736565,1293.5036444473267,TRUNG BÌNH,CÂN NHẮC THỬ NGHIỆM,False,POL-INV-005|POL-INV-003|POL-INV-001|POL-PROMO-005|POL-PROMO-003|POL-PROMO-002|POL-HITL-001|POL-INV-002,RULE_BASED,PENDING_HUMAN_REVIEW
1288,DEC-S54-POULTRY,54,POULTRY,HIGH,2,RISK_HIGH,663.415397644043,1004.3402709960938,1465.2799216918943,0.7976050966836948,BỔ SUNG THẬN TRỌNG,B,488.955335884094,1292.427552680969,TRUNG BÌNH,CÂN NHẮC THỬ NGHIỆM,False,POL-INV-005|POL-INV-003|POL-INV-001|POL-PROMO-005|POL-PROMO-003|POL-PROMO-002|POL-HITL-001|POL-INV-002,RULE_BASED,PENDING_HUMAN_REVIEW
1289,DEC-S16-LIQUOR_WINE_BEER,16,"LIQUOR,WINE,BEER",HIGH,2,RISK_HIGH,642.3175773620605,1001.4852523803712,1479.3674762268065,0.8349747758156003,BỔ SUNG THẬN TRỌNG,B,498.97344038009624,1300.161642284393,TRUNG BÌNH,CÂN NHẮC THỬ NGHIỆM,False,POL-INV-005|POL-INV-003|POL-INV-001|POL-PROMO-005|POL-PROMO-003|POL-PROMO-002|POL-HITL-001|POL-INV-002,RULE_BASED,PENDING_HUMAN_REVIEW
1290,DEC-S47-HOME_AND_KITCHEN_I,47,HOME AND KITCHEN I,HIGH,2,RISK_HIGH,632.2218589782715,991.389533996582,1469.2717578430174,0.8434690917121551,BỔ SUNG THẬN TRỌNG,B,496.9542967033384,1290.065923900604,TRUNG BÌNH,CÂN NHẮC THỬ NGHIỆM,False,POL-INV-005|POL-INV-003|POL-INV-001|POL-PROMO-005|POL-PROMO-003|POL-PROMO-002|POL-HITL-001|POL-INV-002,RULE_BASED,PENDING_HUMAN_REVIEW
1291,DEC-S23-LIQUOR_WINE_BEER,23,"LIQUOR,WINE,BEER",HIGH,2,RISK_HIGH,631.7418251037598,990.9095001220704,1468.7917239685055,0.8438772879599734,BỔ SUNG THẬN TRỌNG,B,496.8582899284361,1289.5858900260923,TRUNG BÌNH,CÂN NHẮC THỬ NGHIỆM,False,POL-INV-005|POL-INV-003|POL-INV-001|POL-PROMO-005|POL-PROMO-003|POL-PROMO-002|POL-HITL-001|POL-INV-002,RULE_BASED,PENDING_HUMAN_REVIEW
1292,DEC-S28-LIQUOR_WINE_BEER,28,"LIQUOR,WINE,BEER",HIGH,2,RISK_HIGH,588.8330345153809,984.4863128662108,1496.253683013916,0.9207846285143955,BỔ SUNG THẬN TRỌNG,B,516.7518689155579,1304.3409192085267,TRUNG BÌNH,CÂN NHẮC THỬ NGHIỆM,False,POL-INV-005|POL-INV-003|POL-INV-001|POL-PROMO-005|POL-PROMO-003|POL-PROMO-002|POL-HITL-001|POL-INV-002,RULE_BASED,PENDING_HUMAN_REVIEW
1293,DEC-S09-SCHOOL_AND_OFFICE_SUPPLIES,9,SCHOOL AND OFFICE SUPPLIES,HIGH,2,RISK_HIGH,646.5369777679443,980.728404045105,1431.6688758544922,0.7997445065778859,BỔ SUNG THẬN TRỌNG,B,477.983475689888,1262.566198925972,TRUNG BÌNH,CÂN NHẮC THỬ NGHIỆM,False,POL-INV-005|POL-INV-003|POL-INV-001|POL-PROMO-005|POL-PROMO-003|POL-PROMO-002|POL-HITL-001|POL-INV-002,RULE_BASED,PENDING_HUMAN_REVIEW
1294,DEC-S49-GROCERY_II,49,GROCERY II,HIGH,2,RISK_HIGH,647.7013969421387,970.3834686279296,1414.3805461730958,0.7892651810452206,BỔ SUNG THẬN TRỌNG,B,471.57486719131464,1247.8816420936585,TRUNG BÌNH,CÂN NHẮC THỬ NGHIỆM,False,POL-INV-005|POL-INV-003|POL-INV-001|POL-PROMO-005|POL-PROMO-003|POL-PROMO-002|POL-HITL-001|POL-INV-002,RULE_BASED,PENDING_HUMAN_REVIEW
1295,DEC-S43-FROZEN_FOODS,43,FROZEN FOODS,HIGH,2,RISK_HIGH,610.0727195739746,969.2403945922852,1447.1226184387206,0.8627242315720027,BỔ SUNG THẬN TRỌNG,B,492.524468822479,1267.9167844963072,TRUNG BÌNH,CÂN NHẮC THỬ NGHIỆM,False,POL-INV-005|POL-INV-003|POL-INV-001|POL-PROMO-005|POL-PROMO-003|POL-PROMO-002|POL-HITL-001|POL-INV-002,RULE_BASED,PENDING_HUMAN_REVIEW
1296,DEC-S05-GROCERY_II,5,GROCERY II,HIGH,2,RISK_HIGH,604.2339286804199,963.4016036987304,1441.283827545166,0.8679474356476002,BỔ SUNG THẬN TRỌNG,B,491.35671064376834,1262.0779936027527,TRUNG BÌNH,CÂN NHẮC THỬ NGHIỆM,False,POL-INV-005|POL-INV-003|POL-INV-001|POL-PROMO-005|POL-PROMO-003|POL-PROMO-002|POL-HITL-001|POL-INV-002,RULE_BASED,PENDING_HUMAN_REVIEW
1297,DEC-S47-SEAFOOD,47,SEAFOOD,HIGH,2,RISK_HIGH,582.6964492797852,960.1069259643556,1454.9317229614255,0.9075319822572883,BỔ SUNG THẬN TRỌNG,B,501.28688331603985,1269.3724240875242,TRUNG BÌNH,CÂN NHẮC THỬ NGHIỆM,False,POL-INV-005|POL-INV-003|POL-INV-001|POL-PROMO-005|POL-PROMO-003|POL-PROMO-002|POL-HITL-001|POL-INV-002,RULE_BASED,PENDING_HUMAN_REVIEW
1298,DEC-S18-LIQUOR_WINE_BEER,18,"LIQUOR,WINE,BEER",HIGH,2,RISK_HIGH,617.0266876220703,957.9515609741212,1418.891211669922,0.8361887676926064,BỔ SUNG THẬN TRỌNG,B,479.67759387969966,1246.0388426589966,TRUNG BÌNH,CÂN NHẮC THỬ NGHIỆM,False,POL-INV-005|POL-INV-003|POL-INV-001|POL-PROMO-005|POL-PROMO-003|POL-PROMO-002|POL-HITL-001|POL-INV-002,RULE_BASED,PENDING_HUMAN_REVIEW
1299,DEC-S20-PREPARED_FOODS,20,PREPARED FOODS,HIGH,2,RISK_HIGH,572.0517234802246,949.4622001647948,1444.2869971618652,0.9176959099798068,BỔ SUNG THẬN TRỌNG,B,499.1579381561279,1258.727698287964,TRUNG BÌNH,CÂN NHẮC THỬ NGHIỆM,False,POL-INV-005|POL-INV-003|POL-INV-001|POL-PROMO-005|POL-PROMO-003|POL-PROMO-002|POL-HITL-001|POL-INV-002,RULE_BASED,PENDING_HUMAN_REVIEW
1300,DEC-S15-SCHOOL_AND_OFFICE_SUPPLIES,15,SCHOOL AND OFFICE SUPPLIES,MEDIUM,2,RISK_MEDIUM|PROMO_EXTRAPOLATION,686.0866546630859,946.9784469604492,1288.411492336273,0.6353781983171152,BỔ SUNG THEO P90,C,530.8287347679137,1288.411492336273,CAO,CÂN NHẮC THỬ NGHIỆM,True,POL-INV-002|POL-INV-003|POL-INV-001|POL-PROMO-004|POL-PROMO-005|POL-PROMO-003|POL-PROMO-002|POL-HITL-001|POL-PROMO-001,RULE_BASED,PENDING_HUMAN_REVIEW
1301,DEC-S09-LIQUOR_WINE_BEER,9,"LIQUOR,WINE,BEER",HIGH,2,RISK_HIGH,585.7002029418945,944.8678779602052,1422.7501018066405,0.8849543560670136,BỔ SUNG THẬN TRỌNG,B,487.64996549606303,1243.544267864227,TRUNG BÌNH,CÂN NHẮC THỬ NGHIỆM,False,POL-INV-005|POL-INV-003|POL-INV-001|POL-PROMO-005|POL-PROMO-003|POL-PROMO-002|POL-HITL-001|POL-INV-002,RULE_BASED,PENDING_HUMAN_REVIEW
1302,DEC-S52-LAWN_AND_GARDEN,52,LAWN AND GARDEN,HIGH,2,RISK_HIGH,579.7137413024902,938.8814163208008,1416.7636401672362,0.8905909664023441,BỔ SUNG THẬN TRỌNG,B,486.4526731681822,1237.5578062248228,TRUNG BÌNH,CÂN NHẮC THỬ NGHIỆM,False,POL-INV-005|POL-INV-003|POL-INV-001|POL-PROMO-005|POL-PROMO-003|POL-PROMO-002|POL-HITL-001|POL-INV-002,RULE_BASED,PENDING_HUMAN_REVIEW
1303,DEC-S05-LIQUOR_WINE_BEER,5,"LIQUOR,WINE,BEER",HIGH,2,RISK_HIGH,575.7127265930176,934.880401611328,1412.7626254577635,0.8943983626792236,BỔ SUNG THẬN TRỌNG,B,485.6524702262876,1233.5567915153501,TRUNG BÌNH,CÂN NHẮC THỬ NGHIỆM,False,POL-INV-005|POL-INV-003|POL-INV-001|POL-PROMO-005|POL-PROMO-003|POL-PROMO-002|POL-HITL-001|POL-INV-002,RULE_BASED,PENDING_HUMAN_REVIEW
1304,DEC-S31-PREPARED_FOODS,31,PREPARED FOODS,HIGH,2,RISK_HIGH,584.9454689025879,925.8703422546388,1386.8099929504394,0.8651312783374782,BỔ SUNG THẬN TRỌNG,B,473.26135013580324,1213.9576239395142,TRUNG BÌNH,CÂN NHẮC THỬ NGHIỆM,False,POL-INV-005|POL-INV-003|POL-INV-001|POL-PROMO-005|POL-PROMO-003|POL-PROMO-002|POL-HITL-001|POL-INV-002,RULE_BASED,PENDING_HUMAN_REVIEW
1305,DEC-S22-EGGS,22,EGGS,HIGH,2,RISK_HIGH,556.5793266296387,915.7470016479492,1393.6292254943846,0.9130653248497793,BỔ SUNG THẬN TRỌNG,B,481.82579023361177,1214.4233915519712,TRUNG BÌNH,CÂN NHẮC THỬ NGHIỆM,False,POL-INV-005|POL-INV-003|POL-INV-001|POL-PROMO-005|POL-PROMO-003|POL-PROMO-002|POL-HITL-001|POL-INV-002,RULE_BASED,PENDING_HUMAN_REVIEW
1306,DEC-S37-PREPARED_FOODS,37,PREPARED FOODS,HIGH,2,RISK_HIGH,609.7008361816406,914.140106201172,1341.1946105957031,0.7993243542243583,BỔ SUNG THẬN TRỌNG,B,449.73708648681634,1181.049171447754,TRUNG BÌNH,CÂN NHẮC THỬ NGHIỆM,False,POL-INV-005|POL-INV-003|POL-INV-001|POL-PROMO-005|POL-PROMO-003|POL-PROMO-002|POL-HITL-001|POL-INV-002,RULE_BASED,PENDING_HUMAN_REVIEW
1307,DEC-S36-LIQUOR_WINE_BEER,36,"LIQUOR,WINE,BEER",HIGH,2,RISK_HIGH,567.1662139892578,908.0910873413086,1369.0307380371094,0.8820508035041378,BỔ SUNG THẬN TRỌNG,B,469.7054991531372,1196.178369026184,TRUNG BÌNH,CÂN NHẮC THỬ NGHIỆM,False,POL-INV-005|POL-INV-003|POL-INV-001|POL-PROMO-005|POL-PROMO-003|POL-PROMO-002|POL-HITL-001|POL-INV-002,RULE_BASED,PENDING_HUMAN_REVIEW
1308,DEC-S15-FROZEN_FOODS,15,FROZEN FOODS,HIGH,2,RISK_HIGH,564.8159599304199,905.7408332824708,1366.6804839782717,0.8843370615008493,BỔ SUNG THẬN TRỌNG,B,469.23544834136965,1193.8281149673462,TRUNG BÌNH,CÂN NHẮC THỬ NGHIỆM,False,POL-INV-005|POL-INV-003|POL-INV-001|POL-PROMO-005|POL-PROMO-003|POL-PROMO-002|POL-HITL-001|POL-INV-002,RULE_BASED,PENDING_HUMAN_REVIEW
1309,DEC-S13-SCHOOL_AND_OFFICE_SUPPLIES,13,SCHOOL AND OFFICE SUPPLIES,MEDIUM,2,RISK_MEDIUM|PROMO_EXTRAPOLATION,643.2798309326172,904.1716232299804,1245.6046686058044,0.6654261161257728,BỔ SUNG THEO P90,C,522.2673700218199,1245.6046686058044,CAO,CÂN NHẮC THỬ NGHIỆM,True,POL-INV-002|POL-INV-003|POL-INV-001|POL-PROMO-004|POL-PROMO-005|POL-PROMO-003|POL-PROMO-002|POL-HITL-001|POL-PROMO-001,RULE_BASED,PENDING_HUMAN_REVIEW
1310,DEC-S03-LAWN_AND_GARDEN,3,LAWN AND GARDEN,HIGH,2,RISK_HIGH,576.5624923706055,899.2445640563965,1343.2416416015626,0.8516343001021753,BỔ SUNG THẬN TRỌNG,B,457.347086277008,1176.7427375221253,TRUNG BÌNH,CÂN NHẮC THỬ NGHIỆM,False,POL-INV-005|POL-INV-003|POL-INV-001|POL-PROMO-005|POL-PROMO-003|POL-PROMO-002|POL-HITL-001|POL-INV-002,RULE_BASED,PENDING_HUMAN_REVIEW
1311,DEC-S30-LIQUOR_WINE_BEER,30,"LIQUOR,WINE,BEER",HIGH,2,RISK_HIGH,568.3970146179199,895.8549938201904,1336.796286743164,0.8567709132690627,BỔ SUNG THẬN TRỌNG,B,454.75930684089656,1171.443301897049,TRUNG BÌNH,CÂN NHẮC THỬ NGHIỆM,False,POL-INV-005|POL-INV-003|POL-INV-001|POL-PROMO-005|POL-PROMO-003|POL-PROMO-002|POL-HITL-001|POL-INV-002,RULE_BASED,PENDING_HUMAN_REVIEW
1312,DEC-S22-FROZEN_FOODS,22,FROZEN FOODS,HIGH,2,RISK_HIGH,545.2251129150391,886.1499862670898,1347.0896369628906,0.9038657909717176,BỔ SUNG THẬN TRỌNG,B,465.3172789382934,1174.2372679519654,TRUNG BÌNH,CÂN NHẮC THỬ NGHIỆM,False,POL-INV-005|POL-INV-003|POL-INV-001|POL-PROMO-005|POL-PROMO-003|POL-PROMO-002|POL-HITL-001|POL-INV-002,RULE_BASED,PENDING_HUMAN_REVIEW
1313,DEC-S29-PREPARED_FOODS,29,PREPARED FOODS,HIGH,2,RISK_HIGH,562.8418579101562,885.5239295959473,1329.5210071411134,0.8648149515607413,BỔ SUNG THẬN TRỌNG,B,454.6029593849182,1163.022103061676,TRUNG BÌNH,CÂN NHẮC THỬ NGHIỆM,False,POL-INV-005|POL-INV-003|POL-INV-001|POL-PROMO-005|POL-PROMO-003|POL-PROMO-002|POL-HITL-001|POL-INV-002,RULE_BASED,PENDING_HUMAN_REVIEW
1314,DEC-S03-HOME_AND_KITCHEN_II,3,HOME AND KITCHEN II,HIGH,2,RISK_HIGH,580.7584381103516,885.1977081298828,1312.252212524414,0.8254295488505747,BỔ SUNG THẬN TRỌNG,B,443.94860687255857,1152.1067733764648,TRUNG BÌNH,CÂN NHẮC THỬ NGHIỆM,False,POL-INV-005|POL-INV-003|POL-INV-001|POL-PROMO-005|POL-PROMO-003|POL-PROMO-002|POL-HITL-001|POL-INV-002,RULE_BASED,PENDING_HUMAN_REVIEW
1315,DEC-S40-LIQUOR_WINE_BEER,40,"LIQUOR,WINE,BEER",HIGH,2,RISK_HIGH,543.8702735900879,884.7951469421387,1345.7347976379394,0.9052482696659326,BỔ SUNG THẬN TRỌNG,B,465.0463110733032,1172.8824286270142,TRUNG BÌNH,CÂN NHẮC THỬ NGHIỆM,False,POL-INV-005|POL-INV-003|POL-INV-001|POL-PROMO-005|POL-PROMO-003|POL-PROMO-002|POL-HITL-001|POL-INV-002,RULE_BASED,PENDING_HUMAN_REVIEW
1316,DEC-S52-GROCERY_II,52,GROCERY II,HIGH,2,RISK_HIGH,576.2561454772949,880.6954154968262,1307.7499198913574,0.8296445252603173,BỔ SUNG THẬN TRỌNG,B,443.0481483459472,1147.6044807434082,TRUNG BÌNH,CÂN NHẮC THỬ NGHIỆM,False,POL-INV-005|POL-INV-003|POL-INV-001|POL-PROMO-005|POL-PROMO-003|POL-PROMO-002|POL-HITL-001|POL-INV-002,RULE_BASED,PENDING_HUMAN_REVIEW
1317,DEC-S53-PREPARED_FOODS,53,PREPARED FOODS,HIGH,2,RISK_HIGH,553.5410118103027,876.2230834960938,1320.22016104126,0.8739842391919584,BỔ SUNG THẬN TRỌNG,B,452.7427901649477,1153.7212569618227,TRUNG BÌNH,CÂN NHẮC THỬ NGHIỆM,False,POL-INV-005|POL-INV-003|POL-INV-001|POL-PROMO-005|POL-PROMO-003|POL-PROMO-002|POL-HITL-001|POL-INV-002,RULE_BASED,PENDING_HUMAN_REVIEW
1318,DEC-S32-POULTRY,32,POULTRY,HIGH,2,RISK_HIGH,508.8919944763184,849.8168678283691,1310.75651852417,0.9424643003312053,BỔ SUNG THẬN TRỌNG,B,458.0506552505493,1137.9041495132446,TRUNG BÌNH,CÂN NHẮC THỬ NGHIỆM,False,POL-INV-005|POL-INV-003|POL-INV-001|POL-PROMO-005|POL-PROMO-003|POL-PROMO-002|POL-HITL-001|POL-INV-002,RULE_BASED,PENDING_HUMAN_REVIEW
1319,DEC-S20-LIQUOR_WINE_BEER,20,"LIQUOR,WINE,BEER",HIGH,2,RISK_HIGH,504.8875236511231,845.8123970031738,1306.7520476989746,0.9469210971469117,BỔ SUNG THẬN TRỌNG,B,457.2497610855103,1133.8996786880493,TRUNG BÌNH,CÂN NHẮC THỬ NGHIỆM,False,POL-INV-005|POL-INV-003|POL-INV-001|POL-PROMO-005|POL-PROMO-003|POL-PROMO-002|POL-HITL-001|POL-INV-002,RULE_BASED,PENDING_HUMAN_REVIEW
1320,DEC-S47-GROCERY_II,47,GROCERY II,HIGH,2,RISK_HIGH,519.7714080810547,842.4534797668457,1286.4505573120118,0.9089762122303282,BỔ SUNG THẬN TRỌNG,B,445.9888694190979,1119.9516532325745,TRUNG BÌNH,CÂN NHẮC THỬ NGHIỆM,False,POL-INV-005|POL-INV-003|POL-INV-001|POL-PROMO-005|POL-PROMO-003|POL-PROMO-002|POL-HITL-001|POL-INV-002,RULE_BASED,PENDING_HUMAN_REVIEW
1321,DEC-S44-PET_SUPPLIES,44,PET SUPPLIES,HIGH,2,RISK_HIGH,516.4598388671875,839.1419105529785,1283.1389880981446,0.9125591041236493,BỔ SUNG THẬN TRỌNG,B,445.3265555763244,1116.6400840187073,TRUNG BÌNH,CÂN NHẮC THỬ NGHIỆM,False,POL-INV-005|POL-INV-003|POL-INV-001|POL-PROMO-005|POL-PROMO-003|POL-PROMO-002|POL-HITL-001|POL-INV-002,RULE_BASED,PENDING_HUMAN_REVIEW
1322,DEC-S13-EGGS,13,EGGS,HIGH,2,RISK_HIGH,531.5267639160156,835.9660339355469,1263.020538330078,0.8739826286312512,BỔ SUNG THẬN TRỌNG,B,434.1022720336912,1102.8750991821287,TRUNG BÌNH,CÂN NHẮC THỬ NGHIỆM,False,POL-INV-005|POL-INV-003|POL-INV-001|POL-PROMO-005|POL-PROMO-003|POL-PROMO-002|POL-HITL-001|POL-INV-002,RULE_BASED,PENDING_HUMAN_REVIEW
1323,DEC-S39-PREPARED_FOODS,39,PREPARED FOODS,HIGH,2,RISK_HIGH,525.7580833435059,830.1973533630371,1257.2518577575684,0.8800482478131428,BỔ SUNG THẬN TRỌNG,B,432.94853591918945,1097.1064186096191,TRUNG BÌNH,CÂN NHẮC THỬ NGHIỆM,False,POL-INV-005|POL-INV-003|POL-INV-001|POL-PROMO-005|POL-PROMO-003|POL-PROMO-002|POL-HITL-001|POL-INV-002,RULE_BASED,PENDING_HUMAN_REVIEW
1324,DEC-S48-HOME_AND_KITCHEN_II,48,HOME AND KITCHEN II,HIGH,2,RISK_HIGH,493.7366161346436,827.9280424118042,1278.8685142211914,0.9471653242688841,BỔ SUNG THẬN TRỌNG,B,447.42340336322786,1109.7658372926712,TRUNG BÌNH,CÂN NHẮC THỬ NGHIỆM,False,POL-INV-005|POL-INV-003|POL-INV-001|POL-PROMO-005|POL-PROMO-003|POL-PROMO-002|POL-HITL-001|POL-INV-002,RULE_BASED,PENDING_HUMAN_REVIEW
1325,DEC-S35-POULTRY,35,POULTRY,HIGH,2,RISK_HIGH,503.3485641479492,826.0306358337402,1270.0277133789064,0.9270262986788368,BỔ SUNG THẬN TRỌNG,B,442.7043006324768,1103.528809299469,TRUNG BÌNH,CÂN NHẮC THỬ NGHIỆM,False,POL-INV-005|POL-INV-003|POL-INV-001|POL-PROMO-005|POL-PROMO-003|POL-PROMO-002|POL-HITL-001|POL-INV-002,RULE_BASED,PENDING_HUMAN_REVIEW
1326,DEC-S03-HOME_AND_KITCHEN_I,3,HOME AND KITCHEN I,HIGH,2,RISK_HIGH,526.5913772583008,824.2972002029419,1241.3525257110596,0.8660651560153092,BỔ SUNG THẬN TRỌNG,B,425.51901848316186,1084.9567786455154,TRUNG BÌNH,CÂN NHẮC THỬ NGHIỆM,False,POL-INV-005|POL-INV-003|POL-INV-001|POL-PROMO-005|POL-PROMO-003|POL-PROMO-002|POL-HITL-001|POL-INV-002,RULE_BASED,PENDING_HUMAN_REVIEW
1327,DEC-S18-PREPARED_FOODS,18,PREPARED FOODS,HIGH,2,RISK_HIGH,497.8045120239258,820.4865837097168,1264.483661254883,0.9332826176767768,BỔ SUNG THẬN TRỌNG,B,441.5954902076721,1097.9847571754456,TRUNG BÌNH,CÂN NHẮC THỬ NGHIỆM,False,POL-INV-005|POL-INV-003|POL-INV-001|POL-PROMO-005|POL-PROMO-003|POL-PROMO-002|POL-HITL-001|POL-INV-002,RULE_BASED,PENDING_HUMAN_REVIEW
1328,DEC-S01-PREPARED_FOODS,1,PREPARED FOODS,HIGH,2,RISK_HIGH,496.6314201354981,801.0706901550293,1228.1251945495603,0.9120066141211002,BỔ SUNG THẬN TRỌNG,B,427.12320327758766,1067.979755401611,TRUNG BÌNH,CÂN NHẮC THỬ NGHIỆM,False,POL-INV-005|POL-INV-003|POL-INV-001|POL-PROMO-005|POL-PROMO-003|POL-PROMO-002|POL-HITL-001|POL-INV-002,RULE_BASED,PENDING_HUMAN_REVIEW
1329,DEC-S49-HOME_AND_KITCHEN_II,49,HOME AND KITCHEN II,HIGH,2,RISK_HIGH,495.1725959777832,799.6118659973145,1226.6663703918457,0.9136684147228418,BỔ SUNG THẬN TRỌNG,B,426.8314384460449,1066.5209312438965,TRUNG BÌNH,CÂN NHẮC THỬ NGHIỆM,False,POL-INV-005|POL-INV-003|POL-INV-001|POL-PROMO-005|POL-PROMO-003|POL-PROMO-002|POL-HITL-001|POL-INV-002,RULE_BASED,PENDING_HUMAN_REVIEW
1330,DEC-S40-PREPARED_FOODS,40,PREPARED FOODS,HIGH,2,RISK_HIGH,480.11083602905273,784.550106048584,1211.6046104431152,0.9311866535077798,BỔ SUNG THẬN TRỌNG,B,423.8190864562988,1051.459171295166,TRUNG BÌNH,CÂN NHẮC THỬ NGHIỆM,False,POL-INV-005|POL-INV-003|POL-INV-001|POL-PROMO-005|POL-PROMO-003|POL-PROMO-002|POL-HITL-001|POL-INV-002,RULE_BASED,PENDING_HUMAN_REVIEW
1331,DEC-S46-SEAFOOD,46,SEAFOOD,HIGH,2,RISK_HIGH,478.6929321289063,783.1322021484375,1210.1867065429688,0.9328704680280298,BỔ SUNG THẬN TRỌNG,B,423.5355056762695,1050.0412673950195,TRUNG BÌNH,CÂN NHẮC THỬ NGHIỆM,False,POL-INV-005|POL-INV-003|POL-INV-001|POL-PROMO-005|POL-PROMO-003|POL-PROMO-002|POL-HITL-001|POL-INV-002,RULE_BASED,PENDING_HUMAN_REVIEW
1332,DEC-S37-GROCERY_II,37,GROCERY II,HIGH,2,RISK_HIGH,477.08502197265625,781.5242919921875,1208.5787963867188,0.9347873055183896,BỔ SUNG THẬN TRỌNG,B,423.21392364501946,1048.4333572387695,TRUNG BÌNH,CÂN NHẮC THỬ NGHIỆM,False,POL-INV-005|POL-INV-003|POL-INV-001|POL-PROMO-005|POL-PROMO-003|POL-PROMO-002|POL-HITL-001|POL-INV-002,RULE_BASED,PENDING_HUMAN_REVIEW
1333,DEC-S11-LIQUOR_WINE_BEER,11,"LIQUOR,WINE,BEER",HIGH,2,RISK_HIGH,460.8069553375244,776.7555799484253,1210.7534786071778,0.9642444780908985,BỔ SUNG THẬN TRỌNG,B,426.5998026514053,1048.0042666101456,TRUNG BÌNH,CÂN NHẮC THỬ NGHIỆM,False,POL-INV-005|POL-INV-003|POL-INV-001|POL-PROMO-005|POL-PROMO-003|POL-PROMO-002|POL-HITL-001|POL-INV-002,RULE_BASED,PENDING_HUMAN_REVIEW
1334,DEC-S50-HOME_AND_KITCHEN_I,50,HOME AND KITCHEN I,HIGH,2,RISK_HIGH,466.60650634765625,771.0457763671875,1198.1002807617188,0.947474614596119,BỔ SUNG THẬN TRỌNG,B,421.11822052001946,1037.9548416137695,TRUNG BÌNH,CÂN NHẮC THỬ NGHIỆM,False,POL-INV-005|POL-INV-003|POL-INV-001|POL-PROMO-005|POL-PROMO-003|POL-PROMO-002|POL-HITL-001|POL-INV-002,RULE_BASED,PENDING_HUMAN_REVIEW
1335,DEC-S52-HOME_AND_KITCHEN_I,52,HOME AND KITCHEN I,HIGH,2,RISK_HIGH,448.6255340576172,753.0648040771484,1180.1193084716797,0.97006752000485,BỔ SUNG THẬN TRỌNG,B,417.5220260620117,1019.9738693237305,TRUNG BÌNH,CÂN NHẮC THỬ NGHIỆM,False,POL-INV-005|POL-INV-003|POL-INV-001|POL-PROMO-005|POL-PROMO-003|POL-PROMO-002|POL-HITL-001|POL-INV-002,RULE_BASED,PENDING_HUMAN_REVIEW
1336,DEC-S44-LADIESWEAR,44,LADIESWEAR,HIGH,2,RISK_HIGH,434.460018157959,750.4086427688599,1184.4065414276124,0.9980541619885837,BỔ SUNG THẬN TRỌNG,B,421.3304152154923,1021.6573294305801,TRUNG BÌNH,CÂN NHẮC THỬ NGHIỆM,False,POL-INV-005|POL-INV-003|POL-INV-001|POL-PROMO-005|POL-PROMO-003|POL-PROMO-002|POL-HITL-001|POL-INV-002,RULE_BASED,PENDING_HUMAN_REVIEW
1337,DEC-S35-FROZEN_FOODS,35,FROZEN FOODS,HIGH,2,RISK_HIGH,410.5587043762207,744.7501306533813,1195.6906024627683,1.0528082608563036,BỔ SUNG THẬN TRỌNG,B,430.7878210115431,1026.5879255342481,TRUNG BÌNH,CÂN NHẮC THỬ NGHIỆM,False,POL-INV-005|POL-INV-003|POL-INV-001|POL-PROMO-005|POL-PROMO-003|POL-PROMO-002|POL-HITL-001|POL-INV-002,RULE_BASED,PENDING_HUMAN_REVIEW
1338,DEC-S06-HOME_AND_KITCHEN_II,6,HOME AND KITCHEN II,HIGH,2,RISK_HIGH,437.648365020752,742.0876350402832,1169.1421394348145,0.9843977209692203,BỔ SUNG THẬN TRỌNG,B,415.3265922546386,1008.9967002868652,TRUNG BÌNH,CÂN NHẮC THỬ NGHIỆM,False,POL-INV-005|POL-INV-003|POL-INV-001|POL-PROMO-005|POL-PROMO-003|POL-PROMO-002|POL-HITL-001|POL-INV-002,RULE_BASED,PENDING_HUMAN_REVIEW
1339,DEC-S35-LIQUOR_WINE_BEER,35,"LIQUOR,WINE,BEER",HIGH,2,RISK_HIGH,430.7362747192383,739.951452255249,1163.950172027588,0.9895572713659602,BỔ SUNG THẬN TRỌNG,B,412.98949030876156,1004.9506521129608,TRUNG BÌNH,CÂN NHẮC THỬ NGHIỆM,False,POL-INV-005|POL-INV-003|POL-INV-001|POL-PROMO-005|POL-PROMO-003|POL-PROMO-002|POL-HITL-001|POL-INV-002,RULE_BASED,PENDING_HUMAN_REVIEW
1340,DEC-S18-SCHOOL_AND_OFFICE_SUPPLIES,18,SCHOOL AND OFFICE SUPPLIES,HIGH,2,RISK_HIGH,448.5924415588379,739.5648174285889,1146.620964050293,0.9425623605981857,BỔ SUNG THẬN TRỌNG,B,402.32305512428286,993.9749090671539,TRUNG BÌNH,CÂN NHẮC THỬ NGHIỆM,False,POL-INV-005|POL-INV-003|POL-INV-001|POL-PROMO-005|POL-PROMO-003|POL-PROMO-002|POL-HITL-001|POL-INV-002,RULE_BASED,PENDING_HUMAN_REVIEW
1341,DEC-S34-LIQUOR_WINE_BEER,34,"LIQUOR,WINE,BEER",HIGH,2,RISK_HIGH,431.39538192749023,735.8346519470215,1162.8891563415527,0.9927515928860754,BỔ SUNG THẬN TRỌNG,B,414.07599563598626,1002.7437171936035,TRUNG BÌNH,CÂN NHẮC THỬ NGHIỆM,False,POL-INV-005|POL-INV-003|POL-INV-001|POL-PROMO-005|POL-PROMO-003|POL-PROMO-002|POL-HITL-001|POL-INV-002,RULE_BASED,PENDING_HUMAN_REVIEW
1342,DEC-S52-HOME_AND_KITCHEN_II,52,HOME AND KITCHEN II,HIGH,2,RISK_HIGH,429.6016578674317,734.0409278869629,1161.095432281494,0.9951742095734755,BỔ SUNG THẬN TRỌNG,B,413.7172508239744,1000.9499931335447,TRUNG BÌNH,CÂN NHẮC THỬ NGHIỆM,False,POL-INV-005|POL-INV-003|POL-INV-001|POL-PROMO-005|POL-PROMO-003|POL-PROMO-002|POL-HITL-001|POL-INV-002,RULE_BASED,PENDING_HUMAN_REVIEW
1343,DEC-S54-MEATS,54,MEATS,HIGH,2,RISK_HIGH,422.7031784057617,727.142448425293,1154.1969528198242,1.0046025691758766,BỔ SUNG THẬN TRỌNG,B,412.3375549316406,994.051513671875,TRUNG BÌNH,CÂN NHẮC THỬ NGHIỆM,False,POL-INV-005|POL-INV-003|POL-INV-001|POL-PROMO-005|POL-PROMO-003|POL-PROMO-002|POL-HITL-001|POL-INV-002,RULE_BASED,PENDING_HUMAN_REVIEW
1344,DEC-S02-GROCERY_II,2,GROCERY II,HIGH,2,RISK_HIGH,418.4541931152344,722.8934631347656,1149.9479675292969,1.0104992124758032,BỔ SUNG THẬN TRỌNG,B,411.4877578735351,989.8025283813477,TRUNG BÌNH,CÂN NHẮC THỬ NGHIỆM,False,POL-INV-005|POL-INV-003|POL-INV-001|POL-PROMO-005|POL-PROMO-003|POL-PROMO-002|POL-HITL-001|POL-INV-002,RULE_BASED,PENDING_HUMAN_REVIEW
1345,DEC-S16-MEATS,16,MEATS,HIGH,2,RISK_HIGH,415.850528717041,720.2897987365723,1147.3443031311035,1.0141468459631118,BỔ SUNG THẬN TRỌNG,B,410.9670249938964,987.1988639831543,TRUNG BÌNH,CÂN NHẮC THỬ NGHIỆM,False,POL-INV-005|POL-INV-003|POL-INV-001|POL-PROMO-005|POL-PROMO-003|POL-PROMO-002|POL-HITL-001|POL-INV-002,RULE_BASED,PENDING_HUMAN_REVIEW
1346,DEC-S08-HOME_AND_KITCHEN_I,8,HOME AND KITCHEN I,HIGH,2,RISK_HIGH,398.642656326294,714.5912809371948,1148.5891795959474,1.0480095876621978,BỔ SUNG THẬN TRỌNG,B,414.1669428491592,985.8399675989151,TRUNG BÌNH,CÂN NHẮC THỬ NGHIỆM,False,POL-INV-005|POL-INV-003|POL-INV-001|POL-PROMO-005|POL-PROMO-003|POL-PROMO-002|POL-HITL-001|POL-INV-002,RULE_BASED,PENDING_HUMAN_REVIEW
1347,DEC-S51-LAWN_AND_GARDEN,51,LAWN AND GARDEN,HIGH,2,RISK_HIGH,391.6975440979004,707.6461687088013,1141.6440673675538,1.0582806432667293,BỔ SUNG THẬN TRỌNG,B,412.7779204034805,978.8948553705216,TRUNG BÌNH,CÂN NHẮC THỬ NGHIỆM,False,POL-INV-005|POL-INV-003|POL-INV-001|POL-PROMO-005|POL-PROMO-003|POL-PROMO-002|POL-HITL-001|POL-INV-002,RULE_BASED,PENDING_HUMAN_REVIEW
1348,DEC-S17-PREPARED_FOODS,17,PREPARED FOODS,HIGH,2,RISK_HIGH,402.4649162292481,706.9041862487793,1133.9586906433103,1.0333231369774565,BỔ SUNG THẬN TRỌNG,B,408.2899024963376,973.8132514953611,TRUNG BÌNH,CÂN NHẮC THỬ NGHIỆM,False,POL-INV-005|POL-INV-003|POL-INV-001|POL-PROMO-005|POL-PROMO-003|POL-PROMO-002|POL-HITL-001|POL-INV-002,RULE_BASED,PENDING_HUMAN_REVIEW
1349,DEC-S09-HOME_AND_KITCHEN_I,9,HOME AND KITCHEN I,HIGH,2,RISK_HIGH,407.9990463256836,705.7048692703247,1122.7601947784424,1.0113997787941553,BỔ SUNG THẬN TRỌNG,B,401.80055229663844,966.3644477128983,TRUNG BÌNH,CÂN NHẮC THỬ NGHIỆM,False,POL-INV-005|POL-INV-003|POL-INV-001|POL-PROMO-005|POL-PROMO-003|POL-PROMO-002|POL-HITL-001|POL-INV-002,RULE_BASED,PENDING_HUMAN_REVIEW
1350,DEC-S50-HOME_AND_KITCHEN_II,50,HOME AND KITCHEN II,HIGH,2,RISK_HIGH,398.6380577087402,703.0773277282715,1130.1318321228027,1.0389395391756913,BỔ SUNG THẬN TRỌNG,B,407.5245307922363,969.9863929748535,TRUNG BÌNH,CÂN NHẮC THỬ NGHIỆM,False,POL-INV-005|POL-INV-003|POL-INV-001|POL-PROMO-005|POL-PROMO-003|POL-PROMO-002|POL-HITL-001|POL-INV-002,RULE_BASED,PENDING_HUMAN_REVIEW
1351,DEC-S17-LIQUOR_WINE_BEER,17,"LIQUOR,WINE,BEER",HIGH,2,RISK_HIGH,392.0787353515625,701.2939128875732,1125.2926326599122,1.044027128604383,BỔ SUNG THẬN TRỌNG,B,405.2579824352264,966.293112745285,TRUNG BÌNH,CÂN NHẮC THỬ NGHIỆM,False,POL-INV-005|POL-INV-003|POL-INV-001|POL-PROMO-005|POL-PROMO-003|POL-PROMO-002|POL-HITL-001|POL-INV-002,RULE_BASED,PENDING_HUMAN_REVIEW
1352,DEC-S30-FROZEN_FOODS,30,FROZEN FOODS,HIGH,2,RISK_HIGH,395.9719543457031,700.4112243652344,1127.4657287597656,1.0428886065746272,BỔ SUNG THẬN TRỌNG,B,406.9913101196289,967.3202896118164,TRUNG BÌNH,CÂN NHẮC THỬ NGHIỆM,False,POL-INV-005|POL-INV-003|POL-INV-001|POL-PROMO-005|POL-PROMO-003|POL-PROMO-002|POL-HITL-001|POL-INV-002,RULE_BASED,PENDING_HUMAN_REVIEW
1353,DEC-S14-FROZEN_FOODS,14,FROZEN FOODS,HIGH,2,RISK_HIGH,397.9667282104492,695.6725511550903,1112.727876663208,1.025964274417985,BỔ SUNG THẬN TRỌNG,B,399.79408867359155,956.3321295976639,TRUNG BÌNH,CÂN NHẮC THỬ NGHIỆM,False,POL-INV-005|POL-INV-003|POL-INV-001|POL-PROMO-005|POL-PROMO-003|POL-PROMO-002|POL-HITL-001|POL-INV-002,RULE_BASED,PENDING_HUMAN_REVIEW
1354,DEC-S08-HOME_AND_KITCHEN_II,8,HOME AND KITCHEN II,HIGH,2,RISK_HIGH,397.1623134613037,694.8681364059448,1111.9234619140625,1.0271502761204063,BỔ SUNG THẬN TRỌNG,B,399.63320572376244,955.5277148485184,TRUNG BÌNH,CÂN NHẮC THỬ NGHIỆM,False,POL-INV-005|POL-INV-003|POL-INV-001|POL-PROMO-005|POL-PROMO-003|POL-PROMO-002|POL-HITL-001|POL-INV-002,RULE_BASED,PENDING_HUMAN_REVIEW
1355,DEC-S12-LIQUOR_WINE_BEER,12,"LIQUOR,WINE,BEER",HIGH,2,RISK_HIGH,405.5168914794922,689.755820274353,1086.8127880096436,0.9863049670136049,BỔ SUNG THẬN TRỌNG,B,386.11176888942714,937.9164251089096,TRUNG BÌNH,CÂN NHẮC THỬ NGHIỆM,False,POL-INV-005|POL-INV-003|POL-INV-001|POL-PROMO-005|POL-PROMO-003|POL-PROMO-002|POL-HITL-001|POL-INV-002,RULE_BASED,PENDING_HUMAN_REVIEW
1356,DEC-S07-HOME_AND_KITCHEN_I,7,HOME AND KITCHEN I,HIGH,2,RISK_HIGH,387.2604503631592,689.7421808242798,1103.7417217102052,1.03726294880682,BỔ SUNG THẬN TRỌNG,B,396.69814921855925,948.4918938779831,TRUNG BÌNH,CÂN NHẮC THỬ NGHIỆM,False,POL-INV-005|POL-INV-003|POL-INV-001|POL-PROMO-005|POL-PROMO-003|POL-PROMO-002|POL-HITL-001|POL-INV-002,RULE_BASED,PENDING_HUMAN_REVIEW
1357,DEC-S51-SEAFOOD,51,SEAFOOD,HIGH,2,RISK_HIGH,383.1175308227539,687.5568008422852,1114.6113052368164,1.0623579253291147,BỔ SUNG THẬN TRỌNG,B,404.42042541503906,954.4658660888672,TRUNG BÌNH,CÂN NHẮC THỬ NGHIỆM,False,POL-INV-005|POL-INV-003|POL-INV-001|POL-PROMO-005|POL-PROMO-003|POL-PROMO-002|POL-HITL-001|POL-INV-002,RULE_BASED,PENDING_HUMAN_REVIEW
1358,DEC-S54-LIQUOR_WINE_BEER,54,"LIQUOR,WINE,BEER",HIGH,2,RISK_HIGH,380.9455871582031,685.3848571777344,1112.4393615722656,1.0657195693707553,BỔ SUNG THẬN TRỌNG,B,403.9860366821289,952.2939224243164,TRUNG BÌNH,CÂN NHẮC THỬ NGHIỆM,False,POL-INV-005|POL-INV-003|POL-INV-001|POL-PROMO-005|POL-PROMO-003|POL-PROMO-002|POL-HITL-001|POL-INV-002,RULE_BASED,PENDING_HUMAN_REVIEW
1359,DEC-S51-HOME_AND_KITCHEN_II,51,HOME AND KITCHEN II,HIGH,2,RISK_HIGH,379.47620010375977,683.915470123291,1110.9699745178225,1.0680059165292137,BỔ SUNG THẬN TRỌNG,B,403.69215927124037,950.8245353698732,TRUNG BÌNH,CÂN NHẮC THỬ NGHIỆM,False,POL-INV-005|POL-INV-003|POL-INV-001|POL-PROMO-005|POL-PROMO-003|POL-PROMO-002|POL-HITL-001|POL-INV-002,RULE_BASED,PENDING_HUMAN_REVIEW
1360,DEC-S47-LADIESWEAR,47,LADIESWEAR,HIGH,2,RISK_HIGH,396.2547149658203,680.4936437606812,1077.5506114959717,0.9997098326120276,BỔ SUNG THẬN TRỌNG,B,384.25933358669283,928.6542485952377,TRUNG BÌNH,CÂN NHẮC THỬ NGHIỆM,False,POL-INV-005|POL-INV-003|POL-INV-001|POL-PROMO-005|POL-PROMO-003|POL-PROMO-002|POL-HITL-001|POL-INV-002,RULE_BASED,PENDING_HUMAN_REVIEW
1361,DEC-S42-PREPARED_FOODS,42,PREPARED FOODS,HIGH,2,RISK_HIGH,375.59967041015625,680.0389404296875,1107.0934448242188,1.0740850940954147,BỔ SUNG THẬN TRỌNG,B,402.9168533325195,946.9480056762695,TRUNG BÌNH,CÂN NHẮC THỬ NGHIỆM,False,POL-INV-005|POL-INV-003|POL-INV-001|POL-PROMO-005|POL-PROMO-003|POL-PROMO-002|POL-HITL-001|POL-INV-002,RULE_BASED,PENDING_HUMAN_REVIEW
1362,DEC-S46-LADIESWEAR,46,LADIESWEAR,HIGH,2,RISK_HIGH,394.2577705383301,678.4966993331909,1075.5536670684814,1.0026478380229455,BỔ SUNG THẬN TRỌNG,B,383.85994470119476,926.6573041677475,TRUNG BÌNH,CÂN NHẮC THỬ NGHIỆM,False,POL-INV-005|POL-INV-003|POL-INV-001|POL-PROMO-005|POL-PROMO-003|POL-PROMO-002|POL-HITL-001|POL-INV-002,RULE_BASED,PENDING_HUMAN_REVIEW
1363,DEC-S46-GROCERY_II,46,GROCERY II,HIGH,2,RISK_HIGH,370.9612045288086,675.4004745483398,1102.454978942871,1.0814507114332093,BỔ SUNG THẬN TRỌNG,B,401.98916015625,942.3095397949219,TRUNG BÌNH,CÂN NHẮC THỬ NGHIỆM,False,POL-INV-005|POL-INV-003|POL-INV-001|POL-PROMO-005|POL-PROMO-003|POL-PROMO-002|POL-HITL-001|POL-INV-002,RULE_BASED,PENDING_HUMAN_REVIEW
1364,DEC-S41-PREPARED_FOODS,41,PREPARED FOODS,HIGH,2,RISK_HIGH,367.8815803527832,672.3208503723145,1099.3753547668457,1.0863970334641815,BỔ SUNG THẬN TRỌNG,B,401.37323532104494,939.2299156188965,TRUNG BÌNH,CÂN NHẮC THỬ NGHIỆM,False,POL-INV-005|POL-INV-003|POL-INV-001|POL-PROMO-005|POL-PROMO-003|POL-PROMO-002|POL-HITL-001|POL-INV-002,RULE_BASED,PENDING_HUMAN_REVIEW
1365,DEC-S48-GROCERY_II,48,GROCERY II,HIGH,2,RISK_HIGH,366.867431640625,671.3067016601562,1098.3612060546875,1.0880358214602845,BỔ SUNG THẬN TRỌNG,B,401.1704055786132,938.2157669067383,TRUNG BÌNH,CÂN NHẮC THỬ NGHIỆM,False,POL-INV-005|POL-INV-003|POL-INV-001|POL-PROMO-005|POL-PROMO-003|POL-PROMO-002|POL-HITL-001|POL-INV-002,RULE_BASED,PENDING_HUMAN_REVIEW
1366,DEC-S48-LADIESWEAR,48,LADIESWEAR,HIGH,2,RISK_HIGH,382.27833557128906,666.5172643661499,1063.5742321014404,1.020641611684883,BỔ SUNG THẬN TRỌNG,B,381.46405770778654,914.6778692007065,TRUNG BÌNH,CÂN NHẮC THỬ NGHIỆM,False,POL-INV-005|POL-INV-003|POL-INV-001|POL-PROMO-005|POL-PROMO-003|POL-PROMO-002|POL-HITL-001|POL-INV-002,RULE_BASED,PENDING_HUMAN_REVIEW
1367,DEC-S10-EGGS,10,EGGS,HIGH,2,RISK_HIGH,375.28628730773926,666.2586631774902,1073.3148097991943,1.0461138401222676,BỔ SUNG THẬN TRỌNG,B,387.66182427406306,920.6687548160553,TRUNG BÌNH,CÂN NHẮC THỬ NGHIỆM,False,POL-INV-005|POL-INV-003|POL-INV-001|POL-PROMO-005|POL-PROMO-003|POL-PROMO-002|POL-HITL-001|POL-INV-002,RULE_BASED,PENDING_HUMAN_REVIEW
1368,DEC-S19-LIQUOR_WINE_BEER,19,"LIQUOR,WINE,BEER",HIGH,2,RISK_HIGH,390.1555976867676,660.9276323318481,1037.9862422943115,0.9787031285056901,BỔ SUNG THẬN TRỌNG,B,367.84715769290926,896.5892635583878,TRUNG BÌNH,CÂN NHẮC THỬ NGHIỆM,False,POL-INV-005|POL-INV-003|POL-INV-001|POL-PROMO-005|POL-PROMO-003|POL-PROMO-002|POL-HITL-001|POL-INV-002,RULE_BASED,PENDING_HUMAN_REVIEW
1369,DEC-S03-CELEBRATION,3,CELEBRATION,HIGH,2,RISK_HIGH,372.8075370788574,650.3130187988281,1037.370807647705,1.0203439074417031,BỔ SUNG THẬN TRỌNG,B,371.9737217903137,892.2241368293762,TRUNG BÌNH,CÂN NHẮC THỬ NGHIỆM,False,POL-INV-005|POL-INV-003|POL-INV-001|POL-PROMO-005|POL-PROMO-003|POL-PROMO-002|POL-HITL-001|POL-INV-002,RULE_BASED,PENDING_HUMAN_REVIEW
1370,DEC-S45-LADIESWEAR,45,LADIESWEAR,HIGH,2,RISK_HIGH,371.6946983337402,649.2001800537109,1036.257968902588,1.0220902592090182,BỔ SUNG THẬN TRỌNG,B,371.7511540412903,891.111298084259,TRUNG BÌNH,CÂN NHẮC THỬ NGHIỆM,False,POL-INV-005|POL-INV-003|POL-INV-001|POL-PROMO-005|POL-PROMO-003|POL-PROMO-002|POL-HITL-001|POL-INV-002,RULE_BASED,PENDING_HUMAN_REVIEW
1371,DEC-S19-FROZEN_FOODS,19,FROZEN FOODS,HIGH,2,RISK_HIGH,344.5935134887696,649.0327835083008,1076.087287902832,1.1253182808197881,BỔ SUNG THẬN TRỌNG,B,396.7156219482422,915.9418487548828,TRUNG BÌNH,CÂN NHẮC THỬ NGHIỆM,False,POL-INV-005|POL-INV-003|POL-INV-001|POL-PROMO-005|POL-PROMO-003|POL-PROMO-002|POL-HITL-001|POL-INV-002,RULE_BASED,PENDING_HUMAN_REVIEW
1372,DEC-S33-LIQUOR_WINE_BEER,33,"LIQUOR,WINE,BEER",HIGH,2,RISK_HIGH,337.2952213287353,646.5103988647461,1070.509118637085,1.1323584896765582,BỔ SUNG THẬN TRỌNG,B,394.30127963066104,911.5095987224579,TRUNG BÌNH,CÂN NHẮC THỬ NGHIỆM,False,POL-INV-005|POL-INV-003|POL-INV-001|POL-PROMO-005|POL-PROMO-003|POL-PROMO-002|POL-HITL-001|POL-INV-002,RULE_BASED,PENDING_HUMAN_REVIEW
1373,DEC-S08-SEAFOOD,8,SEAFOOD,HIGH,2,RISK_HIGH,341.9597587585449,639.665581703186,1056.7209072113037,1.115654046144624,BỔ SUNG THẬN TRỌNG,B,388.5926947832107,900.3251601457596,TRUNG BÌNH,CÂN NHẮC THỬ NGHIỆM,False,POL-INV-005|POL-INV-003|POL-INV-001|POL-PROMO-005|POL-PROMO-003|POL-PROMO-002|POL-HITL-001|POL-INV-002,RULE_BASED,PENDING_HUMAN_REVIEW
1374,DEC-S14-EGGS,14,EGGS,HIGH,2,RISK_HIGH,334.8736171722412,632.5794401168823,1049.634765625,1.128131854027492,BỔ SUNG THẬN TRỌNG,B,387.17546646594997,893.2390185594559,TRUNG BÌNH,CÂN NHẮC THỬ NGHIỆM,False,POL-INV-005|POL-INV-003|POL-INV-001|POL-PROMO-005|POL-PROMO-003|POL-PROMO-002|POL-HITL-001|POL-INV-002,RULE_BASED,PENDING_HUMAN_REVIEW
1375,DEC-S02-HOME_AND_KITCHEN_II,2,HOME AND KITCHEN II,HIGH,2,RISK_HIGH,323.2300491333008,632.4452266693115,1056.4439464416505,1.157501653558315,BỔ SUNG THẬN TRỌNG,B,391.48824519157415,897.4444265270233,TRUNG BÌNH,CÂN NHẮC THỬ NGHIỆM,False,POL-INV-005|POL-INV-003|POL-INV-001|POL-PROMO-005|POL-PROMO-003|POL-PROMO-002|POL-HITL-001|POL-INV-002,RULE_BASED,PENDING_HUMAN_REVIEW
1376,DEC-S32-LIQUOR_WINE_BEER,32,"LIQUOR,WINE,BEER",HIGH,2,RISK_HIGH,373.72737312316895,631.0325136184692,988.0927658081056,0.9720471327774167,BỔ SUNG THẬN TRỌNG,B,349.3691603422165,854.1951712369919,TRUNG BÌNH,CÂN NHẮC THỬ NGHIỆM,False,POL-INV-005|POL-INV-003|POL-INV-001|POL-PROMO-005|POL-PROMO-003|POL-PROMO-002|POL-HITL-001|POL-INV-002,RULE_BASED,PENDING_HUMAN_REVIEW
1377,DEC-S51-GROCERY_II,51,GROCERY II,HIGH,2,RISK_HIGH,333.0406837463379,630.746506690979,1047.801832199097,1.1314049874159209,BỔ SUNG THẬN TRỌNG,B,386.80887978076936,891.4060851335527,TRUNG BÌNH,CÂN NHẮC THỬ NGHIỆM,False,POL-INV-005|POL-INV-003|POL-INV-001|POL-PROMO-005|POL-PROMO-003|POL-PROMO-002|POL-HITL-001|POL-INV-002,RULE_BASED,PENDING_HUMAN_REVIEW
1378,DEC-S54-FROZEN_FOODS,54,FROZEN FOODS,HIGH,2,RISK_HIGH,344.9761047363281,629.215033531189,1026.2720012664795,1.081053069636801,BỔ SUNG THẬN TRỌNG,B,374.00361154079434,877.3756383657455,TRUNG BÌNH,CÂN NHẮC THỬ NGHIỆM,False,POL-INV-005|POL-INV-003|POL-INV-001|POL-PROMO-005|POL-PROMO-003|POL-PROMO-002|POL-HITL-001|POL-INV-002,RULE_BASED,PENDING_HUMAN_REVIEW
1379,DEC-S03-LADIESWEAR,3,LADIESWEAR,HIGH,2,RISK_HIGH,344.26268768310547,628.5016164779663,1025.5585842132568,1.0822782320114948,BỔ SUNG THẬN TRỌNG,B,373.86092813014983,876.6622213125229,TRUNG BÌNH,CÂN NHẮC THỬ NGHIỆM,False,POL-INV-005|POL-INV-003|POL-INV-001|POL-PROMO-005|POL-PROMO-003|POL-PROMO-002|POL-HITL-001|POL-INV-002,RULE_BASED,PENDING_HUMAN_REVIEW
1380,DEC-S21-HOME_AND_KITCHEN_I,21,HOME AND KITCHEN I,HIGH,2,RISK_HIGH,334.5692443847656,618.8081731796265,1015.865140914917,1.0992044410048545,BỔ SUNG THẬN TRỌNG,B,371.9222394704818,866.968778014183,TRUNG BÌNH,CÂN NHẮC THỬ NGHIỆM,False,POL-INV-005|POL-INV-003|POL-INV-001|POL-PROMO-005|POL-PROMO-003|POL-PROMO-002|POL-HITL-001|POL-INV-002,RULE_BASED,PENDING_HUMAN_REVIEW
1381,DEC-S28-HOME_AND_KITCHEN_I,28,HOME AND KITCHEN I,HIGH,2,RISK_HIGH,334.4316635131836,618.6705923080444,1015.727560043335,1.0994484892248564,BỔ SUNG THẬN TRỌNG,B,371.8947232961654,866.831197142601,TRUNG BÌNH,CÂN NHẮC THỬ NGHIỆM,False,POL-INV-005|POL-INV-003|POL-INV-001|POL-PROMO-005|POL-PROMO-003|POL-PROMO-002|POL-HITL-001|POL-INV-002,RULE_BASED,PENDING_HUMAN_REVIEW
1382,DEC-S51-HOME_AND_KITCHEN_I,51,HOME AND KITCHEN I,HIGH,2,RISK_HIGH,347.1716613769531,617.9436960220337,995.0023059844972,1.046671367316878,BỔ SUNG THẬN TRỌNG,B,359.2503704309463,853.6053272485733,TRUNG BÌNH,CÂN NHẮC THỬ NGHIỆM,False,POL-INV-005|POL-INV-003|POL-INV-001|POL-PROMO-005|POL-PROMO-003|POL-PROMO-002|POL-HITL-001|POL-INV-002,RULE_BASED,PENDING_HUMAN_REVIEW
1383,DEC-S45-LAWN_AND_GARDEN,45,LAWN AND GARDEN,HIGH,2,RISK_HIGH,349.5697021484375,613.6082897186279,980.6677207946776,1.0268296559019099,BỔ SUNG THẬN TRỌNG,B,352.13380236625653,843.020434141159,TRUNG BÌNH,CÂN NHẮC THỬ NGHIỆM,False,POL-INV-005|POL-INV-003|POL-INV-001|POL-PROMO-005|POL-PROMO-003|POL-PROMO-002|POL-HITL-001|POL-INV-002,RULE_BASED,PENDING_HUMAN_REVIEW
1384,DEC-S05-PREPARED_FOODS,5,PREPARED FOODS,HIGH,2,RISK_HIGH,303.72690200805664,601.4327249526978,1018.4880504608154,1.1864580373001499,BỔ SUNG THẬN TRỌNG,B,380.9461234331131,862.0923033952713,TRUNG BÌNH,CÂN NHẮC THỬ NGHIỆM,False,POL-INV-005|POL-INV-003|POL-INV-001|POL-PROMO-005|POL-PROMO-003|POL-PROMO-002|POL-HITL-001|POL-INV-002,RULE_BASED,PENDING_HUMAN_REVIEW
1385,DEC-S16-FROZEN_FOODS,16,FROZEN FOODS,HIGH,2,RISK_HIGH,307.6618194580078,596.6766557693481,990.6778388824464,1.1427851712649526,BỔ SUNG THẬN TRỌNG,B,365.58607059955597,842.9273952150345,TRUNG BÌNH,CÂN NHẮC THỬ NGHIỆM,False,POL-INV-005|POL-INV-003|POL-INV-001|POL-PROMO-005|POL-PROMO-003|POL-PROMO-002|POL-HITL-001|POL-INV-002,RULE_BASED,PENDING_HUMAN_REVIEW
1386,DEC-S46-HOME_AND_KITCHEN_I,46,HOME AND KITCHEN I,HIGH,2,RISK_HIGH,318.085054397583,588.8570890426636,965.915699005127,1.0982840702295726,BỔ SUNG THẬN TRỌNG,B,353.4330490350723,824.5187202692032,TRUNG BÌNH,CÂN NHẮC THỬ NGHIỆM,False,POL-INV-005|POL-INV-003|POL-INV-001|POL-PROMO-005|POL-PROMO-003|POL-PROMO-002|POL-HITL-001|POL-INV-002,RULE_BASED,PENDING_HUMAN_REVIEW
1387,DEC-S04-PREPARED_FOODS,4,PREPARED FOODS,HIGH,2,RISK_HIGH,284.1117858886719,588.5510559082031,1015.6055603027344,1.2407640815555774,BỔ SUNG THẬN TRỌNG,B,384.61927642822263,855.4601211547852,TRUNG BÌNH,CÂN NHẮC THỬ NGHIỆM,False,POL-INV-005|POL-INV-003|POL-INV-001|POL-PROMO-005|POL-PROMO-003|POL-PROMO-002|POL-HITL-001|POL-INV-002,RULE_BASED,PENDING_HUMAN_REVIEW
1388,DEC-S50-LADIESWEAR,50,LADIESWEAR,HIGH,2,RISK_HIGH,290.66147232055664,586.4097557067871,990.4101177062988,1.1912445079223888,BỔ SUNG THẬN TRỌNG,B,369.78217739105224,838.9099819564819,TRUNG BÌNH,CÂN NHẮC THỬ NGHIỆM,False,POL-INV-005|POL-INV-003|POL-INV-001|POL-PROMO-005|POL-PROMO-003|POL-PROMO-002|POL-HITL-001|POL-INV-002,RULE_BASED,PENDING_HUMAN_REVIEW
1389,DEC-S46-PLAYERS_AND_ELECTRONICS,46,PLAYERS AND ELECTRONICS,HIGH,2,RISK_HIGH,311.29711532592773,582.0691499710083,959.1277599334716,1.1110700071162325,BỔ SUNG THẬN TRỌNG,B,352.07546122074115,817.7307811975478,TRUNG BÌNH,CÂN NHẮC THỬ NGHIỆM,False,POL-INV-005|POL-INV-003|POL-INV-001|POL-PROMO-005|POL-PROMO-003|POL-PROMO-002|POL-HITL-001|POL-INV-002,RULE_BASED,PENDING_HUMAN_REVIEW
1390,DEC-S40-HOME_AND_KITCHEN_I,40,HOME AND KITCHEN I,HIGH,2,RISK_HIGH,313.7734794616699,577.8120670318604,944.8714981079102,1.0903332093307962,BỔ SUNG THẬN TRỌNG,B,344.9745578289032,807.2242114543915,TRUNG BÌNH,CÂN NHẮC THỬ NGHIỆM,False,POL-INV-005|POL-INV-003|POL-INV-001|POL-PROMO-005|POL-PROMO-003|POL-PROMO-002|POL-HITL-001|POL-INV-002,RULE_BASED,PENDING_HUMAN_REVIEW
1391,DEC-S36-PREPARED_FOODS,36,PREPARED FOODS,HIGH,2,RISK_HIGH,278.99023628234863,576.6960592269897,993.7513847351074,1.2372615963646605,BỔ SUNG THẬN TRỌNG,B,375.9987902879715,837.3556376695633,TRUNG BÌNH,CÂN NHẮC THỬ NGHIỆM,False,POL-INV-005|POL-INV-003|POL-INV-001|POL-PROMO-005|POL-PROMO-003|POL-PROMO-002|POL-HITL-001|POL-INV-002,RULE_BASED,PENDING_HUMAN_REVIEW
1392,DEC-S26-LIQUOR_WINE_BEER,26,"LIQUOR,WINE,BEER",HIGH,2,RISK_HIGH,291.9183235168457,576.1572523117065,973.2142200469972,1.1804337445320752,BỔ SUNG THẬN TRỌNG,B,363.39205529689787,824.3178571462631,TRUNG BÌNH,CÂN NHẮC THỬ NGHIỆM,False,POL-INV-005|POL-INV-003|POL-INV-001|POL-PROMO-005|POL-PROMO-003|POL-PROMO-002|POL-HITL-001|POL-INV-002,RULE_BASED,PENDING_HUMAN_REVIEW
1393,DEC-S13-LIQUOR_WINE_BEER,13,"LIQUOR,WINE,BEER",HIGH,2,RISK_HIGH,310.4792060852051,574.5177936553955,941.5772247314452,1.0965742946674635,BỔ SUNG THẬN TRỌNG,B,344.3157031536101,803.9299380779265,TRUNG BÌNH,CÂN NHẮC THỬ NGHIỆM,False,POL-INV-005|POL-INV-003|POL-INV-001|POL-PROMO-005|POL-PROMO-003|POL-PROMO-002|POL-HITL-001|POL-INV-002,RULE_BASED,PENDING_HUMAN_REVIEW
1394,DEC-S20-SCHOOL_AND_OFFICE_SUPPLIES,20,SCHOOL AND OFFICE SUPPLIES,HIGH,2,RISK_HIGH,321.2684817314148,572.5808491706848,921.4672656059264,1.0464065959355382,BỔ SUNG THẬN TRỌNG,B,332.57018010616287,790.6348594427108,TRUNG BÌNH,CÂN NHẮC THỬ NGHIỆM,False,POL-INV-005|POL-INV-003|POL-INV-001|POL-PROMO-005|POL-PROMO-003|POL-PROMO-002|POL-HITL-001|POL-INV-002,RULE_BASED,PENDING_HUMAN_REVIEW
1395,DEC-S38-HOME_AND_KITCHEN_I,38,HOME AND KITCHEN I,HIGH,2,RISK_HIGH,309.7766647338867,571.8577127456665,925.8621803131103,1.0754599298774723,BỔ SUNG THẬN TRỌNG,B,335.6243347787856,793.1105049753189,TRUNG BÌNH,CÂN NHẮC THỬ NGHIỆM,False,POL-INV-005|POL-INV-003|POL-INV-001|POL-PROMO-005|POL-PROMO-003|POL-PROMO-002|POL-HITL-001|POL-INV-002,RULE_BASED,PENDING_HUMAN_REVIEW
1396,DEC-S26-FROZEN_FOODS,26,FROZEN FOODS,HIGH,2,RISK_HIGH,306.19432640075684,570.2329139709473,937.2923450469972,1.104799816696728,BỔ SUNG THẬN TRỌNG,B,343.45872721672055,799.6450583934784,TRUNG BÌNH,CÂN NHẮC THỬ NGHIỆM,False,POL-INV-005|POL-INV-003|POL-INV-001|POL-PROMO-005|POL-PROMO-003|POL-PROMO-002|POL-HITL-001|POL-INV-002,RULE_BASED,PENDING_HUMAN_REVIEW
1397,DEC-S41-GROCERY_II,41,GROCERY II,HIGH,2,RISK_HIGH,288.8120632171631,566.3175449371338,953.3753337860109,1.171413217341075,BỔ SUNG THẬN TRỌNG,B,355.17462701797484,808.2286629676819,TRUNG BÌNH,CÂN NHẮC THỬ NGHIỆM,False,POL-INV-005|POL-INV-003|POL-INV-001|POL-PROMO-005|POL-PROMO-003|POL-PROMO-002|POL-HITL-001|POL-INV-002,RULE_BASED,PENDING_HUMAN_REVIEW
1398,DEC-S06-HOME_AND_KITCHEN_I,6,HOME AND KITCHEN I,HIGH,2,RISK_HIGH,304.2896957397461,561.5948362350464,918.6550884246826,1.0920210302610402,BỔ SUNG THẬN TRỌNG,B,335.4816248655319,784.757493853569,TRUNG BÌNH,CÂN NHẮC THỬ NGHIỆM,False,POL-INV-005|POL-INV-003|POL-INV-001|POL-PROMO-005|POL-PROMO-003|POL-PROMO-002|POL-HITL-001|POL-INV-002,RULE_BASED,PENDING_HUMAN_REVIEW
1399,DEC-S24-LAWN_AND_GARDEN,24,LAWN AND GARDEN,HIGH,2,RISK_HIGH,296.8585834503174,560.8971710205078,927.9566020965576,1.1231557145946314,BỔ SUNG THẬN TRỌNG,B,341.59157862663267,790.3093154430389,TRUNG BÌNH,CÂN NHẮC THỬ NGHIỆM,False,POL-INV-005|POL-INV-003|POL-INV-001|POL-PROMO-005|POL-PROMO-003|POL-PROMO-002|POL-HITL-001|POL-INV-002,RULE_BASED,PENDING_HUMAN_REVIEW
1400,DEC-S15-PREPARED_FOODS,15,PREPARED FOODS,HIGH,2,RISK_HIGH,268.07765769958496,559.0500335693359,966.10618019104,1.24636814686493,BỔ SUNG THẬN TRỌNG,B,366.2200983524322,813.460125207901,TRUNG BÌNH,CÂN NHẮC THỬ NGHIỆM,False,POL-INV-005|POL-INV-003|POL-INV-001|POL-PROMO-005|POL-PROMO-003|POL-PROMO-002|POL-HITL-001|POL-INV-002,RULE_BASED,PENDING_HUMAN_REVIEW
1401,DEC-S21-HOME_AND_KITCHEN_II,21,HOME AND KITCHEN II,HIGH,2,RISK_HIGH,267.82250213623047,558.7948780059814,965.8510246276855,1.246936243821789,BỔ SUNG THẬN TRỌNG,B,366.1690672397613,813.2049696445465,TRUNG BÌNH,CÂN NHẮC THỬ NGHIỆM,False,POL-INV-005|POL-INV-003|POL-INV-001|POL-PROMO-005|POL-PROMO-003|POL-PROMO-002|POL-HITL-001|POL-INV-002,RULE_BASED,PENDING_HUMAN_REVIEW
1402,DEC-S12-FROZEN_FOODS,12,FROZEN FOODS,HIGH,2,RISK_HIGH,287.0439033508301,557.8159379959106,934.874547958374,1.1592916389086323,BỔ SUNG THẬN TRỌNG,B,347.22481882572174,793.4775692224503,TRUNG BÌNH,CÂN NHẮC THỬ NGHIỆM,False,POL-INV-005|POL-INV-003|POL-INV-001|POL-PROMO-005|POL-PROMO-003|POL-PROMO-002|POL-HITL-001|POL-INV-002,RULE_BASED,PENDING_HUMAN_REVIEW
1403,DEC-S06-SEAFOOD,6,SEAFOOD,HIGH,2,RISK_HIGH,266.5743770599365,550.8133058547974,947.870273590088,1.2346492723200586,BỔ SUNG THẬN TRỌNG,B,358.323266005516,798.9739106893539,TRUNG BÌNH,CÂN NHẮC THỬ NGHIỆM,False,POL-INV-005|POL-INV-003|POL-INV-001|POL-PROMO-005|POL-PROMO-003|POL-PROMO-002|POL-HITL-001|POL-INV-002,RULE_BASED,PENDING_HUMAN_REVIEW
1404,DEC-S44-PLAYERS_AND_ELECTRONICS,44,PLAYERS AND ELECTRONICS,HIGH,2,RISK_HIGH,292.6335029602051,549.9386434555054,906.9988956451416,1.1151248872862076,BỔ SUNG THẬN TRỌNG,B,333.1503863096237,773.101301074028,TRUNG BÌNH,CÂN NHẮC THỬ NGHIỆM,False,POL-INV-005|POL-INV-003|POL-INV-001|POL-PROMO-005|POL-PROMO-003|POL-PROMO-002|POL-HITL-001|POL-INV-002,RULE_BASED,PENDING_HUMAN_REVIEW
1405,DEC-S27-HOME_AND_KITCHEN_I,27,HOME AND KITCHEN I,HIGH,2,RISK_HIGH,288.7962284088135,546.1013689041138,903.16162109375,1.122946180733486,BỔ SUNG THẬN TRỌNG,B,332.3829313993453,769.2640265226364,TRUNG BÌNH,CÂN NHẮC THỬ NGHIỆM,False,POL-INV-005|POL-INV-003|POL-INV-001|POL-PROMO-005|POL-PROMO-003|POL-PROMO-002|POL-HITL-001|POL-INV-002,RULE_BASED,PENDING_HUMAN_REVIEW
1406,DEC-S07-GROCERY_II,7,GROCERY II,HIGH,2,RISK_HIGH,239.47509384155276,543.914363861084,970.9688682556152,1.3424013440037406,BỔ SUNG THẬN TRỌNG,B,375.6919380187988,810.823429107666,TRUNG BÌNH,CÂN NHẮC THỬ NGHIỆM,False,POL-INV-005|POL-INV-003|POL-INV-001|POL-PROMO-005|POL-PROMO-003|POL-PROMO-002|POL-HITL-001|POL-INV-002,RULE_BASED,PENDING_HUMAN_REVIEW
1407,DEC-S09-HOME_AND_KITCHEN_II,9,HOME AND KITCHEN II,HIGH,2,RISK_HIGH,261.0822696685791,538.5877513885498,925.6455402374268,1.2316129653771637,BỔ SUNG THẬN TRỌNG,B,349.62866830825806,780.4988694190979,TRUNG BÌNH,CÂN NHẮC THỬ NGHIỆM,False,POL-INV-005|POL-INV-003|POL-INV-001|POL-PROMO-005|POL-PROMO-003|POL-PROMO-002|POL-HITL-001|POL-INV-002,RULE_BASED,PENDING_HUMAN_REVIEW
1408,DEC-S44-CELEBRATION,44,CELEBRATION,HIGH,2,RISK_HIGH,258.7362232208252,536.2417049407959,923.2994937896729,1.2369912172810236,BỔ SUNG THẬN TRỌNG,B,349.1594590187072,778.152822971344,TRUNG BÌNH,CÂN NHẮC THỬ NGHIỆM,False,POL-INV-005|POL-INV-003|POL-INV-001|POL-PROMO-005|POL-PROMO-003|POL-PROMO-002|POL-HITL-001|POL-INV-002,RULE_BASED,PENDING_HUMAN_REVIEW
1409,DEC-S29-HOME_AND_KITCHEN_I,29,HOME AND KITCHEN I,HIGH,2,RISK_HIGH,265.31698989868164,529.3555774688721,896.4150085449219,1.1899526383000676,BỔ SUNG THẬN TRỌNG,B,335.2832599163055,758.7677218914032,TRUNG BÌNH,CÂN NHẮC THỬ NGHIỆM,False,POL-INV-005|POL-INV-003|POL-INV-001|POL-PROMO-005|POL-PROMO-003|POL-PROMO-002|POL-HITL-001|POL-INV-002,RULE_BASED,PENDING_HUMAN_REVIEW
1410,DEC-S07-SEAFOOD,7,SEAFOOD,HIGH,2,RISK_HIGH,270.9059829711914,528.2111234664917,885.2713756561279,1.1609079353069127,BỔ SUNG THẬN TRỌNG,B,328.80488231182096,751.3737810850143,TRUNG BÌNH,CÂN NHẮC THỬ NGHIỆM,False,POL-INV-005|POL-INV-003|POL-INV-001|POL-PROMO-005|POL-PROMO-003|POL-PROMO-002|POL-HITL-001|POL-INV-002,RULE_BASED,PENDING_HUMAN_REVIEW
1411,DEC-S19-GROCERY_II,19,GROCERY II,HIGH,2,RISK_HIGH,283.843563079834,527.681809425354,864.7437038421631,1.0987708114900594,BỔ SUNG THẬN TRỌNG,B,316.20004589557647,738.3454934358597,TRUNG BÌNH,CÂN NHẮC THỬ NGHIỆM,False,POL-INV-005|POL-INV-003|POL-INV-001|POL-PROMO-005|POL-PROMO-003|POL-PROMO-002|POL-HITL-001|POL-INV-002,RULE_BASED,PENDING_HUMAN_REVIEW
1412,DEC-S27-LAWN_AND_GARDEN,27,LAWN AND GARDEN,HIGH,2,RISK_HIGH,276.4402656555176,527.0119590759277,874.0730323791504,1.1318546037660744,BỔ SUNG THẬN TRỌNG,B,322.3155626296997,743.9251298904419,TRUNG BÌNH,CÂN NHẮC THỬ NGHIỆM,False,POL-INV-005|POL-INV-003|POL-INV-001|POL-PROMO-005|POL-PROMO-003|POL-PROMO-002|POL-HITL-001|POL-INV-002,RULE_BASED,PENDING_HUMAN_REVIEW
1413,DEC-S27-HOME_AND_KITCHEN_II,27,HOME AND KITCHEN II,HIGH,2,RISK_HIGH,234.7369327545166,525.7093086242676,932.7654552459716,1.3252633113978234,BỔ SUNG THẬN TRỌNG,B,359.5519533634184,780.1194002628325,TRUNG BÌNH,CÂN NHẮC THỬ NGHIỆM,False,POL-INV-005|POL-INV-003|POL-INV-001|POL-PROMO-005|POL-PROMO-003|POL-PROMO-002|POL-HITL-001|POL-INV-002,RULE_BASED,PENDING_HUMAN_REVIEW
1414,DEC-S37-HOME_AND_KITCHEN_II,37,HOME AND KITCHEN II,HIGH,2,RISK_HIGH,254.4694766998291,523.283971786499,887.2876182403564,1.2070140908260039,BỔ SUNG THẬN TRỌNG,B,332.15907339096066,750.7862508201599,TRUNG BÌNH,CÂN NHẮC THỬ NGHIỆM,False,POL-INV-005|POL-INV-003|POL-INV-001|POL-PROMO-005|POL-PROMO-003|POL-PROMO-002|POL-HITL-001|POL-INV-002,RULE_BASED,PENDING_HUMAN_REVIEW
1415,DEC-S47-LAWN_AND_GARDEN,47,LAWN AND GARDEN,HIGH,2,RISK_HIGH,258.92281913757324,522.9614067077637,890.0208377838135,1.2044742428868074,BỔ SUNG THẬN TRỌNG,B,334.0044257640839,752.3735511302948,TRUNG BÌNH,CÂN NHẮC THỬ NGHIỆM,False,POL-INV-005|POL-INV-003|POL-INV-001|POL-PROMO-005|POL-PROMO-003|POL-PROMO-002|POL-HITL-001|POL-INV-002,RULE_BASED,PENDING_HUMAN_REVIEW
1416,DEC-S22-PREPARED_FOODS,22,PREPARED FOODS,HIGH,2,RISK_HIGH,251.82359504699707,522.5956296920776,899.654239654541,1.2372728263383863,BỔ SUNG THẬN TRỌNG,B,340.18075716495514,758.2572609186172,TRUNG BÌNH,CÂN NHẮC THỬ NGHIỆM,False,POL-INV-005|POL-INV-003|POL-INV-001|POL-PROMO-005|POL-PROMO-003|POL-PROMO-002|POL-HITL-001|POL-INV-002,RULE_BASED,PENDING_HUMAN_REVIEW
1417,DEC-S48-HOME_AND_KITCHEN_I,48,HOME AND KITCHEN I,HIGH,2,RISK_HIGH,256.6217727661133,520.6603603363037,887.7197914123535,1.209787184595326,BỔ SUNG THẬN TRỌNG,B,333.54421648979184,750.0725047588348,TRUNG BÌNH,CÂN NHẮC THỬ NGHIỆM,False,POL-INV-005|POL-INV-003|POL-INV-001|POL-PROMO-005|POL-PROMO-003|POL-PROMO-002|POL-HITL-001|POL-INV-002,RULE_BASED,PENDING_HUMAN_REVIEW
1418,DEC-S24-HOME_AND_KITCHEN_II,24,HOME AND KITCHEN II,HIGH,2,RISK_HIGH,256.1593074798584,520.1978950500488,887.2573261260986,1.210860643605704,BỔ SUNG THẬN TRỌNG,B,333.45172343254086,749.61003947258,TRUNG BÌNH,CÂN NHẮC THỬ NGHIỆM,False,POL-INV-005|POL-INV-003|POL-INV-001|POL-PROMO-005|POL-PROMO-003|POL-PROMO-002|POL-HITL-001|POL-INV-002,RULE_BASED,PENDING_HUMAN_REVIEW
1419,DEC-S39-GROCERY_II,39,GROCERY II,HIGH,2,RISK_HIGH,262.1092052459717,519.414345741272,876.4745979309082,1.180531239602632,BỔ SUNG THẬN TRỌNG,B,327.045526766777,742.5770033597946,TRUNG BÌNH,CÂN NHẮC THỬ NGHIỆM,False,POL-INV-005|POL-INV-003|POL-INV-001|POL-PROMO-005|POL-PROMO-003|POL-PROMO-002|POL-HITL-001|POL-INV-002,RULE_BASED,PENDING_HUMAN_REVIEW
1420,DEC-S26-EGGS,26,EGGS,HIGH,2,RISK_HIGH,275.50619316101074,519.3444395065308,856.4063339233398,1.1163761859610268,BỔ SUNG THẬN TRỌNG,B,314.53257191181183,730.0081235170364,TRUNG BÌNH,CÂN NHẮC THỬ NGHIỆM,False,POL-INV-005|POL-INV-003|POL-INV-001|POL-PROMO-005|POL-PROMO-003|POL-PROMO-002|POL-HITL-001|POL-INV-002,RULE_BASED,PENDING_HUMAN_REVIEW
1421,DEC-S34-HOME_AND_KITCHEN_I,34,HOME AND KITCHEN I,HIGH,2,RISK_HIGH,247.12862396240237,517.9006586074829,894.9592685699463,1.2484675705481978,BỔ SUNG THẬN TRỌNG,B,339.2417629480361,753.5622898340225,TRUNG BÌNH,CÂN NHẮC THỬ NGHIỆM,False,POL-INV-005|POL-INV-003|POL-INV-001|POL-PROMO-005|POL-PROMO-003|POL-PROMO-002|POL-HITL-001|POL-INV-002,RULE_BASED,PENDING_HUMAN_REVIEW
1422,DEC-S42-LAWN_AND_GARDEN,42,LAWN AND GARDEN,HIGH,2,RISK_HIGH,244.3725299835205,515.1445646286011,892.2031745910645,1.2551341019617235,BỔ SUNG THẬN TRỌNG,B,338.6905441522598,750.8061958551407,TRUNG BÌNH,CÂN NHẮC THỬ NGHIỆM,False,POL-INV-005|POL-INV-003|POL-INV-001|POL-PROMO-005|POL-PROMO-003|POL-PROMO-002|POL-HITL-001|POL-INV-002,RULE_BASED,PENDING_HUMAN_REVIEW
1423,DEC-S24-GROCERY_II,24,GROCERY II,HIGH,2,RISK_HIGH,243.39870643615723,514.1707410812378,891.2293510437012,1.2575066729292121,BỔ SUNG THẬN TRỌNG,B,338.4957794427871,749.8323723077774,TRUNG BÌNH,CÂN NHẮC THỬ NGHIỆM,False,POL-INV-005|POL-INV-003|POL-INV-001|POL-PROMO-005|POL-PROMO-003|POL-PROMO-002|POL-HITL-001|POL-INV-002,RULE_BASED,PENDING_HUMAN_REVIEW
1424,DEC-S06-GROCERY_II,6,GROCERY II,HIGH,2,RISK_HIGH,267.3711261749268,511.2093725204468,848.2712669372559,1.1341068163276147,BỔ SUNG THẬN TRỌNG,B,312.90555851459493,721.8730565309525,TRUNG BÌNH,CÂN NHẮC THỬ NGHIỆM,False,POL-INV-005|POL-INV-003|POL-INV-001|POL-PROMO-005|POL-PROMO-003|POL-PROMO-002|POL-HITL-001|POL-INV-002,RULE_BASED,PENDING_HUMAN_REVIEW
1425,DEC-S08-LAWN_AND_GARDEN,8,LAWN AND GARDEN,HIGH,2,RISK_HIGH,253.09712982177732,510.4022703170776,867.4625225067139,1.2013348949429188,BỔ SUNG THẬN TRỌNG,B,325.24311168193816,733.5649279356003,TRUNG BÌNH,CÂN NHẮC THỬ NGHIỆM,False,POL-INV-005|POL-INV-003|POL-INV-001|POL-PROMO-005|POL-PROMO-003|POL-PROMO-002|POL-HITL-001|POL-INV-002,RULE_BASED,PENDING_HUMAN_REVIEW
1426,DEC-S34-PREPARED_FOODS,34,PREPARED FOODS,HIGH,2,RISK_HIGH,245.53409385681152,509.572681427002,876.6321125030518,1.236059118718184,BỔ SUNG THẬN TRỌNG,B,331.3266807079315,738.9848258495331,TRUNG BÌNH,CÂN NHẮC THỬ NGHIỆM,False,POL-INV-005|POL-INV-003|POL-INV-001|POL-PROMO-005|POL-PROMO-003|POL-PROMO-002|POL-HITL-001|POL-INV-002,RULE_BASED,PENDING_HUMAN_REVIEW
1427,DEC-S49-LAWN_AND_GARDEN,49,LAWN AND GARDEN,HIGH,2,RISK_HIGH,251.0281410217285,508.3332815170288,865.393533706665,1.2062148989264432,BỔ SUNG THẬN TRỌNG,B,324.82931392192836,731.4959391355515,TRUNG BÌNH,CÂN NHẮC THỬ NGHIỆM,False,POL-INV-005|POL-INV-003|POL-INV-001|POL-PROMO-005|POL-PROMO-003|POL-PROMO-002|POL-HITL-001|POL-INV-002,RULE_BASED,PENDING_HUMAN_REVIEW
1428,DEC-S08-GROCERY_II,8,GROCERY II,HIGH,2,RISK_HIGH,256.4628086090088,507.03450202941895,854.0955753326416,1.176362558716584,BỔ SUNG THẬN TRỌNG,B,318.3200712203979,723.9476728439331,TRUNG BÌNH,CÂN NHẮC THỬ NGHIỆM,False,POL-INV-005|POL-INV-003|POL-INV-001|POL-PROMO-005|POL-PROMO-003|POL-PROMO-002|POL-HITL-001|POL-INV-002,RULE_BASED,PENDING_HUMAN_REVIEW
1429,DEC-S18-HOME_AND_KITCHEN_I,18,HOME AND KITCHEN I,HIGH,2,RISK_HIGH,260.8075008392334,504.6457471847534,841.7076416015625,1.1488282933191152,BỔ SUNG THẬN TRỌNG,B,311.5928334474563,715.3094311952591,TRUNG BÌNH,CÂN NHẮC THỬ NGHIỆM,False,POL-INV-005|POL-INV-003|POL-INV-001|POL-PROMO-005|POL-PROMO-003|POL-PROMO-002|POL-HITL-001|POL-INV-002,RULE_BASED,PENDING_HUMAN_REVIEW
1430,DEC-S31-LIQUOR_WINE_BEER,31,"LIQUOR,WINE,BEER",HIGH,2,RISK_HIGH,251.60336303710935,495.4416093826294,832.5035037994385,1.1701278252738154,BỔ SUNG THẬN TRỌNG,B,309.75200588703154,706.1052933931351,TRUNG BÌNH,CÂN NHẮC THỬ NGHIỆM,False,POL-INV-005|POL-INV-003|POL-INV-001|POL-PROMO-005|POL-PROMO-003|POL-PROMO-002|POL-HITL-001|POL-INV-002,RULE_BASED,PENDING_HUMAN_REVIEW
1431,DEC-S11-GROCERY_II,11,GROCERY II,HIGH,2,RISK_HIGH,250.45332717895508,494.2915735244751,831.3534679412842,1.1728447884317248,BỔ SUNG THẬN TRỌNG,B,309.5219987154007,704.9552575349808,TRUNG BÌNH,CÂN NHẮC THỬ NGHIỆM,False,POL-INV-005|POL-INV-003|POL-INV-001|POL-PROMO-005|POL-PROMO-003|POL-PROMO-002|POL-HITL-001|POL-INV-002,RULE_BASED,PENDING_HUMAN_REVIEW
1432,DEC-S34-HOME_AND_KITCHEN_II,34,HOME AND KITCHEN II,HIGH,2,RISK_HIGH,231.75172233581543,489.0568628311157,846.117115020752,1.2536614407064435,BỔ SUNG THẬN TRỌNG,B,320.97403018474574,712.2195204496384,TRUNG BÌNH,CÂN NHẮC THỬ NGHIỆM,False,POL-INV-005|POL-INV-003|POL-INV-001|POL-PROMO-005|POL-PROMO-003|POL-PROMO-002|POL-HITL-001|POL-INV-002,RULE_BASED,PENDING_HUMAN_REVIEW
1433,DEC-S37-HOME_AND_KITCHEN_I,37,HOME AND KITCHEN I,HIGH,2,RISK_HIGH,216.38260078430176,487.1546354293823,864.2132453918457,1.327101286332578,BỔ SUNG THẬN TRỌNG,B,333.09255831241603,722.8162666559219,TRUNG BÌNH,CÂN NHẮC THỬ NGHIỆM,False,POL-INV-005|POL-INV-003|POL-INV-001|POL-PROMO-005|POL-PROMO-003|POL-PROMO-002|POL-HITL-001|POL-INV-002,RULE_BASED,PENDING_HUMAN_REVIEW
1434,DEC-S46-HOME_AND_KITCHEN_II,46,HOME AND KITCHEN II,HIGH,2,RISK_HIGH,254.93258476257324,485.303936958313,802.3674736022949,1.1257052374771315,BỔ SUNG THẬN TRỌNG,B,295.2254977941513,683.4686473608017,TRUNG BÌNH,CÂN NHẮC THỬ NGHIỆM,False,POL-INV-005|POL-INV-003|POL-INV-001|POL-PROMO-005|POL-PROMO-003|POL-PROMO-002|POL-HITL-001|POL-INV-002,RULE_BASED,PENDING_HUMAN_REVIEW
1435,DEC-S07-LAWN_AND_GARDEN,7,LAWN AND GARDEN,HIGH,2,RISK_HIGH,233.9658069610596,484.5375003814697,831.5985736846924,1.2308684010073243,BỔ SUNG THẬN TRỌNG,B,313.82067089080806,701.4506711959839,TRUNG BÌNH,CÂN NHẮC THỬ NGHIỆM,False,POL-INV-005|POL-INV-003|POL-INV-001|POL-PROMO-005|POL-PROMO-003|POL-PROMO-002|POL-HITL-001|POL-INV-002,RULE_BASED,PENDING_HUMAN_REVIEW
1436,DEC-S44-LINGERIE,44,LINGERIE,HIGH,2,RISK_HIGH,221.497745513916,479.5435600280762,838.4291553497314,1.2838199513063304,BỔ SUNG THẬN TRỌNG,B,320.21220908164975,703.8470571041107,TRUNG BÌNH,CÂN NHẮC THỬ NGHIỆM,False,POL-INV-005|POL-INV-003|POL-INV-001|POL-PROMO-005|POL-PROMO-003|POL-PROMO-002|POL-HITL-001|POL-INV-002,RULE_BASED,PENDING_HUMAN_REVIEW
1437,DEC-S13-FROZEN_FOODS,13,FROZEN FOODS,HIGH,2,RISK_HIGH,239.74593925476077,476.8507385253906,803.9134540557861,1.1806354355378867,BỔ SUNG THẬN TRỌNG,B,299.7843449115753,681.2649357318878,TRUNG BÌNH,CÂN NHẮC THỬ NGHIỆM,False,POL-INV-005|POL-INV-003|POL-INV-001|POL-PROMO-005|POL-PROMO-003|POL-PROMO-002|POL-HITL-001|POL-INV-002,RULE_BASED,PENDING_HUMAN_REVIEW
1438,DEC-S08-LADIESWEAR,8,LADIESWEAR,HIGH,2,RISK_HIGH,241.68139839172363,472.0527505874634,789.1162872314453,1.1572385704551689,BỔ SUNG THẬN TRỌNG,B,292.5752605199814,670.2174609899521,TRUNG BÌNH,CÂN NHẮC THỬ NGHIỆM,False,POL-INV-005|POL-INV-003|POL-INV-001|POL-PROMO-005|POL-PROMO-003|POL-PROMO-002|POL-HITL-001|POL-INV-002,RULE_BASED,PENDING_HUMAN_REVIEW
1439,DEC-S33-PREPARED_FOODS,33,PREPARED FOODS,HIGH,2,RISK_HIGH,241.16402053833008,471.5353727340698,788.5989093780518,1.158505628207866,BỔ SUNG THẬN TRỌNG,B,292.4717849493026,669.7000831365585,TRUNG BÌNH,CÂN NHẮC THỬ NGHIỆM,False,POL-INV-005|POL-INV-003|POL-INV-001|POL-PROMO-005|POL-PROMO-003|POL-PROMO-002|POL-HITL-001|POL-INV-002,RULE_BASED,PENDING_HUMAN_REVIEW
1440,DEC-S46-LAWN_AND_GARDEN,46,LAWN AND GARDEN,HIGH,2,RISK_HIGH,227.68674850463867,471.5249948501587,808.5868892669678,1.2293532555807698,BỔ SUNG THẬN TRỌNG,B,304.9686829805374,682.1886788606644,TRUNG BÌNH,CÂN NHẮC THỬ NGHIỆM,False,POL-INV-005|POL-INV-003|POL-INV-001|POL-PROMO-005|POL-PROMO-003|POL-PROMO-002|POL-HITL-001|POL-INV-002,RULE_BASED,PENDING_HUMAN_REVIEW
1441,DEC-S01-HOME_AND_KITCHEN_II,1,HOME AND KITCHEN II,HIGH,2,RISK_HIGH,225.87154960632324,469.70979595184326,806.7716903686523,1.2340940124002837,BỔ SUNG THẬN TRỌNG,B,304.6056432008743,680.3734799623489,TRUNG BÌNH,CÂN NHẮC THỬ NGHIỆM,False,POL-INV-005|POL-INV-003|POL-INV-001|POL-PROMO-005|POL-PROMO-003|POL-PROMO-002|POL-HITL-001|POL-INV-002,RULE_BASED,PENDING_HUMAN_REVIEW
1442,DEC-S42-GROCERY_II,42,GROCERY II,HIGH,2,RISK_HIGH,207.09569549560547,457.6673889160156,804.7284622192383,1.3029763640620686,BỔ SUNG THẬN TRỌNG,B,308.4466485977173,674.5805597305298,TRUNG BÌNH,CÂN NHẮC THỬ NGHIỆM,False,POL-INV-005|POL-INV-003|POL-INV-001|POL-PROMO-005|POL-PROMO-003|POL-PROMO-002|POL-HITL-001|POL-INV-002,RULE_BASED,PENDING_HUMAN_REVIEW
1443,DEC-S07-HOME_AND_KITCHEN_II,7,HOME AND KITCHEN II,HIGH,2,RISK_HIGH,204.74935913085935,455.32105255126953,802.3821258544922,1.3096760786781503,BỔ SUNG THẬN TRỌNG,B,307.97738132476803,672.2342233657837,TRUNG BÌNH,CÂN NHẮC THỬ NGHIỆM,False,POL-INV-005|POL-INV-003|POL-INV-001|POL-PROMO-005|POL-PROMO-003|POL-PROMO-002|POL-HITL-001|POL-INV-002,RULE_BASED,PENDING_HUMAN_REVIEW
1444,DEC-S15-LIQUOR_WINE_BEER,15,"LIQUOR,WINE,BEER",HIGH,2,RISK_HIGH,233.79207038879397,450.6965284347534,747.7617073059082,1.137864926033754,BỔ SUNG THẬN TRỌNG,B,275.80504248142233,636.3622652292252,TRUNG BÌNH,CÂN NHẮC THỬ NGHIỆM,False,POL-INV-005|POL-INV-003|POL-INV-001|POL-PROMO-005|POL-PROMO-003|POL-PROMO-002|POL-HITL-001|POL-INV-002,RULE_BASED,PENDING_HUMAN_REVIEW
1445,DEC-S47-PLAYERS_AND_ELECTRONICS,47,PLAYERS AND ELECTRONICS,HIGH,2,RISK_HIGH,225.15443229675293,448.79233741760254,755.8566951751709,1.1798828453266776,BỔ SUNG THẬN TRỌNG,B,281.6736910820007,640.7075610160828,TRUNG BÌNH,CÂN NHẮC THỬ NGHIỆM,False,POL-INV-005|POL-INV-003|POL-INV-001|POL-PROMO-005|POL-PROMO-003|POL-PROMO-002|POL-HITL-001|POL-INV-002,RULE_BASED,PENDING_HUMAN_REVIEW
1446,DEC-S53-HOME_AND_KITCHEN_II,53,HOME AND KITCHEN II,HIGH,2,RISK_HIGH,223.32641792297363,446.9643230438232,754.0286808013916,1.1846976100069933,BỔ SUNG THẬN TRỌNG,B,281.30808820724485,638.8795466423035,TRUNG BÌNH,CÂN NHẮC THỬ NGHIỆM,False,POL-INV-005|POL-INV-003|POL-INV-001|POL-PROMO-005|POL-PROMO-003|POL-PROMO-002|POL-HITL-001|POL-INV-002,RULE_BASED,PENDING_HUMAN_REVIEW
1447,DEC-S11-HOME_AND_KITCHEN_I,11,HOME AND KITCHEN I,HIGH,2,RISK_HIGH,202.1417236328125,445.9799699783325,783.0418643951416,1.2996111230453757,BỔ SUNG THẬN TRỌNG,B,299.85967800617215,656.6436539888382,TRUNG BÌNH,CÂN NHẮC THỬ NGHIỆM,False,POL-INV-005|POL-INV-003|POL-INV-001|POL-PROMO-005|POL-PROMO-003|POL-PROMO-002|POL-HITL-001|POL-INV-002,RULE_BASED,PENDING_HUMAN_REVIEW
1448,DEC-S50-CELEBRATION,50,CELEBRATION,HIGH,2,RISK_HIGH,208.39558219909668,445.50038146972656,772.5630970001221,1.263531988357947,BỔ SUNG THẬN TRỌNG,B,293.51427350044247,649.9145786762238,TRUNG BÌNH,CÂN NHẮC THỬ NGHIỆM,False,POL-INV-005|POL-INV-003|POL-INV-001|POL-PROMO-005|POL-PROMO-003|POL-PROMO-002|POL-HITL-001|POL-INV-002,RULE_BASED,PENDING_HUMAN_REVIEW
1449,DEC-S49-LADIESWEAR,49,LADIESWEAR,HIGH,2,RISK_HIGH,205.2938270568848,442.39862632751465,769.4613418579102,1.272370912543841,BỔ SUNG THẬN TRỌNG,B,292.8939224720001,646.8128235340118,TRUNG BÌNH,CÂN NHẮC THỬ NGHIỆM,False,POL-INV-005|POL-INV-003|POL-INV-001|POL-PROMO-005|POL-PROMO-003|POL-PROMO-002|POL-HITL-001|POL-INV-002,RULE_BASED,PENDING_HUMAN_REVIEW
1450,DEC-S01-HOME_AND_KITCHEN_I,1,HOME AND KITCHEN I,HIGH,2,RISK_HIGH,223.77063751220703,440.6750955581665,737.7402744293213,1.1636826302546799,BỔ SUNG THẬN TRỌNG,B,273.800755906105,626.3408323526382,TRUNG BÌNH,CÂN NHẮC THỬ NGHIỆM,False,POL-INV-005|POL-INV-003|POL-INV-001|POL-PROMO-005|POL-PROMO-003|POL-PROMO-002|POL-HITL-001|POL-INV-002,RULE_BASED,PENDING_HUMAN_REVIEW
1451,DEC-S36-LAWN_AND_GARDEN,36,LAWN AND GARDEN,HIGH,2,RISK_HIGH,202.79355812072757,439.8983573913574,766.9610729217529,1.279586338536185,BỔ SUNG THẬN TRỌNG,B,292.3938686847687,644.3125545978546,TRUNG BÌNH,CÂN NHẮC THỬ NGHIỆM,False,POL-INV-005|POL-INV-003|POL-INV-001|POL-PROMO-005|POL-PROMO-003|POL-PROMO-002|POL-HITL-001|POL-INV-002,RULE_BASED,PENDING_HUMAN_REVIEW
1452,DEC-S53-HOME_AND_KITCHEN_I,53,HOME AND KITCHEN I,HIGH,2,RISK_HIGH,214.61901473999023,438.25691986083984,745.3212776184082,1.2081819064946062,BỔ SUNG THẬN TRỌNG,B,279.56660757064816,630.1721434593201,TRUNG BÌNH,CÂN NHẮC THỬ NGHIỆM,False,POL-INV-005|POL-INV-003|POL-INV-001|POL-PROMO-005|POL-PROMO-003|POL-PROMO-002|POL-HITL-001|POL-INV-002,RULE_BASED,PENDING_HUMAN_REVIEW
1453,DEC-S25-LAWN_AND_GARDEN,25,LAWN AND GARDEN,HIGH,2,RISK_HIGH,200.4611339569092,437.5659332275391,764.6286487579346,1.286391559529365,BỔ SUNG THẬN TRỌNG,B,291.927383852005,641.9801304340363,TRUNG BÌNH,CÂN NHẮC THỬ NGHIỆM,False,POL-INV-005|POL-INV-003|POL-INV-001|POL-PROMO-005|POL-PROMO-003|POL-PROMO-002|POL-HITL-001|POL-INV-002,RULE_BASED,PENDING_HUMAN_REVIEW
1454,DEC-S20-HOME_AND_KITCHEN_I,20,HOME AND KITCHEN I,HIGH,2,RISK_HIGH,194.7846555709839,431.88945484161377,758.9521703720093,1.3032600089725999,BỔ SUNG THẬN TRỌNG,B,290.7920881748199,636.303652048111,TRUNG BÌNH,CÂN NHẮC THỬ NGHIỆM,False,POL-INV-005|POL-INV-003|POL-INV-001|POL-PROMO-005|POL-PROMO-003|POL-PROMO-002|POL-HITL-001|POL-INV-002,RULE_BASED,PENDING_HUMAN_REVIEW
1455,DEC-S10-FROZEN_FOODS,10,FROZEN FOODS,HIGH,2,RISK_HIGH,197.68949699401853,428.0608491897583,745.1243858337402,1.2758910300800033,BỔ SUNG THẬN TRỌNG,B,283.77688024044033,626.225559592247,TRUNG BÌNH,CÂN NHẮC THỬ NGHIỆM,False,POL-INV-005|POL-INV-003|POL-INV-001|POL-PROMO-005|POL-PROMO-003|POL-PROMO-002|POL-HITL-001|POL-INV-002,RULE_BASED,PENDING_HUMAN_REVIEW
1456,DEC-S23-EGGS,23,EGGS,HIGH,2,RISK_HIGH,210.2521514892578,427.1566095352173,724.2217884063721,1.2004243902133165,BỔ SUNG THẬN TRỌNG,B,271.09705870151515,612.822346329689,TRUNG BÌNH,CÂN NHẮC THỬ NGHIỆM,False,POL-INV-005|POL-INV-003|POL-INV-001|POL-PROMO-005|POL-PROMO-003|POL-PROMO-002|POL-HITL-001|POL-INV-002,RULE_BASED,PENDING_HUMAN_REVIEW
1457,DEC-S24-HOME_AND_KITCHEN_I,24,HOME AND KITCHEN I,HIGH,2,RISK_HIGH,201.6954860687256,425.3333911895752,732.3977489471436,1.2448057643283064,BỔ SUNG THẬN TRỌNG,B,276.98190183639525,617.2486147880554,TRUNG BÌNH,CÂN NHẮC THỬ NGHIỆM,False,POL-INV-005|POL-INV-003|POL-INV-001|POL-PROMO-005|POL-PROMO-003|POL-PROMO-002|POL-HITL-001|POL-INV-002,RULE_BASED,PENDING_HUMAN_REVIEW
1458,DEC-S12-PREPARED_FOODS,12,PREPARED FOODS,HIGH,2,RISK_HIGH,200.83292770385745,424.47083282470703,731.5351905822754,1.2473293629908258,BỔ SUNG THẬN TRỌNG,B,276.8093901634216,616.3860564231873,TRUNG BÌNH,CÂN NHẮC THỬ NGHIỆM,False,POL-INV-005|POL-INV-003|POL-INV-001|POL-PROMO-005|POL-PROMO-003|POL-PROMO-002|POL-HITL-001|POL-INV-002,RULE_BASED,PENDING_HUMAN_REVIEW
1459,DEC-S27-GROCERY_II,27,GROCERY II,HIGH,2,RISK_HIGH,206.10102081298828,423.00547885894775,720.0706577301025,1.2121768763466723,BỔ SUNG THẬN TRỌNG,B,270.26683256626126,608.6712156534195,TRUNG BÌNH,CÂN NHẮC THỬ NGHIỆM,False,POL-INV-005|POL-INV-003|POL-INV-001|POL-PROMO-005|POL-PROMO-003|POL-PROMO-002|POL-HITL-001|POL-INV-002,RULE_BASED,PENDING_HUMAN_REVIEW
1460,DEC-S38-LADIESWEAR,38,LADIESWEAR,HIGH,2,RISK_HIGH,198.42649841308597,422.0644035339356,729.1287612915039,1.2544242872843079,BỔ SUNG THẬN TRỌNG,B,276.3281043052673,613.9796271324158,TRUNG BÌNH,CÂN NHẮC THỬ NGHIỆM,False,POL-INV-005|POL-INV-003|POL-INV-001|POL-PROMO-005|POL-PROMO-003|POL-PROMO-002|POL-HITL-001|POL-INV-002,RULE_BASED,PENDING_HUMAN_REVIEW
1461,DEC-S45-CELEBRATION,45,CELEBRATION,HIGH,2,RISK_HIGH,203.28214263916016,420.1866006851196,717.2517795562744,1.220289620042684,BỔ SUNG THẬN TRỌNG,B,269.70305693149567,605.8523374795914,TRUNG BÌNH,CÂN NHẮC THỬ NGHIỆM,False,POL-INV-005|POL-INV-003|POL-INV-001|POL-PROMO-005|POL-PROMO-003|POL-PROMO-002|POL-HITL-001|POL-INV-002,RULE_BASED,PENDING_HUMAN_REVIEW
1462,DEC-S42-HOME_AND_KITCHEN_I,42,HOME AND KITCHEN I,HIGH,2,RISK_HIGH,208.5485725402832,418.7195835113525,705.7855834960938,1.1846886123252844,BỔ SUNG THẬN TRỌNG,B,263.16016669273375,598.1358335018158,TRUNG BÌNH,CÂN NHẮC THỬ NGHIỆM,False,POL-INV-005|POL-INV-003|POL-INV-001|POL-PROMO-005|POL-PROMO-003|POL-PROMO-002|POL-HITL-001|POL-INV-002,RULE_BASED,PENDING_HUMAN_REVIEW
1463,DEC-S44-LAWN_AND_GARDEN,44,LAWN AND GARDEN,HIGH,2,RISK_HIGH,199.02384757995603,415.9283056259155,712.9934844970703,1.2327530416662764,BỔ SUNG THẬN TRỌNG,B,268.8513979196548,601.5940424203873,TRUNG BÌNH,CÂN NHẮC THỬ NGHIỆM,False,POL-INV-005|POL-INV-003|POL-INV-001|POL-PROMO-005|POL-PROMO-003|POL-PROMO-002|POL-HITL-001|POL-INV-002,RULE_BASED,PENDING_HUMAN_REVIEW
1464,DEC-S45-PLAYERS_AND_ELECTRONICS,45,PLAYERS AND ELECTRONICS,HIGH,2,RISK_HIGH,191.4294948577881,415.0673999786377,722.131757736206,1.2755199347645743,BỔ SUNG THẬN TRỌNG,B,274.9287035942077,606.9826235771179,TRUNG BÌNH,CÂN NHẮC THỬ NGHIỆM,False,POL-INV-005|POL-INV-003|POL-INV-001|POL-PROMO-005|POL-PROMO-003|POL-PROMO-002|POL-HITL-001|POL-INV-002,RULE_BASED,PENDING_HUMAN_REVIEW
1465,DEC-S41-HOME_AND_KITCHEN_I,41,HOME AND KITCHEN I,HIGH,2,RISK_HIGH,197.53249549865723,413.8044109344482,710.869589805603,1.2375401051076789,BỔ SUNG THẬN TRỌNG,B,268.42661898136134,599.47014772892,TRUNG BÌNH,CÂN NHẮC THỬ NGHIỆM,False,POL-INV-005|POL-INV-003|POL-INV-001|POL-PROMO-005|POL-PROMO-003|POL-PROMO-002|POL-HITL-001|POL-INV-002,RULE_BASED,PENDING_HUMAN_REVIEW
1466,DEC-S48-SEAFOOD,48,SEAFOOD,HIGH,2,RISK_HIGH,178.55973625183103,413.3895320892334,740.4522476196289,1.3559524743178155,BỔ SUNG THẬN TRỌNG,B,287.09210362434385,617.8037292957306,TRUNG BÌNH,CÂN NHẮC THỬ NGHIỆM,False,POL-INV-005|POL-INV-003|POL-INV-001|POL-PROMO-005|POL-PROMO-003|POL-PROMO-002|POL-HITL-001|POL-INV-002,RULE_BASED,PENDING_HUMAN_REVIEW
1467,DEC-S47-CELEBRATION,47,CELEBRATION,HIGH,2,RISK_HIGH,195.92824745178223,412.8327054977417,709.8978843688965,1.2419744261124355,BỔ SUNG THẬN TRỌNG,B,268.23227789402006,598.4984422922134,TRUNG BÌNH,CÂN NHẮC THỬ NGHIỆM,False,POL-INV-005|POL-INV-003|POL-INV-001|POL-PROMO-005|POL-PROMO-003|POL-PROMO-002|POL-HITL-001|POL-INV-002,RULE_BASED,PENDING_HUMAN_REVIEW
1468,DEC-S16-PREPARED_FOODS,16,PREPARED FOODS,HIGH,2,RISK_HIGH,181.68472290039065,405.3226280212402,712.3869857788086,1.3061105296126307,BỔ SUNG THẬN TRỌNG,B,272.97974920272827,597.2378516197205,TRUNG BÌNH,CÂN NHẮC THỬ NGHIỆM,False,POL-INV-005|POL-INV-003|POL-INV-001|POL-PROMO-005|POL-PROMO-003|POL-PROMO-002|POL-HITL-001|POL-INV-002,RULE_BASED,PENDING_HUMAN_REVIEW
1469,DEC-S06-LADIESWEAR,6,LADIESWEAR,HIGH,2,RISK_HIGH,181.1616306304932,404.7995357513428,711.8638935089111,1.3077941597341067,BỔ SUNG THẬN TRỌNG,B,272.87513074874875,596.714759349823,TRUNG BÌNH,CÂN NHẮC THỬ NGHIỆM,False,POL-INV-005|POL-INV-003|POL-INV-001|POL-PROMO-005|POL-PROMO-003|POL-PROMO-002|POL-HITL-001|POL-INV-002,RULE_BASED,PENDING_HUMAN_REVIEW
1470,DEC-S05-HOME_AND_KITCHEN_I,5,HOME AND KITCHEN I,HIGH,2,RISK_HIGH,187.4469518661499,404.3514099121094,701.4165887832642,1.2679606493253746,BỔ SUNG THẬN TRỌNG,B,266.53601877689357,590.0171467065811,TRUNG BÌNH,CÂN NHẮC THỬ NGHIỆM,False,POL-INV-005|POL-INV-003|POL-INV-001|POL-PROMO-005|POL-PROMO-003|POL-PROMO-002|POL-HITL-001|POL-INV-002,RULE_BASED,PENDING_HUMAN_REVIEW
1471,DEC-S31-HOME_AND_KITCHEN_I,31,HOME AND KITCHEN I,HIGH,2,RISK_HIGH,171.8994541168213,395.5373592376709,702.6017169952393,1.3383411436911627,BỔ SUNG THẬN TRỌNG,B,271.0226954460144,587.4525828361511,TRUNG BÌNH,CÂN NHẮC THỬ NGHIỆM,False,POL-INV-005|POL-INV-003|POL-INV-001|POL-PROMO-005|POL-PROMO-003|POL-PROMO-002|POL-HITL-001|POL-INV-002,RULE_BASED,PENDING_HUMAN_REVIEW
1472,DEC-S44-MAGAZINES,44,MAGAZINES,HIGH,2,RISK_HIGH,171.39436531066897,395.03227043151855,702.0966281890869,1.3400480276522981,BỔ SUNG THẬN TRỌNG,B,270.9216776847839,586.9474940299988,TRUNG BÌNH,CÂN NHẮC THỬ NGHIỆM,False,POL-INV-005|POL-INV-003|POL-INV-001|POL-PROMO-005|POL-PROMO-003|POL-PROMO-002|POL-HITL-001|POL-INV-002,RULE_BASED,PENDING_HUMAN_REVIEW
1473,DEC-S23-GROCERY_II,23,GROCERY II,HIGH,2,RISK_HIGH,182.7052993774414,392.87631034851074,679.942310333252,1.2624191856469964,BỔ SUNG THẬN TRỌNG,B,257.9915120601654,572.292560338974,TRUNG BÌNH,CÂN NHẮC THỬ NGHIỆM,False,POL-INV-005|POL-INV-003|POL-INV-001|POL-PROMO-005|POL-PROMO-003|POL-PROMO-002|POL-HITL-001|POL-INV-002,RULE_BASED,PENDING_HUMAN_REVIEW
1474,DEC-S38-GROCERY_II,38,GROCERY II,HIGH,2,RISK_HIGH,174.99760341644287,391.9020614624024,688.9672403335571,1.308136778422826,BỔ SUNG THẬN TRỌNG,B,264.0461490869522,577.5677982568741,TRUNG BÌNH,CÂN NHẮC THỬ NGHIỆM,False,POL-INV-005|POL-INV-003|POL-INV-001|POL-PROMO-005|POL-PROMO-003|POL-PROMO-002|POL-HITL-001|POL-INV-002,RULE_BASED,PENDING_HUMAN_REVIEW
1475,DEC-S49-PLAYERS_AND_ELECTRONICS,49,PLAYERS AND ELECTRONICS,HIGH,2,RISK_HIGH,179.52313327789307,389.6941442489624,676.7601442337036,1.272701468079736,BỔ SUNG THẬN TRỌNG,B,257.3550788402557,569.1103942394257,TRUNG BÌNH,CÂN NHẮC THỬ NGHIỆM,False,POL-INV-005|POL-INV-003|POL-INV-001|POL-PROMO-005|POL-PROMO-003|POL-PROMO-002|POL-HITL-001|POL-INV-002,RULE_BASED,PENDING_HUMAN_REVIEW
1476,DEC-S54-HOME_AND_KITCHEN_I,54,HOME AND KITCHEN I,HIGH,2,RISK_HIGH,168.67238807678223,383.720142364502,682.6106643676758,1.3358756657039397,BỔ SUNG THẬN TRỌNG,B,263.550604724884,570.5267186164856,TRUNG BÌNH,CÂN NHẮC THỬ NGHIỆM,False,POL-INV-005|POL-INV-003|POL-INV-001|POL-PROMO-005|POL-PROMO-003|POL-PROMO-002|POL-HITL-001|POL-INV-002,RULE_BASED,PENDING_HUMAN_REVIEW
1477,DEC-S23-PREPARED_FOODS,23,PREPARED FOODS,HIGH,2,RISK_HIGH,186.451286315918,383.15540313720703,650.2230453491211,1.207250386811714,BỔ SUNG THẬN TRỌNG,B,243.5483570098877,550.0726795196533,TRUNG BÌNH,CÂN NHẮC THỬ NGHIỆM,False,POL-INV-005|POL-INV-003|POL-INV-001|POL-PROMO-005|POL-PROMO-003|POL-PROMO-002|POL-HITL-001|POL-INV-002,RULE_BASED,PENDING_HUMAN_REVIEW
1478,DEC-S48-PLAYERS_AND_ELECTRONICS,48,PLAYERS AND ELECTRONICS,HIGH,2,RISK_HIGH,158.28294563293457,381.9208507537842,688.9852085113525,1.3859320061410194,BỔ SUNG THẬN TRỌNG,B,268.299393749237,573.8360743522644,TRUNG BÌNH,CÂN NHẮC THỬ NGHIỆM,False,POL-INV-005|POL-INV-003|POL-INV-001|POL-PROMO-005|POL-PROMO-003|POL-PROMO-002|POL-HITL-001|POL-INV-002,RULE_BASED,PENDING_HUMAN_REVIEW
1479,DEC-S02-SEAFOOD,2,SEAFOOD,HIGH,2,RISK_HIGH,152.47770881652832,381.0925045013428,698.1560411453247,1.4281314757559678,BỔ SUNG THẬN TRỌNG,B,274.3832113027573,579.2572149038315,TRUNG BÌNH,CÂN NHẮC THỬ NGHIỆM,False,POL-INV-005|POL-INV-003|POL-INV-001|POL-PROMO-005|POL-PROMO-003|POL-PROMO-002|POL-HITL-001|POL-INV-002,RULE_BASED,PENDING_HUMAN_REVIEW
1480,DEC-S25-PREPARED_FOODS,25,PREPARED FOODS,HIGH,2,RISK_HIGH,170.8579921722412,381.02900314331055,668.0950031280518,1.301568747044271,BỔ SUNG THẬN TRỌNG,B,255.62205061912533,560.4452531337738,TRUNG BÌNH,CÂN NHẮC THỬ NGHIỆM,False,POL-INV-005|POL-INV-003|POL-INV-001|POL-PROMO-005|POL-PROMO-003|POL-PROMO-002|POL-HITL-001|POL-INV-002,RULE_BASED,PENDING_HUMAN_REVIEW
1481,DEC-S41-HOME_AND_KITCHEN_II,41,HOME AND KITCHEN II,HIGH,2,RISK_HIGH,170.32423782348633,380.49524879455566,667.5612487792969,1.3033897867063204,BỔ SUNG THẬN TRỌNG,B,255.51529974937438,559.9114987850189,TRUNG BÌNH,CÂN NHẮC THỬ NGHIỆM,False,POL-INV-005|POL-INV-003|POL-INV-001|POL-PROMO-005|POL-PROMO-003|POL-PROMO-002|POL-HITL-001|POL-INV-002,RULE_BASED,PENDING_HUMAN_REVIEW
1482,DEC-S14-LIQUOR_WINE_BEER,14,"LIQUOR,WINE,BEER",HIGH,2,RISK_HIGH,157.03953742980957,380.0655097961426,687.1298675537109,1.3910740187625013,BỔ SUNG THẬN TRỌNG,B,267.9283255577087,571.9807333946228,TRUNG BÌNH,CÂN NHẮC THỬ NGHIỆM,False,POL-INV-005|POL-INV-003|POL-INV-001|POL-PROMO-005|POL-PROMO-003|POL-PROMO-002|POL-HITL-001|POL-INV-002,RULE_BASED,PENDING_HUMAN_REVIEW
1483,DEC-S26-PREPARED_FOODS,26,PREPARED FOODS,HIGH,2,RISK_HIGH,168.7882785797119,378.9592895507813,666.0252895355225,1.3086586500982367,BỔ SUNG THẬN TRỌNG,B,255.2081079006195,558.3755395412445,TRUNG BÌNH,CÂN NHẮC THỬ NGHIỆM,False,POL-INV-005|POL-INV-003|POL-INV-001|POL-PROMO-005|POL-PROMO-003|POL-PROMO-002|POL-HITL-001|POL-INV-002,RULE_BASED,PENDING_HUMAN_REVIEW
1484,DEC-S45-PET_SUPPLIES,45,PET SUPPLIES,HIGH,2,RISK_HIGH,154.19544124603271,377.8333463668823,684.8977041244507,1.4008858194982068,BỔ SUNG THẬN TRỌNG,B,267.4818928718567,569.7485699653625,TRUNG BÌNH,CÂN NHẮC THỬ NGHIỆM,False,POL-INV-005|POL-INV-003|POL-INV-001|POL-PROMO-005|POL-PROMO-003|POL-PROMO-002|POL-HITL-001|POL-INV-002,RULE_BASED,PENDING_HUMAN_REVIEW
1485,DEC-S31-HOME_AND_KITCHEN_II,31,HOME AND KITCHEN II,HIGH,2,RISK_HIGH,179.07500076293945,375.7791175842285,642.8467597961426,1.23088498642584,BỔ SUNG THẬN TRỌNG,B,242.073099899292,542.6963939666748,TRUNG BÌNH,CÂN NHẮC THỬ NGHIỆM,False,POL-INV-005|POL-INV-003|POL-INV-001|POL-PROMO-005|POL-PROMO-003|POL-PROMO-002|POL-HITL-001|POL-INV-002,RULE_BASED,PENDING_HUMAN_REVIEW
1486,DEC-S41-LADIESWEAR,41,LADIESWEAR,HIGH,2,RISK_HIGH,164.89644241333008,375.0425262451172,662.1085262298584,1.3222230176499472,BỔ SUNG THẬN TRỌNG,B,254.42475523948667,554.4587762355804,TRUNG BÌNH,CÂN NHẮC THỬ NGHIỆM,False,POL-INV-005|POL-INV-003|POL-INV-001|POL-PROMO-005|POL-PROMO-003|POL-PROMO-002|POL-HITL-001|POL-INV-002,RULE_BASED,PENDING_HUMAN_REVIEW
1487,DEC-S37-LADIESWEAR,37,LADIESWEAR,HIGH,2,RISK_HIGH,156.71757698059082,373.4020023345947,670.4671812057495,1.3721871171138453,BỔ SUNG THẬN TRỌNG,B,260.34613726139065,559.0677391290665,TRUNG BÌNH,CÂN NHẮC THỬ NGHIỆM,False,POL-INV-005|POL-INV-003|POL-INV-001|POL-PROMO-005|POL-PROMO-003|POL-PROMO-002|POL-HITL-001|POL-INV-002,RULE_BASED,PENDING_HUMAN_REVIEW
1488,DEC-S48-BEAUTY,48,BEAUTY,HIGH,2,RISK_HIGH,164.21584701538086,370.009578704834,657.0755786895752,1.328428590428123,BỔ SUNG THẬN TRỌNG,B,253.41816573143007,549.4258286952972,TRUNG BÌNH,CÂN NHẮC THỬ NGHIỆM,False,POL-INV-005|POL-INV-003|POL-INV-001|POL-PROMO-005|POL-PROMO-003|POL-PROMO-002|POL-HITL-001|POL-INV-002,RULE_BASED,PENDING_HUMAN_REVIEW
1489,DEC-S02-LADIESWEAR,2,LADIESWEAR,HIGH,2,RISK_HIGH,158.96048736572266,369.131498336792,656.1974983215332,1.3434063655489326,BỔ SUNG THẬN TRỌNG,B,253.24254965782166,548.5477483272552,TRUNG BÌNH,CÂN NHẮC THỬ NGHIỆM,False,POL-INV-005|POL-INV-003|POL-INV-001|POL-PROMO-005|POL-PROMO-003|POL-PROMO-002|POL-HITL-001|POL-INV-002,RULE_BASED,PENDING_HUMAN_REVIEW
1490,DEC-S10-PREPARED_FOODS,10,PREPARED FOODS,HIGH,2,RISK_HIGH,158.79291152954102,368.9639225006104,656.0299224853516,1.3440148639222793,BỔ SUNG THẬN TRỌNG,B,253.20903449058534,548.3801724910736,TRUNG BÌNH,CÂN NHẮC THỬ NGHIỆM,False,POL-INV-005|POL-INV-003|POL-INV-001|POL-PROMO-005|POL-PROMO-003|POL-PROMO-002|POL-HITL-001|POL-INV-002,RULE_BASED,PENDING_HUMAN_REVIEW
1491,DEC-S28-HOME_AND_KITCHEN_II,28,HOME AND KITCHEN II,HIGH,2,RISK_HIGH,157.6755781173706,367.84658908844,654.9125890731812,1.3480862387386368,BỔ SUNG THẬN TRỌNG,B,252.98556780815125,547.2628390789032,TRUNG BÌNH,CÂN NHẮC THỬ NGHIỆM,False,POL-INV-005|POL-INV-003|POL-INV-001|POL-PROMO-005|POL-PROMO-003|POL-PROMO-002|POL-HITL-001|POL-INV-002,RULE_BASED,PENDING_HUMAN_REVIEW
1492,DEC-S03-LINGERIE,3,LINGERIE,HIGH,2,RISK_HIGH,138.41929244995117,367.0473318099976,684.1108684539795,1.4826668442898496,BỔ SUNG THẬN TRỌNG,B,271.5741767644882,565.2120422124863,TRUNG BÌNH,CÂN NHẮC THỬ NGHIỆM,False,POL-INV-005|POL-INV-003|POL-INV-001|POL-PROMO-005|POL-PROMO-003|POL-PROMO-002|POL-HITL-001|POL-INV-002,RULE_BASED,PENDING_HUMAN_REVIEW
1493,DEC-S50-PLAYERS_AND_ELECTRONICS,50,PLAYERS AND ELECTRONICS,HIGH,2,RISK_HIGH,155.62354850769043,365.79455947875977,652.860559463501,1.3556280978169863,BỔ SUNG THẬN TRỌNG,B,252.5751618862152,545.210809469223,TRUNG BÌNH,CÂN NHẮC THỬ NGHIỆM,False,POL-INV-005|POL-INV-003|POL-INV-001|POL-PROMO-005|POL-PROMO-003|POL-PROMO-002|POL-HITL-001|POL-INV-002,RULE_BASED,PENDING_HUMAN_REVIEW
1494,DEC-S46-PET_SUPPLIES,46,PET SUPPLIES,HIGH,2,RISK_HIGH,147.75643062591553,364.660888671875,661.7260675430298,1.405590952819468,BỔ SUNG THẬN TRỌNG,B,258.59791452884673,550.3266254663467,TRUNG BÌNH,CÂN NHẮC THỬ NGHIỆM,False,POL-INV-005|POL-INV-003|POL-INV-001|POL-PROMO-005|POL-PROMO-003|POL-PROMO-002|POL-HITL-001|POL-INV-002,RULE_BASED,PENDING_HUMAN_REVIEW
1495,DEC-S08-LINGERIE,8,LINGERIE,HIGH,2,RISK_HIGH,162.59517288208008,364.0002040863037,641.0670251846313,1.3108810541635132,BỔ SUNG THẬN TRỌNG,B,245.96680400371548,537.1669672727585,TRUNG BÌNH,CÂN NHẮC THỬ NGHIỆM,False,POL-INV-005|POL-INV-003|POL-INV-001|POL-PROMO-005|POL-PROMO-003|POL-PROMO-002|POL-HITL-001|POL-INV-002,RULE_BASED,PENDING_HUMAN_REVIEW
1496,DEC-S24-SEAFOOD,24,SEAFOOD,HIGH,2,RISK_HIGH,149.18508052825928,359.3560914993286,646.4220914840698,1.3798490512175425,BỔ SUNG THẬN TRỌNG,B,251.28746829032895,538.7723414897919,TRUNG BÌNH,CÂN NHẮC THỬ NGHIỆM,False,POL-INV-005|POL-INV-003|POL-INV-001|POL-PROMO-005|POL-PROMO-003|POL-PROMO-002|POL-HITL-001|POL-INV-002,RULE_BASED,PENDING_HUMAN_REVIEW
1497,DEC-S04-GROCERY_II,4,GROCERY II,HIGH,2,RISK_HIGH,151.16140365600586,359.18928623199463,646.2552862167358,1.3745380595297456,BỔ SUNG THẬN TRỌNG,B,251.25410723686218,538.6055362224579,TRUNG BÌNH,CÂN NHẮC THỬ NGHIỆM,False,POL-INV-005|POL-INV-003|POL-INV-001|POL-PROMO-005|POL-PROMO-003|POL-PROMO-002|POL-HITL-001|POL-INV-002,RULE_BASED,PENDING_HUMAN_REVIEW
1498,DEC-S39-HOME_AND_KITCHEN_I,39,HOME AND KITCHEN I,HIGH,2,RISK_HIGH,138.6177043914795,348.3460187911988,635.4120187759399,1.4220694888794203,BỔ SUNG THẬN TRỌNG,B,249.085453748703,527.762268781662,TRUNG BÌNH,CÂN NHẮC THỬ NGHIỆM,False,POL-INV-005|POL-INV-003|POL-INV-001|POL-PROMO-005|POL-PROMO-003|POL-PROMO-002|POL-HITL-001|POL-INV-002,RULE_BASED,PENDING_HUMAN_REVIEW
1499,DEC-S47-PET_SUPPLIES,47,PET SUPPLIES,HIGH,2,RISK_HIGH,138.16813373565674,347.6450614929199,634.7110614776611,1.424207546826496,BỔ SUNG THẬN TRỌNG,B,248.9452622890472,527.0613114833832,TRUNG BÌNH,CÂN NHẮC THỬ NGHIỆM,False,POL-INV-005|POL-INV-003|POL-INV-001|POL-PROMO-005|POL-PROMO-003|POL-PROMO-002|POL-HITL-001|POL-INV-002,RULE_BASED,PENDING_HUMAN_REVIEW
1500,DEC-S46-BEAUTY,46,BEAUTY,HIGH,2,RISK_HIGH,147.14867210388184,347.5809936523437,624.6478147506714,1.369837000129221,BỔ SUNG THẬN TRỌNG,B,242.6829619169235,520.7477568387985,TRUNG BÌNH,CÂN NHẮC THỬ NGHIỆM,False,POL-INV-005|POL-INV-003|POL-INV-001|POL-PROMO-005|POL-PROMO-003|POL-PROMO-002|POL-HITL-001|POL-INV-002,RULE_BASED,PENDING_HUMAN_REVIEW
1501,DEC-S39-HOME_AND_KITCHEN_II,39,HOME AND KITCHEN II,HIGH,2,RISK_HIGH,132.7874937057495,329.4916105270386,596.5592527389526,1.4032784623295618,BỔ SUNG THẬN TRỌNG,B,232.815598487854,496.40888690948486,TRUNG BÌNH,CÂN NHẮC THỬ NGHIỆM,False,POL-INV-005|POL-INV-003|POL-INV-001|POL-PROMO-005|POL-PROMO-003|POL-PROMO-002|POL-HITL-001|POL-INV-002,RULE_BASED,PENDING_HUMAN_REVIEW
1502,DEC-S01-GROCERY_II,1,GROCERY II,HIGH,2,RISK_HIGH,126.00617790222168,329.4437417984009,606.5105628967285,1.454118581212701,BỔ SUNG THẬN TRỌNG,B,239.05551154613494,502.61050498485565,TRUNG BÌNH,CÂN NHẮC THỬ NGHIỆM,False,POL-INV-005|POL-INV-003|POL-INV-001|POL-PROMO-005|POL-PROMO-003|POL-PROMO-002|POL-HITL-001|POL-INV-002,RULE_BASED,PENDING_HUMAN_REVIEW
1503,DEC-S44-BEAUTY,44,BEAUTY,HIGH,2,RISK_HIGH,128.856707572937,327.0421724319458,597.760500907898,1.429400951282377,BỔ SUNG THẬN TRỌNG,B,234.60738978385922,496.2411277294159,TRUNG BÌNH,CÂN NHẮC THỬ NGHIỆM,False,POL-INV-005|POL-INV-003|POL-INV-001|POL-PROMO-005|POL-PROMO-003|POL-PROMO-002|POL-HITL-001|POL-INV-002,RULE_BASED,PENDING_HUMAN_REVIEW
1504,DEC-S33-HOME_AND_KITCHEN_I,33,HOME AND KITCHEN I,HIGH,2,RISK_HIGH,121.86683082580566,324.5375680923462,601.6043891906738,1.4736780187188092,BỔ SUNG THẬN TRỌNG,B,238.07427680492407,497.70433127880096,TRUNG BÌNH,CÂN NHẮC THỬ NGHIỆM,False,POL-INV-005|POL-INV-003|POL-INV-001|POL-PROMO-005|POL-PROMO-003|POL-PROMO-002|POL-HITL-001|POL-INV-002,RULE_BASED,PENDING_HUMAN_REVIEW
1505,DEC-S42-LADIESWEAR,42,LADIESWEAR,HIGH,2,RISK_HIGH,113.14717292785645,321.10111713409424,608.1671171188354,1.5368464058598617,BỔ SUNG THẬN TRỌNG,B,243.6364734172821,500.5173671245575,TRUNG BÌNH,CÂN NHẮC THỬ NGHIỆM,False,POL-INV-005|POL-INV-003|POL-INV-001|POL-PROMO-005|POL-PROMO-003|POL-PROMO-002|POL-HITL-001|POL-INV-002,RULE_BASED,PENDING_HUMAN_REVIEW
1506,DEC-S17-HOME_AND_KITCHEN_I,17,HOME AND KITCHEN I,HIGH,2,RISK_HIGH,124.52495193481444,317.7491273880005,584.8167695999146,1.444056714560995,BỔ SUNG THẬN TRỌNG,B,230.46710186004637,484.6664037704468,TRUNG BÌNH,CÂN NHẮC THỬ NGHIỆM,False,POL-INV-005|POL-INV-003|POL-INV-001|POL-PROMO-005|POL-PROMO-003|POL-PROMO-002|POL-HITL-001|POL-INV-002,RULE_BASED,PENDING_HUMAN_REVIEW
1507,DEC-S04-LADIESWEAR,4,LADIESWEAR,HIGH,2,RISK_HIGH,84.46287441253662,284.78471088409424,561.8515319824219,1.6704485558134,BỔ SUNG THẬN TRỌNG,B,230.12370536327361,457.951474070549,TRUNG BÌNH,CÂN NHẮC THỬ NGHIỆM,False,POL-INV-005|POL-INV-003|POL-INV-001|POL-PROMO-005|POL-PROMO-003|POL-PROMO-002|POL-HITL-001|POL-INV-002,RULE_BASED,PENDING_HUMAN_REVIEW
1508,DEC-S04-SEAFOOD,4,SEAFOOD,HIGH,2,RISK_HIGH,68.13142013549805,266.1230068206787,545.0151710510254,1.785258995814098,BỔ SUNG THẬN TRỌNG,B,227.53220400810244,440.4306094646454,TRUNG BÌNH,CÂN NHẮC THỬ NGHIỆM,False,POL-INV-005|POL-INV-003|POL-INV-001|POL-PROMO-005|POL-PROMO-003|POL-PROMO-002|POL-HITL-001|POL-INV-002,RULE_BASED,PENDING_HUMAN_REVIEW
1509,DEC-S05-HOME_AND_KITCHEN_II,5,HOME AND KITCHEN II,HIGH,2,RISK_HIGH,81.50014400482178,264.574670791626,523.4684772491455,1.6641961069815236,BỔ SUNG THẬN TRỌNG,B,214.72356319427487,426.3832998275757,TRUNG BÌNH,CÂN NHẮC THỬ NGHIỆM,False,POL-INV-005|POL-INV-003|POL-INV-001|POL-PROMO-005|POL-PROMO-003|POL-PROMO-002|POL-HITL-001|POL-INV-002,RULE_BASED,PENDING_HUMAN_REVIEW
1510,DEC-S01-SEAFOOD,1,SEAFOOD,HIGH,2,RISK_HIGH,52.380417823791504,249.01511573791504,526.0819368362427,1.8946915174081767,BỔ SUNG THẬN TRỌNG,B,222.96978633403776,422.1818789243698,TRUNG BÌNH,CÂN NHẮC THỬ NGHIỆM,False,POL-INV-005|POL-INV-003|POL-INV-001|POL-PROMO-005|POL-PROMO-003|POL-PROMO-002|POL-HITL-001|POL-INV-002,RULE_BASED,PENDING_HUMAN_REVIEW
1511,DEC-S14-MEATS,14,MEATS,MEDIUM,1,RISK_MEDIUM,3471.875315490722,4482.573997924805,5768.613398864746,0.5122560895475474,BỔ SUNG THEO P90,C,2182.554200524902,5768.613398864746,CAO,CÂN NHẮC THỬ NGHIỆM,False,POL-INV-002|POL-INV-003|POL-INV-001|POL-PROMO-005|POL-PROMO-003|POL-PROMO-002|POL-HITL-001|POL-PROMO-001,RULE_BASED,PENDING_HUMAN_REVIEW
1512,DEC-S17-MEATS,17,MEATS,MEDIUM,1,RISK_MEDIUM,3579.763638793945,4476.25096887207,5626.529373168945,0.4571478678780946,BỔ SUNG THEO P90,C,2045.5285980712888,5626.529373168945,CAO,CÂN NHẮC THỬ NGHIỆM,False,POL-INV-002|POL-INV-003|POL-INV-001|POL-PROMO-005|POL-PROMO-003|POL-PROMO-002|POL-HITL-001|POL-PROMO-001,RULE_BASED,PENDING_HUMAN_REVIEW
1513,DEC-S51-DELI,51,DELI,MEDIUM,1,RISK_MEDIUM,3576.652829467773,4473.140159545898,5623.418563842773,0.4574657166267086,BỔ SUNG THEO P90,C,2044.9064362060544,5623.418563842773,CAO,KHÔNG ĐỀ XUẤT TĂNG,False,POL-INV-002|POL-INV-003|POL-INV-001|POL-PROMO-002|POL-HITL-001|POL-PROMO-001,RULE_BASED,PENDING_HUMAN_REVIEW
1514,DEC-S37-POULTRY,37,POULTRY,MEDIUM,1,RISK_MEDIUM,3570.584882080078,4467.072212158203,5617.350616455078,0.4580869863305892,BỔ SUNG THEO P90,C,2043.6928467285156,5617.350616455078,CAO,CÂN NHẮC THỬ NGHIỆM,False,POL-INV-002|POL-INV-003|POL-INV-001|POL-PROMO-005|POL-PROMO-003|POL-PROMO-002|POL-HITL-001|POL-PROMO-001,RULE_BASED,PENDING_HUMAN_REVIEW
1515,DEC-S02-PERSONAL_CARE,2,PERSONAL CARE,MEDIUM,1,RISK_MEDIUM,3568.753048400879,4446.480176391601,5568.499660095215,0.4496358684878506,BỔ SUNG THEO P90,C,2011.3155189819345,5568.499660095215,CAO,KHÔNG ĐỀ XUẤT TĂNG,False,POL-INV-002|POL-INV-003|POL-INV-001|POL-PROMO-002|POL-HITL-001|POL-PROMO-001,RULE_BASED,PENDING_HUMAN_REVIEW
1516,DEC-S31-DELI,31,DELI,MEDIUM,1,RISK_MEDIUM,3512.5215428466795,4409.008872924805,5559.28727722168,0.4641182803375053,BỔ SUNG THEO P90,C,2032.0801788818358,5559.28727722168,CAO,KHÔNG ĐỀ XUẤT TĂNG,False,POL-INV-002|POL-INV-003|POL-INV-001|POL-PROMO-002|POL-HITL-001|POL-PROMO-001,RULE_BASED,PENDING_HUMAN_REVIEW
1517,DEC-S26-DAIRY,26,DAIRY,MEDIUM,1,RISK_MEDIUM,3440.914844970703,4403.887952270507,5636.176315185547,0.49836942369516846,BỔ SUNG THEO P90,C,2113.0659533691405,5636.176315185547,CAO,KHÔNG ĐỀ XUẤT TĂNG,False,POL-INV-002|POL-INV-003|POL-INV-001|POL-PROMO-002|POL-HITL-001|POL-PROMO-001,RULE_BASED,PENDING_HUMAN_REVIEW
1518,DEC-S26-MEATS,26,MEATS,MEDIUM,1,RISK_MEDIUM,3408.136972412109,4400.075452758789,5657.8559331054685,0.5111748218911212,BỔ SUNG THEO P90,C,2137.7955708984373,5657.8559331054685,CAO,CÂN NHẮC THỬ NGHIỆM,False,POL-INV-002|POL-INV-003|POL-INV-001|POL-PROMO-005|POL-PROMO-003|POL-PROMO-002|POL-HITL-001|POL-PROMO-001,RULE_BASED,PENDING_HUMAN_REVIEW
1519,DEC-S16-DAIRY,16,DAIRY,MEDIUM,1,RISK_MEDIUM,3497.3303807373045,4393.81771081543,5544.096115112305,0.4657225553037184,BỔ SUNG THEO P90,C,2029.0419464599609,5544.096115112305,CAO,KHÔNG ĐỀ XUẤT TĂNG,False,POL-INV-002|POL-INV-003|POL-INV-001|POL-PROMO-002|POL-HITL-001|POL-PROMO-001,RULE_BASED,PENDING_HUMAN_REVIEW
1520,DEC-S34-PERSONAL_CARE,34,PERSONAL CARE,MEDIUM,1,RISK_MEDIUM,3493.356564819336,4389.843894897461,5540.122299194336,0.46614404505555707,BỔ SUNG THEO P90,C,2028.2471832763672,5540.122299194336,CAO,KHÔNG ĐỀ XUẤT TĂNG,False,POL-INV-002|POL-INV-003|POL-INV-001|POL-PROMO-002|POL-HITL-001|POL-PROMO-001,RULE_BASED,PENDING_HUMAN_REVIEW
1521,DEC-S41-HOME_CARE,41,HOME CARE,MEDIUM,1,RISK_MEDIUM,3400.467518310547,4363.440625610351,5595.72898852539,0.5029880478458437,BỔ SUNG THEO P90,C,2104.9764880371094,5595.72898852539,CAO,KHÔNG ĐỀ XUẤT TĂNG,False,POL-INV-002|POL-INV-003|POL-INV-001|POL-PROMO-002|POL-HITL-001|POL-PROMO-001,RULE_BASED,PENDING_HUMAN_REVIEW
1522,DEC-S10-PRODUCE,10,PRODUCE,MEDIUM,1,RISK_MEDIUM,3456.646451293945,4353.13378137207,5503.412185668945,0.4700741495659845,BỔ SUNG THEO P90,C,2020.905160571289,5503.412185668945,CAO,KHÔNG ĐỀ XUẤT TĂNG,False,POL-INV-002|POL-INV-003|POL-INV-001|POL-PROMO-002|POL-HITL-001|POL-PROMO-001,RULE_BASED,PENDING_HUMAN_REVIEW
1523,DEC-S14-PERSONAL_CARE,14,PERSONAL CARE,MEDIUM,1,RISK_MEDIUM,3450.980954467773,4347.468284545898,5497.746688842773,0.47068659593288037,BỔ SUNG THEO P90,C,2019.7720612060548,5497.746688842773,CAO,KHÔNG ĐỀ XUẤT TĂNG,False,POL-INV-002|POL-INV-003|POL-INV-001|POL-PROMO-002|POL-HITL-001|POL-PROMO-001,RULE_BASED,PENDING_HUMAN_REVIEW
1524,DEC-S27-HOME_CARE,27,HOME CARE,MEDIUM,1,RISK_MEDIUM,3376.4066815185547,4339.379788818359,5571.668151733398,0.5057763553019607,BỔ SUNG THEO P90,C,2100.1643206787107,5571.668151733398,CAO,KHÔNG ĐỀ XUẤT TĂNG,False,POL-INV-002|POL-INV-003|POL-INV-001|POL-PROMO-002|POL-HITL-001|POL-PROMO-001,RULE_BASED,PENDING_HUMAN_REVIEW
1525,DEC-S29-HOME_CARE,29,HOME CARE,MEDIUM,1,RISK_MEDIUM,3379.864337585449,4324.077242797852,5528.106685119629,0.4966945621864784,BỔ SUNG THEO P90,C,2068.8448908813475,5528.106685119629,CAO,KHÔNG ĐỀ XUẤT TĂNG,False,POL-INV-002|POL-INV-003|POL-INV-001|POL-PROMO-002|POL-HITL-001|POL-PROMO-001,RULE_BASED,PENDING_HUMAN_REVIEW
1526,DEC-S37-HOME_CARE,37,HOME CARE,MEDIUM,1,RISK_MEDIUM,3423.0608342285154,4319.5481643066405,5469.826568603516,0.47372825311472117,BỔ SUNG THEO P90,C,2014.1880371582029,5469.826568603516,CAO,KHÔNG ĐỀ XUẤT TĂNG,False,POL-INV-002|POL-INV-003|POL-INV-001|POL-PROMO-002|POL-HITL-001|POL-PROMO-001,RULE_BASED,PENDING_HUMAN_REVIEW
1527,DEC-S51-FROZEN_FOODS,51,FROZEN FOODS,MEDIUM,1,RISK_MEDIUM,3438.6672024536133,4316.394330444336,5438.413814147949,0.4631836841015461,BỔ SUNG THEO P90,C,1985.2983497924802,5438.413814147949,CAO,CÂN NHẮC THỬ NGHIỆM,False,POL-INV-002|POL-INV-003|POL-INV-001|POL-PROMO-005|POL-PROMO-003|POL-PROMO-002|POL-HITL-001|POL-PROMO-001,RULE_BASED,PENDING_HUMAN_REVIEW
1528,DEC-S49-LIQUOR_WINE_BEER,49,"LIQUOR,WINE,BEER",MEDIUM,1,RISK_MEDIUM,3235.903447937012,4304.532876464844,5641.556512268066,0.5587352677019322,BỔ SUNG THEO P90,C,2197.930211096191,5641.556512268066,CAO,KHÔNG ĐỀ XUẤT TĂNG,False,POL-INV-002|POL-INV-003|POL-INV-001|POL-PROMO-002|POL-HITL-001|POL-PROMO-001,RULE_BASED,PENDING_HUMAN_REVIEW
1529,DEC-S07-HOME_CARE,7,HOME CARE,MEDIUM,1,RISK_MEDIUM,3403.3137791748045,4299.80110925293,5450.079513549805,0.47590336832165986,BỔ SUNG THEO P90,C,2010.2386261474608,5450.079513549805,CAO,KHÔNG ĐỀ XUẤT TĂNG,False,POL-INV-002|POL-INV-003|POL-INV-001|POL-PROMO-002|POL-HITL-001|POL-PROMO-001,RULE_BASED,PENDING_HUMAN_REVIEW
1530,DEC-S54-DAIRY,54,DAIRY,MEDIUM,1,RISK_MEDIUM,3414.5420498657227,4292.269177856445,5414.288661560058,0.4657864505697671,BỔ SUNG THEO P90,C,1980.4733192749022,5414.288661560058,CAO,KHÔNG ĐỀ XUẤT TĂNG,False,POL-INV-002|POL-INV-003|POL-INV-001|POL-PROMO-002|POL-HITL-001|POL-PROMO-001,RULE_BASED,PENDING_HUMAN_REVIEW
1531,DEC-S37-PERSONAL_CARE,37,PERSONAL CARE,MEDIUM,1,RISK_MEDIUM,3363.935117065429,4260.422447143555,5410.70085144043,0.4803010637321241,BỔ SUNG THEO P90,C,2002.3628937255858,5410.70085144043,CAO,KHÔNG ĐỀ XUẤT TĂNG,False,POL-INV-002|POL-INV-003|POL-INV-001|POL-PROMO-002|POL-HITL-001|POL-PROMO-001,RULE_BASED,PENDING_HUMAN_REVIEW
1532,DEC-S53-DELI,53,DELI,MEDIUM,1,RISK_MEDIUM,3400.6661640625,4259.633089965821,5353.393653076172,0.45831862255694433,BỔ SUNG THEO P90,C,1945.6871811035153,5353.393653076172,CAO,KHÔNG ĐỀ XUẤT TĂNG,False,POL-INV-002|POL-INV-003|POL-INV-001|POL-PROMO-002|POL-HITL-001|POL-PROMO-001,RULE_BASED,PENDING_HUMAN_REVIEW
1533,DEC-S41-DELI,41,DELI,MEDIUM,1,RISK_MEDIUM,3311.644153259277,4255.85705847168,5459.886500793457,0.5046545650995982,BỔ SUNG THEO P90,C,2055.200854016113,5459.886500793457,CAO,KHÔNG ĐỀ XUẤT TĂNG,False,POL-INV-002|POL-INV-003|POL-INV-001|POL-PROMO-002|POL-HITL-001|POL-PROMO-001,RULE_BASED,PENDING_HUMAN_REVIEW
1534,DEC-S10-DELI,10,DELI,MEDIUM,1,RISK_MEDIUM,3341.3914616699217,4237.878791748047,5388.157196044922,0.48285545186135087,BỔ SUNG THEO P90,C,1997.8541626464848,5388.157196044922,CAO,KHÔNG ĐỀ XUẤT TĂNG,False,POL-INV-002|POL-INV-003|POL-INV-001|POL-PROMO-002|POL-HITL-001|POL-PROMO-001,RULE_BASED,PENDING_HUMAN_REVIEW
1535,DEC-S29-PERSONAL_CARE,29,PERSONAL CARE,MEDIUM,1,RISK_MEDIUM,3304.2314166870115,4210.923917724609,5358.435518859863,0.48771158793451946,BỔ SUNG THEO P90,C,1989.6963846801755,5358.435518859863,CAO,KHÔNG ĐỀ XUẤT TĂNG,False,POL-INV-002|POL-INV-003|POL-INV-001|POL-PROMO-002|POL-HITL-001|POL-PROMO-001,RULE_BASED,PENDING_HUMAN_REVIEW
1536,DEC-S07-PERSONAL_CARE,7,PERSONAL CARE,MEDIUM,1,RISK_MEDIUM,3312.330594360352,4208.817924438476,5359.096328735352,0.48618865972641945,BỔ SUNG THEO P90,C,1992.0419891845704,5359.096328735352,CAO,KHÔNG ĐỀ XUẤT TĂNG,False,POL-INV-002|POL-INV-003|POL-INV-001|POL-PROMO-002|POL-HITL-001|POL-PROMO-001,RULE_BASED,PENDING_HUMAN_REVIEW
1537,DEC-S04-HOME_CARE,4,HOME CARE,MEDIUM,1,RISK_MEDIUM,3301.0574925537107,4197.544822631836,5347.823226928711,0.48749407731510075,BỔ SUNG THEO P90,C,1989.787368823242,5347.823226928711,CAO,KHÔNG ĐỀ XUẤT TĂNG,False,POL-INV-002|POL-INV-003|POL-INV-001|POL-PROMO-002|POL-HITL-001|POL-PROMO-001,RULE_BASED,PENDING_HUMAN_REVIEW
1538,DEC-S33-BREAD_BAKERY,33,BREAD/BAKERY,MEDIUM,1,RISK_MEDIUM,3311.0351834106445,4188.762311401367,5310.78179510498,0.4772935701513512,BỔ SUNG THEO P90,C,1959.7719459838863,5310.78179510498,CAO,KHÔNG ĐỀ XUẤT TĂNG,False,POL-INV-002|POL-INV-003|POL-INV-001|POL-PROMO-002|POL-HITL-001|POL-PROMO-001,RULE_BASED,PENDING_HUMAN_REVIEW
1539,DEC-S54-BREAD_BAKERY,54,BREAD/BAKERY,MEDIUM,1,RISK_MEDIUM,3201.829929016113,4146.042834228516,5350.072276550293,0.5180178824783764,BỔ SUNG THEO P90,C,2033.2380091674804,5350.072276550293,CAO,KHÔNG ĐỀ XUẤT TĂNG,False,POL-INV-002|POL-INV-003|POL-INV-001|POL-PROMO-002|POL-HITL-001|POL-PROMO-001,RULE_BASED,PENDING_HUMAN_REVIEW
1540,DEC-S03-PREPARED_FOODS,3,PREPARED FOODS,MEDIUM,1,RISK_MEDIUM,3249.416501342773,4145.903831420898,5296.182235717773,0.4935647937786142,BỔ SUNG THEO P90,C,1979.4591705810544,5296.182235717773,CAO,CÂN NHẮC THỬ NGHIỆM,False,POL-INV-002|POL-INV-003|POL-INV-001|POL-PROMO-005|POL-PROMO-003|POL-PROMO-002|POL-HITL-001|POL-PROMO-001,RULE_BASED,PENDING_HUMAN_REVIEW
1541,DEC-S39-POULTRY,39,POULTRY,MEDIUM,1,RISK_MEDIUM,3279.945140502929,4138.91206640625,5232.672629516602,0.4716833250781543,BỔ SUNG THEO P90,C,1921.5429763916013,5232.672629516602,CAO,CÂN NHẮC THỬ NGHIỆM,False,POL-INV-002|POL-INV-003|POL-INV-001|POL-PROMO-005|POL-PROMO-003|POL-PROMO-002|POL-HITL-001|POL-PROMO-001,RULE_BASED,PENDING_HUMAN_REVIEW
1542,DEC-S18-DELI,18,DELI,MEDIUM,1,RISK_MEDIUM,3268.5979420166013,4127.564867919922,5221.325431030274,0.4729797281827637,BỔ SUNG THEO P90,C,1919.2735366943357,5221.325431030274,CAO,KHÔNG ĐỀ XUẤT TĂNG,False,POL-INV-002|POL-INV-003|POL-INV-001|POL-PROMO-002|POL-HITL-001|POL-PROMO-001,RULE_BASED,PENDING_HUMAN_REVIEW
1543,DEC-S53-PERSONAL_CARE,53,PERSONAL CARE,MEDIUM,1,RISK_MEDIUM,3268.520885131836,4127.4878110351565,5221.248374145508,0.47298855619584707,BỔ SUNG THEO P90,C,1919.258125317383,5221.248374145508,CAO,KHÔNG ĐỀ XUẤT TĂNG,False,POL-INV-002|POL-INV-003|POL-INV-001|POL-PROMO-002|POL-HITL-001|POL-PROMO-001,RULE_BASED,PENDING_HUMAN_REVIEW
1544,DEC-S32-PRODUCE,32,PRODUCE,MEDIUM,1,RISK_MEDIUM,3194.704195800781,4120.156898925781,5295.927420654297,0.5098624673574598,BỔ SUNG THEO P90,C,1999.8019015136715,5295.927420654297,CAO,KHÔNG ĐỀ XUẤT TĂNG,False,POL-INV-002|POL-INV-003|POL-INV-001|POL-PROMO-002|POL-HITL-001|POL-PROMO-001,RULE_BASED,PENDING_HUMAN_REVIEW
1545,DEC-S39-DELI,39,DELI,MEDIUM,1,RISK_MEDIUM,3238.965191345215,4116.692319335937,5238.71180303955,0.4856474103963251,BỔ SUNG THEO P90,C,1945.3579475708007,5238.71180303955,CAO,KHÔNG ĐỀ XUẤT TĂNG,False,POL-INV-002|POL-INV-003|POL-INV-001|POL-PROMO-002|POL-HITL-001|POL-PROMO-001,RULE_BASED,PENDING_HUMAN_REVIEW
1546,DEC-S42-POULTRY,42,POULTRY,MEDIUM,1,RISK_MEDIUM,3232.6164974975586,4110.343625488281,5232.363109191894,0.4863973420506385,BỔ SUNG THEO P90,C,1944.0882088012695,5232.363109191894,CAO,CÂN NHẮC THỬ NGHIỆM,False,POL-INV-002|POL-INV-003|POL-INV-001|POL-PROMO-005|POL-PROMO-003|POL-PROMO-002|POL-HITL-001|POL-PROMO-001,RULE_BASED,PENDING_HUMAN_REVIEW
1547,DEC-S43-HOME_CARE,43,HOME CARE,MEDIUM,1,RISK_MEDIUM,3223.9832119750977,4101.71033996582,5223.729823669433,0.4874208623051355,BỔ SUNG THEO P90,C,1942.361551696777,5223.729823669433,CAO,KHÔNG ĐỀ XUẤT TĂNG,False,POL-INV-002|POL-INV-003|POL-INV-001|POL-PROMO-002|POL-HITL-001|POL-PROMO-001,RULE_BASED,PENDING_HUMAN_REVIEW
1548,DEC-S42-PERSONAL_CARE,42,PERSONAL CARE,MEDIUM,1,RISK_MEDIUM,3216.963283996582,4094.6904119873047,5216.709895690918,0.48825629150129574,BỔ SUNG THEO P90,C,1940.9575661010736,5216.709895690918,CAO,KHÔNG ĐỀ XUẤT TĂNG,False,POL-INV-002|POL-INV-003|POL-INV-001|POL-PROMO-002|POL-HITL-001|POL-PROMO-001,RULE_BASED,PENDING_HUMAN_REVIEW
1549,DEC-S29-EGGS,29,EGGS,MEDIUM,1,RISK_MEDIUM,3169.0872408447267,4085.984912841797,5230.72971081543,0.5044409299121158,BỔ SUNG THEO P90,C,1961.941780541992,5230.72971081543,CAO,CÂN NHẮC THỬ NGHIỆM,False,POL-INV-002|POL-INV-003|POL-INV-001|POL-PROMO-005|POL-PROMO-003|POL-PROMO-002|POL-HITL-001|POL-PROMO-001,RULE_BASED,PENDING_HUMAN_REVIEW
1550,DEC-S45-PREPARED_FOODS,45,PREPARED FOODS,MEDIUM,1,RISK_MEDIUM,3213.50144543457,4072.4683713378895,5166.228934448242,0.47937710840070147,BỔ SUNG THEO P90,C,1908.2542373779297,5166.228934448242,CAO,CÂN NHẮC THỬ NGHIỆM,False,POL-INV-002|POL-INV-003|POL-INV-001|POL-PROMO-005|POL-PROMO-003|POL-PROMO-002|POL-HITL-001|POL-PROMO-001,RULE_BASED,PENDING_HUMAN_REVIEW
1551,DEC-S05-MEATS,5,MEATS,MEDIUM,1,RISK_MEDIUM,3174.6936619873045,4071.1809920654296,5221.459396362305,0.502621503897564,BỔ SUNG THEO P90,C,1964.5146027099609,5221.459396362305,CAO,CÂN NHẮC THỬ NGHIỆM,False,POL-INV-002|POL-INV-003|POL-INV-001|POL-PROMO-005|POL-PROMO-003|POL-PROMO-002|POL-HITL-001|POL-PROMO-001,RULE_BASED,PENDING_HUMAN_REVIEW
1552,DEC-S27-EGGS,27,EGGS,MEDIUM,1,RISK_MEDIUM,3229.5591686401367,4069.765892456055,5135.267534973144,0.46814491834685634,BỔ SUNG THEO P90,C,1879.4548210083003,5135.267534973144,CAO,CÂN NHẮC THỬ NGHIỆM,False,POL-INV-002|POL-INV-003|POL-INV-001|POL-PROMO-005|POL-PROMO-003|POL-PROMO-002|POL-HITL-001|POL-PROMO-001,RULE_BASED,PENDING_HUMAN_REVIEW
1553,DEC-S05-PERSONAL_CARE,5,PERSONAL CARE,MEDIUM,1,RISK_MEDIUM,3166.4161046142576,4062.903434692383,5213.181838989258,0.5036452679712676,BỔ SUNG THEO P90,C,1962.8590912353516,5213.181838989258,CAO,KHÔNG ĐỀ XUẤT TĂNG,False,POL-INV-002|POL-INV-003|POL-INV-001|POL-PROMO-002|POL-HITL-001|POL-PROMO-001,RULE_BASED,PENDING_HUMAN_REVIEW
1554,DEC-S54-DELI,54,DELI,MEDIUM,1,RISK_MEDIUM,3196.1673237304685,4055.134249633789,5148.894812744141,0.48142575389115283,BỔ SUNG THEO P90,C,1904.7874130371097,5148.894812744141,CAO,KHÔNG ĐỀ XUẤT TĂNG,False,POL-INV-002|POL-INV-003|POL-INV-001|POL-PROMO-002|POL-HITL-001|POL-PROMO-001,RULE_BASED,PENDING_HUMAN_REVIEW
1555,DEC-S12-DELI,12,DELI,MEDIUM,1,RISK_MEDIUM,3149.9619114990232,4046.449241577148,5196.727645874023,0.5056927492381468,BỔ SUNG THEO P90,C,1959.5682526123046,5196.727645874023,CAO,KHÔNG ĐỀ XUẤT TĂNG,False,POL-INV-002|POL-INV-003|POL-INV-001|POL-PROMO-002|POL-HITL-001|POL-PROMO-001,RULE_BASED,PENDING_HUMAN_REVIEW
1556,DEC-S27-PERSONAL_CARE,27,PERSONAL CARE,MEDIUM,1,RISK_MEDIUM,3165.4675869750977,4043.194714965821,5165.214198669433,0.49447337545201164,BỔ SUNG THEO P90,C,1930.6584266967766,5165.214198669433,CAO,KHÔNG ĐỀ XUẤT TĂNG,False,POL-INV-002|POL-INV-003|POL-INV-001|POL-PROMO-002|POL-HITL-001|POL-PROMO-001,RULE_BASED,PENDING_HUMAN_REVIEW
1557,DEC-S42-MEATS,42,MEATS,MEDIUM,1,RISK_MEDIUM,3171.819911621093,4030.786837524414,5124.547400634766,0.48433301851163363,BỔ SUNG THEO P90,C,1899.9179306152341,5124.547400634766,CAO,CÂN NHẮC THỬ NGHIỆM,False,POL-INV-002|POL-INV-003|POL-INV-001|POL-PROMO-005|POL-PROMO-003|POL-PROMO-002|POL-HITL-001|POL-PROMO-001,RULE_BASED,PENDING_HUMAN_REVIEW
1558,DEC-S34-DELI,34,DELI,MEDIUM,1,RISK_MEDIUM,3135.8958240966795,3994.86275,5088.623313110352,0.4886873276650136,BỔ SUNG THEO P90,C,1892.733113110352,5088.623313110352,CAO,KHÔNG ĐỀ XUẤT TĂNG,False,POL-INV-002|POL-INV-003|POL-INV-001|POL-PROMO-002|POL-HITL-001|POL-PROMO-001,RULE_BASED,PENDING_HUMAN_REVIEW
1559,DEC-S49-PREPARED_FOODS,49,PREPARED FOODS,MEDIUM,1,RISK_MEDIUM,3098.9165310668945,3976.643659057617,5098.66314276123,0.5027465462223218,BỔ SUNG THEO P90,C,1917.348215515136,5098.66314276123,CAO,CÂN NHẮC THỬ NGHIỆM,False,POL-INV-002|POL-INV-003|POL-INV-001|POL-PROMO-005|POL-PROMO-003|POL-PROMO-002|POL-HITL-001|POL-PROMO-001,RULE_BASED,PENDING_HUMAN_REVIEW
1560,DEC-S54-HOME_CARE,54,HOME CARE,MEDIUM,1,RISK_MEDIUM,3117.684000793457,3957.890724609375,5023.392367126465,0.48137432904795435,BỔ SUNG THEO P90,C,1857.0797874389646,5023.392367126465,CAO,KHÔNG ĐỀ XUẤT TĂNG,False,POL-INV-002|POL-INV-003|POL-INV-001|POL-PROMO-002|POL-HITL-001|POL-PROMO-001,RULE_BASED,PENDING_HUMAN_REVIEW
1561,DEC-S42-HOME_CARE,42,HOME CARE,MEDIUM,1,RISK_MEDIUM,3095.132503173828,3954.099429077148,5047.8599921875,0.49372399456195376,BỔ SUNG THEO P90,C,1884.5804489257816,5047.8599921875,CAO,KHÔNG ĐỀ XUẤT TĂNG,False,POL-INV-002|POL-INV-003|POL-INV-001|POL-PROMO-002|POL-HITL-001|POL-PROMO-001,RULE_BASED,PENDING_HUMAN_REVIEW
1562,DEC-S46-FROZEN_FOODS,46,FROZEN FOODS,MEDIUM,1,RISK_MEDIUM,3130.24503515625,3951.691556884765,4988.934278808594,0.47023381837494876,BỔ SUNG THEO P90,C,1827.5810333007817,4988.934278808594,CAO,CÂN NHẮC THỬ NGHIỆM,False,POL-INV-002|POL-INV-003|POL-INV-001|POL-PROMO-005|POL-PROMO-003|POL-PROMO-002|POL-HITL-001|POL-PROMO-001,RULE_BASED,PENDING_HUMAN_REVIEW
1563,DEC-S05-HOME_CARE,5,HOME CARE,MEDIUM,1,RISK_MEDIUM,3029.2043889160154,3925.691718994141,5075.970123291016,0.5212443147686925,BỔ SUNG THEO P90,C,1935.416748095703,5075.970123291016,CAO,KHÔNG ĐỀ XUẤT TĂNG,False,POL-INV-002|POL-INV-003|POL-INV-001|POL-PROMO-002|POL-HITL-001|POL-PROMO-001,RULE_BASED,PENDING_HUMAN_REVIEW
1564,DEC-S43-POULTRY,43,POULTRY,MEDIUM,1,RISK_MEDIUM,3095.7200107421872,3917.166532470703,4954.409254394532,0.47437729566851744,BỔ SUNG THEO P90,C,1820.676028417969,4954.409254394532,CAO,CÂN NHẮC THỬ NGHIỆM,False,POL-INV-002|POL-INV-003|POL-INV-001|POL-PROMO-005|POL-PROMO-003|POL-PROMO-002|POL-HITL-001|POL-PROMO-001,RULE_BASED,PENDING_HUMAN_REVIEW
1565,DEC-S28-POULTRY,28,POULTRY,MEDIUM,1,RISK_MEDIUM,3054.9250744018555,3895.131798217773,4960.633440734863,0.4891283111122538,BỔ SUNG THEO P90,C,1844.528002160644,4960.633440734863,CAO,CÂN NHẮC THỬ NGHIỆM,False,POL-INV-002|POL-INV-003|POL-INV-001|POL-PROMO-005|POL-PROMO-003|POL-PROMO-002|POL-HITL-001|POL-PROMO-001,RULE_BASED,PENDING_HUMAN_REVIEW
1566,DEC-S07-FROZEN_FOODS,7,FROZEN FOODS,MEDIUM,1,RISK_MEDIUM,2969.7850010986326,3866.2723311767577,5016.550735473633,0.5292530649767294,BỔ SUNG THEO P90,C,1923.5328705322263,5016.550735473633,CAO,CÂN NHẮC THỬ NGHIỆM,False,POL-INV-002|POL-INV-003|POL-INV-001|POL-PROMO-005|POL-PROMO-003|POL-PROMO-002|POL-HITL-001|POL-PROMO-001,RULE_BASED,PENDING_HUMAN_REVIEW
1567,DEC-S04-PERSONAL_CARE,4,PERSONAL CARE,MEDIUM,1,RISK_MEDIUM,2978.8322415161133,3856.559369506836,4978.578853210449,0.518396846332916,BỔ SUNG THEO P90,C,1893.33135760498,4978.578853210449,CAO,KHÔNG ĐỀ XUẤT TĂNG,False,POL-INV-002|POL-INV-003|POL-INV-001|POL-PROMO-002|POL-HITL-001|POL-PROMO-001,RULE_BASED,PENDING_HUMAN_REVIEW
1568,DEC-S05-POULTRY,5,POULTRY,MEDIUM,1,RISK_MEDIUM,2970.0713009643555,3847.798428955078,4969.817912658691,0.5195768623916355,BỔ SUNG THEO P90,C,1891.5791694946283,4969.817912658691,CAO,CÂN NHẮC THỬ NGHIỆM,False,POL-INV-002|POL-INV-003|POL-INV-001|POL-PROMO-005|POL-PROMO-003|POL-PROMO-002|POL-HITL-001|POL-PROMO-001,RULE_BASED,PENDING_HUMAN_REVIEW
1569,DEC-S24-EGGS,24,EGGS,MEDIUM,1,RISK_MEDIUM,2967.1226612548826,3826.089587158203,4919.850150268555,0.510238248816032,BỔ SUNG THEO P90,C,1858.9784805419922,4919.850150268555,CAO,CÂN NHẮC THỬ NGHIỆM,False,POL-INV-002|POL-INV-003|POL-INV-001|POL-PROMO-005|POL-PROMO-003|POL-PROMO-002|POL-HITL-001|POL-PROMO-001,RULE_BASED,PENDING_HUMAN_REVIEW
1570,DEC-S02-DELI,2,DELI,MEDIUM,1,RISK_MEDIUM,2976.1955364379883,3816.402260253906,4881.903902770996,0.4992160208461378,BỔ SUNG THEO P90,C,1828.782094567871,4881.903902770996,CAO,KHÔNG ĐỀ XUẤT TĂNG,False,POL-INV-002|POL-INV-003|POL-INV-001|POL-PROMO-002|POL-HITL-001|POL-PROMO-001,RULE_BASED,PENDING_HUMAN_REVIEW
1571,DEC-S37-MEATS,37,MEATS,MEDIUM,1,RISK_MEDIUM,2973.3118076171872,3794.758329345703,4832.001051269532,0.4896753382011909,BỔ SUNG THEO P90,C,1796.1943877929693,4832.001051269532,CAO,CÂN NHẮC THỬ NGHIỆM,False,POL-INV-002|POL-INV-003|POL-INV-001|POL-PROMO-005|POL-PROMO-003|POL-PROMO-002|POL-HITL-001|POL-PROMO-001,RULE_BASED,PENDING_HUMAN_REVIEW
1572,DEC-S05-DELI,5,DELI,MEDIUM,1,RISK_MEDIUM,2869.2380650634764,3765.7253951416014,4916.003799438477,0.5433806608294196,BỔ SUNG THEO P90,C,1903.4234833251958,4916.003799438477,CAO,KHÔNG ĐỀ XUẤT TĂNG,False,POL-INV-002|POL-INV-003|POL-INV-001|POL-PROMO-002|POL-HITL-001|POL-PROMO-001,RULE_BASED,PENDING_HUMAN_REVIEW
1573,DEC-S33-HOME_CARE,33,HOME CARE,MEDIUM,1,RISK_MEDIUM,2904.476496520996,3744.683220336914,4810.184862854004,0.5087745690789074,BỔ SUNG THEO P90,C,1814.4382865844723,4810.184862854004,CAO,KHÔNG ĐỀ XUẤT TĂNG,False,POL-INV-002|POL-INV-003|POL-INV-001|POL-PROMO-002|POL-HITL-001|POL-PROMO-001,RULE_BASED,PENDING_HUMAN_REVIEW
1574,DEC-S45-LIQUOR_WINE_BEER,45,"LIQUOR,WINE,BEER",MEDIUM,1,RISK_MEDIUM,2948.5479707641603,3742.679259277344,4720.637336853028,0.4733550187819616,BỔ SUNG THEO P90,C,1726.4939294311525,4720.637336853028,CAO,CÂN NHẮC THỬ NGHIỆM,False,POL-INV-002|POL-INV-003|POL-INV-001|POL-PROMO-005|POL-PROMO-003|POL-PROMO-002|POL-HITL-001|POL-PROMO-001,RULE_BASED,PENDING_HUMAN_REVIEW
1575,DEC-S53-HOME_CARE,53,HOME CARE,MEDIUM,1,RISK_MEDIUM,2883.123972717285,3723.330696533203,4788.832339050293,0.5116915015379645,BỔ SUNG THEO P90,C,1810.1677818237304,4788.832339050293,CAO,KHÔNG ĐỀ XUẤT TĂNG,False,POL-INV-002|POL-INV-003|POL-INV-001|POL-PROMO-002|POL-HITL-001|POL-PROMO-001,RULE_BASED,PENDING_HUMAN_REVIEW
1576,DEC-S15-HOME_CARE,15,HOME CARE,MEDIUM,1,RISK_MEDIUM,2831.451092224121,3709.178220214844,4831.197703918457,0.538989367356735,BỔ SUNG THEO P90,C,1863.8551277465813,4831.197703918457,CAO,KHÔNG ĐỀ XUẤT TĂNG,False,POL-INV-002|POL-INV-003|POL-INV-001|POL-PROMO-002|POL-HITL-001|POL-PROMO-001,RULE_BASED,PENDING_HUMAN_REVIEW
1577,DEC-S34-HOME_CARE,34,HOME CARE,MEDIUM,1,RISK_MEDIUM,2868.1902263793945,3708.396950195313,4773.898592712402,0.5137515321008352,BỔ SUNG THEO P90,C,1807.1810325561519,4773.898592712402,CAO,CÂN NHẮC THỬ NGHIỆM,False,POL-INV-002|POL-INV-003|POL-INV-001|POL-PROMO-005|POL-PROMO-003|POL-PROMO-002|POL-HITL-001|POL-PROMO-001,RULE_BASED,PENDING_HUMAN_REVIEW
1578,DEC-S36-DELI,36,DELI,MEDIUM,1,RISK_MEDIUM,2849.3438831787107,3708.310809082031,4802.071372192383,0.5264394356581101,BỔ SUNG THEO P90,C,1835.4227249267578,4802.071372192383,CAO,KHÔNG ĐỀ XUẤT TĂNG,False,POL-INV-002|POL-INV-003|POL-INV-001|POL-PROMO-002|POL-HITL-001|POL-PROMO-001,RULE_BASED,PENDING_HUMAN_REVIEW
1579,DEC-S09-EGGS,9,EGGS,MEDIUM,1,RISK_MEDIUM,2961.423025756836,3707.828739135742,4632.035778686523,0.4504421396710233,BỔ SUNG THEO P90,C,1665.7727873779295,4632.035778686523,CAO,CÂN NHẮC THỬ NGHIỆM,False,POL-INV-002|POL-INV-003|POL-INV-001|POL-PROMO-005|POL-PROMO-003|POL-PROMO-002|POL-HITL-001|POL-PROMO-001,RULE_BASED,PENDING_HUMAN_REVIEW
1580,DEC-S03-LIQUOR_WINE_BEER,3,"LIQUOR,WINE,BEER",MEDIUM,1,RISK_MEDIUM,2926.464275512695,3701.8353619384766,4651.534518920898,0.4658781919229348,BỔ SUNG THEO P90,C,1690.066229370117,4651.534518920898,CAO,CÂN NHẮC THỬ NGHIỆM,False,POL-INV-002|POL-INV-003|POL-INV-001|POL-PROMO-005|POL-PROMO-003|POL-PROMO-002|POL-HITL-001|POL-PROMO-001,RULE_BASED,PENDING_HUMAN_REVIEW
1581,DEC-S43-EGGS,43,EGGS,MEDIUM,1,RISK_MEDIUM,2928.3720048217774,3684.982889160157,4606.423125549316,0.45525201043727004,BỔ SUNG THEO P90,C,1658.4368142211906,4606.423125549316,CAO,CÂN NHẮC THỬ NGHIỆM,False,POL-INV-002|POL-INV-003|POL-INV-001|POL-PROMO-005|POL-PROMO-003|POL-PROMO-002|POL-HITL-001|POL-PROMO-001,RULE_BASED,PENDING_HUMAN_REVIEW
1582,DEC-S47-PREPARED_FOODS,47,PREPARED FOODS,MEDIUM,1,RISK_MEDIUM,2811.545190795898,3632.9917125244137,4670.234434448243,0.5114731652376759,BỔ SUNG THEO P90,C,1763.8410644287114,4670.234434448243,CAO,CÂN NHẮC THỬ NGHIỆM,False,POL-INV-002|POL-INV-003|POL-INV-001|POL-PROMO-005|POL-PROMO-003|POL-PROMO-002|POL-HITL-001|POL-PROMO-001,RULE_BASED,PENDING_HUMAN_REVIEW
1583,DEC-S36-MEATS,36,MEATS,MEDIUM,1,RISK_MEDIUM,2823.359780456543,3626.046100097656,4635.029901428223,0.49948913550420593,BỔ SUNG THEO P90,C,1734.1930213500978,4635.029901428223,CAO,CÂN NHẮC THỬ NGHIỆM,False,POL-INV-002|POL-INV-003|POL-INV-001|POL-PROMO-005|POL-PROMO-003|POL-PROMO-002|POL-HITL-001|POL-PROMO-001,RULE_BASED,PENDING_HUMAN_REVIEW
1584,DEC-S14-HOME_CARE,14,HOME CARE,MEDIUM,1,RISK_MEDIUM,2836.219291992187,3620.1454095458985,4600.870290283203,0.487318458308557,BỔ SUNG THEO P90,C,1704.753962646484,4600.870290283203,CAO,CÂN NHẮC THỬ NGHIỆM,False,POL-INV-002|POL-INV-003|POL-INV-001|POL-PROMO-005|POL-PROMO-003|POL-PROMO-002|POL-HITL-001|POL-PROMO-001,RULE_BASED,PENDING_HUMAN_REVIEW
1585,DEC-S18-HOME_CARE,18,HOME CARE,MEDIUM,1,RISK_MEDIUM,2771.587305847168,3611.794029663086,4677.295672180176,0.5274887941814734,BỔ SUNG THEO P90,C,1787.8604484497068,4677.295672180176,CAO,KHÔNG ĐỀ XUẤT TĂNG,False,POL-INV-002|POL-INV-003|POL-INV-001|POL-PROMO-002|POL-HITL-001|POL-PROMO-001,RULE_BASED,PENDING_HUMAN_REVIEW
1586,DEC-S33-POULTRY,33,POULTRY,MEDIUM,1,RISK_MEDIUM,2843.198005187988,3608.3639206542966,4560.82988079834,0.4758821535787347,BỔ SUNG THEO P90,C,1674.1387442749028,4560.82988079834,CAO,CÂN NHẮC THỬ NGHIỆM,False,POL-INV-002|POL-INV-003|POL-INV-001|POL-PROMO-005|POL-PROMO-003|POL-PROMO-002|POL-HITL-001|POL-PROMO-001,RULE_BASED,PENDING_HUMAN_REVIEW
1587,DEC-S41-MEATS,41,MEATS,MEDIUM,1,RISK_MEDIUM,2879.3247431030272,3606.9702543945314,4502.91837335205,0.4500019445203229,BỔ SUNG THEO P90,C,1617.342169836425,4502.91837335205,CAO,CÂN NHẮC THỬ NGHIỆM,False,POL-INV-002|POL-INV-003|POL-INV-001|POL-PROMO-005|POL-PROMO-003|POL-PROMO-002|POL-HITL-001|POL-PROMO-001,RULE_BASED,PENDING_HUMAN_REVIEW
1588,DEC-S33-PERSONAL_CARE,33,PERSONAL CARE,MEDIUM,1,RISK_MEDIUM,2831.948660522461,3578.354373901367,4502.561413452148,0.46673577925417303,BỔ SUNG THEO P90,C,1639.8779143310544,4502.561413452148,CAO,KHÔNG ĐỀ XUẤT TĂNG,False,POL-INV-002|POL-INV-003|POL-INV-001|POL-PROMO-002|POL-HITL-001|POL-PROMO-001,RULE_BASED,PENDING_HUMAN_REVIEW
1589,DEC-S26-BREAD_BAKERY,26,BREAD/BAKERY,MEDIUM,1,RISK_MEDIUM,2744.108606323242,3565.555128051757,4602.797849975586,0.5211441228072815,BỔ SUNG THEO P90,C,1750.35374753418,4602.797849975586,CAO,CÂN NHẮC THỬ NGHIỆM,False,POL-INV-002|POL-INV-003|POL-INV-001|POL-PROMO-005|POL-PROMO-003|POL-PROMO-002|POL-HITL-001|POL-PROMO-001,RULE_BASED,PENDING_HUMAN_REVIEW
1590,DEC-S04-DELI,4,DELI,MEDIUM,1,RISK_MEDIUM,2771.616264648437,3555.5423822021485,4536.267262939453,0.49617038366301564,BỔ SUNG THEO P90,C,1691.833357177734,4536.267262939453,CAO,KHÔNG ĐỀ XUẤT TĂNG,False,POL-INV-002|POL-INV-003|POL-INV-001|POL-PROMO-002|POL-HITL-001|POL-PROMO-001,RULE_BASED,PENDING_HUMAN_REVIEW
1591,DEC-S52-LIQUOR_WINE_BEER,52,"LIQUOR,WINE,BEER",MEDIUM,1,RISK_MEDIUM,2834.9878892822267,3543.873198486328,4411.562396850586,0.44474778625129996,BỔ SUNG THEO P90,C,1576.4638380615233,4411.562396850586,CAO,CÂN NHẮC THỬ NGHIỆM,False,POL-INV-002|POL-INV-003|POL-INV-001|POL-PROMO-005|POL-PROMO-003|POL-PROMO-002|POL-HITL-001|POL-PROMO-001,RULE_BASED,PENDING_HUMAN_REVIEW
1592,DEC-S28-MEATS,28,MEATS,MEDIUM,1,RISK_MEDIUM,2751.3033374023435,3535.2294549560547,4515.954335693359,0.49902050213903476,BỔ SUNG THEO P90,C,1687.7707717285152,4515.954335693359,CAO,CÂN NHẮC THỬ NGHIỆM,False,POL-INV-002|POL-INV-003|POL-INV-001|POL-PROMO-005|POL-PROMO-003|POL-PROMO-002|POL-HITL-001|POL-PROMO-001,RULE_BASED,PENDING_HUMAN_REVIEW
1593,DEC-S36-PERSONAL_CARE,36,PERSONAL CARE,MEDIUM,1,RISK_MEDIUM,2729.497093505859,3513.4232110595703,4494.148091796875,0.502116817558517,BỔ SUNG THEO P90,C,1683.4095229492177,4494.148091796875,CAO,KHÔNG ĐỀ XUẤT TĂNG,False,POL-INV-002|POL-INV-003|POL-INV-001|POL-PROMO-002|POL-HITL-001|POL-PROMO-001,RULE_BASED,PENDING_HUMAN_REVIEW
1594,DEC-S11-EGGS,11,EGGS,MEDIUM,1,RISK_MEDIUM,2732.8872752075195,3498.053190673828,4450.519150817871,0.4908847571075592,BỔ SUNG THEO P90,C,1652.076598278809,4450.519150817871,CAO,CÂN NHẮC THỬ NGHIỆM,False,POL-INV-002|POL-INV-003|POL-INV-001|POL-PROMO-005|POL-PROMO-003|POL-PROMO-002|POL-HITL-001|POL-PROMO-001,RULE_BASED,PENDING_HUMAN_REVIEW
1595,DEC-S18-POULTRY,18,POULTRY,MEDIUM,1,RISK_MEDIUM,2699.711418457031,3483.637536010742,4464.362416748047,0.5064087670682704,BỔ SUNG THEO P90,C,1677.4523879394528,4464.362416748047,CAO,CÂN NHẮC THỬ NGHIỆM,False,POL-INV-002|POL-INV-003|POL-INV-001|POL-PROMO-005|POL-PROMO-003|POL-PROMO-002|POL-HITL-001|POL-PROMO-001,RULE_BASED,PENDING_HUMAN_REVIEW
1596,DEC-S53-POULTRY,53,POULTRY,MEDIUM,1,RISK_MEDIUM,2748.8260095825194,3476.471520874024,4372.419639831543,0.46688912346317385,BỔ SUNG THEO P90,C,1591.2424231323234,4372.419639831543,CAO,CÂN NHẮC THỬ NGHIỆM,False,POL-INV-002|POL-INV-003|POL-INV-001|POL-PROMO-005|POL-PROMO-003|POL-PROMO-002|POL-HITL-001|POL-PROMO-001,RULE_BASED,PENDING_HUMAN_REVIEW
1597,DEC-S36-HOME_CARE,36,HOME CARE,MEDIUM,1,RISK_MEDIUM,2636.841989501953,3458.2885112304684,4495.531233154297,0.5373039102168465,BỔ SUNG THEO P90,C,1728.9004241699222,4495.531233154297,CAO,CÂN NHẮC THỬ NGHIỆM,False,POL-INV-002|POL-INV-003|POL-INV-001|POL-PROMO-005|POL-PROMO-003|POL-PROMO-002|POL-HITL-001|POL-PROMO-001,RULE_BASED,PENDING_HUMAN_REVIEW
1598,DEC-S43-MEATS,43,MEATS,MEDIUM,1,RISK_MEDIUM,2601.5599765625,3423.0064982910158,4460.249220214844,0.5428404544734509,BỔ SUNG THEO P90,C,1721.8440215820324,4460.249220214844,CAO,CÂN NHẮC THỬ NGHIỆM,False,POL-INV-002|POL-INV-003|POL-INV-001|POL-PROMO-005|POL-PROMO-003|POL-PROMO-002|POL-HITL-001|POL-PROMO-001,RULE_BASED,PENDING_HUMAN_REVIEW
1599,DEC-S35-MEATS,35,MEATS,MEDIUM,1,RISK_MEDIUM,2666.026464294433,3393.6719755859376,4289.620094543457,0.4782770299827815,BỔ SUNG THEO P90,C,1574.6825140747064,4289.620094543457,CAO,CÂN NHẮC THỬ NGHIỆM,False,POL-INV-002|POL-INV-003|POL-INV-001|POL-PROMO-005|POL-PROMO-003|POL-PROMO-002|POL-HITL-001|POL-PROMO-001,RULE_BASED,PENDING_HUMAN_REVIEW
1600,DEC-S13-PRODUCE,13,PRODUCE,MEDIUM,1,RISK_MEDIUM,2608.602042663574,3373.7679581298826,4326.233918273926,0.5089629559485839,BỔ SUNG THEO P90,C,1627.2195517700197,4326.233918273926,CAO,CÂN NHẮC THỬ NGHIỆM,False,POL-INV-002|POL-INV-003|POL-INV-001|POL-PROMO-005|POL-PROMO-003|POL-PROMO-002|POL-HITL-001|POL-PROMO-001,RULE_BASED,PENDING_HUMAN_REVIEW
1601,DEC-S29-POULTRY,29,POULTRY,MEDIUM,1,RISK_MEDIUM,2597.933799255371,3363.0997147216794,4315.565674865723,0.5105769808468522,BỔ SUNG THEO P90,C,1625.085903088379,4315.565674865723,CAO,CÂN NHẮC THỬ NGHIỆM,False,POL-INV-002|POL-INV-003|POL-INV-001|POL-PROMO-005|POL-PROMO-003|POL-PROMO-002|POL-HITL-001|POL-PROMO-001,RULE_BASED,PENDING_HUMAN_REVIEW
1602,DEC-S52-EGGS,52,EGGS,MEDIUM,1,RISK_MEDIUM,2574.792854614257,3358.718972167969,4339.443852905273,0.5252376799694997,BỔ SUNG THEO P90,C,1652.4686751708978,4339.443852905273,CAO,CÂN NHẮC THỬ NGHIỆM,False,POL-INV-002|POL-INV-003|POL-INV-001|POL-PROMO-005|POL-PROMO-003|POL-PROMO-002|POL-HITL-001|POL-PROMO-001,RULE_BASED,PENDING_HUMAN_REVIEW
1603,DEC-S17-EGGS,17,EGGS,MEDIUM,1,RISK_MEDIUM,2645.2520875854493,3354.1373967895506,4221.826595153809,0.4698986423259284,BỔ SUNG THEO P90,C,1538.516677722168,4221.826595153809,CAO,CÂN NHẮC THỬ NGHIỆM,False,POL-INV-002|POL-INV-003|POL-INV-001|POL-PROMO-005|POL-PROMO-003|POL-PROMO-002|POL-HITL-001|POL-PROMO-001,RULE_BASED,PENDING_HUMAN_REVIEW
1604,DEC-S41-POULTRY,41,POULTRY,MEDIUM,1,RISK_MEDIUM,2548.2523425292966,3332.178460083008,4312.903340820312,0.5294198973813931,BỔ SUNG THEO P90,C,1647.1605727539059,4312.903340820312,CAO,CÂN NHẮC THỬ NGHIỆM,False,POL-INV-002|POL-INV-003|POL-INV-001|POL-PROMO-005|POL-PROMO-003|POL-PROMO-002|POL-HITL-001|POL-PROMO-001,RULE_BASED,PENDING_HUMAN_REVIEW
1605,DEC-S47-LIQUOR_WINE_BEER,47,"LIQUOR,WINE,BEER",MEDIUM,1,RISK_MEDIUM,2607.500889770508,3316.386198974609,4184.075397338867,0.47524599579502447,BỔ SUNG THEO P90,C,1530.9664381591792,4184.075397338867,CAO,KHÔNG ĐỀ XUẤT TĂNG,False,POL-INV-002|POL-INV-003|POL-INV-001|POL-PROMO-002|POL-HITL-001|POL-PROMO-001,RULE_BASED,PENDING_HUMAN_REVIEW
1606,DEC-S18-EGGS,18,EGGS,MEDIUM,1,RISK_MEDIUM,2563.650549560547,3310.056262939453,4234.263302490234,0.5045558336259044,BỔ SUNG THEO P90,C,1586.2182921386716,4234.263302490234,CAO,CÂN NHẮC THỬ NGHIỆM,False,POL-INV-002|POL-INV-003|POL-INV-001|POL-PROMO-005|POL-PROMO-003|POL-PROMO-002|POL-HITL-001|POL-PROMO-001,RULE_BASED,PENDING_HUMAN_REVIEW
1607,DEC-S32-EGGS,32,EGGS,MEDIUM,1,RISK_MEDIUM,2520.5794685668943,3306.1557259521483,4253.088079772949,0.523866656054503,BỔ SUNG THEO P90,C,1608.1634990112298,4253.088079772949,CAO,CÂN NHẮC THỬ NGHIỆM,False,POL-INV-002|POL-INV-003|POL-INV-001|POL-PROMO-005|POL-PROMO-003|POL-PROMO-002|POL-HITL-001|POL-PROMO-001,RULE_BASED,PENDING_HUMAN_REVIEW
1608,DEC-S48-FROZEN_FOODS,48,FROZEN FOODS,MEDIUM,1,RISK_MEDIUM,2532.485616516113,3260.1311278076173,4156.079246765136,0.49786211183127965,BỔ SUNG THEO P90,C,1547.9743445190425,4156.079246765136,CAO,CÂN NHẮC THỬ NGHIỆM,False,POL-INV-002|POL-INV-003|POL-INV-001|POL-PROMO-005|POL-PROMO-003|POL-PROMO-002|POL-HITL-001|POL-PROMO-001,RULE_BASED,PENDING_HUMAN_REVIEW
1609,DEC-S07-DELI,7,DELI,MEDIUM,1,RISK_MEDIUM,2497.978872924805,3244.384586303711,4168.591625854492,0.5147657260652767,BỔ SUNG THEO P90,C,1573.0839568115234,4168.591625854492,CAO,KHÔNG ĐỀ XUẤT TĂNG,False,POL-INV-002|POL-INV-003|POL-INV-001|POL-PROMO-002|POL-HITL-001|POL-PROMO-001,RULE_BASED,PENDING_HUMAN_REVIEW
1610,DEC-S35-DAIRY,35,DAIRY,MEDIUM,1,RISK_MEDIUM,2495.6171328125,3242.022846191406,4166.229885742187,0.515140605590136,BỔ SUNG THEO P90,C,1572.6116087890623,4166.229885742187,CAO,KHÔNG ĐỀ XUẤT TĂNG,False,POL-INV-002|POL-INV-003|POL-INV-001|POL-PROMO-002|POL-HITL-001|POL-PROMO-001,RULE_BASED,PENDING_HUMAN_REVIEW
1611,DEC-S25-MEATS,25,MEATS,MEDIUM,1,RISK_MEDIUM,2528.580524597168,3218.705631713867,4058.135909484863,0.47506062971151325,BỔ SUNG THEO P90,C,1483.1714041137693,4058.135909484863,CAO,CÂN NHẮC THỬ NGHIỆM,False,POL-INV-002|POL-INV-003|POL-INV-001|POL-PROMO-005|POL-PROMO-003|POL-PROMO-002|POL-HITL-001|POL-PROMO-001,RULE_BASED,PENDING_HUMAN_REVIEW
1612,DEC-S19-HOME_CARE,19,HOME CARE,MEDIUM,1,RISK_MEDIUM,2486.88377935791,3214.529290649414,4110.477409606933,0.5049226685542395,BỔ SUNG THEO P90,C,1538.8539770874017,4110.477409606933,CAO,KHÔNG ĐỀ XUẤT TĂNG,False,POL-INV-002|POL-INV-003|POL-INV-001|POL-PROMO-002|POL-HITL-001|POL-PROMO-001,RULE_BASED,PENDING_HUMAN_REVIEW
1613,DEC-S19-PERSONAL_CARE,19,PERSONAL CARE,MEDIUM,1,RISK_MEDIUM,2454.7687128295897,3182.414224121094,4078.362343078613,0.5100164527590749,BỔ SUNG THEO P90,C,1532.4309637817378,4078.362343078613,CAO,KHÔNG ĐỀ XUẤT TĂNG,False,POL-INV-002|POL-INV-003|POL-INV-001|POL-PROMO-002|POL-HITL-001|POL-PROMO-001,RULE_BASED,PENDING_HUMAN_REVIEW
1614,DEC-S18-PERSONAL_CARE,18,PERSONAL CARE,MEDIUM,1,RISK_MEDIUM,2447.9505518188475,3175.596063110352,4071.544182067871,0.5111111384616173,BỔ SUNG THEO P90,C,1531.0673315795898,4071.544182067871,CAO,KHÔNG ĐỀ XUẤT TĂNG,False,POL-INV-002|POL-INV-003|POL-INV-001|POL-PROMO-002|POL-HITL-001|POL-PROMO-001,RULE_BASED,PENDING_HUMAN_REVIEW
1615,DEC-S40-POULTRY,40,POULTRY,MEDIUM,1,RISK_MEDIUM,2494.15719921875,3165.522104248047,3976.693461425781,0.46819071947046725,BỔ SUNG THEO P90,C,1444.2757780273432,3976.693461425781,CAO,CÂN NHẮC THỬ NGHIỆM,False,POL-INV-002|POL-INV-003|POL-INV-001|POL-PROMO-005|POL-PROMO-003|POL-PROMO-002|POL-HITL-001|POL-PROMO-001,RULE_BASED,PENDING_HUMAN_REVIEW
1616,DEC-S33-DELI,33,DELI,MEDIUM,1,RISK_MEDIUM,2418.676931213379,3146.322442504883,4042.2705614624015,0.5158650439885788,BỔ SUNG THEO P90,C,1525.2126074584949,4042.2705614624015,CAO,KHÔNG ĐỀ XUẤT TĂNG,False,POL-INV-002|POL-INV-003|POL-INV-001|POL-PROMO-002|POL-HITL-001|POL-PROMO-001,RULE_BASED,PENDING_HUMAN_REVIEW
1617,DEC-S54-PERSONAL_CARE,54,PERSONAL CARE,MEDIUM,1,RISK_MEDIUM,2447.9812814331053,3138.1063885498047,3977.5366663208006,0.48725821796511803,BỔ SUNG THEO P90,C,1467.0515554809567,3977.5366663208006,CAO,KHÔNG ĐỀ XUẤT TĂNG,False,POL-INV-002|POL-INV-003|POL-INV-001|POL-PROMO-002|POL-HITL-001|POL-PROMO-001,RULE_BASED,PENDING_HUMAN_REVIEW
1618,DEC-S42-DELI,42,DELI,MEDIUM,1,RISK_MEDIUM,2378.419104248047,3124.824817626953,4049.0318571777343,0.5344550160037357,BỔ SUNG THEO P90,C,1549.1720030761721,4049.0318571777343,CAO,KHÔNG ĐỀ XUẤT TĂNG,False,POL-INV-002|POL-INV-003|POL-INV-001|POL-PROMO-002|POL-HITL-001|POL-PROMO-001,RULE_BASED,PENDING_HUMAN_REVIEW
1619,DEC-S15-PERSONAL_CARE,15,PERSONAL CARE,MEDIUM,1,RISK_MEDIUM,2394.7769678344725,3122.4224791259767,4018.370598083496,0.5198123664344478,BỔ SUNG THEO P90,C,1520.432614782715,4018.370598083496,CAO,KHÔNG ĐỀ XUẤT TĂNG,False,POL-INV-002|POL-INV-003|POL-INV-001|POL-PROMO-002|POL-HITL-001|POL-PROMO-001,RULE_BASED,PENDING_HUMAN_REVIEW
1620,DEC-S06-EGGS,6,EGGS,MEDIUM,1,RISK_MEDIUM,2411.281788024902,3101.4068951416016,3940.8371729125975,0.4930221716832158,BỔ SUNG THEO P90,C,1459.7116567993162,3940.8371729125975,CAO,CÂN NHẮC THỬ NGHIỆM,False,POL-INV-002|POL-INV-003|POL-INV-001|POL-PROMO-005|POL-PROMO-003|POL-PROMO-002|POL-HITL-001|POL-PROMO-001,RULE_BASED,PENDING_HUMAN_REVIEW
1621,DEC-S32-DAIRY,32,DAIRY,MEDIUM,1,RISK_MEDIUM,2389.2758218383788,3079.400928955078,3918.831206726074,0.4965442551682859,BỔ SUNG THEO P90,C,1455.3104635620111,3918.831206726074,CAO,KHÔNG ĐỀ XUẤT TĂNG,False,POL-INV-002|POL-INV-003|POL-INV-001|POL-PROMO-002|POL-HITL-001|POL-PROMO-001,RULE_BASED,PENDING_HUMAN_REVIEW
1622,DEC-S12-BREAD_BAKERY,12,BREAD/BAKERY,MEDIUM,1,RISK_MEDIUM,2329.9514376220704,3076.3571510009765,4000.5641905517577,0.5428725594578077,BỔ SUNG THEO P90,C,1539.4784697509767,4000.5641905517577,CAO,KHÔNG ĐỀ XUẤT TĂNG,False,POL-INV-002|POL-INV-003|POL-INV-001|POL-PROMO-002|POL-HITL-001|POL-PROMO-001,RULE_BASED,PENDING_HUMAN_REVIEW
1623,DEC-S12-HOME_CARE,12,HOME CARE,MEDIUM,1,RISK_MEDIUM,2329.5214907226564,3075.9272041015624,4000.134243652344,0.542948416427516,BỔ SUNG THEO P90,C,1539.3924803710938,4000.134243652344,CAO,KHÔNG ĐỀ XUẤT TĂNG,False,POL-INV-002|POL-INV-003|POL-INV-001|POL-PROMO-002|POL-HITL-001|POL-PROMO-001,RULE_BASED,PENDING_HUMAN_REVIEW
1624,DEC-S10-HOME_CARE,10,HOME CARE,MEDIUM,1,RISK_MEDIUM,2299.433567993164,3008.318877197265,3876.008075561524,0.5238974571670203,BỔ SUNG THEO P90,C,1469.3529738037114,3876.008075561524,CAO,KHÔNG ĐỀ XUẤT TĂNG,False,POL-INV-002|POL-INV-003|POL-INV-001|POL-PROMO-002|POL-HITL-001|POL-PROMO-001,RULE_BASED,PENDING_HUMAN_REVIEW
1625,DEC-S02-EGGS,2,EGGS,MEDIUM,1,RISK_MEDIUM,2325.0613282470704,2996.4262332763674,3807.5975904541015,0.4946030850562516,BỔ SUNG THEO P90,C,1410.4566038330076,3807.5975904541015,CAO,CÂN NHẮC THỬ NGHIỆM,False,POL-INV-002|POL-INV-003|POL-INV-001|POL-PROMO-005|POL-PROMO-003|POL-PROMO-002|POL-HITL-001|POL-PROMO-001,RULE_BASED,PENDING_HUMAN_REVIEW
1626,DEC-S16-HOME_CARE,16,HOME CARE,MEDIUM,1,RISK_MEDIUM,2302.634998474121,2992.7601055908203,3832.190383361816,0.5109144790964594,BỔ SUNG THEO P90,C,1437.9822988891597,3832.190383361816,CAO,KHÔNG ĐỀ XUẤT TĂNG,False,POL-INV-002|POL-INV-003|POL-INV-001|POL-PROMO-002|POL-HITL-001|POL-PROMO-001,RULE_BASED,PENDING_HUMAN_REVIEW
1627,DEC-S13-PERSONAL_CARE,13,PERSONAL CARE,MEDIUM,1,RISK_MEDIUM,2308.204791381836,2979.569696411133,3790.741053588867,0.49740030034933747,BỔ SUNG THEO P90,C,1407.0852964599608,3790.741053588867,CAO,KHÔNG ĐỀ XUẤT TĂNG,False,POL-INV-002|POL-INV-003|POL-INV-001|POL-PROMO-002|POL-HITL-001|POL-PROMO-001,RULE_BASED,PENDING_HUMAN_REVIEW
1628,DEC-S22-HOME_CARE,22,HOME CARE,MEDIUM,1,RISK_MEDIUM,2246.6941118164063,2955.579421020508,3823.2686193847658,0.5332427386727129,BỔ SUNG THEO P90,C,1458.8050825683595,3823.2686193847658,CAO,KHÔNG ĐỀ XUẤT TĂNG,False,POL-INV-002|POL-INV-003|POL-INV-001|POL-PROMO-002|POL-HITL-001|POL-PROMO-001,RULE_BASED,PENDING_HUMAN_REVIEW
1629,DEC-S12-PERSONAL_CARE,12,PERSONAL CARE,MEDIUM,1,RISK_MEDIUM,2246.68396472168,2955.569273925781,3823.258472290039,0.5332445687886616,BỔ SUNG THEO P90,C,1458.8030531494142,3823.258472290039,CAO,KHÔNG ĐỀ XUẤT TĂNG,False,POL-INV-002|POL-INV-003|POL-INV-001|POL-PROMO-002|POL-HITL-001|POL-PROMO-001,RULE_BASED,PENDING_HUMAN_REVIEW
1630,DEC-S39-MEATS,39,MEATS,MEDIUM,1,RISK_MEDIUM,2268.919925048828,2940.284830078125,3751.4561872558593,0.504043759056022,BỔ SUNG THEO P90,C,1399.2283231933588,3751.4561872558593,CAO,CÂN NHẮC THỬ NGHIỆM,False,POL-INV-002|POL-INV-003|POL-INV-001|POL-PROMO-005|POL-PROMO-003|POL-PROMO-002|POL-HITL-001|POL-PROMO-001,RULE_BASED,PENDING_HUMAN_REVIEW
1631,DEC-S01-HOME_CARE,1,HOME CARE,MEDIUM,1,RISK_MEDIUM,2235.05884185791,2925.1839489746094,3764.614226745605,0.5227133398170953,BỔ SUNG THEO P90,C,1424.4670675659168,3764.614226745605,CAO,KHÔNG ĐỀ XUẤT TĂNG,False,POL-INV-002|POL-INV-003|POL-INV-001|POL-PROMO-002|POL-HITL-001|POL-PROMO-001,RULE_BASED,PENDING_HUMAN_REVIEW
1632,DEC-S34-MEATS,34,MEATS,MEDIUM,1,RISK_MEDIUM,2237.808337524414,2909.173242553711,3720.344599731445,0.5094323047606912,BỔ SUNG THEO P90,C,1393.0060056884763,3720.344599731445,CAO,CÂN NHẮC THỬ NGHIỆM,False,POL-INV-002|POL-INV-003|POL-INV-001|POL-PROMO-005|POL-PROMO-003|POL-PROMO-002|POL-HITL-001|POL-PROMO-001,RULE_BASED,PENDING_HUMAN_REVIEW
1633,DEC-S10-PERSONAL_CARE,10,PERSONAL CARE,MEDIUM,1,RISK_MEDIUM,2217.026691589356,2907.1517987060547,3746.5820764770506,0.5259544517477565,BỔ SUNG THEO P90,C,1420.8606375122067,3746.5820764770506,CAO,KHÔNG ĐỀ XUẤT TĂNG,False,POL-INV-002|POL-INV-003|POL-INV-001|POL-PROMO-002|POL-HITL-001|POL-PROMO-001,RULE_BASED,PENDING_HUMAN_REVIEW
1634,DEC-S40-EGGS,40,EGGS,MEDIUM,1,RISK_MEDIUM,2213.150332763672,2884.515237792969,3695.686594970703,0.5137856292663254,BỔ SUNG THEO P90,C,1388.0744047363278,3695.686594970703,CAO,CÂN NHẮC THỬ NGHIỆM,False,POL-INV-002|POL-INV-003|POL-INV-001|POL-PROMO-005|POL-PROMO-003|POL-PROMO-002|POL-HITL-001|POL-PROMO-001,RULE_BASED,PENDING_HUMAN_REVIEW
1635,DEC-S08-FROZEN_FOODS,8,FROZEN FOODS,MEDIUM,1,RISK_MEDIUM,2150.0217637939454,2858.9070729980467,3726.596271362305,0.5512677395897458,BỔ SUNG THEO P90,C,1439.4706129638676,3726.596271362305,CAO,CÂN NHẮC THỬ NGHIỆM,False,POL-INV-002|POL-INV-003|POL-INV-001|POL-PROMO-005|POL-PROMO-003|POL-PROMO-002|POL-HITL-001|POL-PROMO-001,RULE_BASED,PENDING_HUMAN_REVIEW
1636,DEC-S38-DELI,38,DELI,MEDIUM,1,RISK_MEDIUM,2162.667499694824,2852.7926068115235,3692.2228845825193,0.5359728598486462,BỔ SUNG THEO P90,C,1409.9887991333003,3692.2228845825193,CAO,KHÔNG ĐỀ XUẤT TĂNG,False,POL-INV-002|POL-INV-003|POL-INV-001|POL-PROMO-002|POL-HITL-001|POL-PROMO-001,RULE_BASED,PENDING_HUMAN_REVIEW
1637,DEC-S07-LIQUOR_WINE_BEER,7,"LIQUOR,WINE,BEER",MEDIUM,1,RISK_MEDIUM,2140.4913301391603,2849.3766393432616,3717.06583770752,0.5531109418338515,BỔ SUNG THEO P90,C,1437.5645262329108,3717.06583770752,CAO,KHÔNG ĐỀ XUẤT TĂNG,False,POL-INV-002|POL-INV-003|POL-INV-001|POL-PROMO-002|POL-HITL-001|POL-PROMO-001,RULE_BASED,PENDING_HUMAN_REVIEW
1638,DEC-S16-DELI,16,DELI,MEDIUM,1,RISK_MEDIUM,2168.3884919433594,2839.7533969726564,3650.924754150391,0.5218813656218614,BỔ SUNG THEO P90,C,1379.1220365722656,3650.924754150391,CAO,KHÔNG ĐỀ XUẤT TĂNG,False,POL-INV-002|POL-INV-003|POL-INV-001|POL-PROMO-002|POL-HITL-001|POL-PROMO-001,RULE_BASED,PENDING_HUMAN_REVIEW
1639,DEC-S21-POULTRY,21,POULTRY,MEDIUM,1,RISK_MEDIUM,2164.442691162109,2835.8075961914064,3646.978953369141,0.5226072660681784,BỔ SUNG THEO P90,C,1378.332876416016,3646.978953369141,CAO,CÂN NHẮC THỬ NGHIỆM,False,POL-INV-002|POL-INV-003|POL-INV-001|POL-PROMO-005|POL-PROMO-003|POL-PROMO-002|POL-HITL-001|POL-PROMO-001,RULE_BASED,PENDING_HUMAN_REVIEW
1640,DEC-S19-BREAD_BAKERY,19,BREAD/BAKERY,MEDIUM,1,RISK_MEDIUM,2150.7803681640626,2822.14527319336,3633.3166303710937,0.5251363705170161,BỔ SUNG THEO P90,C,1375.6004118164055,3633.3166303710937,CAO,KHÔNG ĐỀ XUẤT TĂNG,False,POL-INV-002|POL-INV-003|POL-INV-001|POL-PROMO-002|POL-HITL-001|POL-PROMO-001,RULE_BASED,PENDING_HUMAN_REVIEW
1641,DEC-S22-DELI,22,DELI,MEDIUM,1,RISK_MEDIUM,2166.766664978027,2819.371367919922,3602.2838045043945,0.5089816028678127,BỔ SUNG THEO P90,C,1346.786710168457,3602.2838045043945,CAO,KHÔNG ĐỀ XUẤT TĂNG,False,POL-INV-002|POL-INV-003|POL-INV-001|POL-PROMO-002|POL-HITL-001|POL-PROMO-001,RULE_BASED,PENDING_HUMAN_REVIEW
1642,DEC-S24-FROZEN_FOODS,24,FROZEN FOODS,MEDIUM,1,RISK_MEDIUM,2080.34204498291,2770.4671520996094,3609.897429870605,0.5518937447008648,BỔ SUNG THEO P90,C,1393.5237081909168,3609.897429870605,CAO,CÂN NHẮC THỬ NGHIỆM,False,POL-INV-002|POL-INV-003|POL-INV-001|POL-PROMO-005|POL-PROMO-003|POL-PROMO-002|POL-HITL-001|POL-PROMO-001,RULE_BASED,PENDING_HUMAN_REVIEW
1643,DEC-S13-DELI,13,DELI,MEDIUM,1,RISK_MEDIUM,2114.7403283081053,2767.34503125,3550.2574678344727,0.518547046456194,BỔ SUNG THEO P90,C,1336.3814428344726,3550.2574678344727,CAO,CÂN NHẮC THỬ NGHIỆM,False,POL-INV-002|POL-INV-003|POL-INV-001|POL-PROMO-005|POL-PROMO-003|POL-PROMO-002|POL-HITL-001|POL-PROMO-001,RULE_BASED,PENDING_HUMAN_REVIEW
1644,DEC-S14-BREAD_BAKERY,14,BREAD/BAKERY,MEDIUM,1,RISK_MEDIUM,2144.8524330444334,2759.9367318115237,3486.3313272094724,0.48587817268991135,BỔ SUNG THEO P90,C,1278.3819417602535,3486.3313272094724,CAO,KHÔNG ĐỀ XUẤT TĂNG,False,POL-INV-002|POL-INV-003|POL-INV-001|POL-PROMO-002|POL-HITL-001|POL-PROMO-001,RULE_BASED,PENDING_HUMAN_REVIEW
1645,DEC-S30-BREAD_BAKERY,30,BREAD/BAKERY,MEDIUM,1,RISK_MEDIUM,2104.414614196777,2757.019317138672,3539.9317537231445,0.5204884282738294,BỔ SUNG THEO P90,C,1334.3163000122072,3539.9317537231445,CAO,KHÔNG ĐỀ XUẤT TĂNG,False,POL-INV-002|POL-INV-003|POL-INV-001|POL-PROMO-002|POL-HITL-001|POL-PROMO-001,RULE_BASED,PENDING_HUMAN_REVIEW
1646,DEC-S15-BREAD_BAKERY,15,BREAD/BAKERY,MEDIUM,1,RISK_MEDIUM,2094.119615234375,2727.9641160888677,3482.617632080078,0.5088003937683462,BỔ SUNG THEO P90,C,1300.246339208984,3482.617632080078,CAO,KHÔNG ĐỀ XUẤT TĂNG,False,POL-INV-002|POL-INV-003|POL-INV-001|POL-PROMO-002|POL-HITL-001|POL-PROMO-001,RULE_BASED,PENDING_HUMAN_REVIEW
1647,DEC-S37-DELI,37,DELI,MEDIUM,1,RISK_MEDIUM,2111.737564880371,2726.8218636474608,3453.21645904541,0.49177657531174096,BỔ SUNG THEO P90,C,1271.7589681274412,3453.21645904541,CAO,KHÔNG ĐỀ XUẤT TĂNG,False,POL-INV-002|POL-INV-003|POL-INV-001|POL-PROMO-002|POL-HITL-001|POL-PROMO-001,RULE_BASED,PENDING_HUMAN_REVIEW
1648,DEC-S50-FROZEN_FOODS,50,FROZEN FOODS,MEDIUM,1,RISK_MEDIUM,2002.6660424804688,2692.791149597168,3532.221427368164,0.5678077103774085,BỔ SUNG THEO P90,C,1377.9885076904293,3532.221427368164,CAO,CÂN NHẮC THỬ NGHIỆM,False,POL-INV-002|POL-INV-003|POL-INV-001|POL-PROMO-005|POL-PROMO-003|POL-PROMO-002|POL-HITL-001|POL-PROMO-001,RULE_BASED,PENDING_HUMAN_REVIEW
1649,DEC-S22-PERSONAL_CARE,22,PERSONAL CARE,MEDIUM,1,RISK_MEDIUM,2029.496523376465,2682.1012263183597,3465.013662902832,0.5350216106069633,BỔ SUNG THEO P90,C,1319.3326818481446,3465.013662902832,CAO,KHÔNG ĐỀ XUẤT TĂNG,False,POL-INV-002|POL-INV-003|POL-INV-001|POL-PROMO-002|POL-HITL-001|POL-PROMO-001,RULE_BASED,PENDING_HUMAN_REVIEW
1650,DEC-S30-HOME_CARE,30,HOME CARE,MEDIUM,1,RISK_MEDIUM,2056.033783752441,2671.118082519531,3397.51267791748,0.5020282984276513,BỔ SUNG THEO P90,C,1260.618211901855,3397.51267791748,CAO,CÂN NHẮC THỬ NGHIỆM,False,POL-INV-002|POL-INV-003|POL-INV-001|POL-PROMO-005|POL-PROMO-003|POL-PROMO-002|POL-HITL-001|POL-PROMO-001,RULE_BASED,PENDING_HUMAN_REVIEW
1651,DEC-S13-MEATS,13,MEATS,MEDIUM,1,RISK_MEDIUM,2051.9856956787107,2667.0699944458006,3393.4645898437498,0.502789993125231,BỔ SUNG THEO P90,C,1259.8085942871094,3393.4645898437498,CAO,CÂN NHẮC THỬ NGHIỆM,False,POL-INV-002|POL-INV-003|POL-INV-001|POL-PROMO-005|POL-PROMO-003|POL-PROMO-002|POL-HITL-001|POL-PROMO-001,RULE_BASED,PENDING_HUMAN_REVIEW
1652,DEC-S12-POULTRY,12,POULTRY,MEDIUM,1,RISK_MEDIUM,2049.472596008301,2664.5568947753904,3390.95149017334,0.503264025913083,BỔ SUNG THEO P90,C,1259.3059743530275,3390.95149017334,CAO,CÂN NHẮC THỬ NGHIỆM,False,POL-INV-002|POL-INV-003|POL-INV-001|POL-PROMO-005|POL-PROMO-003|POL-PROMO-002|POL-HITL-001|POL-PROMO-001,RULE_BASED,PENDING_HUMAN_REVIEW
1653,DEC-S23-PERSONAL_CARE,23,PERSONAL CARE,MEDIUM,1,RISK_MEDIUM,2029.7708145751956,2663.615315429688,3418.268831420898,0.5210876064569183,BỔ SUNG THEO P90,C,1287.376579077148,3418.268831420898,CAO,KHÔNG ĐỀ XUẤT TĂNG,False,POL-INV-002|POL-INV-003|POL-INV-001|POL-PROMO-002|POL-HITL-001|POL-PROMO-001,RULE_BASED,PENDING_HUMAN_REVIEW
1654,DEC-S33-EGGS,33,EGGS,MEDIUM,1,RISK_MEDIUM,2022.798742767334,2657.1606440429687,3423.1305074768065,0.5268047918201126,BỔ SUNG THEO P90,C,1297.4019922424313,3423.1305074768065,CAO,CÂN NHẮC THỬ NGHIỆM,False,POL-INV-002|POL-INV-003|POL-INV-001|POL-PROMO-005|POL-PROMO-003|POL-PROMO-002|POL-HITL-001|POL-PROMO-001,RULE_BASED,PENDING_HUMAN_REVIEW
1655,DEC-S46-EGGS,46,EGGS,MEDIUM,1,RISK_MEDIUM,1985.637423828125,2657.002328857422,3468.173686035156,0.5577633420826682,BỔ SUNG THEO P90,C,1342.5718229492186,3468.173686035156,CAO,CÂN NHẮC THỬ NGHIỆM,False,POL-INV-002|POL-INV-003|POL-INV-001|POL-PROMO-005|POL-PROMO-003|POL-PROMO-002|POL-HITL-001|POL-PROMO-001,RULE_BASED,PENDING_HUMAN_REVIEW
1656,DEC-S38-MEATS,38,MEATS,MEDIUM,1,RISK_MEDIUM,2006.4515701904295,2640.296071044922,3394.9495870361325,0.5256881392688401,BỔ SUNG THEO P90,C,1282.7127302001954,3394.9495870361325,CAO,CÂN NHẮC THỬ NGHIỆM,False,POL-INV-002|POL-INV-003|POL-INV-001|POL-PROMO-005|POL-PROMO-003|POL-PROMO-002|POL-HITL-001|POL-PROMO-001,RULE_BASED,PENDING_HUMAN_REVIEW
1657,DEC-S25-POULTRY,25,POULTRY,MEDIUM,1,RISK_MEDIUM,1985.3699967041016,2619.214497558594,3373.8680135498043,0.5299176911430141,BỔ SUNG THEO P90,C,1278.4964155029293,3373.8680135498043,CAO,CÂN NHẮC THỬ NGHIỆM,False,POL-INV-002|POL-INV-003|POL-INV-001|POL-PROMO-005|POL-PROMO-003|POL-PROMO-002|POL-HITL-001|POL-PROMO-001,RULE_BASED,PENDING_HUMAN_REVIEW
1658,DEC-S22-BREAD_BAKERY,22,BREAD/BAKERY,MEDIUM,1,RISK_MEDIUM,1976.2742478027344,2610.1187486572267,3364.772264648437,0.5317636425228615,BỔ SUNG THEO P90,C,1276.677265722656,3364.772264648437,CAO,CÂN NHẮC THỬ NGHIỆM,False,POL-INV-002|POL-INV-003|POL-INV-001|POL-PROMO-005|POL-PROMO-003|POL-PROMO-002|POL-HITL-001|POL-PROMO-001,RULE_BASED,PENDING_HUMAN_REVIEW
1659,DEC-S38-LIQUOR_WINE_BEER,38,"LIQUOR,WINE,BEER",MEDIUM,1,RISK_MEDIUM,2023.1929367370608,2595.823603149414,3313.8890657043457,0.4970288037284995,BỔ SUNG THEO P90,C,1237.230183184814,3313.8890657043457,CAO,CÂN NHẮC THỬ NGHIỆM,False,POL-INV-002|POL-INV-003|POL-INV-001|POL-PROMO-005|POL-PROMO-003|POL-PROMO-002|POL-HITL-001|POL-PROMO-001,RULE_BASED,PENDING_HUMAN_REVIEW
1660,DEC-S13-HOME_CARE,13,HOME CARE,MEDIUM,1,RISK_MEDIUM,1975.185189086914,2590.269487854004,3316.664083251953,0.5176917724894771,BỔ SUNG THEO P90,C,1244.4484929687492,3316.664083251953,CAO,KHÔNG ĐỀ XUẤT TĂNG,False,POL-INV-002|POL-INV-003|POL-INV-001|POL-PROMO-002|POL-HITL-001|POL-PROMO-001,RULE_BASED,PENDING_HUMAN_REVIEW
1661,DEC-S22-POULTRY,22,POULTRY,MEDIUM,1,RISK_MEDIUM,1952.923829711914,2586.7683305664063,3341.421846557617,0.5365619481639574,BỔ SUNG THEO P90,C,1272.0071821044917,3341.421846557617,CAO,CÂN NHẮC THỬ NGHIỆM,False,POL-INV-002|POL-INV-003|POL-INV-001|POL-PROMO-005|POL-PROMO-003|POL-PROMO-002|POL-HITL-001|POL-PROMO-001,RULE_BASED,PENDING_HUMAN_REVIEW
1662,DEC-S10-MEATS,10,MEATS,MEDIUM,1,RISK_MEDIUM,1948.2567001953123,2582.101201049805,3336.7547170410157,0.5375314046083058,BỔ SUNG THEO P90,C,1271.0737562011718,3336.7547170410157,CAO,CÂN NHẮC THỬ NGHIỆM,False,POL-INV-002|POL-INV-003|POL-INV-001|POL-PROMO-005|POL-PROMO-003|POL-PROMO-002|POL-HITL-001|POL-PROMO-001,RULE_BASED,PENDING_HUMAN_REVIEW
1663,DEC-S25-LIQUOR_WINE_BEER,25,"LIQUOR,WINE,BEER",MEDIUM,1,RISK_MEDIUM,1911.2000145874024,2563.804717529297,3346.717154113769,0.5596984166924082,BỔ SUNG THEO P90,C,1295.673380090332,3346.717154113769,CAO,CÂN NHẮC THỬ NGHIỆM,False,POL-INV-002|POL-INV-003|POL-INV-001|POL-PROMO-005|POL-PROMO-003|POL-PROMO-002|POL-HITL-001|POL-PROMO-001,RULE_BASED,PENDING_HUMAN_REVIEW
1664,DEC-S06-FROZEN_FOODS,6,FROZEN FOODS,MEDIUM,1,RISK_MEDIUM,1893.4142403564451,2546.01894329834,3328.9313798828125,0.5636067777601216,BỔ SUNG THEO P90,C,1292.1162252441404,3328.9313798828125,CAO,CÂN NHẮC THỬ NGHIỆM,False,POL-INV-002|POL-INV-003|POL-INV-001|POL-PROMO-005|POL-PROMO-003|POL-PROMO-002|POL-HITL-001|POL-PROMO-001,RULE_BASED,PENDING_HUMAN_REVIEW
1665,DEC-S16-BREAD_BAKERY,16,BREAD/BAKERY,MEDIUM,1,RISK_MEDIUM,1906.7217270507813,2540.566227905273,3295.219743896484,0.5463158904145832,BỔ SUNG THEO P90,C,1262.766761572265,3295.219743896484,CAO,KHÔNG ĐỀ XUẤT TĂNG,False,POL-INV-002|POL-INV-003|POL-INV-001|POL-PROMO-002|POL-HITL-001|POL-PROMO-001,RULE_BASED,PENDING_HUMAN_REVIEW
1666,DEC-S12-MEATS,12,MEATS,MEDIUM,1,RISK_MEDIUM,1900.1589981689451,2534.0034990234376,3288.657015014648,0.547730217090665,BỔ SUNG THEO P90,C,1261.4542157958977,3288.657015014648,CAO,CÂN NHẮC THỬ NGHIỆM,False,POL-INV-002|POL-INV-003|POL-INV-001|POL-PROMO-005|POL-PROMO-003|POL-PROMO-002|POL-HITL-001|POL-PROMO-001,RULE_BASED,PENDING_HUMAN_REVIEW
1667,DEC-S26-POULTRY,26,POULTRY,MEDIUM,1,RISK_MEDIUM,1830.82024017334,2520.945347290039,3360.375625061035,0.6064982282551371,BỔ SUNG THEO P90,C,1343.6193472290033,3360.375625061035,CAO,CÂN NHẮC THỬ NGHIỆM,False,POL-INV-002|POL-INV-003|POL-INV-001|POL-PROMO-005|POL-PROMO-003|POL-PROMO-002|POL-HITL-001|POL-PROMO-001,RULE_BASED,PENDING_HUMAN_REVIEW
1668,DEC-S16-EGGS,16,EGGS,MEDIUM,1,RISK_MEDIUM,1839.457270935059,2510.822175964356,3321.9935331420897,0.5902234148553311,BỔ SUNG THEO P90,C,1313.3357923706048,3321.9935331420897,CAO,CÂN NHẮC THỬ NGHIỆM,False,POL-INV-002|POL-INV-003|POL-INV-001|POL-PROMO-005|POL-PROMO-003|POL-PROMO-002|POL-HITL-001|POL-PROMO-001,RULE_BASED,PENDING_HUMAN_REVIEW
1669,DEC-S36-EGGS,36,EGGS,MEDIUM,1,RISK_MEDIUM,1849.0521950683597,2501.656898010254,3284.5693345947266,0.5735972600429886,BỔ SUNG THEO P90,C,1283.2438161865234,3284.5693345947266,CAO,CÂN NHẮC THỬ NGHIỆM,False,POL-INV-002|POL-INV-003|POL-INV-001|POL-PROMO-005|POL-PROMO-003|POL-PROMO-002|POL-HITL-001|POL-PROMO-001,RULE_BASED,PENDING_HUMAN_REVIEW
1670,DEC-S42-EGGS,42,EGGS,MEDIUM,1,RISK_MEDIUM,1862.643525756836,2496.488026611328,3251.1415426025387,0.5559578272451866,BỔ SUNG THEO P90,C,1253.9511213134758,3251.1415426025387,CAO,CÂN NHẮC THỬ NGHIỆM,False,POL-INV-002|POL-INV-003|POL-INV-001|POL-PROMO-005|POL-PROMO-003|POL-PROMO-002|POL-HITL-001|POL-PROMO-001,RULE_BASED,PENDING_HUMAN_REVIEW
1671,DEC-S41-FROZEN_FOODS,41,FROZEN FOODS,MEDIUM,1,RISK_MEDIUM,1842.878374572754,2495.4830775146484,3278.395514099121,0.5750157701671599,BỔ SUNG THEO P90,C,1282.0090520874023,3278.395514099121,CAO,CÂN NHẮC THỬ NGHIỆM,False,POL-INV-002|POL-INV-003|POL-INV-001|POL-PROMO-005|POL-PROMO-003|POL-PROMO-002|POL-HITL-001|POL-PROMO-001,RULE_BASED,PENDING_HUMAN_REVIEW
1672,DEC-S27-LIQUOR_WINE_BEER,27,"LIQUOR,WINE,BEER",MEDIUM,1,RISK_MEDIUM,1795.4905320739747,2467.372837524414,3289.8605421447755,0.6054069253045005,BỔ SUNG THEO P90,C,1315.962272125244,3289.8605421447755,CAO,CÂN NHẮC THỬ NGHIỆM,False,POL-INV-002|POL-INV-003|POL-INV-001|POL-PROMO-005|POL-PROMO-003|POL-PROMO-002|POL-HITL-001|POL-PROMO-001,RULE_BASED,PENDING_HUMAN_REVIEW
1673,DEC-S35-EGGS,35,EGGS,MEDIUM,1,RISK_MEDIUM,1793.0816911010745,2464.4465961303717,3275.6179533081054,0.6013256440167626,BỔ SUNG THEO P90,C,1304.0606764038087,3275.6179533081054,CAO,CÂN NHẮC THỬ NGHIỆM,False,POL-INV-002|POL-INV-003|POL-INV-001|POL-PROMO-005|POL-PROMO-003|POL-PROMO-002|POL-HITL-001|POL-PROMO-001,RULE_BASED,PENDING_HUMAN_REVIEW
1674,DEC-S08-PREPARED_FOODS,8,PREPARED FOODS,MEDIUM,1,RISK_MEDIUM,1811.284922119141,2463.889625061035,3246.802061645508,0.5823859717413598,BỔ SUNG THEO P90,C,1275.6903615966798,3246.802061645508,CAO,CÂN NHẮC THỬ NGHIỆM,False,POL-INV-002|POL-INV-003|POL-INV-001|POL-PROMO-005|POL-PROMO-003|POL-PROMO-002|POL-HITL-001|POL-PROMO-001,RULE_BASED,PENDING_HUMAN_REVIEW
1675,DEC-S30-EGGS,30,EGGS,MEDIUM,1,RISK_MEDIUM,1800.5553841552735,2453.160087097168,3236.0725236816406,0.5849321513595012,BỔ SUNG THEO P90,C,1273.5444540039061,3236.0725236816406,CAO,CÂN NHẮC THỬ NGHIỆM,False,POL-INV-002|POL-INV-003|POL-INV-001|POL-PROMO-005|POL-PROMO-003|POL-PROMO-002|POL-HITL-001|POL-PROMO-001,RULE_BASED,PENDING_HUMAN_REVIEW
1676,DEC-S01-PERSONAL_CARE,1,PERSONAL CARE,MEDIUM,1,RISK_MEDIUM,1837.473755676269,2452.558054443359,3178.9526498413084,0.5467483810850287,BỔ SUNG THEO P90,C,1216.9062062866208,3178.9526498413084,CAO,KHÔNG ĐỀ XUẤT TĂNG,False,POL-INV-002|POL-INV-003|POL-INV-001|POL-PROMO-002|POL-HITL-001|POL-PROMO-001,RULE_BASED,PENDING_HUMAN_REVIEW
1677,DEC-S08-LIQUOR_WINE_BEER,8,"LIQUOR,WINE,BEER",MEDIUM,1,RISK_MEDIUM,1779.3157685546876,2450.680673583985,3261.8520307617187,0.6047020226495435,BỔ SUNG THEO P90,C,1301.3074918945306,3261.8520307617187,CAO,CÂN NHẮC THỬ NGHIỆM,False,POL-INV-002|POL-INV-003|POL-INV-001|POL-PROMO-005|POL-PROMO-003|POL-PROMO-002|POL-HITL-001|POL-PROMO-001,RULE_BASED,PENDING_HUMAN_REVIEW
1678,DEC-S04-EGGS,4,EGGS,MEDIUM,1,RISK_MEDIUM,1804.5823303833008,2438.426831237793,3193.080347229004,0.5691902700525613,BỔ SUNG THEO P90,C,1242.3388822387697,3193.080347229004,CAO,CÂN NHẮC THỬ NGHIỆM,False,POL-INV-002|POL-INV-003|POL-INV-001|POL-PROMO-005|POL-PROMO-003|POL-PROMO-002|POL-HITL-001|POL-PROMO-001,RULE_BASED,PENDING_HUMAN_REVIEW
1679,DEC-S34-POULTRY,34,POULTRY,MEDIUM,1,RISK_MEDIUM,1795.6582276000977,2429.50272845459,3184.1562444458004,0.5712801720360812,BỔ SUNG THEO P90,C,1240.5540616821283,3184.1562444458004,CAO,CÂN NHẮC THỬ NGHIỆM,False,POL-INV-002|POL-INV-003|POL-INV-001|POL-PROMO-005|POL-PROMO-003|POL-PROMO-002|POL-HITL-001|POL-PROMO-001,RULE_BASED,PENDING_HUMAN_REVIEW
1680,DEC-S51-LIQUOR_WINE_BEER,51,"LIQUOR,WINE,BEER",MEDIUM,1,RISK_MEDIUM,1733.7216065673829,2405.08651159668,3216.257868774414,0.6161608300705778,BỔ SUNG THEO P90,C,1292.18865949707,3216.257868774414,CAO,CÂN NHẮC THỬ NGHIỆM,False,POL-INV-002|POL-INV-003|POL-INV-001|POL-PROMO-005|POL-PROMO-003|POL-PROMO-002|POL-HITL-001|POL-PROMO-001,RULE_BASED,PENDING_HUMAN_REVIEW
1681,DEC-S46-PREPARED_FOODS,46,PREPARED FOODS,MEDIUM,1,RISK_MEDIUM,1765.8755356445313,2399.7200364990235,3154.373552490234,0.5783673213602004,BỔ SUNG THEO P90,C,1234.597523291015,3154.373552490234,CAO,CÂN NHẮC THỬ NGHIỆM,False,POL-INV-002|POL-INV-003|POL-INV-001|POL-PROMO-005|POL-PROMO-003|POL-PROMO-002|POL-HITL-001|POL-PROMO-001,RULE_BASED,PENDING_HUMAN_REVIEW
1682,DEC-S41-EGGS,41,EGGS,MEDIUM,1,RISK_MEDIUM,1744.64085546875,2378.4853563232423,3133.138872314453,0.5835287084898041,BỔ SUNG THEO P90,C,1230.3505872558592,3133.138872314453,CAO,CÂN NHẮC THỬ NGHIỆM,False,POL-INV-002|POL-INV-003|POL-INV-001|POL-PROMO-005|POL-PROMO-003|POL-PROMO-002|POL-HITL-001|POL-PROMO-001,RULE_BASED,PENDING_HUMAN_REVIEW
1683,DEC-S45-GROCERY_II,45,GROCERY II,MEDIUM,1,RISK_MEDIUM,1756.0617454833985,2371.146044250488,3097.5406396484373,0.565512775832863,BỔ SUNG THEO P90,C,1200.6238042480468,3097.5406396484373,CAO,CÂN NHẮC THỬ NGHIỆM,False,POL-INV-002|POL-INV-003|POL-INV-001|POL-PROMO-005|POL-PROMO-003|POL-PROMO-002|POL-HITL-001|POL-PROMO-001,RULE_BASED,PENDING_HUMAN_REVIEW
1684,DEC-S16-PERSONAL_CARE,16,PERSONAL CARE,MEDIUM,1,RISK_MEDIUM,1734.756791748047,2368.601292602539,3123.2548085937497,0.5859627192052684,BỔ SUNG THEO P90,C,1228.373774511718,3123.2548085937497,CAO,KHÔNG ĐỀ XUẤT TĂNG,False,POL-INV-002|POL-INV-003|POL-INV-001|POL-PROMO-002|POL-HITL-001|POL-PROMO-001,RULE_BASED,PENDING_HUMAN_REVIEW
1685,DEC-S19-POULTRY,19,POULTRY,MEDIUM,1,RISK_MEDIUM,1737.1399284973145,2352.741627685547,3090.452570526123,0.5749622754301762,BỔ SUNG THEO P90,C,1208.2592683776854,3090.452570526123,CAO,CÂN NHẮC THỬ NGHIỆM,False,POL-INV-002|POL-INV-003|POL-INV-001|POL-PROMO-005|POL-PROMO-003|POL-PROMO-002|POL-HITL-001|POL-PROMO-001,RULE_BASED,PENDING_HUMAN_REVIEW
1686,DEC-S21-PREPARED_FOODS,21,PREPARED FOODS,MEDIUM,1,RISK_MEDIUM,1724.2742317504883,2339.358530517578,3065.753125915527,0.5731937550048651,BỔ SUNG THEO P90,C,1194.2663015014648,3065.753125915527,CAO,CÂN NHẮC THỬ NGHIỆM,False,POL-INV-002|POL-INV-003|POL-INV-001|POL-PROMO-005|POL-PROMO-003|POL-PROMO-002|POL-HITL-001|POL-PROMO-001,RULE_BASED,PENDING_HUMAN_REVIEW
1687,DEC-S23-DELI,23,DELI,MEDIUM,1,RISK_MEDIUM,1738.7052688598633,2335.029365539551,3033.165040344238,0.5541282102784674,BỔ SUNG THEO P90,C,1165.1415479125974,3033.165040344238,CAO,CÂN NHẮC THỬ NGHIỆM,False,POL-INV-002|POL-INV-003|POL-INV-001|POL-PROMO-005|POL-PROMO-003|POL-PROMO-002|POL-HITL-001|POL-PROMO-001,RULE_BASED,PENDING_HUMAN_REVIEW
1688,DEC-S10-POULTRY,10,POULTRY,MEDIUM,1,RISK_MEDIUM,1670.9222427978516,2304.766743652344,3059.4202596435543,0.6021849437581515,BỔ SUNG THEO P90,C,1215.6068647216791,3059.4202596435543,CAO,CÂN NHẮC THỬ NGHIỆM,False,POL-INV-002|POL-INV-003|POL-INV-001|POL-PROMO-005|POL-PROMO-003|POL-PROMO-002|POL-HITL-001|POL-PROMO-001,RULE_BASED,PENDING_HUMAN_REVIEW
1689,DEC-S40-MEATS,40,MEATS,MEDIUM,1,RISK_MEDIUM,1702.9656600952148,2299.2897567749023,2997.4254315795897,0.5627377019229347,BỔ SUNG THEO P90,C,1157.9936261596677,2997.4254315795897,CAO,CÂN NHẮC THỬ NGHIỆM,False,POL-INV-002|POL-INV-003|POL-INV-001|POL-PROMO-005|POL-PROMO-003|POL-PROMO-002|POL-HITL-001|POL-PROMO-001,RULE_BASED,PENDING_HUMAN_REVIEW
1690,DEC-S50-LIQUOR_WINE_BEER,50,"LIQUOR,WINE,BEER",MEDIUM,1,RISK_MEDIUM,1626.3636582641602,2297.728563293457,3108.8999204711918,0.6449375040970291,BỔ SUNG THEO P90,C,1270.7170698364262,3108.8999204711918,CAO,CÂN NHẮC THỬ NGHIỆM,False,POL-INV-002|POL-INV-003|POL-INV-001|POL-PROMO-005|POL-PROMO-003|POL-PROMO-002|POL-HITL-001|POL-PROMO-001,RULE_BASED,PENDING_HUMAN_REVIEW
1691,DEC-S45-SCHOOL_AND_OFFICE_SUPPLIES,45,SCHOOL AND OFFICE SUPPLIES,MEDIUM,1,RISK_MEDIUM,1655.9027420654295,2289.747242919922,3044.4007589111325,0.6061332262374968,BỔ SUNG THEO P90,C,1212.6029645751948,3044.4007589111325,CAO,KHÔNG ĐỀ XUẤT TĂNG,False,POL-INV-002|POL-INV-003|POL-INV-001|POL-PROMO-002|POL-HITL-001|POL-PROMO-001,RULE_BASED,PENDING_HUMAN_REVIEW
1692,DEC-S13-BREAD_BAKERY,13,BREAD/BAKERY,MEDIUM,1,RISK_MEDIUM,1693.2783203125,2289.6024169921875,2987.738091796875,0.5651176135508242,BỔ SUNG THEO P90,C,1156.0561582031248,2987.738091796875,CAO,CÂN NHẮC THỬ NGHIỆM,False,POL-INV-002|POL-INV-003|POL-INV-001|POL-PROMO-005|POL-PROMO-003|POL-PROMO-002|POL-HITL-001|POL-PROMO-001,RULE_BASED,PENDING_HUMAN_REVIEW
1693,DEC-S01-EGGS,1,EGGS,MEDIUM,1,RISK_MEDIUM,1679.0085220336914,2275.332618713379,2973.4682935180663,0.568660204068079,BỔ SUNG THEO P90,C,1153.2021985473627,2973.4682935180663,CAO,CÂN NHẮC THỬ NGHIỆM,False,POL-INV-002|POL-INV-003|POL-INV-001|POL-PROMO-005|POL-PROMO-003|POL-PROMO-002|POL-HITL-001|POL-PROMO-001,RULE_BASED,PENDING_HUMAN_REVIEW
1694,DEC-S34-EGGS,34,EGGS,MEDIUM,1,RISK_MEDIUM,1640.031782623291,2274.3936838989257,3040.363547332764,0.6154239482241951,BỔ SUNG THEO P90,C,1220.8486002136233,3040.363547332764,CAO,CÂN NHẮC THỬ NGHIỆM,False,POL-INV-002|POL-INV-003|POL-INV-001|POL-PROMO-005|POL-PROMO-003|POL-PROMO-002|POL-HITL-001|POL-PROMO-001,RULE_BASED,PENDING_HUMAN_REVIEW
1695,DEC-S38-POULTRY,38,POULTRY,MEDIUM,1,RISK_MEDIUM,1615.7837243041993,2268.3884272460937,3051.3008638305664,0.6325568255710061,BỔ SUNG THEO P90,C,1236.5901220336914,3051.3008638305664,CAO,CÂN NHẮC THỬ NGHIỆM,False,POL-INV-002|POL-INV-003|POL-INV-001|POL-PROMO-005|POL-PROMO-003|POL-PROMO-002|POL-HITL-001|POL-PROMO-001,RULE_BASED,PENDING_HUMAN_REVIEW
1696,DEC-S23-HOME_CARE,23,HOME CARE,MEDIUM,1,RISK_MEDIUM,1669.8465728759766,2266.170669555664,2964.3063443603514,0.5709582383306291,BỔ SUNG THEO P90,C,1151.3698087158198,2964.3063443603514,CAO,CÂN NHẮC THỬ NGHIỆM,False,POL-INV-002|POL-INV-003|POL-INV-001|POL-PROMO-005|POL-PROMO-003|POL-PROMO-002|POL-HITL-001|POL-PROMO-001,RULE_BASED,PENDING_HUMAN_REVIEW
1697,DEC-S26-PERSONAL_CARE,26,PERSONAL CARE,MEDIUM,1,RISK_MEDIUM,1664.0392684936523,2260.36336517334,2958.499039978027,0.5724244902079905,BỔ SUNG THEO P90,C,1150.2083478393552,2958.499039978027,CAO,CÂN NHẮC THỬ NGHIỆM,False,POL-INV-002|POL-INV-003|POL-INV-001|POL-PROMO-005|POL-PROMO-003|POL-PROMO-002|POL-HITL-001|POL-PROMO-001,RULE_BASED,PENDING_HUMAN_REVIEW
1698,DEC-S37-EGGS,37,EGGS,MEDIUM,1,RISK_MEDIUM,1663.9445571899414,2260.268653869629,2958.4043286743163,0.5724484657182205,BỔ SUNG THEO P90,C,1150.189405578613,2958.4043286743163,CAO,CÂN NHẮC THỬ NGHIỆM,False,POL-INV-002|POL-INV-003|POL-INV-001|POL-PROMO-005|POL-PROMO-003|POL-PROMO-002|POL-HITL-001|POL-PROMO-001,RULE_BASED,PENDING_HUMAN_REVIEW
1699,DEC-S25-DELI,25,DELI,MEDIUM,1,RISK_MEDIUM,1654.0241775512695,2250.348274230957,2948.4839490356444,0.5749709124531398,BỔ SUNG THEO P90,C,1148.2053296508786,2948.4839490356444,CAO,KHÔNG ĐỀ XUẤT TĂNG,False,POL-INV-002|POL-INV-003|POL-INV-001|POL-PROMO-002|POL-HITL-001|POL-PROMO-001,RULE_BASED,PENDING_HUMAN_REVIEW
1700,DEC-S19-MEATS,19,MEATS,MEDIUM,1,RISK_MEDIUM,1608.4526688232422,2242.2971696777345,2996.950685668945,0.6189541161170236,BỔ SUNG THEO P90,C,1203.1129499267572,2996.950685668945,CAO,CÂN NHẮC THỬ NGHIỆM,False,POL-INV-002|POL-INV-003|POL-INV-001|POL-PROMO-005|POL-PROMO-003|POL-PROMO-002|POL-HITL-001|POL-PROMO-001,RULE_BASED,PENDING_HUMAN_REVIEW
1701,DEC-S27-FROZEN_FOODS,27,FROZEN FOODS,MEDIUM,1,RISK_MEDIUM,1588.426241394043,2241.0309443359374,3023.94338092041,0.6402753464009615,BỔ SUNG THEO P90,C,1231.1186254516601,3023.94338092041,CAO,CÂN NHẮC THỬ NGHIỆM,False,POL-INV-002|POL-INV-003|POL-INV-001|POL-PROMO-005|POL-PROMO-003|POL-PROMO-002|POL-HITL-001|POL-PROMO-001,RULE_BASED,PENDING_HUMAN_REVIEW
1702,DEC-S01-DELI,1,DELI,MEDIUM,1,RISK_MEDIUM,1657.2203178405762,2235.301612854004,2916.4947145080564,0.5631057945982403,BỔ SUNG THEO P90,C,1128.2534242248532,2916.4947145080564,CAO,KHÔNG ĐỀ XUẤT TĂNG,False,POL-INV-002|POL-INV-003|POL-INV-001|POL-PROMO-002|POL-HITL-001|POL-PROMO-001,RULE_BASED,PENDING_HUMAN_REVIEW
1703,DEC-S07-PREPARED_FOODS,7,PREPARED FOODS,MEDIUM,1,RISK_MEDIUM,1614.676284790039,2211.0003814697266,2909.136056274414,0.5851987107815473,BỔ SUNG THEO P90,C,1140.3357510986325,2909.136056274414,CAO,CÂN NHẮC THỬ NGHIỆM,False,POL-INV-002|POL-INV-003|POL-INV-001|POL-PROMO-005|POL-PROMO-003|POL-PROMO-002|POL-HITL-001|POL-PROMO-001,RULE_BASED,PENDING_HUMAN_REVIEW
1704,DEC-S15-MEATS,15,MEATS,MEDIUM,1,RISK_MEDIUM,1610.061424255371,2206.3855209350586,2904.521195739746,0.5864221538139092,BỔ SUNG THEO P90,C,1139.412778991699,2904.521195739746,CAO,CÂN NHẮC THỬ NGHIỆM,False,POL-INV-002|POL-INV-003|POL-INV-001|POL-PROMO-005|POL-PROMO-003|POL-PROMO-002|POL-HITL-001|POL-PROMO-001,RULE_BASED,PENDING_HUMAN_REVIEW
1705,DEC-S53-FROZEN_FOODS,53,FROZEN FOODS,MEDIUM,1,RISK_MEDIUM,1571.2769180908203,2205.1214189453126,2959.774934936523,0.6293842237883291,BỔ SUNG THEO P90,C,1195.6777997802726,2959.774934936523,CAO,CÂN NHẮC THỬ NGHIỆM,False,POL-INV-002|POL-INV-003|POL-INV-001|POL-PROMO-005|POL-PROMO-003|POL-PROMO-002|POL-HITL-001|POL-PROMO-001,RULE_BASED,PENDING_HUMAN_REVIEW
1706,DEC-S44-HOME_AND_KITCHEN_I,44,HOME AND KITCHEN I,MEDIUM,1,RISK_MEDIUM,1590.9876861572266,2187.311782836914,2885.447457641601,0.5915335198745055,BỔ SUNG THEO P90,C,1135.5980313720697,2885.447457641601,CAO,CÂN NHẮC THỬ NGHIỆM,False,POL-INV-002|POL-INV-003|POL-INV-001|POL-PROMO-005|POL-PROMO-003|POL-PROMO-002|POL-HITL-001|POL-PROMO-001,RULE_BASED,PENDING_HUMAN_REVIEW
1707,DEC-S31-POULTRY,31,POULTRY,MEDIUM,1,RISK_MEDIUM,1587.9603805541992,2184.2844772338867,2882.420152038574,0.5923529796554865,BỔ SUNG THEO P90,C,1134.9925702514647,2882.420152038574,CAO,CÂN NHẮC THỬ NGHIỆM,False,POL-INV-002|POL-INV-003|POL-INV-001|POL-PROMO-005|POL-PROMO-003|POL-PROMO-002|POL-HITL-001|POL-PROMO-001,RULE_BASED,PENDING_HUMAN_REVIEW
1708,DEC-S20-EGGS,20,EGGS,MEDIUM,1,RISK_MEDIUM,1549.392263885498,2183.7541651611327,2949.7240285949706,0.6409562169692412,BỔ SUNG THEO P90,C,1202.7206964660643,2949.7240285949706,CAO,CÂN NHẮC THỬ NGHIỆM,False,POL-INV-002|POL-INV-003|POL-INV-001|POL-PROMO-005|POL-PROMO-003|POL-PROMO-002|POL-HITL-001|POL-PROMO-001,RULE_BASED,PENDING_HUMAN_REVIEW
1709,DEC-S48-EGGS,48,EGGS,MEDIUM,1,RISK_MEDIUM,1523.6810173950196,2176.285720336914,2959.1981569213867,0.6593150022148837,BỔ SUNG THEO P90,C,1218.1695806518555,2959.1981569213867,CAO,CÂN NHẮC THỬ NGHIỆM,False,POL-INV-002|POL-INV-003|POL-INV-001|POL-PROMO-005|POL-PROMO-003|POL-PROMO-002|POL-HITL-001|POL-PROMO-001,RULE_BASED,PENDING_HUMAN_REVIEW
1710,DEC-S30-DELI,30,DELI,MEDIUM,1,RISK_MEDIUM,1554.946159362793,2151.2702560424805,2849.405930847168,0.6014392327590785,BỔ SUNG THEO P90,C,1128.3897260131835,2849.405930847168,CAO,CÂN NHẮC THỬ NGHIỆM,False,POL-INV-002|POL-INV-003|POL-INV-001|POL-PROMO-005|POL-PROMO-003|POL-PROMO-002|POL-HITL-001|POL-PROMO-001,RULE_BASED,PENDING_HUMAN_REVIEW
1711,DEC-S37-FROZEN_FOODS,37,FROZEN FOODS,MEDIUM,1,RISK_MEDIUM,1530.4166870117188,2126.7407836914062,2824.8764584960936,0.6083728720180959,BỔ SUNG THEO P90,C,1123.4838315429686,2824.8764584960936,CAO,CÂN NHẮC THỬ NGHIỆM,False,POL-INV-002|POL-INV-003|POL-INV-001|POL-PROMO-005|POL-PROMO-003|POL-PROMO-002|POL-HITL-001|POL-PROMO-001,RULE_BASED,PENDING_HUMAN_REVIEW
1712,DEC-S18-MEATS,18,MEATS,MEDIUM,1,RISK_MEDIUM,1469.619886077881,2085.2215852661134,2822.932528106689,0.648690748665695,BỔ SUNG THEO P90,C,1154.7552598937982,2822.932528106689,CAO,CÂN NHẮC THỬ NGHIỆM,False,POL-INV-002|POL-INV-003|POL-INV-001|POL-PROMO-005|POL-PROMO-003|POL-PROMO-002|POL-HITL-001|POL-PROMO-001,RULE_BASED,PENDING_HUMAN_REVIEW
1713,DEC-S44-HOME_AND_KITCHEN_II,44,HOME AND KITCHEN II,MEDIUM,1,RISK_MEDIUM,1481.206153869629,2077.5302505493164,2775.665925354004,0.6227764888878925,BỔ SUNG THEO P90,C,1113.6417249145507,2775.665925354004,CAO,CÂN NHẮC THỬ NGHIỆM,False,POL-INV-002|POL-INV-003|POL-INV-001|POL-PROMO-005|POL-PROMO-003|POL-PROMO-002|POL-HITL-001|POL-PROMO-001,RULE_BASED,PENDING_HUMAN_REVIEW
1714,DEC-S46-LIQUOR_WINE_BEER,46,"LIQUOR,WINE,BEER",MEDIUM,1,RISK_MEDIUM,1456.4192635192871,2072.02096270752,2809.731905548096,0.6528214940293134,BỔ SUNG THEO P90,C,1152.1151353820803,2809.731905548096,CAO,CÂN NHẮC THỬ NGHIỆM,False,POL-INV-002|POL-INV-003|POL-INV-001|POL-PROMO-005|POL-PROMO-003|POL-PROMO-002|POL-HITL-001|POL-PROMO-001,RULE_BASED,PENDING_HUMAN_REVIEW
1715,DEC-S32-BREAD_BAKERY,32,BREAD/BAKERY,MEDIUM,1,RISK_MEDIUM,1433.4628685302737,2048.547167297363,2774.9417626953123,0.6545245289153216,BỔ SUNG THEO P90,C,1136.1040288574218,2774.9417626953123,CAO,KHÔNG ĐỀ XUẤT TĂNG,False,POL-INV-002|POL-INV-003|POL-INV-001|POL-PROMO-002|POL-HITL-001|POL-PROMO-001,RULE_BASED,PENDING_HUMAN_REVIEW
1716,DEC-S36-POULTRY,36,POULTRY,MEDIUM,1,RISK_MEDIUM,1434.4776000976562,2030.801696777344,2728.937371582031,0.6370994637604286,BỔ SUNG THEO P90,C,1104.2960141601561,2728.937371582031,CAO,CÂN NHẮC THỬ NGHIỆM,False,POL-INV-002|POL-INV-003|POL-INV-001|POL-PROMO-005|POL-PROMO-003|POL-PROMO-002|POL-HITL-001|POL-PROMO-001,RULE_BASED,PENDING_HUMAN_REVIEW
1717,DEC-S29-MEATS,29,MEATS,MEDIUM,1,RISK_MEDIUM,1417.7521591186523,2014.07625579834,2712.211930603027,0.642387486706567,BỔ SUNG THEO P90,C,1100.9509259643553,2712.211930603027,CAO,CÂN NHẮC THỬ NGHIỆM,False,POL-INV-002|POL-INV-003|POL-INV-001|POL-PROMO-005|POL-PROMO-003|POL-PROMO-002|POL-HITL-001|POL-PROMO-001,RULE_BASED,PENDING_HUMAN_REVIEW
1718,DEC-S48-LIQUOR_WINE_BEER,48,"LIQUOR,WINE,BEER",MEDIUM,1,RISK_MEDIUM,1412.3818756713868,2009.7407731933597,2730.5091428833007,0.6555431136548392,BỔ SUNG THEO P90,C,1122.716524328613,2730.5091428833007,CAO,CÂN NHẮC THỬ NGHIỆM,False,POL-INV-002|POL-INV-003|POL-INV-001|POL-PROMO-005|POL-PROMO-003|POL-PROMO-002|POL-HITL-001|POL-PROMO-001,RULE_BASED,PENDING_HUMAN_REVIEW
1719,DEC-S01-FROZEN_FOODS,1,FROZEN FOODS,MEDIUM,1,RISK_MEDIUM,1434.3916244506836,1994.230117797852,2658.480646301269,0.6135076906325072,BỔ SUNG THEO P90,C,1063.096552062988,2658.480646301269,CAO,CÂN NHẮC THỬ NGHIỆM,False,POL-INV-002|POL-INV-003|POL-INV-001|POL-PROMO-005|POL-PROMO-003|POL-PROMO-002|POL-HITL-001|POL-PROMO-001,RULE_BASED,PENDING_HUMAN_REVIEW
1720,DEC-S02-FROZEN_FOODS,2,FROZEN FOODS,MEDIUM,1,RISK_MEDIUM,1394.510383605957,1990.8344802856443,2688.970155090332,0.6498832027944106,BỔ SUNG THEO P90,C,1096.302570861816,2688.970155090332,CAO,CÂN NHẮC THỬ NGHIỆM,False,POL-INV-002|POL-INV-003|POL-INV-001|POL-PROMO-005|POL-PROMO-003|POL-PROMO-002|POL-HITL-001|POL-PROMO-001,RULE_BASED,PENDING_HUMAN_REVIEW
1721,DEC-S42-FROZEN_FOODS,42,FROZEN FOODS,MEDIUM,1,RISK_MEDIUM,1387.7004623413086,1984.024559020996,2682.1602338256835,0.6521127235437307,BỔ SUNG THEO P90,C,1094.9405866088864,2682.1602338256835,CAO,CÂN NHẮC THỬ NGHIỆM,False,POL-INV-002|POL-INV-003|POL-INV-001|POL-PROMO-005|POL-PROMO-003|POL-PROMO-002|POL-HITL-001|POL-PROMO-001,RULE_BASED,PENDING_HUMAN_REVIEW
1722,DEC-S52-PREPARED_FOODS,52,PREPARED FOODS,MEDIUM,1,RISK_MEDIUM,1379.4685745239258,1975.7926712036133,2673.9283460083007,0.6548282934983843,BỔ SUNG THEO P90,C,1093.2942090454098,2673.9283460083007,CAO,CÂN NHẮC THỬ NGHIỆM,False,POL-INV-002|POL-INV-003|POL-INV-001|POL-PROMO-005|POL-PROMO-003|POL-PROMO-002|POL-HITL-001|POL-PROMO-001,RULE_BASED,PENDING_HUMAN_REVIEW
1723,DEC-S43-PREPARED_FOODS,43,PREPARED FOODS,MEDIUM,1,RISK_MEDIUM,1371.6988525390625,1968.02294921875,2666.1586240234374,0.6574122317863172,BỔ SUNG THEO P90,C,1091.7402646484375,2666.1586240234374,CAO,CÂN NHẮC THỬ NGHIỆM,False,POL-INV-002|POL-INV-003|POL-INV-001|POL-PROMO-005|POL-PROMO-003|POL-PROMO-002|POL-HITL-001|POL-PROMO-001,RULE_BASED,PENDING_HUMAN_REVIEW
1724,DEC-S21-MEATS,21,MEATS,MEDIUM,1,RISK_MEDIUM,1365.10546875,1961.4295654296875,2659.565240234375,0.6596210097359311,BỔ SUNG THEO P90,C,1090.4215878906248,2659.565240234375,CAO,CÂN NHẮC THỬ NGHIỆM,False,POL-INV-002|POL-INV-003|POL-INV-001|POL-PROMO-005|POL-PROMO-003|POL-PROMO-002|POL-HITL-001|POL-PROMO-001,RULE_BASED,PENDING_HUMAN_REVIEW
1725,DEC-S51-PREPARED_FOODS,51,PREPARED FOODS,MEDIUM,1,RISK_MEDIUM,1350.7134017944336,1947.037498474121,2645.1731732788085,0.6644942782150306,BỔ SUNG THEO P90,C,1087.5431744995115,2645.1731732788085,CAO,CÂN NHẮC THỬ NGHIỆM,False,POL-INV-002|POL-INV-003|POL-INV-001|POL-PROMO-005|POL-PROMO-003|POL-PROMO-002|POL-HITL-001|POL-PROMO-001,RULE_BASED,PENDING_HUMAN_REVIEW
1726,DEC-S50-EGGS,50,EGGS,MEDIUM,1,RISK_MEDIUM,1348.7694282531738,1926.8507232666016,2608.043824920654,0.6532011952324464,BỔ SUNG THEO P90,C,1066.5632463073728,2608.043824920654,CAO,CÂN NHẮC THỬ NGHIỆM,False,POL-INV-002|POL-INV-003|POL-INV-001|POL-PROMO-005|POL-PROMO-003|POL-PROMO-002|POL-HITL-001|POL-PROMO-001,RULE_BASED,PENDING_HUMAN_REVIEW
1727,DEC-S37-LIQUOR_WINE_BEER,37,"LIQUOR,WINE,BEER",MEDIUM,1,RISK_MEDIUM,1286.4624862670898,1882.7865829467771,2580.9222577514647,0.6871583985163926,BỔ SUNG THEO P90,C,1074.6929913940428,2580.9222577514647,CAO,CÂN NHẮC THỬ NGHIỆM,False,POL-INV-002|POL-INV-003|POL-INV-001|POL-PROMO-005|POL-PROMO-003|POL-PROMO-002|POL-HITL-001|POL-PROMO-001,RULE_BASED,PENDING_HUMAN_REVIEW
1728,DEC-S38-FROZEN_FOODS,38,FROZEN FOODS,MEDIUM,1,RISK_MEDIUM,1266.535659790039,1862.8597564697263,2560.995431274414,0.6945049202286374,BỔ SUNG THEO P90,C,1070.7076260986325,2560.995431274414,CAO,CÂN NHẮC THỬ NGHIỆM,False,POL-INV-002|POL-INV-003|POL-INV-001|POL-PROMO-005|POL-PROMO-003|POL-PROMO-002|POL-HITL-001|POL-PROMO-001,RULE_BASED,PENDING_HUMAN_REVIEW
1729,DEC-S30-POULTRY,30,POULTRY,MEDIUM,1,RISK_MEDIUM,1256.0297470092771,1852.3538436889648,2550.489518493652,0.6984417875152474,BỔ SUNG THEO P90,C,1068.6064435424803,2550.489518493652,CAO,CÂN NHẮC THỬ NGHIỆM,False,POL-INV-002|POL-INV-003|POL-INV-001|POL-PROMO-005|POL-PROMO-003|POL-PROMO-002|POL-HITL-001|POL-PROMO-001,RULE_BASED,PENDING_HUMAN_REVIEW
1730,DEC-S35-HOME_CARE,35,HOME CARE,MEDIUM,1,RISK_MEDIUM,1249.0424194335938,1845.3665161132808,2543.5021909179686,0.701084947212591,BỔ SUNG THEO P90,C,1067.2089780273436,2543.5021909179686,CAO,CÂN NHẮC THỬ NGHIỆM,False,POL-INV-002|POL-INV-003|POL-INV-001|POL-PROMO-005|POL-PROMO-003|POL-PROMO-002|POL-HITL-001|POL-PROMO-001,RULE_BASED,PENDING_HUMAN_REVIEW
1731,DEC-S17-FROZEN_FOODS,17,FROZEN FOODS,MEDIUM,1,RISK_MEDIUM,1241.9659957885742,1838.2900924682615,2536.425767272949,0.7037822781654068,BỔ SUNG THEO P90,C,1065.7936932983396,2536.425767272949,CAO,CÂN NHẮC THỬ NGHIỆM,False,POL-INV-002|POL-INV-003|POL-INV-001|POL-PROMO-005|POL-PROMO-003|POL-PROMO-002|POL-HITL-001|POL-PROMO-001,RULE_BASED,PENDING_HUMAN_REVIEW
1732,DEC-S41-LIQUOR_WINE_BEER,41,"LIQUOR,WINE,BEER",MEDIUM,1,RISK_MEDIUM,1288.016999084473,1830.1300911865235,2488.7543939819334,0.6557357124306852,BỔ SUNG THEO P90,C,1024.6503210327146,2488.7543939819334,CAO,CÂN NHẮC THỬ NGHIỆM,False,POL-INV-002|POL-INV-003|POL-INV-001|POL-PROMO-005|POL-PROMO-003|POL-PROMO-002|POL-HITL-001|POL-PROMO-001,RULE_BASED,PENDING_HUMAN_REVIEW
1733,DEC-S32-DELI,32,DELI,MEDIUM,1,RISK_MEDIUM,1251.5808448791504,1829.662139892578,2510.8552415466306,0.6878791936678025,BỔ SUNG THEO P90,C,1047.125529632568,2510.8552415466306,CAO,CÂN NHẮC THỬ NGHIỆM,False,POL-INV-002|POL-INV-003|POL-INV-001|POL-PROMO-005|POL-PROMO-003|POL-PROMO-002|POL-HITL-001|POL-PROMO-001,RULE_BASED,PENDING_HUMAN_REVIEW
1734,DEC-S09-PREPARED_FOODS,9,PREPARED FOODS,MEDIUM,1,RISK_MEDIUM,1223.2609100341797,1819.5850067138672,2517.7206815185546,0.7110130901390088,BỔ SUNG THEO P90,C,1062.0526761474607,2517.7206815185546,CAO,CÂN NHẮC THỬ NGHIỆM,False,POL-INV-002|POL-INV-003|POL-INV-001|POL-PROMO-005|POL-PROMO-003|POL-PROMO-002|POL-HITL-001|POL-PROMO-001,RULE_BASED,PENDING_HUMAN_REVIEW
1735,DEC-S30-PERSONAL_CARE,30,PERSONAL CARE,MEDIUM,1,RISK_MEDIUM,1255.2386016845703,1815.0770950317385,2479.327623535156,0.6740292167107548,BỔ SUNG THEO P90,C,1027.2659475097653,2479.327623535156,CAO,CÂN NHẮC THỬ NGHIỆM,False,POL-INV-002|POL-INV-003|POL-INV-001|POL-PROMO-005|POL-PROMO-003|POL-PROMO-002|POL-HITL-001|POL-PROMO-001,RULE_BASED,PENDING_HUMAN_REVIEW
1736,DEC-S29-LIQUOR_WINE_BEER,29,"LIQUOR,WINE,BEER",MEDIUM,1,RISK_MEDIUM,1268.8390633239746,1811.469555847168,2481.410206085205,0.6690160057306239,BỔ SUNG THEO P90,C,1032.2345614074707,2481.410206085205,CAO,CÂN NHẮC THỬ NGHIỆM,False,POL-INV-002|POL-INV-003|POL-INV-001|POL-PROMO-005|POL-PROMO-003|POL-PROMO-002|POL-HITL-001|POL-PROMO-001,RULE_BASED,PENDING_HUMAN_REVIEW
1737,DEC-S15-POULTRY,15,POULTRY,MEDIUM,1,RISK_MEDIUM,1201.918098449707,1798.2421951293943,2496.377869934082,0.7194472067120916,BỔ SUNG THEO P90,C,1057.7841138305664,2496.377869934082,CAO,CÂN NHẮC THỬ NGHIỆM,False,POL-INV-002|POL-INV-003|POL-INV-001|POL-PROMO-005|POL-PROMO-003|POL-PROMO-002|POL-HITL-001|POL-PROMO-001,RULE_BASED,PENDING_HUMAN_REVIEW
1738,DEC-S49-SCHOOL_AND_OFFICE_SUPPLIES,49,SCHOOL AND OFFICE SUPPLIES,MEDIUM,1,RISK_MEDIUM,1248.3337601013184,1790.4468522033692,2449.071154998779,0.6702612435421278,BỔ SUNG THEO P90,C,1016.7136732360837,2449.071154998779,CAO,KHÔNG ĐỀ XUẤT TĂNG,False,POL-INV-002|POL-INV-003|POL-INV-001|POL-PROMO-002|POL-HITL-001|POL-PROMO-001,RULE_BASED,PENDING_HUMAN_REVIEW
1739,DEC-S24-PREPARED_FOODS,24,PREPARED FOODS,MEDIUM,1,RISK_MEDIUM,1193.817901611328,1790.1419982910156,2488.277673095703,0.722700809159441,BỔ SUNG THEO P90,C,1056.16407446289,2488.277673095703,CAO,CÂN NHẮC THỬ NGHIỆM,False,POL-INV-002|POL-INV-003|POL-INV-001|POL-PROMO-005|POL-PROMO-003|POL-PROMO-002|POL-HITL-001|POL-PROMO-001,RULE_BASED,PENDING_HUMAN_REVIEW
1740,DEC-S10-BREAD_BAKERY,10,BREAD/BAKERY,MEDIUM,1,RISK_MEDIUM,1193.562843322754,1789.8869400024414,2488.022614807129,0.7228037362775175,BỔ SUNG THEO P90,C,1056.1130628051756,2488.022614807129,CAO,CÂN NHẮC THỬ NGHIỆM,False,POL-INV-002|POL-INV-003|POL-INV-001|POL-PROMO-005|POL-PROMO-003|POL-PROMO-002|POL-HITL-001|POL-PROMO-001,RULE_BASED,PENDING_HUMAN_REVIEW
1741,DEC-S50-GROCERY_II,50,GROCERY II,MEDIUM,1,RISK_MEDIUM,1210.730453491211,1770.568946838379,2434.8194753417965,0.6909632413884594,BỔ SUNG THEO P90,C,1018.3643178710934,2434.8194753417965,CAO,CÂN NHẮC THỬ NGHIỆM,False,POL-INV-002|POL-INV-003|POL-INV-001|POL-PROMO-005|POL-PROMO-003|POL-PROMO-002|POL-HITL-001|POL-PROMO-001,RULE_BASED,PENDING_HUMAN_REVIEW
1742,DEC-S44-GROCERY_II,44,GROCERY II,MEDIUM,1,RISK_MEDIUM,1170.4938049316406,1766.817901611328,2464.9535764160155,0.7322359222092404,BỔ SUNG THEO P90,C,1051.499255126953,2464.9535764160155,CAO,CÂN NHẮC THỬ NGHIỆM,False,POL-INV-002|POL-INV-003|POL-INV-001|POL-PROMO-005|POL-PROMO-003|POL-PROMO-002|POL-HITL-001|POL-PROMO-001,RULE_BASED,PENDING_HUMAN_REVIEW
1743,DEC-S09-FROZEN_FOODS,9,FROZEN FOODS,MEDIUM,1,RISK_MEDIUM,1194.1388778686523,1753.9773712158203,2418.227899719238,0.6974956155717018,BỔ SUNG THEO P90,C,1015.0460027465815,2418.227899719238,CAO,CÂN NHẮC THỬ NGHIỆM,False,POL-INV-002|POL-INV-003|POL-INV-001|POL-PROMO-005|POL-PROMO-003|POL-PROMO-002|POL-HITL-001|POL-PROMO-001,RULE_BASED,PENDING_HUMAN_REVIEW
1744,DEC-S25-PERSONAL_CARE,25,PERSONAL CARE,MEDIUM,1,RISK_MEDIUM,1142.4226303100586,1738.746726989746,2436.882401794433,0.744050700830549,BỔ SUNG THEO P90,C,1045.885020202636,2436.882401794433,CAO,CÂN NHẮC THỬ NGHIỆM,False,POL-INV-002|POL-INV-003|POL-INV-001|POL-PROMO-005|POL-PROMO-003|POL-PROMO-002|POL-HITL-001|POL-PROMO-001,RULE_BASED,PENDING_HUMAN_REVIEW
1745,DEC-S24-LIQUOR_WINE_BEER,24,"LIQUOR,WINE,BEER",MEDIUM,1,RISK_MEDIUM,1175.889873504639,1717.4855651855469,2364.79352053833,0.6918321987216249,BỔ SUNG THEO P90,C,990.8050683898925,2364.79352053833,CAO,CÂN NHẮC THỬ NGHIỆM,False,POL-INV-002|POL-INV-003|POL-INV-001|POL-PROMO-005|POL-PROMO-003|POL-PROMO-002|POL-HITL-001|POL-PROMO-001,RULE_BASED,PENDING_HUMAN_REVIEW
1746,DEC-S02-PREPARED_FOODS,2,PREPARED FOODS,MEDIUM,1,RISK_MEDIUM,1134.186191558838,1712.2674865722656,2393.460588226318,0.7350133044238822,BỔ SUNG THEO P90,C,1023.6465989685055,2393.460588226318,CAO,CÂN NHẮC THỬ NGHIỆM,False,POL-INV-002|POL-INV-003|POL-INV-001|POL-PROMO-005|POL-PROMO-003|POL-PROMO-002|POL-HITL-001|POL-PROMO-001,RULE_BASED,PENDING_HUMAN_REVIEW
1747,DEC-S44-SCHOOL_AND_OFFICE_SUPPLIES,44,SCHOOL AND OFFICE SUPPLIES,MEDIUM,1,RISK_MEDIUM,1119.664031982422,1672.7690782546997,2327.020427871704,0.72133988587496,BỔ SUNG THEO P90,C,988.8051652679444,2327.020427871704,CAO,KHÔNG ĐỀ XUẤT TĂNG,False,POL-INV-002|POL-INV-003|POL-INV-001|POL-PROMO-002|POL-HITL-001|POL-PROMO-001,RULE_BASED,PENDING_HUMAN_REVIEW
1748,DEC-S44-SEAFOOD,44,SEAFOOD,MEDIUM,1,RISK_MEDIUM,1115.622844696045,1657.2185363769531,2304.5264917297363,0.7169764545216885,BỔ SUNG THEO P90,C,978.751662628174,2304.5264917297363,CAO,CÂN NHẮC THỬ NGHIỆM,False,POL-INV-002|POL-INV-003|POL-INV-001|POL-PROMO-005|POL-PROMO-003|POL-PROMO-002|POL-HITL-001|POL-PROMO-001,RULE_BASED,PENDING_HUMAN_REVIEW
1749,DEC-S38-EGGS,38,EGGS,MEDIUM,1,RISK_MEDIUM,1096.664779663086,1656.503273010254,2320.7538015136715,0.7385137886500046,BỔ SUNG THEO P90,C,995.5511831054682,2320.7538015136715,CAO,CÂN NHẮC THỬ NGHIỆM,False,POL-INV-002|POL-INV-003|POL-INV-001|POL-PROMO-005|POL-PROMO-003|POL-PROMO-002|POL-HITL-001|POL-PROMO-001,RULE_BASED,PENDING_HUMAN_REVIEW
1750,DEC-S13-POULTRY,13,POULTRY,MEDIUM,1,RISK_MEDIUM,1131.1211166381836,1654.474006652832,2284.8393888549804,0.6969111369797194,BỔ SUNG THEO P90,C,961.2601835327146,2284.8393888549804,CAO,CÂN NHẮC THỬ NGHIỆM,False,POL-INV-002|POL-INV-003|POL-INV-001|POL-PROMO-005|POL-PROMO-003|POL-PROMO-002|POL-HITL-001|POL-PROMO-001,RULE_BASED,PENDING_HUMAN_REVIEW
1751,DEC-S25-EGGS,25,EGGS,MEDIUM,1,RISK_MEDIUM,1092.3791885375977,1652.2176818847656,2316.4682103881837,0.740428217810405,BỔ SUNG THEO P90,C,994.6940648803711,2316.4682103881837,CAO,CÂN NHẮC THỬ NGHIỆM,False,POL-INV-002|POL-INV-003|POL-INV-001|POL-PROMO-005|POL-PROMO-003|POL-PROMO-002|POL-HITL-001|POL-PROMO-001,RULE_BASED,PENDING_HUMAN_REVIEW
1752,DEC-S35-BREAD_BAKERY,35,BREAD/BAKERY,MEDIUM,1,RISK_MEDIUM,1094.7374076843262,1636.3330993652344,2283.6410547180176,0.7261220380230563,BỔ SUNG THEO P90,C,974.5745752258299,2283.6410547180176,CAO,CÂN NHẮC THỬ NGHIỆM,False,POL-INV-002|POL-INV-003|POL-INV-001|POL-PROMO-005|POL-PROMO-003|POL-PROMO-002|POL-HITL-001|POL-PROMO-001,RULE_BASED,PENDING_HUMAN_REVIEW
1753,DEC-S32-HOME_CARE,32,HOME CARE,MEDIUM,1,RISK_MEDIUM,1073.552345275879,1633.3908386230469,2297.6413671264645,0.748957344182047,BỔ SUNG THEO P90,C,990.9286962280269,2297.6413671264645,CAO,CÂN NHẮC THỬ NGHIỆM,False,POL-INV-002|POL-INV-003|POL-INV-001|POL-PROMO-005|POL-PROMO-003|POL-PROMO-002|POL-HITL-001|POL-PROMO-001,RULE_BASED,PENDING_HUMAN_REVIEW
1754,DEC-S26-DELI,26,DELI,MEDIUM,1,RISK_MEDIUM,1103.7965927124023,1627.1494827270508,2257.514864929199,0.708607093179423,BỔ SUNG THEO P90,C,955.7952787475583,2257.514864929199,CAO,CÂN NHẮC THỬ NGHIỆM,False,POL-INV-002|POL-INV-003|POL-INV-001|POL-PROMO-005|POL-PROMO-003|POL-PROMO-002|POL-HITL-001|POL-PROMO-001,RULE_BASED,PENDING_HUMAN_REVIEW
1755,DEC-S53-EGGS,53,EGGS,MEDIUM,1,RISK_MEDIUM,1084.2597999572754,1625.8554916381836,2273.163446990967,0.730798557797232,BỔ SUNG THEO P90,C,972.4790536804198,2273.163446990967,CAO,CÂN NHẮC THỬ NGHIỆM,False,POL-INV-002|POL-INV-003|POL-INV-001|POL-PROMO-005|POL-PROMO-003|POL-PROMO-002|POL-HITL-001|POL-PROMO-001,RULE_BASED,PENDING_HUMAN_REVIEW
1756,DEC-S04-FROZEN_FOODS,4,FROZEN FOODS,MEDIUM,1,RISK_MEDIUM,1077.3124656677246,1618.9081573486328,2266.216112701416,0.7339327489896814,BỔ SUNG THEO P90,C,971.0895868225098,2266.216112701416,CAO,CÂN NHẮC THỬ NGHIỆM,False,POL-INV-002|POL-INV-003|POL-INV-001|POL-PROMO-005|POL-PROMO-003|POL-PROMO-002|POL-HITL-001|POL-PROMO-001,RULE_BASED,PENDING_HUMAN_REVIEW
1757,DEC-S53-LIQUOR_WINE_BEER,53,"LIQUOR,WINE,BEER",MEDIUM,1,RISK_MEDIUM,1123.0377883911133,1609.9050750732422,2206.385310974121,0.6725086036082861,BỔ SUNG THEO P90,C,918.461250915527,2206.385310974121,CAO,CÂN NHẮC THỬ NGHIỆM,False,POL-INV-002|POL-INV-003|POL-INV-001|POL-PROMO-005|POL-PROMO-003|POL-PROMO-002|POL-HITL-001|POL-PROMO-001,RULE_BASED,PENDING_HUMAN_REVIEW
1758,DEC-S06-LIQUOR_WINE_BEER,6,"LIQUOR,WINE,BEER",MEDIUM,1,RISK_MEDIUM,1139.095718383789,1589.4774017333984,2152.072491333008,0.6369010787862913,BỔ SUNG THEO P90,C,880.4905699462893,2152.072491333008,CAO,CÂN NHẮC THỬ NGHIỆM,False,POL-INV-002|POL-INV-003|POL-INV-001|POL-PROMO-005|POL-PROMO-003|POL-PROMO-002|POL-HITL-001|POL-PROMO-001,RULE_BASED,PENDING_HUMAN_REVIEW
1759,DEC-S46-SCHOOL_AND_OFFICE_SUPPLIES,46,SCHOOL AND OFFICE SUPPLIES,MEDIUM,1,RISK_MEDIUM,1058.1033341064451,1582.491024963379,2235.489102050781,0.7435380115094528,BỔ SUNG THEO P90,C,969.4962820800779,2235.489102050781,CAO,KHÔNG ĐỀ XUẤT TĂNG,False,POL-INV-002|POL-INV-003|POL-INV-001|POL-PROMO-002|POL-HITL-001|POL-PROMO-001,RULE_BASED,PENDING_HUMAN_REVIEW
1760,DEC-S05-FROZEN_FOODS,5,FROZEN FOODS,MEDIUM,1,RISK_MEDIUM,1066.881061553955,1571.9911499023438,2185.413958953857,0.7110865801561211,BỔ SUNG THEO P90,C,927.8210390319821,2185.413958953857,CAO,CÂN NHẮC THỬ NGHIỆM,False,POL-INV-002|POL-INV-003|POL-INV-001|POL-PROMO-005|POL-PROMO-003|POL-PROMO-002|POL-HITL-001|POL-PROMO-001,RULE_BASED,PENDING_HUMAN_REVIEW
1761,DEC-S02-LIQUOR_WINE_BEER,2,"LIQUOR,WINE,BEER",MEDIUM,1,RISK_MEDIUM,1115.9969635009766,1566.378646850586,2128.9737364501952,0.646287210167527,BỔ SUNG THEO P90,C,875.8708189697263,2128.9737364501952,CAO,CÂN NHẮC THỬ NGHIỆM,False,POL-INV-002|POL-INV-003|POL-INV-001|POL-PROMO-005|POL-PROMO-003|POL-PROMO-002|POL-HITL-001|POL-PROMO-001,RULE_BASED,PENDING_HUMAN_REVIEW
1762,DEC-S31-FROZEN_FOODS,31,FROZEN FOODS,MEDIUM,1,RISK_MEDIUM,1069.7905502319336,1556.6578369140625,2153.1380728149416,0.6954977511166833,BỔ SUNG THEO P90,C,907.8118032836915,2153.1380728149416,CAO,CÂN NHẮC THỬ NGHIỆM,False,POL-INV-002|POL-INV-003|POL-INV-001|POL-PROMO-005|POL-PROMO-003|POL-PROMO-002|POL-HITL-001|POL-PROMO-001,RULE_BASED,PENDING_HUMAN_REVIEW
1763,DEC-S11-FROZEN_FOODS,11,FROZEN FOODS,MEDIUM,1,RISK_MEDIUM,1044.8969039916992,1531.764190673828,2128.244426574707,0.7067933405377581,BỔ SUNG THEO P90,C,902.8330740356446,2128.244426574707,CAO,CÂN NHẮC THỬ NGHIỆM,False,POL-INV-002|POL-INV-003|POL-INV-001|POL-PROMO-005|POL-PROMO-003|POL-PROMO-002|POL-HITL-001|POL-PROMO-001,RULE_BASED,PENDING_HUMAN_REVIEW
1764,DEC-S04-LIQUOR_WINE_BEER,4,"LIQUOR,WINE,BEER",MEDIUM,1,RISK_MEDIUM,1101.3586883544922,1515.254768371582,2043.9647116699216,0.6216673101234588,BỔ SUNG THEO P90,C,831.7608969726559,2043.9647116699216,CAO,CÂN NHẮC THỬ NGHIỆM,False,POL-INV-002|POL-INV-003|POL-INV-001|POL-PROMO-005|POL-PROMO-003|POL-PROMO-002|POL-HITL-001|POL-PROMO-001,RULE_BASED,PENDING_HUMAN_REVIEW
1765,DEC-S21-FROZEN_FOODS,21,FROZEN FOODS,MEDIUM,1,RISK_MEDIUM,1041.771569885254,1511.4308557434083,2113.6012133789063,0.7086800956377035,BỔ SUNG THEO P90,C,904.4565287841797,2113.6012133789063,CAO,CÂN NHẮC THỬ NGHIỆM,False,POL-INV-002|POL-INV-003|POL-INV-001|POL-PROMO-005|POL-PROMO-003|POL-PROMO-002|POL-HITL-001|POL-PROMO-001,RULE_BASED,PENDING_HUMAN_REVIEW
1766,DEC-S36-FROZEN_FOODS,36,FROZEN FOODS,MEDIUM,1,RISK_MEDIUM,1057.4433563537598,1490.099638458252,2047.0685023498536,0.6636881402636069,BỔ SUNG THEO P90,C,854.9887915832519,2047.0685023498536,CAO,CÂN NHẮC THỬ NGHIỆM,False,POL-INV-002|POL-INV-003|POL-INV-001|POL-PROMO-005|POL-PROMO-003|POL-PROMO-002|POL-HITL-001|POL-PROMO-001,RULE_BASED,PENDING_HUMAN_REVIEW
1767,DEC-S48-PREPARED_FOODS,48,PREPARED FOODS,MEDIUM,1,RISK_MEDIUM,1074.4420166015625,1488.3380966186523,2017.048039916992,0.6329026467902038,BỔ SUNG THEO P90,C,826.37756262207,2017.048039916992,CAO,CÂN NHẮC THỬ NGHIỆM,False,POL-INV-002|POL-INV-003|POL-INV-001|POL-PROMO-005|POL-PROMO-003|POL-PROMO-002|POL-HITL-001|POL-PROMO-001,RULE_BASED,PENDING_HUMAN_REVIEW
1768,DEC-S14-POULTRY,14,POULTRY,MEDIUM,1,RISK_MEDIUM,1035.876205444336,1486.2578887939453,2048.8529783935546,0.6811036475796857,BỔ SUNG THEO P90,C,859.8466673583982,2048.8529783935546,CAO,CÂN NHẮC THỬ NGHIỆM,False,POL-INV-002|POL-INV-003|POL-INV-001|POL-PROMO-005|POL-PROMO-003|POL-PROMO-002|POL-HITL-001|POL-PROMO-001,RULE_BASED,PENDING_HUMAN_REVIEW
1769,DEC-S25-FROZEN_FOODS,25,FROZEN FOODS,MEDIUM,1,RISK_MEDIUM,1052.6393372192383,1485.8130197448731,2054.0982310791014,0.6735607507874168,BỔ SUNG THEO P90,C,865.4478152832025,2054.0982310791014,CAO,CÂN NHẮC THỬ NGHIỆM,False,POL-INV-002|POL-INV-003|POL-INV-001|POL-PROMO-005|POL-PROMO-003|POL-PROMO-002|POL-HITL-001|POL-PROMO-001,RULE_BASED,PENDING_HUMAN_REVIEW
1770,DEC-S43-LIQUOR_WINE_BEER,43,"LIQUOR,WINE,BEER",MEDIUM,1,RISK_MEDIUM,1070.869068939209,1485.2825493774417,2025.308840118408,0.6421657655732986,BỔ SUNG THEO P90,C,837.0828006164547,2025.308840118408,CAO,CÂN NHẮC THỬ NGHIỆM,False,POL-INV-002|POL-INV-003|POL-INV-001|POL-PROMO-005|POL-PROMO-003|POL-PROMO-002|POL-HITL-001|POL-PROMO-001,RULE_BASED,PENDING_HUMAN_REVIEW
1771,DEC-S01-LIQUOR_WINE_BEER,1,"LIQUOR,WINE,BEER",MEDIUM,1,RISK_MEDIUM,984.1619720458984,1471.0292587280271,2067.5094946289064,0.7359551558908027,BỔ SUNG THEO P90,C,890.6860876464846,2067.5094946289064,CAO,CÂN NHẮC THỬ NGHIỆM,False,POL-INV-002|POL-INV-003|POL-INV-001|POL-PROMO-005|POL-PROMO-003|POL-PROMO-002|POL-HITL-001|POL-PROMO-001,RULE_BASED,PENDING_HUMAN_REVIEW
1772,DEC-S15-EGGS,15,EGGS,MEDIUM,1,RISK_MEDIUM,967.284523010254,1454.1518096923828,2050.632045593262,0.7444910664077216,BỔ SUNG THEO P90,C,887.3105978393555,2050.632045593262,CAO,CÂN NHẮC THỬ NGHIỆM,False,POL-INV-002|POL-INV-003|POL-INV-001|POL-PROMO-005|POL-PROMO-003|POL-PROMO-002|POL-HITL-001|POL-PROMO-001,RULE_BASED,PENDING_HUMAN_REVIEW
1773,DEC-S21-LIQUOR_WINE_BEER,21,"LIQUOR,WINE,BEER",MEDIUM,1,RISK_MEDIUM,1025.4409294128418,1439.3370094299316,1968.0469527282717,0.6544343560876091,BỔ SUNG THEO P90,C,816.5773451843263,1968.0469527282717,CAO,CÂN NHẮC THỬ NGHIỆM,False,POL-INV-002|POL-INV-003|POL-INV-001|POL-PROMO-005|POL-PROMO-003|POL-PROMO-002|POL-HITL-001|POL-PROMO-001,RULE_BASED,PENDING_HUMAN_REVIEW
1774,DEC-S26-HOME_CARE,26,HOME CARE,MEDIUM,1,RISK_MEDIUM,975.5019607543944,1425.883644104004,1988.4787337036128,0.7099224783568853,BỔ SUNG THEO P90,C,847.7718184204095,1988.4787337036128,CAO,CÂN NHẮC THỬ NGHIỆM,False,POL-INV-002|POL-INV-003|POL-INV-001|POL-PROMO-005|POL-PROMO-003|POL-PROMO-002|POL-HITL-001|POL-PROMO-001,RULE_BASED,PENDING_HUMAN_REVIEW
1775,DEC-S06-PREPARED_FOODS,6,PREPARED FOODS,MEDIUM,1,RISK_MEDIUM,971.3864936828612,1403.525375366211,1949.1778918151851,0.6961721128586787,BỔ SUNG THEO P90,C,826.3575915222164,1949.1778918151851,CAO,CÂN NHẮC THỬ NGHIỆM,False,POL-INV-002|POL-INV-003|POL-INV-001|POL-PROMO-005|POL-PROMO-003|POL-PROMO-002|POL-HITL-001|POL-PROMO-001,RULE_BASED,PENDING_HUMAN_REVIEW
1776,DEC-S39-FROZEN_FOODS,39,FROZEN FOODS,MEDIUM,1,RISK_MEDIUM,929.8854064941406,1380.26708984375,1942.8621794433595,0.7333677754269868,BỔ SUNG THEO P90,C,838.6485075683595,1942.8621794433595,CAO,CÂN NHẮC THỬ NGHIỆM,False,POL-INV-002|POL-INV-003|POL-INV-001|POL-PROMO-005|POL-PROMO-003|POL-PROMO-002|POL-HITL-001|POL-PROMO-001,RULE_BASED,PENDING_HUMAN_REVIEW
1777,DEC-S20-FROZEN_FOODS,20,FROZEN FOODS,MEDIUM,1,RISK_MEDIUM,915.9239616394044,1348.062843322754,1893.7153597717283,0.72479306873801,BỔ SUNG THEO P90,C,815.2650851135252,1893.7153597717283,CAO,CÂN NHẮC THỬ NGHIỆM,False,POL-INV-002|POL-INV-003|POL-INV-001|POL-PROMO-005|POL-PROMO-003|POL-PROMO-002|POL-HITL-001|POL-PROMO-001,RULE_BASED,PENDING_HUMAN_REVIEW
1778,DEC-S45-SEAFOOD,45,SEAFOOD,MEDIUM,1,RISK_MEDIUM,890.7956619262695,1304.6917419433594,1833.4016852416992,0.7219207972568457,BỔ SUNG THEO P90,C,789.6482916870116,1833.4016852416992,CAO,CÂN NHẮC THỬ NGHIỆM,False,POL-INV-002|POL-INV-003|POL-INV-001|POL-PROMO-005|POL-PROMO-003|POL-PROMO-002|POL-HITL-001|POL-PROMO-001,RULE_BASED,PENDING_HUMAN_REVIEW
1779,DEC-S54-PREPARED_FOODS,54,PREPARED FOODS,MEDIUM,1,RISK_MEDIUM,839.3709487915039,1235.024227142334,1746.7915972900391,0.7341447105745457,BỔ SUNG THEO P90,C,758.7722155761719,1746.7915972900391,CAO,CÂN NHẮC THỬ NGHIỆM,False,POL-INV-002|POL-INV-003|POL-INV-001|POL-PROMO-005|POL-PROMO-003|POL-PROMO-002|POL-HITL-001|POL-PROMO-001,RULE_BASED,PENDING_HUMAN_REVIEW
1780,DEC-S29-FROZEN_FOODS,29,FROZEN FOODS,MEDIUM,1,RISK_MEDIUM,822.0176429748535,1217.6709213256836,1729.4382914733887,0.7445985890197766,BỔ SUNG THEO P90,C,755.3015544128419,1729.4382914733887,CAO,CÂN NHẮC THỬ NGHIỆM,False,POL-INV-002|POL-INV-003|POL-INV-001|POL-PROMO-005|POL-PROMO-003|POL-PROMO-002|POL-HITL-001|POL-PROMO-001,RULE_BASED,PENDING_HUMAN_REVIEW
1781,DEC-S28-FROZEN_FOODS,28,FROZEN FOODS,MEDIUM,1,RISK_MEDIUM,804.5755310058594,1181.9860076904297,1676.8108046875,0.7373166445007454,BỔ SUNG THEO P90,C,731.2219985351562,1676.8108046875,CAO,CÂN NHẮC THỬ NGHIỆM,False,POL-INV-002|POL-INV-003|POL-INV-001|POL-PROMO-005|POL-PROMO-003|POL-PROMO-002|POL-HITL-001|POL-PROMO-001,RULE_BASED,PENDING_HUMAN_REVIEW
1782,DEC-S40-FROZEN_FOODS,40,FROZEN FOODS,MEDIUM,1,RISK_MEDIUM,769.3433952331543,1128.5110702514648,1606.3932940979005,0.7410727711401646,BỔ SUNG THEO P90,C,703.5844378967284,1606.3932940979005,CAO,CÂN NHẮC THỬ NGHIỆM,False,POL-INV-002|POL-INV-003|POL-INV-001|POL-PROMO-005|POL-PROMO-003|POL-PROMO-002|POL-HITL-001|POL-PROMO-001,RULE_BASED,PENDING_HUMAN_REVIEW
