store_nbr,family,n,actual_sum,pred_sum,MAE,RMSE,WAPE,bias,coverage_P10_P90,mean_interval_width
1,AUTOMOTIVE,16.0,79.0,74.97393798828125,2.0564398616552353,2.3703351083647792,0.4164941491907249,0.2516290992498398,0.875,12.946406245231628
1,BABY CARE,16.0,0.0,9.122272491455078,0.5701420021359809,0.8893606040453652,9122272034.175694,-0.5701420021359809,0.5625,5.188863430276978
1,BEAUTY,16.0,62.0,116.14534759521484,3.8767684157937765,4.816753505743711,1.0004563653499996,-3.3840841595083475,0.5,13.408628154546022
1,BEVERAGES,16.0,32066.0,35023.4453125,239.12218475341797,346.2904023303168,0.11931500517852454,-184.8403549194336,0.75,1063.5184007690432
1,BOOKS,16.0,1.0,13.75259017944336,0.7970368908718228,1.0522315646016414,12.752590241196573,-0.7970368908718228,0.375,5.29460028950125
1,BREAD/BAKERY,16.0,4963.793,5785.8310546875,63.527662399291984,81.28102948842238,0.20477135093837856,-51.377345993041985,0.5,159.1694020233154
1,CELEBRATION,16.0,160.0,266.99005126953125,9.022388696670532,10.567727261033701,0.9022388696614143,-6.686878085136414,0.875,27.70098900794983
1,CLEANING,16.0,9503.0,10867.4208984375,107.94468688964844,148.1717579978966,0.18174418501885647,-85.27631378173828,0.6875,257.85662725830076
1,DAIRY,16.0,9815.0,11512.03125,115.57858467102051,144.22360326096592,0.18841134536282625,-106.06449317932129,0.5,257.85662725830076
1,DELI,16.0,1930.396,2235.74853515625,28.507971069335937,35.75118641513127,0.23628702976443108,-19.084541076660155,0.625,78.70464979171751
1,EGGS,16.0,2025.0,2270.081298828125,20.931106090545654,27.745317648027296,0.16538157898694572,-15.317572116851807,0.8125,80.90373571777343
1,FROZEN FOODS,16.0,1984.97999,2000.375732421875,24.15124841369629,28.0221281450506,0.19467197481368362,-0.96223008666992,0.8125,76.50556386566161
1,GROCERY I,16.0,36789.0,41896.66796875,370.0158157348633,464.61260498677626,0.1609245440690873,-319.2291946411133,0.625,1063.5184007690432
1,GROCERY II,16.0,271.0,369.8323669433594,8.388028264045715,10.255618029794931,0.4952341410488421,-6.1770230531692505,0.875,30.031524062156677
1,HARDWARE,16.0,25.0,17.838298797607422,1.4252251042053103,1.6865062560386783,0.9121440666549129,0.44760638009756804,0.8125,6.0717869907617565
1,HOME AND KITCHEN I,16.0,409.0,487.13519287109375,13.200394868850708,17.99747133453575,0.5163968652838506,-4.8834497928619385,0.75,32.12310230731964
1,HOME AND KITCHEN II,16.0,391.0,528.3128662109375,8.859678864479065,10.74327697533296,0.3625444036606202,-8.582052826881409,0.875,36.30625879764557
1,HOME APPLIANCES,16.0,2.0,13.234737396240234,0.7021710900589824,0.9605758848558127,5.617368717663174,-0.7021710900589824,0.625,5.55746793653816
1,HOME CARE,16.0,2592.0,2927.456298828125,38.584269523620605,44.529372518264154,0.23817450323213407,-20.96601963043213,0.8125,95.59721155548095
1,LADIESWEAR,16.0,217.0,107.19820404052734,7.698400855064392,9.69748370125668,0.5676240261772473,6.862612366676331,0.6875,14.81912612915039
1,LAWN AND GARDEN,16.0,269.0,263.795166015625,5.2167828977108,6.950133807180074,0.3102919195652882,0.3253028094768524,1.0,26.895411610603333
1,LINGERIE,16.0,134.0,72.41275787353516,6.038665726780891,7.8327393090218465,0.7210347136400987,3.849202409386635,0.625,12.890750139951706
1,"LIQUOR,WINE,BEER",16.0,1402.0,1499.9688720703125,20.910141468048096,26.430895568455814,0.23863214228853843,-6.123053073883057,0.75,67.70922016143798
1,MAGAZINES,16.0,102.0,58.575950622558594,3.155528247356415,4.534359071357696,0.4949848231098789,2.7140032351017,0.9375,11.814427256584167
1,MEATS,16.0,4604.83598,4756.267578125,61.85752621063233,92.08151557393064,0.2149306563075244,-9.464462485046386,0.6875,140.60743504333493
1,PERSONAL CARE,16.0,2598.0,2448.8115234375,41.24143314361572,54.75238067940805,0.2539888107381053,9.32429027557373,0.625,83.84243088531494
1,PET SUPPLIES,16.0,65.0,46.50487518310547,2.0373989939689636,2.554217271177826,0.5015135985077216,1.155945211648941,1.0,10.304234568029642
1,PLAYERS AND ELECTRONICS,16.0,126.0,92.02165222167969,3.010294809937477,4.1002651338072065,0.38225965840172516,2.1236469000577927,0.9375,15.22582359611988
1,POULTRY,16.0,4460.38204,5491.091796875,74.5084160180664,92.5202753786806,0.2672718716912408,-64.41934073120117,0.4375,149.8884185333252
1,PREPARED FOODS,16.0,944.005997,886.995361328125,15.194748129470828,20.668363043232745,0.257536467823176,3.5631640142364507,0.8125,45.718360900878906
1,PRODUCE,16.0,36708.7102,38792.2109375,201.60102897949224,310.59907633696577,0.08787060199330535,-130.2188723876953,0.875,1063.5184007690432
1,SCHOOL AND OFFICE SUPPLIES,16.0,0.0,0.0,0.0,0.0,0.0,0.0,1.0,3.9998541831970216
1,SEAFOOD,16.0,435.52599799999996,289.40374755859375,10.905136851718904,18.299876676553694,0.4006240509828345,9.132640950611114,0.75,29.6063449382782
2,AUTOMOTIVE,16.0,118.0,65.63858032226562,4.480412170290947,5.378835261925741,0.6075135146105732,3.2725889533758163,0.8125,12.19438798725605
2,BABY CARE,16.0,0.0,17.034427642822266,1.0646517458662856,1.3348437403711617,17034427933.860569,-1.0646517458662856,0.5,6.119198128330754
2,BEAUTY,16.0,135.0,200.9629364013672,5.010671466588974,5.903901631793405,0.5938573589987388,-4.122683554887772,0.9375,22.448262095451355
2,BEVERAGES,16.0,44239.0,51704.5703125,528.3971099853516,597.4724911205426,0.19110634869154897,-466.5983123779297,0.4375,1175.9612302734376
2,BOOKS,16.0,0.0,17.034427642822266,1.0646517458662856,1.3348437403711617,17034427933.860569,-1.0646517458662856,0.5,6.119198128330754
2,BREAD/BAKERY,16.0,9987.0,11026.32421875,67.68487167358398,89.86986330256924,0.10843676246893313,-64.95773696899414,0.75,276.41859423828123
2,CELEBRATION,16.0,169.0,155.64517211914062,3.0488170087337494,4.859806570421899,0.28864539727486005,0.8346765339374542,0.8125,15.645004510879517
2,CLEANING,16.0,13003.0,16198.65234375,199.72823333740234,224.2090013491166,0.24576264964994168,-199.72823333740234,0.375,332.64000899047846
2,DAIRY,16.0,12677.0,14954.462890625,142.34146881103516,164.35878245356145,0.1796531908950369,-142.34146881103516,0.75,332.64000899047846
2,DELI,16.0,3434.558,3830.712890625,32.23092705535889,40.823891127054786,0.1501488205718442,-24.759672080993653,0.8125,119.106772895813
2,EGGS,16.0,2748.0,2997.19384765625,18.969292640686035,25.4360054987951,0.11044711872302261,-15.574614524841309,0.9375,92.65851638793944
2,FROZEN FOODS,16.0,1656.04,1985.5830078125,24.447044315338136,31.030300813034636,0.2361976214615432,-20.596438465118407,0.75,80.90373571777343
2,GROCERY I,16.0,58528.0,69907.0625,711.1916809082031,1097.8405612868532,0.1944209078480566,-711.1916809082031,0.25,1175.9612302734376
2,GROCERY II,16.0,564.0,808.818115234375,23.534762859344482,25.75739979286681,0.6676528470724186,-15.30113410949707,0.4375,45.718360900878906
2,HARDWARE,16.0,29.0,23.461610794067383,1.3621788788586855,1.7648336155129982,0.7515469676202559,0.3461493346840143,0.8125,6.982363300770521
2,HOME AND KITCHEN I,16.0,337.0,372.2987976074219,10.84028971195221,17.767378255595634,0.5146725085778062,-2.206175446510315,0.875,29.509155963897705
2,HOME AND KITCHEN II,16.0,547.0,706.5999145507812,27.987018823623657,39.110639419247406,0.8186330917315537,-9.974995374679565,0.5625,45.82586858177185
2,HOME APPLIANCES,16.0,1.0,20.836368560791016,1.2397731107193977,1.4761329293939414,19.836369751673992,-1.2397731107193977,0.5625,6.6835881863255056
2,HOME CARE,16.0,3784.0,4599.4970703125,59.65412521362305,68.43548301483911,0.25223731591377285,-50.968544006347656,0.5625,127.92285839843751
2,LADIESWEAR,16.0,342.0,412.5558776855469,5.808782339096069,6.8007978549551185,0.27175589890428464,-4.409741401672363,1.0,31.07731318473816
2,LAWN AND GARDEN,16.0,271.0,298.42962646484375,9.563895463943481,13.717152111659265,0.5646580347694873,-1.7143516540527344,0.8125,26.552859902381897
2,LINGERIE,16.0,79.0,188.02236938476562,8.206523165106773,9.714333431753209,1.662080641013244,-6.813898101449013,0.875,21.984519079327583
2,"LIQUOR,WINE,BEER",16.0,1364.0,1606.71533203125,28.567322731018066,31.248039108501292,0.3351005598943944,-15.169703483581543,0.625,63.31104830932617
2,MAGAZINES,16.0,170.0,79.82537841796875,5.929798886179924,6.917858638622313,0.558098718696004,5.635913774371147,0.8125,13.322996437549591
2,MEATS,16.0,8344.402979999999,8118.49755859375,113.76508779785158,170.93477490151872,0.21813920170540557,14.11907357910156,0.625,267.67312456054685
2,PERSONAL CARE,16.0,4183.0,4463.7998046875,45.94892883300781,58.06396536721251,0.1757549274032869,-17.550012588500977,0.5625,124.984163230896
2,PET SUPPLIES,16.0,141.0,88.4518814086914,4.0503967851400375,5.31858866012481,0.4596194933459644,3.284257397055626,0.9375,14.07106128334999
2,PLAYERS AND ELECTRONICS,16.0,142.0,85.07359313964844,3.7253731787204742,4.942114825067565,0.4197603581627312,3.557900220155716,0.9375,13.697028860449791
2,POULTRY,16.0,7180.42502,8144.1279296875,61.4872477557373,76.62851015490266,0.137010826149071,-60.23144139221192,0.9375,248.57564376831053
2,PREPARED FOODS,16.0,1745.771991,1712.7144775390625,16.589364991973873,22.95887980375541,0.15204152732418877,2.0660912534484854,0.9375,78.70464979171751
2,PRODUCE,16.0,37139.4841,39795.1640625,170.79196097412108,219.5910735199156,0.07357860352147066,-165.98002054443361,0.9375,1175.9612302734376
2,SCHOOL AND OFFICE SUPPLIES,16.0,0.0,0.0,0.0,0.0,0.0,0.0,1.0,3.9998541831970216
2,SEAFOOD,16.0,575.919003,433.62408447265625,11.644302185092926,13.26071805617357,0.3234983287418341,8.893432705982207,0.6875,34.104895770549774
3,AUTOMOTIVE,16.0,178.0,131.629638671875,3.8012777864933014,5.068703547850327,0.3416878909188266,2.8981468975543976,0.9375,16.419793784618378
3,BABY CARE,16.0,15.0,39.062835693359375,1.8041153848171234,2.202895716603133,1.924389743676639,-1.503927305340767,0.5625,9.56496498733759
3,BEAUTY,16.0,278.0,313.408203125,4.83161848783493,5.834569722558392,0.2780787618887799,-2.2130122780799866,1.0,27.201810598373413
3,BEVERAGES,16.0,126131.0,140825.5625,1015.3509216308594,1275.014088718999,0.1287995397332426,-918.4093933105469,0.3125,1175.9612302734372
3,BOOKS,16.0,0.0,32.699119567871094,2.0436949357390404,2.33041991632271,32699118971.824642,-2.0436949357390404,0.1875,8.058301743119955
3,BREAD/BAKERY,16.0,18869.79,19987.009765625,76.6616648864746,103.11246277375176,0.06500266501023745,-69.82623153686524,1.0,669.9684975036621
3,CELEBRATION,16.0,603.0,724.0947265625,23.937093019485474,30.50584532402824,0.6351467467846309,-7.568422079086304,0.625,41.53520441055298
3,CLEANING,16.0,30803.0,34179.453125,305.71046447753906,353.4202834477825,0.15879516383600514,-211.0282440185547,0.6875,1175.9612302734376
3,DAIRY,16.0,32792.0,35285.765625,165.37954711914062,220.32098454176125,0.08069263094371096,-155.8603515625,0.9375,1175.9612302734376
3,DELI,16.0,5700.111999999999,6620.2646484375,58.85726768493653,78.79554592633144,0.16521013674096569,-57.5095195465088,0.75,192.88974282836912
3,EGGS,16.0,7719.0,8307.578125,42.65574073791504,53.14285888314825,0.08841713328236199,-36.78607749938965,1.0,257.85662725830076
3,FROZEN FOODS,16.0,5503.0650000000005,6060.400390625,47.647353332519536,62.50968507446331,0.1385332816021933,-34.833477172851566,0.75,174.32777584838865
3,GROCERY I,16.0,122681.0,132664.875,659.4098510742188,806.4902661473203,0.08599993166983814,-623.9913330078125,0.375,1175.9612302734372
3,GROCERY II,16.0,1309.0,1490.3233642578125,23.587794303894043,29.117400765219223,0.28831528560887426,-11.332707405090332,0.625,69.90830608749388
3,HARDWARE,16.0,52.0,51.830379486083984,2.015593931078911,2.516947509874063,0.6201827480123537,0.010601446032524109,0.875,11.005738347768784
3,HOME AND KITCHEN I,16.0,1010.0,907.1861572265625,21.072282075881958,28.340749703526708,0.33381832991463123,6.425865888595581,0.6875,44.672571778297424
3,HOME AND KITCHEN II,16.0,904.0,971.1224365234375,11.917503356933594,13.922529380421055,0.21092926295434355,-4.1951494216918945,0.875,45.718360900878906
3,HOME APPLIANCES,16.0,1.0,41.37236404418945,2.523272566497326,2.7577315571247754,40.37236102358485,-2.523272566497326,0.5,10.135914169251919
3,HOME CARE,16.0,7988.0,8929.3359375,91.23505020141602,101.64452080587115,0.18274421672790103,-58.8335075378418,0.75,267.13761074829097
3,LADIESWEAR,16.0,672.0,705.319091796875,7.650702953338623,9.844997901266744,0.182159594126839,-2.0824429988861084,1.0,42.58099353313446
3,LAWN AND GARDEN,16.0,859.0,979.470703125,10.416820764541626,12.61754127387255,0.19402692925782536,-7.529421091079712,0.9375,47.917446826934814
3,LINGERIE,16.0,385.0,419.57891845703125,8.998339891433716,10.559272180914624,0.3739569825001701,-2.161181688308716,0.9375,34.10572350025177
3,"LIQUOR,WINE,BEER",16.0,3505.0,3713.97998046875,43.60332679748535,57.86786676924044,0.1990451437259819,-13.061254501342773,0.6875,107.8168902130127
3,MAGAZINES,16.0,485.0,310.6015930175781,11.006378889083862,15.035153099920816,0.36309703551542,10.899900674819946,0.6875,28.65417218208313
3,MEATS,16.0,12298.50907,13119.4140625,71.6166508947754,95.63528994054114,0.09317116471552216,-51.306596363525394,0.875,388.86142374267575
3,PERSONAL CARE,16.0,8881.0,8864.87109375,50.32839393615723,62.37205642954323,0.09067158011242257,1.0080394744873047,0.9375,267.13761074829097
3,PET SUPPLIES,16.0,342.0,253.98765563964844,5.917211174964905,7.912346630679127,0.27682859298000484,5.500771641731262,0.875,27.741991817951202
3,PLAYERS AND ELECTRONICS,16.0,419.0,305.802490234375,7.57704621553421,8.74661876304307,0.2893382803061051,7.074843943119049,0.9375,28.92605972290039
3,POULTRY,16.0,18264.2929,19408.0390625,127.92920806274415,151.33168274502768,0.1120693442779706,-71.48412371215821,0.875,669.9684975036621
3,PREPARED FOODS,16.0,3724.86299,4164.728515625,37.33556627593994,44.00864317400909,0.16037343172584145,-27.491602027282713,0.8125,127.92285839843751
3,PRODUCE,16.0,124341.2278,128394.484375,318.370858203125,420.66127017134494,0.040967375193073,-253.32853593750013,0.6875,1175.9612302734376
3,SCHOOL AND OFFICE SUPPLIES,16.0,16.0,12.830513954162598,1.3347940221428871,2.2679831228669,1.3347940220594625,0.19809284061193466,0.9375,5.236759596318007
3,SEAFOOD,16.0,1356.9649960000002,1286.751953125,13.988336654800415,16.78412961053452,0.16493674275783726,4.388317325454713,0.875,58.91287645721435
4,AUTOMOTIVE,16.0,75.0,40.08404541015625,2.368049368262291,3.012630481199168,0.5051838652225529,2.1822470277547836,1.0,9.376086622476578
4,BABY CARE,16.0,11.0,19.602466583251953,1.2477012914605439,1.486530025990511,1.8148382419594422,-0.5376541246660054,0.625,6.6237560388632115
4,BEAUTY,16.0,95.0,215.49705505371094,7.628701359033585,9.275441533452357,1.2848339130868687,-7.531065851449966,0.75,22.613242834806442
4,BEVERAGES,16.0,38094.0,43618.01171875,407.3715057373047,477.56973984558994,0.17110159321144286,-345.2507781982422,0.625,1175.9612302734376
4,BOOKS,16.0,0.0,21.26858139038086,1.3292863466776907,1.6244502880105594,21268581546.843052,-1.3292863466776907,0.4375,6.999689387995749
4,BREAD/BAKERY,16.0,5683.183999999999,6658.64501953125,64.45381275939941,77.12991345516588,0.18145831705435003,-60.966311813354494,0.6875,202.17072631835936
4,CELEBRATION,16.0,118.0,102.4686279296875,3.157777324318886,4.4004281096277635,0.42817319651418645,0.9707113057374954,0.875,14.44509370625019
4,CLEANING,16.0,12303.0,14229.455078125,168.65423965454102,196.7694344370547,0.21933413268897317,-120.40340042114258,0.5,332.6400089904785
4,DAIRY,16.0,11404.0,13492.4296875,130.52685165405273,152.05845476629116,0.18313132466368473,-130.52685165405273,0.5625,332.64000899047846
4,DELI,16.0,2974.443,3565.338623046875,37.02043831634522,50.023943061865815,0.1991388011339684,-36.93097357940674,0.6875,110.29068739318848
4,EGGS,16.0,2273.0,2436.184814453125,15.138556003570557,18.90397525916035,0.10656264674748013,-10.199056148529053,0.9375,86.78112605285644
4,FROZEN FOODS,16.0,1448.818,1630.752197265625,14.676218677520755,18.341035236966015,0.16207660233388183,-11.370888759613038,1.0,74.30647793960571
4,GROCERY I,16.0,52449.0,56647.26171875,476.5110168457031,539.5484479681666,0.14536361550327184,-262.39141845703125,0.4375,1175.9612302734376
4,GROCERY II,16.0,410.0,402.6136474609375,8.389797270298004,9.374025663908094,0.3274067227425382,0.4616468548774719,0.9375,30.943367660045624
4,HARDWARE,16.0,19.0,29.228775024414062,1.019305918365717,1.3065390091459312,0.8583628785785846,-0.6392983980476856,0.8125,7.753377016633749
4,HOME AND KITCHEN I,16.0,273.0,258.89093017578125,8.669059753417969,11.785980427593435,0.5080767621032214,0.8818179368972778,0.8125,24.879421830177307
4,HOME AND KITCHEN II,16.0,166.0,199.77581787109375,4.518441915512085,5.8913758563984455,0.4355124737816738,-2.110989034175873,0.875,20.005240976810455
4,HOME APPLIANCES,16.0,1.0,22.124324798583984,1.3202703222632408,1.5558884891349798,21.124325135087528,-1.3202703222632408,0.5625,6.941564672812819
4,HOME CARE,16.0,3156.0,4216.36962890625,77.61262607574463,88.23586513939918,0.39347338948400523,-66.27310085296631,0.375,127.92285839843751
4,LADIESWEAR,16.0,307.0,325.17333984375,5.376686930656433,6.848147071736589,0.28021821136880365,-1.1358336210250854,0.9375,29.83679109811783
4,LAWN AND GARDEN,16.0,355.0,283.62823486328125,6.352750658988953,7.508885720330064,0.2863211564606674,4.460733771324158,1.0,28.513799786567688
4,LINGERIE,16.0,43.0,25.52309226989746,1.5365932669956237,2.1181273281552504,0.5717556342176332,1.0923067189287394,1.0,7.839271752769127
4,"LIQUOR,WINE,BEER",16.0,1440.0,1566.9884033203125,26.364881992340088,33.04427034885527,0.2929431332480198,-7.936774730682373,0.6875,58.91287645721435
4,MAGAZINES,16.0,134.0,69.23666381835938,4.504565492272377,5.522189100920861,0.537858566237464,4.0477083176374435,0.9375,12.57360365986824
4,MEATS,16.0,6535.73704,6085.82275390625,98.1111777255249,153.05206532760903,0.24018390489103247,28.1196381124878,0.625,155.7658088684082
4,PERSONAL CARE,16.0,3915.0,3873.879150390625,35.1574592590332,45.69937916219017,0.14368310297430079,2.570037841796875,0.8125,124.984163230896
4,PET SUPPLIES,16.0,104.0,81.34660339355469,2.215505465865135,3.5082939916602087,0.34084699474520497,1.415836974978447,0.875,13.697028860449791
4,PLAYERS AND ELECTRONICS,16.0,145.0,97.35833740234375,3.545198678970337,4.366941084321713,0.3911943369871324,2.9776037335395813,1.0,14.81912612915039
4,POULTRY,16.0,6112.5560000000005,6735.5693359375,55.50884530639647,66.72656099576896,0.14529789582331812,-38.938310607910154,0.875,192.88974282836912
4,PREPARED FOODS,16.0,902.739,674.4757080078125,18.217193099975585,20.49692698137466,0.32287858351005827,14.266453842163086,0.6875,45.718360900878906
4,PRODUCE,16.0,36135.233,37310.2734375,122.20984960937497,175.6880773838662,0.0541122176727059,-73.44008837890624,0.9375,1175.9612302734376
4,SCHOOL AND OFFICE SUPPLIES,16.0,1.0,0.0,0.0625,0.25,0.9999999989999999,0.0625,1.0,3.9998541831970216
4,SEAFOOD,16.0,395.63100099999997,304.4849853515625,6.934892656291962,7.991858380612054,0.2804590191868987,5.696627348934173,1.0,29.80523443222046
5,AUTOMOTIVE,16.0,116.0,46.1465950012207,4.785993993282318,5.616524347691361,0.6601371025160082,4.365837782621384,0.9375,9.958718288689852
5,BABY CARE,16.0,7.0,82.60993957519531,4.885432309471071,17.474458490193797,11.166702420052918,-4.725621595047414,0.8125,8.018124330602587
5,BEAUTY,16.0,129.0,218.4564208984375,5.959700092673302,6.744878390471237,0.7391876083878577,-5.591026589274406,0.875,24.31250923871994
5,BEVERAGES,16.0,29533.0,30905.298828125,230.2549591064453,324.83500114690116,0.12474450092110521,-85.76875305175781,0.75,1175.9612302734374
5,BOOKS,16.0,0.0,8.843585014343262,0.5527240573428571,0.8934838259701529,8843584917.485714,-0.5527240573428571,0.75,5.174993748869747
5,BREAD/BAKERY,16.0,5615.722,5976.728515625,38.89403704833985,48.049808268751875,0.11081470784581693,-22.562895782470697,0.9375,155.7658088684082
5,CELEBRATION,16.0,431.0,226.1269989013672,12.804562509059906,15.34231252887196,0.4753433878062254,12.804562509059906,0.625,25.50222021341324
5,CLEANING,16.0,13393.0,15726.669921875,182.42603302001953,206.48430292263774,0.21793597613082166,-145.8543243408203,0.3125,276.41859423828123
5,DAIRY,16.0,8652.0,9396.3623046875,54.732757568359375,65.44250944028352,0.1012163801541434,-46.52265167236328,1.0,276.41859423828123
5,DELI,16.0,3615.889,3784.55029296875,23.6165901260376,28.55017519615889,0.10450139426749469,-10.541324134826661,1.0,127.92285839843751
5,EGGS,16.0,1335.0,1452.947021484375,8.961645126342773,10.526616943100633,0.10740548466020747,-7.371689796447754,1.0,69.90830608749388
5,FROZEN FOODS,16.0,1522.689,1595.232177734375,18.93897483444214,24.363725448072305,0.1990055732660282,-4.533951946258545,0.9375,69.90830608749388
5,GROCERY I,16.0,47303.0,50194.4140625,229.57786560058594,286.23540021460246,0.07765354944949153,-180.7132110595703,0.8125,1175.9612302734376
5,GROCERY II,16.0,686.0,1032.230712890625,42.76222324371338,46.22577524502195,0.9973696383358844,-21.63942241668701,0.125,52.31561867904663
5,HARDWARE,16.0,22.0,11.921131134033203,1.327828735113144,1.8103254113703702,0.9656936254929368,0.6299292929470539,0.6875,5.486565300449729
5,HOME AND KITCHEN I,16.0,504.0,450.8115234375,5.994201242923737,8.119578263373842,0.19029210294958232,3.324280560016632,0.9375,32.12310230731964
5,HOME AND KITCHEN II,16.0,312.0,296.86517333984375,4.1857611536979675,5.275360289382351,0.21465441813766933,0.9459279179573059,1.0,27.623020827770233
5,HOME APPLIANCES,16.0,0.0,11.244420051574707,0.7027762078214437,1.0383186298928941,11244419325.143099,-0.7027762078214437,0.5625,5.2637695838231595
5,HOME CARE,16.0,3188.0,3944.5166015625,66.28903198242188,75.65829357805062,0.3326927577535813,-47.28228187561035,0.4375,127.92285839843751
5,LADIESWEAR,16.0,215.0,157.23403930664062,5.646120399236679,7.736749819129657,0.42017640180170557,3.610372632741928,0.75,17.98399931192398
5,LAWN AND GARDEN,16.0,152.0,113.34481811523438,6.713651224970818,8.51840927423356,0.7067001289396473,2.41594897210598,0.8125,15.455129772424698
5,LINGERIE,16.0,190.0,90.62603759765625,6.403509587049484,7.499760308893676,0.5392429125908027,6.210872858762741,0.875,14.07106128334999
5,"LIQUOR,WINE,BEER",16.0,1027.0,1003.7095336914062,21.23757839202881,26.14421487332514,0.33086782304978585,1.4556527137756348,0.8125,52.31561867904663
5,MAGAZINES,16.0,139.0,51.32128143310547,6.130479302257299,7.428101567149157,0.7056666822691449,5.479919757694006,0.625,11.016241442412138
5,MEATS,16.0,4087.942,4090.005615234375,32.348475349426266,37.210894471974406,0.12661031041797893,-0.12898644256592462,1.0,127.92285839843751
5,PERSONAL CARE,16.0,3823.0,4081.728271484375,31.011853218078613,41.670242991277476,0.12979064909472351,-16.17051410675049,0.875,127.92285839843751
5,PET SUPPLIES,16.0,54.0,33.98145294189453,2.1223682500422,2.5525098589817676,0.6288498518527103,1.2511591278016567,0.875,8.912919353693724
5,PLAYERS AND ELECTRONICS,16.0,119.0,59.6168327331543,3.798529863357544,4.270418057362859,0.5107267043126889,3.7114478051662445,0.9375,11.750264644622803
5,POULTRY,16.0,3688.4209899999996,3865.118408203125,26.442758354797363,30.07076324661166,0.11470603134070201,-11.043591498718262,1.0,124.984163230896
5,PREPARED FOODS,16.0,966.36,684.3216552734375,17.62739559173584,21.18195902200444,0.2918563780242162,17.62739559173584,0.75,44.672571778297424
5,PRODUCE,16.0,25451.5549,25686.1171875,94.95650826416014,108.25196758005349,0.05969396126075199,-14.660211633300747,0.9375,1119.7398155212402
5,SCHOOL AND OFFICE SUPPLIES,16.0,15.0,0.0,0.9375,1.299038105676658,0.9999999999333333,0.9375,1.0,3.9998541831970216
5,SEAFOOD,16.0,149.3009997,65.64141845703125,8.332974895908816,9.364246408219245,0.8930120937003213,5.228724141075594,0.4375,10.070408293884247
6,AUTOMOTIVE,16.0,130.0,62.289337158203125,4.3775902688503265,5.510402103307479,0.5387803407774342,4.2319163382053375,0.875,12.900480076670647
6,BABY CARE,16.0,0.0,15.012639045715332,0.9382899022602942,1.2637046023003646,15012638436.164705,-0.9382899022602942,0.5,5.79951955479919
6,BEAUTY,16.0,113.0,182.56712341308594,5.598868235945702,6.2615184608884045,0.7927601041976855,-4.347945228219032,0.625,19.90115761756897
6,BEVERAGES,16.0,52932.0,58710.77734375,379.1079559326172,487.517253409017,0.11459471198748887,-361.1736297607422,0.625,1175.9612302734376
6,BOOKS,16.0,0.0,14.371689796447754,0.8982305857643951,1.2108250273414907,14371689372.23032,-0.8982305857643951,0.5625,5.792098568315851
6,BREAD/BAKERY,16.0,8589.533,9457.3564453125,64.38456127929686,78.08126536322075,0.11993119771105482,-54.23896533203124,0.9375,276.41859423828123
6,CELEBRATION,16.0,214.0,160.2169189453125,5.930488765239716,9.735014294056471,0.44340102917472923,3.3614431023597717,0.8125,18.02442091703415
6,CLEANING,16.0,18385.0,21357.3359375,195.90928649902344,233.3116195994628,0.1704948917043353,-185.77098083496094,0.8125,951.0755712646485
6,DAIRY,16.0,15256.0,17742.26171875,163.8633804321289,181.480078423801,0.17185462027490106,-155.391357421875,0.6875,501.3042532470703
6,DELI,16.0,5312.295,6053.77099609375,50.049852325439446,62.25866229864914,0.15074419572084763,-46.342253570556636,0.875,174.32777584838865
6,EGGS,16.0,2853.0,3103.67919921875,19.502395629882812,23.70219158697808,0.10937200493446043,-15.66745376586914,1.0,95.59721155548095
6,FROZEN FOODS,16.0,2398.105,2545.28173828125,20.23270491409302,27.71567094486189,0.1349912862970359,-9.198548526763915,0.9375,89.71982122039795
6,GROCERY I,16.0,75607.0,79678.9765625,306.3256072998047,425.7163459676851,0.06482481406214781,-254.4984588623047,0.6875,1175.9612302734376
6,GROCERY II,16.0,587.0,569.8124389648438,6.85028612613678,9.7281533012562,0.1867198944088616,1.0742236375808716,0.9375,36.30625879764557
6,HARDWARE,16.0,14.0,20.973888397216797,1.0580340288579464,1.2457551600188268,1.2091817471798543,-0.43586810678243637,0.6875,6.49599525835365
6,HOME AND KITCHEN I,16.0,443.0,626.2694091796875,16.554621934890747,20.114423357899334,0.5979095958412055,-11.45433497428894,0.625,38.39783704280853
6,HOME AND KITCHEN II,16.0,1016.0,828.0123291015625,31.44972538948059,58.89314265322325,0.49527126597558485,11.749230146408081,0.75,45.718360900878906
6,HOME APPLIANCES,16.0,0.0,14.235321998596191,0.889707604655996,1.2020307972934605,14235321674.495935,-0.889707604655996,0.5625,5.787077499786392
6,HOME CARE,16.0,4765.0,5954.3818359375,96.50856399536133,110.65912198826047,0.32405813723514315,-74.33637237548828,0.3125,155.7658088684082
6,LADIESWEAR,16.0,377.0,454.29534912109375,6.71412980556488,8.86463731227047,0.2849498060709632,-4.8309608697891235,1.0,33.16889142990112
6,LAWN AND GARDEN,16.0,289.0,256.30975341796875,6.671522855758667,8.433578869802261,0.36935766675352705,2.0431392192840576,1.0,25.225505888462067
6,LINGERIE,16.0,192.0,388.3408203125,13.573111414909363,15.297871580454204,1.1310926179032226,-12.271302342414856,0.625,31.10151582956314
6,"LIQUOR,WINE,BEER",16.0,1446.0,1629.8140869140625,22.905916213989258,26.820000953530823,0.2534541213164417,-11.488375663757324,0.625,63.31104830932617
6,MAGAZINES,16.0,118.0,73.52474212646484,2.993630900979042,3.4440292333661535,0.4059160543665996,2.779703512787819,0.9375,12.200899168848991
6,MEATS,16.0,7613.24493,8077.06005859375,59.91212795837402,75.59206761764877,0.12591136317662888,-28.988428370971683,0.9375,239.2946602783203
6,PERSONAL CARE,16.0,5907.0,5490.5546875,48.21111488342285,67.3288338671265,0.13058707264849076,26.027833938598633,0.875,155.76580886840821
6,PET SUPPLIES,16.0,159.0,94.49635314941406,4.031477928161621,4.960660954330337,0.4056833135231463,4.031477928161621,1.0,14.81912612915039
6,PLAYERS AND ELECTRONICS,16.0,251.0,164.37351989746094,6.511152595281601,8.661202306165945,0.41505355188880705,5.414154917001724,0.9375,17.31964462995529
6,POULTRY,16.0,8601.84101,9694.8037109375,69.14882197265625,89.91116917651182,0.12862143700123693,-68.31017643798828,0.75,267.13761074829097
6,PREPARED FOODS,16.0,1545.962983,1449.560546875,17.952180475128173,21.097198244547517,0.1857967433634632,6.025155595672608,0.8125,61.11196238327026
6,PRODUCE,16.0,41949.57,42378.0078125,154.73849169921877,203.7279170748149,0.05901886162807966,-26.777302246093797,1.0,1175.9612302734376
6,SCHOOL AND OFFICE SUPPLIES,16.0,0.0,0.0,0.0,0.0,0.0,0.0,1.0,3.9998541831970216
6,SEAFOOD,16.0,635.302005,627.6307373046875,7.655148737464905,8.95527518850167,0.1927939449825059,0.47945172756195054,1.0,42.58099353313446
7,AUTOMOTIVE,16.0,85.0,60.33102798461914,2.6364585012197495,3.282500859885616,0.4962745414002319,1.5418107956647873,0.9375,12.168688744306564
7,BABY CARE,16.0,0.0,26.591415405273438,1.6619634442031384,1.8369918479220133,26591415107.250214,-1.6619634442031384,0.375,7.455312877893448
7,BEAUTY,16.0,105.0,238.66403198242188,8.914840415120125,10.281374351614822,1.3584518727672719,-8.354001894593239,0.75,24.460205256938934
7,BEVERAGES,16.0,58882.0,65179.515625,411.5697479248047,508.87718558690943,0.1118358066437411,-393.5944061279297,0.6875,1175.9612302734376
7,BOOKS,16.0,3.0,27.045557022094727,1.5518941320478916,1.8218208273957643,8.276768701496499,-1.5028473176062107,0.5,7.4460169672966
7,BREAD/BAKERY,16.0,9795.448,11711.7470703125,121.30444631958007,136.96131085917116,0.1981401096828938,-119.76873385620117,0.5,276.41859423828123
7,CELEBRATION,16.0,274.0,246.3775634765625,5.067257583141327,5.962126872185099,0.2958982530290706,1.7264013886451721,1.0,27.547592163085938
7,CLEANING,16.0,16037.0,18804.8203125,189.3594741821289,208.33095299028065,0.1889225906911438,-172.98883819580078,0.5,613.7470827514649
7,DAIRY,16.0,19552.0,21871.984375,159.85637664794922,192.13846602420128,0.13081536550568007,-144.9990463256836,0.875,951.0755712646484
7,DELI,16.0,2882.7,3251.171142578125,27.707338722229004,35.64325530630188,0.15378548567506514,-23.02945308685303,0.75,104.41329705810547
7,EGGS,16.0,4326.0,4788.365234375,38.73673725128174,48.31438317360452,0.14327041054562287,-28.897854804992676,0.8125,127.92285839843751
7,FROZEN FOODS,16.0,3334.411,3885.09716796875,41.41436157989502,50.72030484721016,0.19872468789184106,-34.41788263702393,0.875,127.92285839843751
7,GROCERY I,16.0,58841.0,65689.890625,428.0560607910156,481.1286861317681,0.11639667872157397,-428.0560607910156,0.4375,1175.9612302734376
7,GROCERY II,16.0,599.0,629.8389892578125,6.91813588142395,9.01696694452368,0.18479160952019769,-1.9274404048919678,0.9375,45.718360900878906
7,HARDWARE,16.0,52.0,50.389732360839844,2.2568251192569733,2.6410496875692733,0.6944077289887917,0.10064169764518738,0.875,10.672640472650528
7,HOME AND KITCHEN I,16.0,559.0,760.8611450195312,26.153303265571594,35.99662976981206,0.7485739753996368,-12.616321444511414,0.5625,44.78007945919037
7,HOME AND KITCHEN II,16.0,579.0,516.9598388671875,20.07061266899109,42.90786757037098,0.5546283293666715,3.8775100708007812,0.875,37.35204792022705
7,HOME APPLIANCES,16.0,14.0,32.171913146972656,1.2109529376029968,1.4664027573088667,1.3839462143045715,-1.1357448101043701,0.625,8.43652856349945
7,HOME CARE,16.0,3812.0,4318.6259765625,43.91031551361084,52.670218288958864,0.18430352786400556,-31.664118766784668,0.75,127.92285839843751
7,LADIESWEAR,16.0,220.0,219.15054321289062,6.182174861431122,7.240126544277121,0.449612717192947,0.053091466426849365,0.9375,25.471586108207703
7,LAWN AND GARDEN,16.0,626.0,546.17626953125,14.093857645988464,17.913175339087058,0.36022639350711694,4.988982081413269,0.625,37.35204792022705
7,LINGERIE,16.0,167.0,254.88812255859375,9.765200152993202,11.22299887298771,0.9355880386045249,-5.493008300662041,0.6875,24.1399315148592
7,"LIQUOR,WINE,BEER",16.0,2540.0,2853.153564453125,29.641335010528564,34.66339745913728,0.1867170709323899,-19.572110652923584,0.875,98.53590672302246
7,MAGAZINES,16.0,222.0,127.17412567138672,8.421919733285904,10.920819962300031,0.6069852059998535,5.926617056131363,0.5,14.81912612915039
7,MEATS,16.0,7628.69501,8283.2041015625,62.307283782348634,94.02418054320474,0.13067982652480523,-40.906801056518546,0.9375,257.85662725830076
7,PERSONAL CARE,16.0,4136.0,4227.642578125,50.384644508361816,71.19697309215852,0.1949115841715653,-5.727669715881348,0.8125,127.92285839843751
7,PET SUPPLIES,16.0,136.0,75.17262268066406,4.1938894391059875,5.444002320036752,0.493398757538253,3.801711142063141,0.875,13.322996437549591
7,PLAYERS AND ELECTRONICS,16.0,232.0,142.2032470703125,5.878567606210709,7.2383671507525635,0.40541845559899103,5.612297564744949,0.8125,15.704539179801941
7,POULTRY,16.0,10057.08402,11125.4921875,89.1101215527344,116.08127456803179,0.14176693184707118,-66.77553335693361,0.8125,276.41859423828123
7,PREPARED FOODS,16.0,2011.7290039999998,2205.7490234375,20.328431169372557,24.434120174325976,0.16167928088876887,-12.126244539123537,0.8125,80.90373571777343
7,PRODUCE,16.0,77836.42000000001,82441.578125,340.28902050781255,434.155194598087,0.06994957281083752,-287.8220166015625,0.8125,1175.9612302734376
7,SCHOOL AND OFFICE SUPPLIES,16.0,7.0,0.0,0.4375,0.75,0.9999999998571428,0.4375,1.0,3.9998541831970216
7,SEAFOOD,16.0,685.531003,592.8856201171875,11.433417291336058,13.210900145098675,0.26685106269527836,5.7903347612457265,0.75,38.39783704280853
8,AUTOMOTIVE,16.0,65.0,84.6868667602539,2.32594433426857,3.0277567370095735,0.5725401438111474,-1.2304293513298035,0.75,14.44509370625019
8,BABY CARE,16.0,15.0,35.27570343017578,1.6334105804562569,1.9951528290395972,1.742304619037187,-1.267231523990631,0.5625,8.403675213456154
8,BEAUTY,16.0,193.0,236.21896362304688,5.610199481248856,6.341003877767295,0.4650942575104487,-2.7011861503124237,0.9375,25.03155755996704
8,BEVERAGES,16.0,71635.0,75269.3828125,339.73670959472656,501.45305771769375,0.07588172476464786,-227.14894104003906,0.75,1175.9612302734376
8,BOOKS,16.0,0.0,32.69209289550781,2.04325582832098,2.2559539177885286,32692093253.135677,-2.04325582832098,0.3125,7.772507052868605
8,BREAD/BAKERY,16.0,12703.982,14211.4267578125,95.60518643188477,119.95111244038254,0.1204097253058164,-94.21532406616211,0.625,276.41859423828123
8,CELEBRATION,16.0,312.0,283.2509765625,7.616995930671692,9.132412748128349,0.39061517593062967,1.7968147993087769,0.8125,28.537810802459717
8,CLEANING,16.0,18930.0,21553.10546875,176.02630233764648,226.660267798207,0.14878081549932357,-163.94401168823242,0.8125,894.854156512451
8,DAIRY,16.0,22180.0,24458.0390625,164.1080093383789,198.2414116747032,0.11838269384192715,-142.37755584716797,0.9375,1063.518400769043
8,DELI,16.0,4484.176009999999,4988.3818359375,38.93845560516358,55.46577692395976,0.138936403988852,-31.512853630676272,0.8125,137.20384188842775
8,EGGS,16.0,5128.0,5572.9736328125,36.75704574584961,46.76303690974724,0.114686570189836,-27.81085968017578,0.8125,165.04679235839842
8,FROZEN FOODS,16.0,2628.76299,2862.68408203125,24.795534683837893,31.165356889323192,0.1509183431334201,-14.620075881347656,0.9375,98.53590672302246
8,GROCERY I,16.0,76226.0,83028.609375,437.2409362792969,508.3305030606693,0.09177780521696872,-425.1629943847656,0.4375,1175.9612302734376
8,GROCERY II,16.0,661.0,568.6732788085938,8.863744139671326,10.880021389314722,0.21455356465132627,5.770419478416443,0.875,37.35204792022705
8,HARDWARE,16.0,54.0,63.66117858886719,2.401225835084915,2.7145864134779103,0.7114743214934661,-0.6038236916065216,0.75,12.172590360045433
8,HOME AND KITCHEN I,16.0,608.0,791.78173828125,16.313051342964172,20.406655523728936,0.4292908248141406,-11.48635733127594,0.875,46.87165770435333
8,HOME AND KITCHEN II,16.0,793.0,777.757080078125,16.549896121025085,20.02106736195055,0.33391971996982023,0.952682375907898,0.75,44.672571778297424
8,HOME APPLIANCES,16.0,0.0,40.599830627441406,2.537489380687475,2.7281069955556414,40599830090.9996,-2.537489380687475,0.3125,9.584862444549799
8,HOME CARE,16.0,5507.0,6305.00244140625,68.54720878601074,86.83265572092235,0.1991565898993958,-49.87515068054199,0.5625,165.04679235839842
8,LADIESWEAR,16.0,502.0,524.5843505859375,10.821310877799988,13.039797743306112,0.3449023387339739,-1.4115203619003296,0.8125,34.214680552482605
8,LAWN AND GARDEN,16.0,541.0,575.0767822265625,7.43364691734314,8.407396347392782,0.21984907703746837,-2.1297996044158936,1.0,38.39783704280853
8,LINGERIE,16.0,378.0,404.3888244628906,8.75510710477829,11.416189728265143,0.3705865441166192,-1.6493019461631775,0.8125,29.904490768909454
8,"LIQUOR,WINE,BEER",16.0,2311.0,2451.4482421875,28.320691108703613,34.24037176171998,0.19607574977891032,-8.778017044067383,0.75,92.65851638793944
8,MAGAZINES,16.0,322.0,237.33163452148438,7.294368863105774,8.992142431475093,0.3624531112090992,5.291772842407227,0.75,27.24970030784607
8,MEATS,16.0,7143.683,7891.736328125,61.403837799072264,103.46082041454945,0.13752869560211708,-46.75331774902344,0.875,230.01367678833006
8,PERSONAL CARE,16.0,5448.0,5820.06640625,40.461313247680664,52.627466740140214,0.11882911379639716,-23.2541446685791,0.9375,165.04679235839842
8,PET SUPPLIES,16.0,306.0,313.3553161621094,4.5511505007743835,6.086258367566492,0.23796865363448422,-0.45970791578292847,0.9375,28.907075107097626
8,PLAYERS AND ELECTRONICS,16.0,336.0,270.559814453125,5.4679476618766785,6.851102258577833,0.2603784600885907,4.090011298656464,1.0,28.803042769432068
8,POULTRY,16.0,9588.47998,10726.4609375,80.26794071838378,102.93977569646778,0.13394063023261446,-71.1237697894287,0.625,276.41859423828123
8,PREPARED FOODS,16.0,2386.959006,2463.15234375,24.120329598907468,28.341499590701186,0.16168072958616944,-4.762090761932371,0.875,89.71982122039795
8,PRODUCE,16.0,72793.523,77462.015625,313.2291905517578,381.70191383964044,0.06884770570629005,-291.78046862792974,0.75,1175.9612302734376
8,SCHOOL AND OFFICE SUPPLIES,16.0,25.0,3.573002338409424,1.6003271639347076,3.152234792855779,1.0242093848772444,1.339187353849411,0.875,4.573321798443795
8,SEAFOOD,16.0,620.847,722.5545654296875,11.98430774307251,14.033700560917355,0.30885052821202535,-6.356720455169677,0.8125,44.672571778297424
9,AUTOMOTIVE,16.0,229.0,149.30987548828125,5.779135912656784,6.5442890146170924,0.40378242184325225,4.98063251376152,0.9375,14.81912612915039
9,BABY CARE,16.0,8.0,28.88720703125,1.4685019701719284,1.7403163706334757,2.9370039399767314,-1.3054504543542862,0.625,7.889523208141327
9,BEAUTY,16.0,153.0,209.72576904296875,4.325279355049133,5.371177024223491,0.4523167952962995,-3.545359432697296,0.9375,24.189869940280914
9,BEVERAGES,16.0,59382.0,59204.80859375,269.0322723388672,346.01149364516505,0.07248857157761279,11.074569702148438,0.875,1175.9612302734376
9,BOOKS,16.0,0.0,26.587682723999023,1.6617301451042295,1.912597468078074,26587682321.66767,-1.6617301451042295,0.4375,7.239077144674956
9,BREAD/BAKERY,16.0,7880.0,9547.3994140625,108.42984390258789,135.48475111893063,0.2201621195991353,-104.21246719360352,0.625,276.41859423828123
9,CELEBRATION,16.0,238.0,320.72235107421875,7.814766466617584,11.838832966583574,0.5253624515351092,-5.170146644115448,0.9375,29.008376717567444
9,CLEANING,16.0,30748.0,27419.826171875,373.23477935791016,666.1643566961415,0.1942160943712231,208.01090240478516,0.75,1119.7398155212402
9,DAIRY,16.0,13238.0,14841.39453125,111.2536735534668,138.55898035819865,0.1344658390130937,-100.21220779418945,0.75,332.64000899047846
9,DELI,16.0,9189.225999999999,9688.228515625,47.4806293182373,69.5980886857973,0.08267182340402926,-31.18765150451659,0.875,276.41859423828123
9,EGGS,16.0,3436.0,3714.615478515625,57.81823253631592,65.9963690413703,0.26923507583841255,-17.41346263885498,0.4375,104.41329705810547
9,FROZEN FOODS,16.0,1846.135,1760.122802734375,29.655858474731446,35.72678913023557,0.2570200638606852,5.375754699707032,0.8125,76.50556386566161
9,GROCERY I,16.0,114862.28099999999,112775.703125,338.50987353515626,394.4420651339493,0.04715349485844229,130.4112392578125,0.9375,1175.9612302734376
9,GROCERY II,16.0,180.0,221.1778106689453,5.8240214586257935,8.76054440792736,0.5176907963194167,-2.573612928390503,0.6875,19.712210476398468
9,HARDWARE,16.0,27.0,34.1396484375,1.3636991763487458,1.7375419630016338,0.8081180303989561,-0.4462278550490737,0.75,8.64309447761625
9,HOME AND KITCHEN I,16.0,870.0,788.59375,11.584070444107056,14.498980289387845,0.21304037598333317,5.087886571884155,0.875,44.672571778297424
9,HOME AND KITCHEN II,16.0,746.0,612.3695068359375,11.874170422554016,14.675867015008812,0.25467389646194316,8.351907134056091,0.8125,41.53520441055298
9,HOME APPLIANCES,16.0,0.0,28.251508712768555,1.7657192875631154,2.058055584194648,28251508601.009846,-1.7657192875631154,0.3125,7.645832397881895
9,HOME CARE,16.0,6901.0,7727.94140625,53.93878173828125,69.138262410597,0.12505731166676928,-51.68384552001953,0.875,239.2946602783203
9,LADIESWEAR,16.0,169.0,207.66375732421875,5.8925745487213135,7.068837668192098,0.5578768803490127,-2.4164847135543823,0.8125,20.742345869541168
9,LAWN AND GARDEN,16.0,92.0,146.57296752929688,5.108959451317787,7.8627479413761705,0.8885146871760443,-3.4108104556798935,0.8125,18.063599541783333
9,LINGERIE,16.0,147.0,285.1252746582031,9.907705932855606,11.005673697313695,1.0783897613919138,-8.63283059000969,0.8125,25.71516163647175
9,"LIQUOR,WINE,BEER",16.0,938.0,1013.697021484375,14.860932111740112,18.73253837278409,0.25349137930446514,-4.731064558029175,0.875,52.31561867904663
9,MAGAZINES,16.0,57.0,47.53065872192383,2.681787058711052,4.059865204146519,0.7527823322565623,0.5918338447809219,0.75,10.60824739933014
9,MEATS,16.0,6045.32602,6249.19189453125,45.4087191784668,60.58991936966966,0.12018202235110365,-12.74161715820312,0.8125,183.6087593383789
9,PERSONAL CARE,16.0,8114.0,7566.955078125,71.24042129516602,98.15631326244495,0.14047901660371157,34.19031524658203,0.75,220.73269329833983
9,PET SUPPLIES,16.0,123.0,88.30265808105469,3.3210940957069397,4.004658173326329,0.43201224008844735,2.1685843467712402,0.875,14.07106128334999
9,PLAYERS AND ELECTRONICS,16.0,128.0,107.08462524414062,3.815430149435997,4.982232511531437,0.47692876867577366,1.3072112649679184,0.9375,14.956474334001541
9,POULTRY,16.0,7171.032940000001,7154.1015625,55.90454950073243,70.61057359472152,0.12473416305511964,1.0582377966308698,0.8125,220.73269329833983
9,PREPARED FOODS,16.0,1804.5469870000002,1814.33349609375,21.08406312176514,30.30883009993626,0.18694166036035462,-0.6116596793823241,0.8125,80.90373571777343
9,PRODUCE,16.0,26473.489999999998,27945.9765625,173.85181884765626,197.789939542047,0.10507224780572548,-92.03042541503909,0.9375,1063.518400769043
9,SCHOOL AND OFFICE SUPPLIES,16.0,2360.0,1052.22021484375,81.73622930049896,86.6411021860605,0.5541439274607751,81.73622930049896,0.0,49.07074363040924
9,SEAFOOD,16.0,297.3429995,270.74139404296875,6.292460529956817,8.041397574666037,0.338596733900811,1.6626000430412287,1.0,26.27783238887787
10,AUTOMOTIVE,16.0,28.0,11.273772239685059,1.370652741752565,1.8168319744452164,0.7832301381163503,1.045389217324555,0.875,5.216266441531479
10,BABY CARE,16.0,0.0,4.655889511108398,0.29099311027675867,0.57042450214982,4655889764.428139,-0.29099311027675867,0.8125,4.596490142308175
10,BEAUTY,16.0,43.0,92.04837799072266,4.228429084119853,5.3736979787997825,1.5733689614963786,-3.0655238577746786,0.5,10.41603682950372
10,BEVERAGES,16.0,24006.0,22066.38671875,206.0089569091797,250.9063141491214,0.1373049783615237,121.22589111328125,0.9375,1063.5184007690432
10,BOOKS,16.0,0.0,4.655889511108398,0.29099311027675867,0.57042450214982,4655889764.428139,-0.29099311027675867,0.8125,4.596490142308175
10,BREAD/BAKERY,16.0,1722.0,1784.635498046875,14.516570568084717,18.897270689065756,0.13488102734565655,-3.914717197418213,1.0,80.90373571777343
10,CELEBRATION,16.0,68.0,23.655588150024414,2.8669766234233975,3.545962041391948,0.674582734913232,2.7715257154777646,0.75,6.972174517810345
10,CLEANING,16.0,14299.0,11333.9248046875,217.2559356689453,476.903509677941,0.24310056442428715,185.31719970703125,0.75,276.41859423828123
10,DAIRY,16.0,5112.0,5117.91455078125,31.754971504211426,39.87438383577214,0.09938958217278626,-0.36966991424560547,0.9375,137.20384188842772
10,DELI,16.0,4438.0,4256.70361328125,55.10601234436035,64.22733808535898,0.19866971552716695,11.331026077270508,0.5625,127.92285839843751
10,EGGS,16.0,896.0,746.1118774414062,28.368085980415344,34.362621455088494,0.506572963935423,9.368008017539978,0.4375,43.62678265571594
10,FROZEN FOODS,16.0,612.0,480.5924377441406,11.276930212974548,13.675441416382943,0.29482170491388554,8.212973475456238,0.75,34.214680552482605
10,GROCERY I,16.0,46534.0,41522.43359375,321.22654724121094,367.1369321847248,0.11044880637510777,313.22288513183594,1.0,1175.9612302734376
10,GROCERY II,16.0,81.0,109.66475677490234,4.398381248116493,6.007561083239366,0.8688160489999391,-1.7915468662977219,0.8125,15.067496284842491
10,HARDWARE,16.0,9.0,4.285604476928711,0.6397835011593997,0.858243285947463,1.137392890823667,0.2946497197262943,1.0,4.576011585909873
10,HOME AND KITCHEN I,16.0,179.0,176.1832275390625,5.159600913524628,5.944025700942864,0.46119337774264163,0.17604851722717285,0.875,20.07119107246399
10,HOME AND KITCHEN II,16.0,144.0,81.46062469482422,4.6140346471220255,5.358236308712462,0.5126705163433315,3.9087110701948404,0.75,13.250234726816416
10,HOME APPLIANCES,16.0,1.0,5.418552398681641,0.2761595295742154,0.543898228704059,4.418552468768894,-0.2761595295742154,0.875,4.855897578783333
10,HOME CARE,16.0,2834.0,3012.09619140625,24.36754608154297,31.00749828875648,0.13757259608488,-11.131000518798828,0.9375,98.53590672302246
10,LADIESWEAR,16.0,62.0,15.409762382507324,3.3874894636683166,4.8393057545789,0.8741908293196593,2.9118898692540824,0.5,5.784286179114133
10,LAWN AND GARDEN,16.0,0.0,3.808119773864746,0.23800749005749822,0.5074481367788672,3808119840.9199715,-0.23800749005749822,0.8125,4.574110659677535
10,LINGERIE,16.0,32.0,8.696854591369629,1.8395767752081156,2.2734161725648407,0.9197883875753144,1.4564465750008821,0.75,4.944874877482652
10,"LIQUOR,WINE,BEER",16.0,236.0,260.8134460449219,8.028793096542358,11.076164534473126,0.5443249556954806,-1.550839900970459,0.75,25.3547882437706
10,MAGAZINES,16.0,7.0,8.70055103302002,0.48303725896403193,0.6750054027599895,1.1040851631886321,-0.1062844549305737,0.8125,5.147231993544846
10,MEATS,16.0,3198.22302,2579.859375,40.422558340759274,45.17518974211518,0.20222508855931698,38.64773448822021,0.5,86.78112605285644
10,PERSONAL CARE,16.0,3079.0,2909.424072265625,32.13097953796387,39.50168157075453,0.1669683899341523,10.598489761352539,0.6875,95.59721155548095
10,PET SUPPLIES,16.0,12.0,12.813204765319824,0.6269939001649618,0.8202269859222677,0.8359918668169498,-0.050825318321585655,0.8125,5.483462611585855
10,PLAYERS AND ELECTRONICS,16.0,63.0,36.26512145996094,1.9729077592492104,2.5441191194927204,0.501055938848989,1.67092976719141,1.0,8.754500776529312
10,POULTRY,16.0,2369.133001,2302.524658203125,17.479060378173827,20.63163312181725,0.11804527898290973,4.163011888061521,0.9375,86.78112605285644
10,PREPARED FOODS,16.0,484.0,412.3883056640625,8.453822374343872,10.96476295040158,0.27946520245707124,4.475732088088989,0.875,31.07731318473816
10,PRODUCE,16.0,4240.145,4371.95849609375,39.55601091766357,46.22516266911537,0.14926286121877147,-8.23834827423096,0.875,127.92285839843751
10,SCHOOL AND OFFICE SUPPLIES,16.0,39.0,532.25927734375,30.828702926635742,56.34746634792366,12.64767299521857,-30.828702926635742,0.6875,25.83323123669624
10,SEAFOOD,16.0,28.0,8.07098388671875,2.129436492919922,3.716507207095092,1.2168208530536404,1.2455635070800781,0.8125,4.676058679819107
11,AUTOMOTIVE,16.0,138.0,89.82151794433594,4.206101804971695,4.965033443666566,0.48766397738448886,3.0111548006534576,0.9375,14.44509370625019
11,BABY CARE,16.0,3.0,32.8223762512207,1.8638985604047775,2.0799858428922122,9.940792318845215,-1.8638985604047775,0.5,8.460751049220562
11,BEAUTY,16.0,81.0,138.36032104492188,5.7611759305000305,6.859268333818384,1.1380100603316354,-3.585020422935486,0.8125,17.871694549918175
11,BEVERAGES,16.0,77926.0,77752.8203125,391.06971740722656,552.3769665688244,0.08029560709539235,10.823623657226562,0.6875,1175.9612302734376
11,BOOKS,16.0,0.0,26.587682723999023,1.6617301451042295,1.912597468078074,26587682321.66767,-1.6617301451042295,0.4375,7.239077144674956
11,BREAD/BAKERY,16.0,11814.0,11692.4736328125,199.3841667175293,370.73473420891935,0.27003103669207706,7.595424652099609,0.625,276.41859423828123
11,CELEBRATION,16.0,231.0,415.5154113769531,12.958729326725006,16.58433451910764,0.8975743256567209,-11.532213985919952,0.6875,31.07731318473816
11,CLEANING,16.0,32762.0,32319.21484375,209.33745574951172,252.13197038777008,0.1022342742198915,27.674034118652344,0.9375,1175.9612302734376
11,DAIRY,16.0,10663.0,11491.3955078125,69.74820327758789,96.72494018757266,0.1046582812005347,-51.77473831176758,0.875,276.41859423828123
11,DELI,16.0,8610.344000000001,8805.66796875,54.15053977966308,68.78346869930023,0.10062416048354264,-12.207723251342788,1.0,276.41859423828123
11,EGGS,16.0,4766.0,3506.3447265625,107.47681903839111,165.11922320634366,0.36081181380904254,78.72846126556396,0.5,107.35199222564697
11,FROZEN FOODS,16.0,1444.50299,1560.7037353515625,12.179939156188965,16.606961653484056,0.13491078097310724,-7.262549445495606,0.9375,67.70922016143798
11,GROCERY I,16.0,127076.437,123831.5703125,455.10988745117174,597.0921110644814,0.05730219048570499,202.80419848632812,0.8125,1175.9612302734374
11,GROCERY II,16.0,476.0,552.8946533203125,14.47908902168274,19.012174745132114,0.4866920679546999,-4.805913925170898,0.6875,36.30625879764557
11,HARDWARE,16.0,15.0,31.402803421020508,1.2344820648431778,1.5851422636575863,1.316780869078271,-1.0251751616597176,0.75,8.111181441694498
11,HOME AND KITCHEN I,16.0,429.0,504.5830078125,10.618905305862427,13.161967067478523,0.3960430883296102,-4.723938703536987,0.8125,36.30625879764557
11,HOME AND KITCHEN II,16.0,343.0,318.52056884765625,8.432705760002136,10.066219323853042,0.3933623678123639,1.5299643278121948,0.875,27.879840850830078
11,HOME APPLIANCES,16.0,2.0,30.238712310791016,1.7649195920675993,2.0485511586593983,14.119356729481115,-1.7649195920675993,0.4375,7.910108268260956
11,HOME CARE,16.0,8755.0,8276.31640625,70.99004745483398,91.17520646374012,0.1297362374959696,29.91773223876953,0.875,267.13761074829097
11,LADIESWEAR,16.0,108.0,238.17152404785156,8.401617050170898,10.771720491335568,1.2446840074212009,-8.135720491409302,0.375,21.815911889076233
11,LAWN AND GARDEN,16.0,38.0,43.117103576660156,2.227612243965268,2.4404513214519414,0.9379419974343777,-0.3198189567774534,0.75,9.95890722796321
11,LINGERIE,16.0,167.0,92.34036254882812,5.030805721879005,7.43262480293275,0.48199336257234787,4.666227355599403,0.875,14.81912612915039
11,"LIQUOR,WINE,BEER",16.0,619.0,853.946044921875,19.820500016212463,21.976449173253478,0.5123231021952942,-14.684126019477844,0.5625,46.87165770435333
11,MAGAZINES,16.0,34.0,46.69020462036133,1.8893066346645355,2.0831497948042856,0.8890854751101025,-0.7931377738714218,0.875,10.593622028827667
11,MEATS,16.0,11474.052039999999,10630.0859375,114.16012539428709,133.81278785944852,0.1591906677728851,52.74788522094726,0.6875,276.41859423828123
11,PERSONAL CARE,16.0,7470.0,6832.884765625,62.59400177001953,77.01360056920079,0.13407015104687797,39.81972122192383,0.8125,192.88974282836912
11,PET SUPPLIES,16.0,47.0,47.24628829956055,2.14889819920063,3.038840491974662,0.7315398124782669,-0.015392869710922241,0.8125,10.622266858816147
11,PLAYERS AND ELECTRONICS,16.0,254.0,190.9429168701172,6.110966444015503,8.41901880350834,0.3849427681254453,3.9410679936408997,0.75,20.652710616588593
11,POULTRY,16.0,7193.46897,6558.16162109375,58.56182904113768,73.9834708906785,0.130255551051341,39.70669976989745,0.8125,202.17072631835936
11,PREPARED FOODS,16.0,1560.700002,1608.70361328125,26.700010247161863,31.085408801552628,0.273723433976337,-3.0002271355896024,0.8125,80.90373571777343
11,PRODUCE,16.0,25237.306,26058.7265625,144.07537554931636,179.40086760875175,0.09134120768631052,-51.338777526855466,0.9375,1119.7398155212402
11,SCHOOL AND OFFICE SUPPLIES,16.0,366.0,586.103271484375,16.215943813323975,23.143445082859134,0.7088937186133188,-13.756454467773438,0.75,35.26046967506409
11,SEAFOOD,16.0,180.0,148.3866729736328,6.506032004952431,8.914713703478922,0.5783139559925587,1.975832775235176,0.75,16.72730043530464
12,AUTOMOTIVE,16.0,111.0,39.4598388671875,4.511870734393597,5.591828330614356,0.650359745492317,4.471260152757168,0.6875,8.856788098812103
12,BABY CARE,16.0,0.0,6.097952842712402,0.3811220533680171,0.6816300156984383,6097952853.888273,-0.3811220533680171,0.75,4.628159996820614
12,BEAUTY,16.0,24.0,60.067840576171875,2.8125311478506774,4.130936932386017,1.875020765155659,-2.254239971982315,0.5625,8.914779725531115
12,BEVERAGES,16.0,26071.0,28805.685546875,215.2574234008789,247.18606499622263,0.13210535746284877,-170.91788482666016,0.9375,1175.9612302734374
12,BOOKS,16.0,0.0,6.097952842712402,0.3811220533680171,0.6816300156984383,6097952853.888273,-0.3811220533680171,0.75,4.628159996820614
12,BREAD/BAKERY,16.0,3142.0,3083.1435546875,24.56306552886963,31.89932572968344,0.12508244699611362,3.678511619567871,0.8125,104.41329705810547
12,CELEBRATION,16.0,220.0,91.81875610351562,10.877179026603699,18.972264242103037,0.7910675655675824,8.011327773332596,0.6875,14.208409488201141
12,CLEANING,16.0,17872.0,12869.716796875,378.1415710449219,712.7944025067361,0.33853318804377863,312.64270782470703,0.625,276.41859423828123
12,DAIRY,16.0,6196.0,7698.24853515625,95.69604110717773,116.22795966412464,0.2471169557318587,-93.89053344726562,0.75,248.57564376831053
12,DELI,16.0,3406.0,4065.274169921875,41.952813148498535,49.69438146240963,0.1970772197227773,-41.20462703704834,0.6875,127.92285839843751
12,EGGS,16.0,1124.0,1120.92138671875,36.188395500183105,47.101454990364225,0.5151373024932514,0.19241952896118164,0.4375,52.31561867904663
12,FROZEN FOODS,16.0,707.592,628.5618896484375,14.856125652313231,18.13099677992584,0.3359252371941398,4.939379035949706,0.75,40.4894152879715
12,GROCERY I,16.0,46183.0,48037.7109375,206.9749755859375,239.37750173249967,0.07170603056048608,-115.91937255859375,0.9375,1175.9612302734376
12,GROCERY II,16.0,117.0,163.35316467285156,4.975688263773918,7.47504504418681,0.6804360018777971,-2.897072985768318,0.6875,17.10133285820484
12,HARDWARE,16.0,8.0,11.977201461791992,0.5382389817386866,0.6993096812153713,1.0764779633428134,-0.24857511557638645,0.6875,5.517216707020998
12,HOME AND KITCHEN I,16.0,236.0,266.4349365234375,7.400802850723267,9.301696263448587,0.5017493458096208,-1.902182936668396,0.8125,25.780670642852783
12,HOME AND KITCHEN II,16.0,335.0,197.94300842285156,9.280069053173065,11.518368839098205,0.443227178657689,8.56606239080429,0.8125,19.963916540145874
12,HOME APPLIANCES,16.0,3.0,5.748440742492676,0.3120273444801569,0.5193958398154592,1.6641458366727881,-0.17177756316959858,0.75,4.619066385179758
12,HOME CARE,16.0,2724.0,3082.7138671875,27.29160499572754,33.72078799521845,0.16030311304386208,-22.41961669921875,0.875,104.41329705810547
12,LADIESWEAR,16.0,122.0,64.86222076416016,4.472497001290321,5.364821201459591,0.586556983770972,3.5711111575365067,0.8125,12.563102334737778
12,LAWN AND GARDEN,16.0,0.0,5.119850158691406,0.3199906498193741,0.6086022964498311,5119850397.109985,-0.3199906498193741,0.75,4.605295017361641
12,LINGERIE,16.0,93.0,275.7315673828125,11.471832379698753,13.29904382812615,1.9736485814323268,-11.420723900198936,0.5625,25.446123391389847
12,"LIQUOR,WINE,BEER",16.0,573.0,766.5733032226562,13.693413972854614,16.839173854933826,0.3823640899917827,-12.098330736160278,0.8125,42.58099353313446
12,MAGAZINES,16.0,27.0,12.671305656433105,1.4033707790076733,1.7161855658954914,0.8316271282700424,0.8955433927476406,0.75,5.002769979089498
12,MEATS,16.0,2453.561009,2531.76171875,25.02960728662109,30.48070396277724,0.16322142189119465,-4.887534822631837,0.75,86.78112605285644
12,PERSONAL CARE,16.0,3155.0,2959.346435546875,37.16065788269043,44.331875404775964,0.18845341556984418,12.228349685668945,0.6875,98.53590672302246
12,PET SUPPLIES,16.0,26.0,13.865996360778809,1.050852408632636,1.4793882128457603,0.6466784052875192,0.7583752442151308,0.9375,5.522109096497298
12,PLAYERS AND ELECTRONICS,16.0,118.0,46.92433166503906,4.728874497115612,6.3412180972013665,0.6412033216373609,4.442229352891445,0.625,9.612983006983995
12,POULTRY,16.0,2476.2039999999997,2660.81005859375,18.381242805480955,21.236109254717334,0.11877045868901615,-11.537887245178219,0.9375,83.84243088531494
12,PREPARED FOODS,16.0,531.0,473.9666748046875,7.317701816558838,12.587136021261237,0.22049572328572675,3.5645830631256104,0.875,33.16889142990112
12,PRODUCE,16.0,5641.04902,6317.3759765625,46.15737010314942,54.42328049807955,0.13091854352477506,-42.27046339538575,0.875,174.32777584838865
12,SCHOOL AND OFFICE SUPPLIES,16.0,80.0,455.137939453125,23.446120858192444,32.374821030372836,4.689224171579873,-23.446120858192444,0.4375,26.420725089311603
12,SEAFOOD,16.0,53.0,14.035667419433594,3.314729243516922,4.496815613758867,1.0006729791560394,2.435270756483078,0.6875,5.352263176441193
13,AUTOMOTIVE,16.0,88.0,34.37801742553711,3.6072853307705373,4.074325142678013,0.6558700601326446,3.351373980520293,0.8125,8.015862824814395
13,BABY CARE,16.0,0.0,5.178194522857666,0.32363714184612036,0.6122504811847533,5178194269.537926,-0.32363714184612036,0.75,4.60008430480957
13,BEAUTY,16.0,72.0,37.57991027832031,3.293532624375075,3.584818506721873,0.7318961387398514,2.1512554730288684,0.6875,7.865467998478562
13,BEVERAGES,16.0,26932.0,26212.166015625,218.8621063232422,270.6901890338325,0.13002352967368724,44.989593505859375,1.0,1175.9612302734374
13,BOOKS,16.0,0.0,5.178194522857666,0.32363714184612036,0.6122504811847533,5178194269.537926,-0.32363714184612036,0.75,4.60008430480957
13,BREAD/BAKERY,16.0,1926.0,2284.35107421875,24.656411170959473,31.696076652293996,0.20482999934327453,-22.396934509277344,0.6875,80.90373571777343
13,CELEBRATION,16.0,126.0,52.42686080932617,5.0302973836660385,6.654233899391138,0.6387679217303004,4.5983212143182755,0.8125,10.921976327896118
13,CLEANING,16.0,15075.0,11808.6279296875,269.55460357666016,595.1285955381422,0.28609443829030023,204.14824676513672,0.75,276.41859423828123
13,DAIRY,16.0,4432.0,4860.3603515625,38.685590744018555,47.032393868337316,0.1396591723610463,-26.77252960205078,0.75,137.20384188842775
13,DELI,16.0,2655.0,2766.60791015625,20.789463996887207,27.419169294876244,0.12528490544258758,-6.975491523742676,0.875,89.71982122039795
13,EGGS,16.0,839.0,921.8907470703125,20.154869556427002,24.926127606348178,0.3843598485130485,-5.180669784545898,0.625,45.718360900878906
13,FROZEN FOODS,16.0,540.0,532.4180908203125,7.957320332527161,9.033873575600914,0.23577245429666444,0.4738718271255493,0.9375,35.26046967506409
13,GROCERY I,16.0,47088.0,45775.2109375,265.7709045410156,385.5075974427386,0.09030611775093782,82.04949951171875,0.9375,1175.9612302734376
13,GROCERY II,16.0,233.0,195.5912322998047,7.986712157726288,10.069869161613765,0.5484437533179063,2.3380481004714966,0.5625,19.094044864177704
13,HARDWARE,16.0,1.0,5.204500675201416,0.38778130151331425,0.7312551467183219,6.204500818008527,-0.26278130151331425,0.75,4.626472134515643
13,HOME AND KITCHEN I,16.0,268.0,239.60670471191406,8.533507108688354,10.667888105966453,0.509463110964568,1.7745802402496338,0.875,23.833632707595825
13,HOME AND KITCHEN II,16.0,158.0,216.40081787109375,5.961508274078369,6.864991678697225,0.6036970404091786,-3.6500513553619385,1.0,25.236266434192657
13,HOME APPLIANCES,16.0,0.0,5.139658451080322,0.3212286392226815,0.5937988330372788,5139658227.562904,-0.3212286392226815,0.875,4.8187065677717325
13,HOME CARE,16.0,2375.0,2586.522705078125,18.795331478118896,22.660538279360363,0.12662118048411608,-13.220174312591553,0.9375,83.84243088531494
13,LADIESWEAR,16.0,26.0,10.397796630859375,1.1899063158780336,1.7123594352423708,0.7322500405121649,0.9751376826316118,0.9375,5.408662129938602
13,LAWN AND GARDEN,16.0,0.0,4.330424785614014,0.2706515360623598,0.539105868011733,4330424576.997757,-0.2706515360623598,0.8125,4.579418477043509
13,LINGERIE,16.0,48.0,14.177006721496582,2.499305906239897,3.7590716370063895,0.8331019687292761,2.1139370664022863,0.8125,6.00066338526085
13,"LIQUOR,WINE,BEER",16.0,661.0,642.22802734375,17.72033953666687,23.593244510266885,0.4289340886327398,1.1732466220855713,0.6875,39.443626165390015
13,MAGAZINES,16.0,17.0,10.140989303588867,1.2501903813681565,1.8926157296086898,1.1766497706302268,0.42868816148256883,0.5625,5.403054834867362
13,MEATS,16.0,2607.342025,2663.3232421875,24.518731424102786,32.999908926721005,0.15045962479183916,-3.4988294120788552,0.8125,83.84243088531494
13,PERSONAL CARE,16.0,3372.0,2980.33740234375,32.27248287200928,41.40434224986554,0.1531315913262145,24.47891902923584,0.6875,92.65851638793944
13,PET SUPPLIES,16.0,8.0,9.7748441696167,0.6414469922601711,0.9012952459320701,1.2828939843599805,-0.1109277620271314,0.9375,4.965285175602185
13,PLAYERS AND ELECTRONICS,16.0,94.0,64.43330383300781,2.8088441900908947,3.3521188252197347,0.4781011387337895,1.847918312996626,0.875,11.912498462945223
13,POULTRY,16.0,1567.274,1672.0166015625,21.944487705230713,26.70272729784377,0.2240270707505308,-6.546411167144772,0.875,72.1073920135498
13,PREPARED FOODS,16.0,367.0,343.36517333984375,6.977973520755768,9.140679914378193,0.30421682924192933,1.477176010608673,0.875,28.100321888923645
13,PRODUCE,16.0,3253.296,3382.0595703125,34.46069104003906,41.53603136806879,0.16948075325468556,-8.047711700439452,0.75,107.35199222564698
13,SCHOOL AND OFFICE SUPPLIES,16.0,73.0,901.8741455078125,51.80463171005249,79.0139205086521,11.35443982670528,-51.80463171005249,0.5625,37.6453023545742
13,SEAFOOD,16.0,20.0,11.084607124328613,1.3177879601716995,1.9289956740059377,1.054230368084648,0.5572120398283005,0.875,5.352263176441193
14,AUTOMOTIVE,16.0,58.0,46.823577880859375,2.108130424283445,2.7178753138589085,0.581553220481958,0.6985266199335456,0.8125,9.406321743316948
14,BABY CARE,16.0,0.0,13.183526992797852,0.8239704165607691,1.1712743187834922,13183526664.972305,-0.8239704165607691,0.75,5.740144307538866
14,BEAUTY,16.0,39.0,67.69588470458984,3.1533971345052123,4.260044165226774,1.2937013884817872,-1.7934926534071565,0.75,11.45754952672869
14,BEVERAGES,16.0,27528.0,25007.328125,319.6048126220703,471.16693518975427,0.18576275072482343,157.54200744628906,0.8125,1175.9612302734376
14,BOOKS,16.0,0.0,13.183526992797852,0.8239704165607691,1.1712743187834922,13183526664.972305,-0.8239704165607691,0.75,5.740144307538866
14,BREAD/BAKERY,16.0,2755.0,2756.18994140625,23.513479232788086,28.825173176495724,0.13655741115225872,-0.07437705993652344,0.8125,83.84243088531494
14,CELEBRATION,16.0,173.0,111.5149917602539,5.819743484258652,9.158131603454796,0.5382421719514462,3.842813104391098,0.625,14.81912612915039
14,CLEANING,16.0,22388.0,17822.216796875,506.0902862548828,913.3795485653128,0.36168682240833316,285.36145782470703,0.4375,557.5256679992676
14,DAIRY,16.0,6158.0,6932.6416015625,55.99017333984375,68.2941395295835,0.14547625421197702,-48.41508483886719,0.875,220.73269329833983
14,DELI,16.0,4166.0,4550.0078125,50.72234058380127,56.98155143948518,0.19480495663481168,-24.000494956970215,0.625,127.92285839843751
14,EGGS,16.0,610.0,715.4683837890625,15.149587512016296,21.74865777592254,0.39736622982272685,-6.591774106025696,0.75,44.672571778297424
14,FROZEN FOODS,16.0,716.895004,778.5615234375,9.658555729049683,11.702966248817622,0.21556419113304265,-3.8541557959136963,1.0,44.672571778297424
14,GROCERY I,16.0,49859.0,48030.58203125,361.5670471191406,435.0169013862105,0.11602865588772607,114.276123046875,0.875,1175.9612302734376
14,GROCERY II,16.0,64.0,222.61297607421875,9.96278628706932,11.775076372560008,2.490696571728413,-9.913311213254929,0.5,21.647618651390076
14,HARDWARE,16.0,5.0,15.223429679870605,0.6956525449641049,1.0379034803648945,2.226088143439918,-0.6389643107540905,0.6875,6.007402784097939
14,HOME AND KITCHEN I,16.0,153.0,291.26104736328125,10.429751545190811,13.63550675349245,1.0906929720389693,-8.641314834356308,0.8125,26.896098017692566
14,HOME AND KITCHEN II,16.0,370.0,242.74021911621094,9.71597421169281,13.639965630374238,0.42015023618017516,7.953735947608948,0.8125,24.865599632263184
14,HOME APPLIANCES,16.0,1.0,13.356840133666992,0.7723025092855096,1.200362151197191,12.356840136211312,-0.7723025092855096,0.75,5.728170165605842
14,HOME CARE,16.0,3289.0,3629.94189453125,36.30112361907959,41.32148885848986,0.17659409483280536,-21.308850288391113,0.75,110.29068739318848
14,LADIESWEAR,16.0,15.0,19.35753631591797,1.5833376850932837,1.8105314756861268,1.6888935306535764,-0.2723460625857115,0.6875,6.634343828633428
14,LAWN AND GARDEN,16.0,0.0,11.751611709594727,0.7344757253304124,1.0772041171449107,11751611605.286598,-0.7344757253304124,0.6875,5.4568436348810785
14,LINGERIE,16.0,55.0,30.912109375,2.2936837086454034,3.0079409333408442,0.6672534425028946,1.5054932413622737,0.875,7.446154895983637
14,"LIQUOR,WINE,BEER",16.0,254.0,429.56134033203125,12.713599920272827,14.247449510271387,0.8008566878880488,-10.972584247589111,0.6875,33.130645632743835
14,MAGAZINES,16.0,34.0,21.171232223510742,1.475401080911979,1.9581363588431764,0.6943063909969812,0.8017980048898607,0.875,7.094645914575085
14,MEATS,16.0,4095.44101,4516.62890625,58.63074173034667,80.59816341527184,0.22905759487067248,-26.32426068176269,0.625,143.54613021087647
14,PERSONAL CARE,16.0,4400.0,4366.29296875,40.23372554779053,51.44121895343487,0.14630445653738683,2.106682777404785,0.8125,127.92285839843751
14,PET SUPPLIES,16.0,15.0,23.377464294433594,1.1363942995667458,1.4998010626106488,1.2121539194570519,-0.5235915007069707,0.8125,7.493958885408938
14,PLAYERS AND ELECTRONICS,16.0,91.0,45.624916076660156,3.4489226676523685,4.5086413380828665,0.6064039855146318,2.8359428383409977,0.875,9.957058019936085
14,POULTRY,16.0,1396.120998,1526.594482421875,21.969555399963376,26.030908823045657,0.2517782390657534,-8.154593730041505,0.75,63.31104830932617
14,PREPARED FOODS,16.0,1521.0,1373.81103515625,15.61014175415039,17.668180250855528,0.1642092492217239,9.199307441711426,0.9375,69.90830608749388
14,PRODUCE,16.0,6310.684,7386.83642578125,67.62543891906736,80.30743085262642,0.1714563782158806,-67.25952088928221,0.8125,230.01367678833006
14,SCHOOL AND OFFICE SUPPLIES,16.0,50.0,127.45236206054688,5.09077262878418,9.015021054893362,1.6290472411783568,-4.84077262878418,0.875,14.969618195295334
14,SEAFOOD,16.0,78.0,27.75706672668457,4.433142064139247,4.8774862680492514,0.9093624746835716,3.140183327719569,0.4375,7.017269647866488
15,AUTOMOTIVE,16.0,71.0,36.639774322509766,2.5422450080513954,3.1838792130681894,0.5729002834964708,2.1475141122937202,0.875,8.588557552546263
15,BABY CARE,16.0,13.0,28.74302101135254,1.709571455605328,2.1895909362285395,2.104087945198551,-0.9839388830587268,0.625,7.495756646804511
15,BEAUTY,16.0,60.0,64.69763946533203,2.5003700498491526,3.2407529443534315,0.6667653466153279,-0.293602442368865,0.9375,11.256610166281462
15,BEVERAGES,16.0,27965.0,29099.0546875,177.2445526123047,207.22187055751425,0.10140936319673784,-70.87849426269531,1.0,1175.9612302734374
15,BOOKS,16.0,0.0,11.05769157409668,0.691105735488236,1.0035540745433489,11057691767.811775,-0.691105735488236,0.5,5.45804538577795
15,BREAD/BAKERY,16.0,2498.0,2725.72216796875,27.305792808532715,34.79423876835531,0.17489699156779365,-14.232636451721191,0.8125,86.78112605285644
15,CELEBRATION,16.0,62.0,23.75732421875,3.350543312728405,5.591019193083464,0.8646563387546746,2.390167348086834,0.75,7.25686422213912
15,CLEANING,16.0,15427.0,14321.92578125,198.51499938964844,245.58288098253863,0.2058883768868976,69.06708526611328,0.4375,276.41859423828123
15,DAIRY,16.0,5320.0,6332.5625,67.77198791503906,80.67082261951057,0.20382552756398892,-63.285160064697266,0.625,183.6087593383789
15,DELI,16.0,4109.0,4722.9365234375,49.36428928375244,55.28259550019012,0.19221918436112115,-38.37102222442627,0.6875,127.92285839843751
15,EGGS,16.0,1647.0,1483.0914306640625,18.95962905883789,25.13513943657139,0.1841858317797341,10.244287490844727,0.8125,67.70922016143798
15,FROZEN FOODS,16.0,1083.0,980.2684936523438,12.176998853683472,15.245018955583369,0.1799002600727199,6.4207189083099365,0.875,50.11653275299072
15,GROCERY I,16.0,44134.0,45840.20703125,214.77163696289062,257.3618771810533,0.07786165295251217,-106.63790893554688,0.9375,1175.9612302734376
15,GROCERY II,16.0,96.0,121.46239471435547,5.511254549026489,7.733292466795095,0.91854242482818,-1.5913992524147034,0.625,15.443226590752602
15,HARDWARE,16.0,23.0,15.810510635375977,1.7058184407651424,2.04613903985267,1.1866563065676359,0.44934310764074326,0.6875,5.8183769173920155
15,HOME AND KITCHEN I,16.0,193.0,345.4851379394531,10.113895893096924,14.1104651103351,0.8384576906150898,-9.530322313308716,0.75,30.50123518705368
15,HOME AND KITCHEN II,16.0,301.0,230.56370544433594,6.968195557594299,8.184997405254022,0.3704024216649116,4.4022685289382935,0.875,24.778563797473907
15,HOME APPLIANCES,16.0,3.0,10.530267715454102,0.6191908027976751,0.9295025496973189,3.3023509471534838,-0.4706417750567198,0.75,5.652155321836471
15,HOME CARE,16.0,3595.0,3726.498291015625,32.136109352111816,36.02551498522476,0.14302579961992937,-8.218640327453613,0.9375,124.984163230896
15,LADIESWEAR,16.0,125.0,89.06208801269531,3.4961532652378082,4.15171382158323,0.4475076179468594,2.24611958861351,0.9375,13.834377065300941
15,LAWN AND GARDEN,16.0,0.0,9.62578010559082,0.6016112426295877,0.9132919673263554,9625779882.073402,-0.6016112426295877,0.75,5.417473932914436
15,LINGERIE,16.0,55.0,38.57931137084961,2.3822260866872966,3.2123576352137193,0.6930112252055225,1.0262931357137859,0.75,8.537745705712586
15,"LIQUOR,WINE,BEER",16.0,365.0,497.1566162109375,10.797133088111877,12.62868276952823,0.4732989846830596,-8.25978934764862,0.8125,32.12310230731964
15,MAGAZINES,16.0,33.0,19.08375358581543,1.5595070458948612,1.8668006758477975,0.7561246282897472,0.869765292853117,0.8125,6.326026580482721
15,MEATS,16.0,2098.4029899999996,2201.134033203125,22.600552457733155,26.907720976732566,0.17232573583187577,-6.420691630706787,0.75,80.90373571777343
15,PERSONAL CARE,16.0,3202.0,3127.704345703125,42.826520919799805,55.024507997233805,0.21399885531436066,4.643476486206055,0.6875,101.47460189056397
15,PET SUPPLIES,16.0,11.0,17.428085327148438,1.2640844453126192,1.599075219924426,1.8386682839239308,-0.401755278930068,0.75,6.08096149340272
15,PLAYERS AND ELECTRONICS,16.0,91.0,43.87042999267578,3.7525202184915543,4.510026742432763,0.6597837746725833,2.9455982595682144,0.875,10.915829166769981
15,POULTRY,16.0,1815.0990040000001,1792.99072265625,15.796568727630616,19.11829271737776,0.1392459028873725,1.3817671071472173,1.0,80.90373571777343
15,PREPARED FOODS,16.0,721.0,638.9032592773438,9.658888936042786,12.539551912195348,0.21434427597291295,5.131047368049622,0.8125,43.62678265571594
15,PRODUCE,16.0,10001.996,11764.4736328125,120.52042373657227,143.60581927028826,0.19279419625692348,-110.15483297729493,0.625,332.6400089904785
15,SCHOOL AND OFFICE SUPPLIES,16.0,69.0,944.680908203125,54.73005819320679,82.88589731073921,12.691027986646631,-54.73005819320679,0.5625,37.6453023545742
15,SEAFOOD,16.0,76.0,22.57095718383789,5.45636508683674,6.198251263639638,1.148708439318936,3.339315154356882,0.25,6.044792480813339
16,AUTOMOTIVE,16.0,74.0,33.900367736816406,3.1860572898294777,4.020314959856188,0.688877251845713,2.5062269472982734,0.8125,9.104139511520042
16,BABY CARE,16.0,5.0,8.138383865356445,0.631006965006236,0.9183244984298764,2.0192222876161106,-0.19614897068822756,0.8125,4.929145776818041
16,BEAUTY,16.0,24.0,24.753814697265625,1.9433190068230033,2.88031176814114,1.2955460044946878,-0.04711336735635996,0.5,6.213924060203135
16,BEVERAGES,16.0,24542.0,22830.40625,271.25191497802734,336.9408896610684,0.1768409518233339,106.97454071044922,0.8125,1063.518400769043
16,BOOKS,16.0,0.0,8.124288558959961,0.5077680004760623,0.8424839224578589,8124288007.616996,-0.5077680004760623,0.6875,4.928264806605876
16,BREAD/BAKERY,16.0,2569.0,2538.32421875,26.03514003753662,34.083749227322095,0.16214956815898163,1.917231559753418,0.75,86.78112605285644
16,CELEBRATION,16.0,87.0,54.103302001953125,4.455360192339867,5.464869483890146,0.819376587087569,2.056043583434075,0.5,10.57833105130121
16,CLEANING,16.0,13600.0,15093.84765625,272.18519592285156,344.3070199814197,0.3202178775562724,-93.36546325683594,0.375,332.64000899047846
16,DAIRY,16.0,4214.0,4412.642578125,24.088940620422363,29.813523940199676,0.0914625177804144,-12.415156364440918,1.0,127.92285839843751
16,DELI,16.0,2625.0,2840.52099609375,25.37808609008789,31.553685036286,0.15468547712047678,-13.470062255859375,0.8125,92.65851638793944
16,EGGS,16.0,2857.0,2511.58984375,49.55775785446167,81.92862438832663,0.27753732085093075,21.588139057159424,0.625,92.65851638793944
16,FROZEN FOODS,16.0,569.750001,661.72412109375,12.66104442640686,14.902414521988751,0.35555368225818434,-5.74838393637085,0.875,42.688501214027404
16,GROCERY I,16.0,35369.0,35841.16796875,239.07089233398438,275.7473444477508,0.10814934765878713,-29.510467529296875,0.875,1175.9612302734376
16,GROCERY II,16.0,87.0,97.40947723388672,6.118357200175524,7.799503895459636,1.125215117260726,-0.650592278689146,0.5,14.284048039466143
16,HARDWARE,16.0,4.0,11.552698135375977,0.6347790025174618,1.0473716354544524,2.539116009435068,-0.4720436595380306,0.75,5.455632875487208
16,HOME AND KITCHEN I,16.0,202.0,157.10133361816406,6.174855619668961,7.194650170734867,0.48909747482284294,2.8061669170856476,0.6875,18.360778331756592
16,HOME AND KITCHEN II,16.0,227.0,141.92822265625,5.644017517566681,6.449030196954497,0.39781621269017214,5.316986501216888,1.0,15.704539179801941
16,HOME APPLIANCES,16.0,6.0,7.700098991394043,0.4092379133217037,0.8077706187171652,1.0913011020093262,-0.1062561790458858,1.0,5.124355166684836
16,HOME CARE,16.0,2658.0,2995.032470703125,25.39871597290039,30.359426011188347,0.15288918569084023,-21.064529418945312,0.8125,95.59721155548095
16,LADIESWEAR,16.0,0.0,7.031386375427246,0.43946163496002555,0.7577681506115955,7031386159.360409,-0.43946163496002555,0.8125,4.887283343356103
16,LAWN AND GARDEN,16.0,0.0,7.031386375427246,0.43946163496002555,0.7577681506115955,7031386159.360409,-0.43946163496002555,0.8125,4.887283343356103
16,LINGERIE,16.0,49.0,16.875484466552734,2.484175526537001,2.858479526248079,0.8111593555873645,2.007782199420035,0.875,6.0459191495552655
16,"LIQUOR,WINE,BEER",16.0,530.0,1070.314453125,42.216516971588135,55.57183930828216,1.2744608897059164,-33.76965045928955,0.375,52.31561867904663
16,MAGAZINES,16.0,29.0,13.074113845825195,1.3308353498578072,1.5466288552823493,0.7342539861031262,0.9953678622841835,0.875,5.493472792953252
16,MEATS,16.0,903.293,806.2144775390625,14.914967878341674,18.142523748919388,0.2641883486899628,6.067407415390013,0.8125,45.718360900878906
16,PERSONAL CARE,16.0,2233.0,2366.359375,20.580805778503418,26.163045541218132,0.14746658865020476,-8.334959983825684,0.875,86.78112605285644
16,PET SUPPLIES,16.0,18.0,16.733837127685547,0.873166037723422,1.147525868411432,0.776147589044367,0.07913519255816936,0.9375,6.523968217521906
16,PLAYERS AND ELECTRONICS,16.0,60.0,32.91680145263672,2.184729569591582,2.8563373172240136,0.5825945518813787,1.69269981328398,0.9375,8.089491425454616
16,POULTRY,16.0,1132.927,1135.153564453125,12.460094539642334,18.685860564471422,0.17597030756094734,-0.13916075515747028,0.9375,54.51470460510254
16,PREPARED FOODS,16.0,627.0,454.8184814453125,12.60462212562561,13.774131920284843,0.3216490494572378,10.761345863342285,0.75,33.16889142990112
16,PRODUCE,16.0,9273.122000000001,9691.1591796875,44.07615164184571,53.04454588868026,0.07604973020622992,-26.127323730468742,1.0,276.41859423828123
16,SCHOOL AND OFFICE SUPPLIES,16.0,0.0,0.0,0.0,0.0,0.0,0.0,1.0,3.9998541831970216
16,SEAFOOD,16.0,19.0,0.0,1.1875,2.0463381929681126,0.9999999999473684,1.1875,0.875,3.9998541831970216
17,AUTOMOTIVE,16.0,147.0,100.7608642578125,5.117411032319069,6.695988271760496,0.5569971191601912,2.88994599878788,0.8125,13.697028860449791
17,BABY CARE,16.0,12.0,24.36263656616211,0.9430649094283581,1.16098534660857,1.2574198791330258,-0.7726648114621639,0.875,7.487140024825931
17,BEAUTY,16.0,42.0,125.21989440917969,5.537029042840004,6.846463965175529,2.10934439722216,-5.201243683695793,0.5625,15.80014318227768
17,BEVERAGES,16.0,49469.0,55217.8125,379.24488830566406,429.9332294307511,0.12266102433626115,-359.30104064941406,0.5625,1175.9612302734376
17,BOOKS,16.0,0.0,19.511310577392578,1.2194569204002619,1.5039923437946436,19511310726.40419,-1.2194569204002619,0.625,6.603661977872252
17,BREAD/BAKERY,16.0,5215.0,6003.68798828125,49.29300117492676,61.25448470303914,0.1512345194244826,-49.29300117492676,0.6875,165.04679235839842
17,CELEBRATION,16.0,126.0,75.6822509765625,4.955017536878586,9.611697690985096,0.6292085761065728,3.1448595225811005,0.6875,13.697028860449791
17,CLEANING,16.0,19908.0,18251.529296875,205.40716171264648,320.9049990608757,0.16508512092637023,103.52946090698242,0.8125,501.3042532470703
17,DAIRY,16.0,11906.0,12963.91015625,98.49015426635742,119.8371228608505,0.13235700220574387,-66.11933517456055,0.625,276.41859423828123
17,DELI,16.0,8227.0,9124.39453125,74.53129386901855,93.19788239160148,0.14494964165602917,-56.08719825744629,0.75,267.13761074829097
17,EGGS,16.0,3258.0,3357.91455078125,48.51860570907593,55.656187761123974,0.23827430673572025,-6.24465799331665,0.625,98.53590672302246
17,FROZEN FOODS,16.0,1771.2640000000001,1833.0386962890625,19.50884532546997,24.215900278441627,0.17622529741887336,-3.8609142265319827,0.875,80.90373571777343
17,GROCERY I,16.0,73770.0,74537.5,257.25657653808594,326.44359662108957,0.055796465021137574,-47.96903991699219,0.8125,1175.9612302734376
17,GROCERY II,16.0,247.0,230.35113525390625,7.56141859292984,8.971216359033884,0.48980849184772324,1.0405541062355042,0.8125,22.65310549736023
17,HARDWARE,16.0,27.0,25.16039276123047,1.2199206666555256,1.5225903496889306,0.7229159505839071,0.114975476404652,0.875,7.8231670508626845
17,HOME AND KITCHEN I,16.0,438.0,355.1020202636719,6.277594268321991,8.351749940320405,0.22931851208429804,5.181123912334442,0.9375,28.768238604068756
17,HOME AND KITCHEN II,16.0,428.0,279.58258056640625,10.274021565914154,12.724977799970699,0.3840755725566411,9.276087462902069,0.625,28.522475838661194
17,HOME APPLIANCES,16.0,2.0,23.137306213378906,1.3210817063227296,1.5627121863074684,10.568653645297509,-1.3210817063227296,0.5625,7.178162108920515
17,HOME CARE,16.0,4727.0,5391.7373046875,46.03059101104736,60.882061883590964,0.15580483523939115,-41.54606342315674,0.875,146.48482537841795
17,LADIESWEAR,16.0,3.0,20.782638549804688,1.111414949875325,1.3997879517854774,5.927546397359218,-1.111414949875325,0.625,6.4103665827773515
17,LAWN AND GARDEN,16.0,0.0,17.38227653503418,1.086392310447991,1.3995437871656553,17382276967.167854,-1.086392310447991,0.625,6.291520093195141
17,LINGERIE,16.0,144.0,215.02207946777344,7.548531606793404,11.270275681836129,0.8387257340823315,-4.438879832625389,0.75,21.207395896315575
17,"LIQUOR,WINE,BEER",16.0,741.0,775.4486083984375,17.182106733322144,22.19141444439423,0.37100365416030134,-2.153038263320923,0.8125,45.82586858177185
17,MAGAZINES,16.0,68.0,42.16077423095703,2.3555279076099396,2.997661909815416,0.5542418606059528,1.6149515509605408,0.9375,10.476646229624748
17,MEATS,16.0,4229.419019999999,4495.07568359375,27.472266534118653,33.52975042295212,0.1039282848228631,-16.603546242980958,0.9375,127.92285839843751
17,PERSONAL CARE,16.0,4646.0,4670.5078125,31.86713695526123,45.816262522676844,0.1097447678183534,-1.5317583084106445,0.875,137.20384188842775
17,PET SUPPLIES,16.0,41.0,34.24400329589844,1.3833560794591904,1.7004286927162187,0.5398462748977366,0.42224976420402527,0.9375,8.789450377225876
17,PLAYERS AND ELECTRONICS,16.0,157.0,92.02139282226562,4.8606754541397095,5.927924516954103,0.4953554602913376,4.061162710189819,0.875,14.07106128334999
17,POULTRY,16.0,6075.139,5970.6064453125,50.506354614257816,69.11334338625213,0.1330178081238951,6.533288482666006,0.875,174.32777584838865
17,PREPARED FOODS,16.0,974.0,792.828857421875,12.856558561325073,14.475778618354061,0.21119603386138602,11.323195695877075,0.9375,45.718360900878906
17,PRODUCE,16.0,23679.436999999998,25727.921875,152.02876190185546,173.22243165736313,0.10272457873173188,-128.03032757568357,0.9375,1063.5184007690432
17,SCHOOL AND OFFICE SUPPLIES,16.0,185.0,204.6273956298828,5.756703734397888,9.90628275899913,0.49787707972901807,-1.2267125844955444,0.9375,16.667302906513214
17,SEAFOOD,16.0,217.0,242.58880615234375,4.544958204030991,5.3435049380130675,0.3351121256412937,-1.5992996990680695,0.9375,25.005861222743988
18,AUTOMOTIVE,16.0,69.0,38.33695983886719,1.9602812863886356,2.4913923978189403,0.4545579794458494,1.916440162807703,1.0,8.758795157074928
18,BABY CARE,16.0,5.0,13.92197322845459,1.057623297907412,1.5190844024481105,3.3843945526268397,-0.557623297907412,0.5,5.793464203737676
18,BEAUTY,16.0,75.0,150.79095458984375,6.416897282004356,8.296856379012828,1.3689380868093435,-4.736933931708336,0.875,18.066421419382095
18,BEVERAGES,16.0,34551.0,42003.19140625,465.761962890625,496.222562712979,0.2156867067885093,-465.761962890625,0.3125,1175.9612302734376
18,BOOKS,16.0,0.0,11.816349983215332,0.738521889783442,1.075507066530418,11816350236.535072,-0.738521889783442,0.6875,5.689526371471583
18,BREAD/BAKERY,16.0,8778.0,10446.390625,105.27241897583008,115.72214233465704,0.19188410840887324,-104.2744026184082,0.6875,276.41859423828123
18,CELEBRATION,16.0,148.0,71.53343963623047,5.107005417346954,6.279959401199172,0.5521086937635079,4.7791600823402405,0.8125,12.200899168848991
18,CLEANING,16.0,10483.0,10380.8125,62.36616325378418,84.65998133553977,0.0951882678680198,6.386747360229492,0.9375,276.41859423828123
18,DAIRY,16.0,9360.0,11557.74609375,137.35913848876953,150.52578597883902,0.23480194613462368,-137.35913848876953,0.5,276.41859423828123
18,DELI,16.0,3344.8369999999995,4143.3798828125,56.542843872070314,67.83357728180641,0.2704722238939759,-49.90894543457031,0.5625,122.0454680633545
18,EGGS,16.0,2974.0,3316.8427734375,42.107421875,50.41188019298637,0.22653623066569384,-21.427682876586914,0.6875,104.41329705810547
18,FROZEN FOODS,16.0,979.302,1128.8292236328125,15.798505807876586,18.84904090763377,0.25811863237874244,-9.345452192306517,0.875,52.31561867904663
18,GROCERY I,16.0,47553.649000000005,49108.84375,223.01442163085937,257.5590574201567,0.07503589779395635,-97.19954980468754,0.9375,1175.9612302734376
18,GROCERY II,16.0,236.0,188.8378448486328,7.671557128429413,10.037084528812034,0.5201055680269089,2.947634994983673,0.75,18.506422638893127
18,HARDWARE,16.0,15.0,14.539634704589844,1.3312196389306337,1.4902171032275222,1.419967614764678,0.028772818157449365,0.8125,6.258577781310304
18,HOME AND KITCHEN I,16.0,313.0,563.248779296875,17.62183177471161,23.639581019015083,0.900796512442444,-15.640549778938293,0.75,36.30625879764557
18,HOME AND KITCHEN II,16.0,342.0,268.7913818359375,6.426938474178314,7.5852078324088605,0.3006754841712057,4.575538456439972,0.8125,24.46061021089554
18,HOME APPLIANCES,16.0,1.0,14.6087064743042,0.8674426190555096,1.2771277995838974,13.87908189100907,-0.8505441434681416,0.5625,5.569739319384098
18,HOME CARE,16.0,3124.0,3626.1044921875,35.95774841308594,43.08994286715447,0.1841626039081917,-31.381532669067383,0.6875,119.106772895813
18,LADIESWEAR,16.0,159.0,114.90531158447266,5.120837792754173,6.64482416521692,0.5153044319720218,2.755917862057686,0.6875,14.44509370625019
18,LAWN AND GARDEN,16.0,59.0,71.26820373535156,2.4753056690096855,3.5218792624438353,0.6712693339573509,-0.7667626366019249,0.8125,12.352339889854193
18,LINGERIE,16.0,103.0,227.05897521972656,8.917742595076561,10.509532654819187,1.3852804031052397,-7.753686532378197,0.5625,22.443688690662384
18,"LIQUOR,WINE,BEER",16.0,917.0,1032.479248046875,20.963090896606445,23.259580295511377,0.3657682162980778,-7.217451572418213,0.6875,50.11653275299072
18,MAGAZINES,16.0,37.0,19.055593490600586,1.5008547657635063,1.9921061361398391,0.6490182770693806,1.1215254270937294,0.9375,6.816462967777625
18,MEATS,16.0,1668.159004,2088.67822265625,33.326031991821296,50.57374671831166,0.319643697387507,-26.28244735131836,0.8125,84.58204012680054
18,PERSONAL CARE,16.0,2754.0,3180.8779296875,30.042444229125977,39.34047518566483,0.17453852856421245,-26.679872512817383,0.6875,101.47460189056397
18,PET SUPPLIES,16.0,58.0,38.127540588378906,1.7458055168390274,2.3321251295009775,0.4816015218783248,1.2420286983251572,1.0,9.166070219129324
18,PLAYERS AND ELECTRONICS,16.0,126.0,64.29988098144531,4.086740255355835,4.92202895490229,0.5189511435331302,3.85625758767128,0.9375,12.571390509605408
18,POULTRY,16.0,2936.184,3493.433837890625,41.445189231872554,49.04914468158518,0.22584518807735993,-34.82810819244385,0.75,110.29068739318848
18,PREPARED FOODS,16.0,886.2370020000001,900.7127685546875,11.06453045729065,15.769547380162745,0.1997574993110597,-0.9047346944122312,0.875,47.917446826934814
18,PRODUCE,16.0,29375.894,33047.1796875,229.45539361572264,260.0730461953769,0.12497615554615758,-229.45539361572264,0.9375,1119.7398155212404
18,SCHOOL AND OFFICE SUPPLIES,16.0,746.0,819.4180297851562,21.68672776222229,25.764467655972666,0.4651308903419457,-4.5886266231536865,0.625,43.62678265571594
18,SEAFOOD,16.0,236.84900050000002,167.7525634765625,7.352891178556442,8.69753474302611,0.49671418755430363,4.318527045743942,0.875,18.769360437989235
19,AUTOMOTIVE,16.0,107.0,53.62684631347656,4.094905160367489,5.031634970875835,0.6123222669651168,3.3358221873641014,0.75,10.819460906088352
19,BABY CARE,16.0,9.0,6.946480751037598,0.6224644233006984,0.8147655795378619,1.1066034190782856,0.12834491324611008,0.875,4.891648980556056
19,BEAUTY,16.0,59.0,74.45611572265625,3.8420717818662524,4.811140537349662,1.0419177713359005,-0.9660073416307569,0.75,10.65383006092161
19,BEVERAGES,16.0,43124.0,42502.51953125,295.0089111328125,381.27168541595717,0.10945511961146673,38.842498779296875,0.875,1175.9612302734376
19,BOOKS,16.0,0.0,6.291258335113525,0.39320364317973144,0.7052359565831487,6291258290.875703,-0.39320364317973144,0.8125,4.863512543059187
19,BREAD/BAKERY,16.0,2920.0,2822.912841796875,32.8402156829834,42.64903157155144,0.17994638730395698,6.06794548034668,0.75,92.65851638793944
19,CELEBRATION,16.0,111.0,47.59086227416992,4.552821911871433,5.428146852675855,0.6562626179215015,3.9630711749196053,0.8125,10.724246580153704
19,CLEANING,16.0,15321.0,15279.029296875,123.34099960327148,148.19497151370607,0.12880725759755987,2.6231956481933594,0.5,388.86142374267575
19,DAIRY,16.0,5602.0,6200.1181640625,51.469804763793945,64.3260538844394,0.14700408358096323,-37.38238334655762,0.8125,174.32777584838865
19,DELI,16.0,4902.0,5212.0283203125,44.35366725921631,58.92160974587707,0.14476921178035823,-19.376778602600098,0.8125,146.48482537841795
19,EGGS,16.0,991.0,1144.022705078125,14.662017107009888,18.301929167373,0.23672277872040512,-9.563914060592651,0.9375,56.713790531158445
19,FROZEN FOODS,16.0,714.432,734.95751953125,9.78912060546875,13.445926791768413,0.21923140297086463,-1.2828416328430174,0.9375,45.718360900878906
19,GROCERY I,16.0,55599.0,56017.0859375,302.88832092285156,325.99201085669705,0.08716367443237356,-26.130325317382812,0.875,1175.9612302734376
19,GROCERY II,16.0,260.0,586.2848510742188,24.331427097320557,30.118408574853785,1.497318590598583,-20.39280366897583,0.5,36.30625879764557
19,HARDWARE,16.0,25.0,10.737537384033203,1.4221759382635355,2.0473585246646198,0.910192600452255,0.8914039004594088,0.8125,5.203269726037979
19,HOME AND KITCHEN I,16.0,212.0,303.58184814453125,8.478879690170288,11.384734288916295,0.6399154483117203,-5.723865866661072,0.9375,26.474769055843353
19,HOME AND KITCHEN II,16.0,370.0,159.0968475341797,14.813104212284088,31.28220400078291,0.6405666686375807,13.18144702911377,0.625,17.47536528110504
19,HOME APPLIANCES,16.0,3.0,7.148841381072998,0.45510032027959824,0.8056767187493613,2.42720170734879,-0.25930260866880417,0.8125,4.874536076188088
19,HOME CARE,16.0,3029.0,3219.81103515625,28.652923583984375,38.031637883387546,0.1513525181061732,-11.925699234008789,0.8125,101.47460189056396
19,LADIESWEAR,16.0,141.0,79.55924987792969,4.5457355082035065,8.212663781834868,0.5158281427712077,3.8400466442108154,0.8125,12.920613661408424
19,LAWN AND GARDEN,16.0,0.0,5.3525614738464355,0.3345350846648216,0.6272977349433998,5352561354.637146,-0.3345350846648216,0.75,4.605295017361641
19,LINGERIE,16.0,69.0,41.1131591796875,2.8088810867629945,3.6361367960646582,0.6513347447471968,1.7429274446330965,0.875,9.46128436261788
19,"LIQUOR,WINE,BEER",16.0,660.0,731.6736450195312,20.51089596748352,25.424253133632924,0.4972338416352108,-4.479601860046387,0.625,40.4894152879715
19,MAGAZINES,16.0,41.0,16.709123611450195,2.0737212602980435,3.1511869265135806,0.8092570771697425,1.5181797300465405,0.75,6.323788461368531
19,MEATS,16.0,2470.17997,2240.05517578125,22.810405289306644,29.65971763358413,0.14774894504093908,14.382795823974611,0.875,86.78112605285644
19,PERSONAL CARE,16.0,3169.0,3187.6962890625,26.444706916809082,28.90606701233801,0.13351698033095985,-1.1685075759887695,0.9375,101.47460189056396
19,PET SUPPLIES,16.0,24.0,14.03199577331543,1.0677528493106365,1.2742812388271036,0.7118352328440979,0.6230002827942371,0.9375,5.92297775298357
19,PLAYERS AND ELECTRONICS,16.0,87.0,47.17279052734375,3.2762506306171417,4.183237845164631,0.6025288516008246,2.489200711250305,0.875,10.327680725604296
19,POULTRY,16.0,2197.523,2356.1982421875,26.88357694625854,29.37676294549184,0.19573730565729727,-9.917200252532961,0.875,84.58204012680054
19,PREPARED FOODS,16.0,427.0,362.4338684082031,6.02237868309021,8.719843015763841,0.22566290147357776,4.0353827476501465,0.875,28.985734939575195
19,PRODUCE,16.0,7709.32,8018.8974609375,67.59475593566896,86.05621394256319,0.14028683398413389,-19.34858940124512,0.8125,248.57564376831053
19,SCHOOL AND OFFICE SUPPLIES,16.0,69.0,1151.860107421875,67.67875576019287,91.8437131031624,15.69362452387525,-67.67875576019287,0.4375,47.25828754639625
19,SEAFOOD,16.0,87.0,19.180227279663086,4.761264234781265,5.703227865696587,0.8756348017887886,4.238735765218735,0.375,6.121959173679352
20,AUTOMOTIVE,16.0,120.0,93.98196411132812,2.7362084686756134,3.2899296629317236,0.3648277958203749,1.6261272132396698,0.9375,13.697028860449791
20,BABY CARE,16.0,1.0,25.943464279174805,1.6092938389629126,1.9098136708089122,25.748701397657896,-1.5589664857834578,0.4375,7.572206187993288
20,BEAUTY,16.0,87.0,155.6634979248047,4.717090874910355,6.385599413584426,0.8675109654907834,-4.291468441486359,0.8125,18.750740125775337
20,BEVERAGES,16.0,71261.0,58257.00390625,887.9089202880859,1078.423494988585,0.19935929505071742,812.7498016357422,0.5,1175.9612302734376
20,BOOKS,16.0,0.0,22.598224639892578,1.4123890036717057,1.6670720729753805,22598224058.74729,-1.4123890036717057,0.5,7.1491620255634185
20,BREAD/BAKERY,16.0,8474.0,8748.9306640625,86.21919822692871,122.8667459838306,0.1627929161707218,-17.18314552307129,0.8125,248.57564376831053
20,CELEBRATION,16.0,117.0,103.02943420410156,2.5315550565719604,2.99383160942724,0.3461955632889331,0.8731604814529419,1.0,14.07106128334999
20,CLEANING,16.0,30363.0,21308.658203125,646.3769111633301,1279.8191485058417,0.3406129360936976,565.8963890075684,0.625,838.6327417602539
20,DAIRY,16.0,12790.0,13816.60546875,75.55087661743164,94.38583401364794,0.0945124336105404,-64.1628303527832,0.8125,332.64000899047846
20,DELI,16.0,11566.612,12197.53515625,84.10318313598633,99.40092105214843,0.1163392469787752,-39.43270108032226,0.8125,332.6400089904785
20,EGGS,16.0,1825.0,2188.715576171875,37.632668018341064,48.12668850713861,0.3299302401606176,-22.732219219207764,0.5625,87.52073529434203
20,FROZEN FOODS,16.0,1521.2939999999999,1394.097900390625,24.857178634643553,34.464815101264556,0.26143195079585896,7.949752410888671,0.8125,61.11196238327026
20,GROCERY I,16.0,103970.565,91426.40625,886.6718615722657,1094.8948023836465,0.13644967482052361,784.0102575683594,0.4375,1175.9612302734376
20,GROCERY II,16.0,205.0,242.50157165527344,4.94656166434288,8.214333906388093,0.38607310550780494,-2.343848377466202,0.9375,24.95126986503601
20,HARDWARE,16.0,10.0,26.91567611694336,1.1915969452820718,1.3857158880313252,1.9065551122606594,-1.057229755911976,0.6875,7.269784225989133
20,HOME AND KITCHEN I,16.0,336.0,487.456787109375,12.558529078960419,15.920930602036483,0.5980251942344306,-9.466047942638397,0.75,35.26046967506409
20,HOME AND KITCHEN II,16.0,277.0,330.0020751953125,8.446119844913483,9.563253143389577,0.4878625181159851,-3.312629282474518,0.9375,29.052015960216522
20,HOME APPLIANCES,16.0,0.0,23.98468780517578,1.4990429254248738,1.687637449472767,23984686806.79798,-1.4990429254248738,0.5,7.197087706439197
20,HOME CARE,16.0,5907.0,5978.02734375,31.851205825805664,41.96283769970615,0.08627379265495248,-4.43922233581543,1.0,174.32777584838865
20,LADIESWEAR,16.0,22.0,93.23928833007812,4.51642132550478,4.952533123869224,3.284670054763264,-4.452455542981625,0.1875,13.292394272983074
20,LAWN AND GARDEN,16.0,108.0,165.46963500976562,7.044244572520256,11.7071073677291,1.0435917885118564,-3.591851606965065,0.625,18.147121980786324
20,LINGERIE,16.0,68.0,79.68206787109375,2.5462611317634583,3.165051846870299,0.5991202662884737,-0.7301290929317474,0.875,13.830958023667336
20,"LIQUOR,WINE,BEER",16.0,882.0,920.340087890625,17.91869854927063,22.964323087312252,0.32505575599547054,-2.396253824234009,0.75,50.11653275299072
20,MAGAZINES,16.0,25.0,34.343353271484375,1.9381367769092321,2.234925255323751,1.2404075371722922,-0.5839594136923552,0.625,8.931022558361292
20,MEATS,16.0,6197.88603,5747.56884765625,41.69292219879149,51.47974227044611,0.10763133622522521,28.144817220764157,0.875,165.04679235839842
20,PERSONAL CARE,16.0,6668.0,5892.783203125,59.30162048339844,74.24699712662775,0.14229543007412007,48.45103073120117,0.6875,174.32777584838865
20,PET SUPPLIES,16.0,65.0,66.969482421875,1.8752922713756561,2.6381430499613656,0.46161040525459823,-0.12309283018112183,0.875,12.90783117711544
20,PLAYERS AND ELECTRONICS,16.0,105.0,86.34654235839844,2.9522605240345,3.9345127359316745,0.4498682703247822,1.16584113240242,0.8125,13.697028860449791
20,POULTRY,16.0,5842.86602,5649.29736328125,50.93035458251953,65.55493346048323,0.13946677375980168,12.09803341552735,0.75,174.32777584838865
20,PREPARED FOODS,16.0,1168.704998,1012.5928344726562,11.980923885482788,16.429923354429878,0.16402324153281375,9.757009505203246,0.9375,54.51470460510254
20,PRODUCE,16.0,17685.387029999998,18320.7109375,113.57189701660158,131.83816041280528,0.10274869015775917,-39.70771370117189,0.875,669.9684975036621
20,SCHOOL AND OFFICE SUPPLIES,16.0,942.0,632.1929931640625,39.16085568070412,47.4717892233783,0.6651525381004254,19.362939685583115,0.1875,37.51242399215698
20,SEAFOOD,16.0,261.417998,243.87188720703125,6.119201652357101,7.47422653591477,0.37452366396493897,1.0966308218746186,0.875,23.88505107164383
21,AUTOMOTIVE,16.0,186.0,88.19601440429688,6.192456230521202,7.744797085198489,0.5326844069236911,6.112749084830284,0.8125,13.697028860449791
21,BABY CARE,16.0,6.0,14.069957733154297,1.004682402126491,1.2102128902837326,2.679153071890784,-0.5043723778799176,0.6875,5.794633268564939
21,BEAUTY,16.0,81.0,100.29146575927734,3.1406305879354477,4.138297814586928,0.6203714741524295,-1.205716535449028,0.75,14.491906851530075
21,BEVERAGES,16.0,57474.0,48497.6484375,670.7436676025391,803.5643836890438,0.1867261488958562,561.0220489501953,0.5,1175.9612302734376
21,BOOKS,16.0,0.0,10.12818717956543,0.6330116530880332,0.9680416370371258,10128186449.408531,-0.6330116530880332,0.6875,5.426726941764354
21,BREAD/BAKERY,16.0,7422.0,8295.048828125,64.86861228942871,75.12747053336858,0.13984071633396922,-54.56557655334473,0.8125,248.57564376831053
21,CELEBRATION,16.0,106.0,72.71476745605469,3.7669553756713867,4.844640543680388,0.5685970378318264,2.0803268253803253,0.875,12.574931591749191
21,CLEANING,16.0,27359.0,22018.404296875,478.39860916137695,705.5420201679193,0.2797754942279232,333.78718185424805,0.5625,894.8541565124511
21,DAIRY,16.0,10288.0,11014.828125,64.75958824157715,94.64294214000154,0.10071475620773071,-45.426706314086914,0.875,276.41859423828123
21,DELI,16.0,5555.293,5799.95947265625,39.946559013366695,48.03744085482491,0.11505152729365527,-15.291642143249506,0.8125,165.04679235839842
21,EGGS,16.0,4686.0,5039.4619140625,71.925048828125,104.962814673831,0.24558275314762149,-22.09138298034668,0.6875,159.16940202331543
21,FROZEN FOODS,16.0,1517.992992,1560.4754638671875,17.440740976333622,21.943958677160445,0.18382947555870807,-2.655157114303589,0.9375,66.98935271835327
21,GROCERY I,16.0,75424.522,69555.0,400.25130761718754,522.8412443986886,0.08490635077375652,366.84475878906255,0.75,1175.9612302734376
21,GROCERY II,16.0,288.0,270.5663146972656,6.858276546001434,8.327182453736384,0.3810153636654234,1.0896047949790955,1.0,28.350362241268158
21,HARDWARE,16.0,9.0,14.076075553894043,0.6161847170442343,1.0678485847231178,1.095439496845812,-0.31725469790399075,0.8125,5.921501561999321
21,HOME AND KITCHEN I,16.0,635.0,695.6256103515625,12.804297685623169,15.259432116041445,0.32262797318054814,-3.789102792739868,0.6875,42.58099353313446
21,HOME AND KITCHEN II,16.0,514.0,638.6480712890625,9.085872173309326,10.558583236420327,0.28282870578339764,-7.790505409240723,1.0,43.62678265571594
21,HOME APPLIANCES,16.0,3.0,9.624231338500977,0.5652394397184253,0.8717344109530579,3.0146103441600647,-0.41401445399969816,0.75,5.396160740219056
21,HOME CARE,16.0,5778.0,5338.13916015625,52.823646545410156,65.6366689139354,0.14627524138567258,27.491302490234375,0.8125,146.48482537841795
21,LADIESWEAR,16.0,74.0,47.14678192138672,2.4659803174436092,3.364203310373721,0.5331849334941157,1.6783260144293308,0.9375,10.657823745161295
21,LAWN AND GARDEN,16.0,56.0,81.40950012207031,4.114813335239887,6.3228422917123375,1.1756609529046882,-1.5880936905741692,0.8125,11.703986179828643
21,LINGERIE,16.0,172.0,111.467041015625,4.779426872730255,7.231814699055896,0.4445978486234854,3.7833098769187927,0.75,14.44509370625019
21,"LIQUOR,WINE,BEER",16.0,1505.0,1491.070556640625,33.83886408805847,43.1907426586733,0.3597487212017115,0.8705852031707764,0.4375,58.91287645721435
21,MAGAZINES,16.0,31.0,24.294361114501953,1.5983503467869014,1.9554391165480172,0.8249550176698538,0.4191024664323777,0.8125,7.320937771955505
21,MEATS,16.0,1972.517005,1956.1781005859375,29.987445136718748,34.95051708020107,0.24324207140980098,1.0211815258789052,0.6875,80.90373571777343
21,PERSONAL CARE,16.0,5111.0,4894.70703125,43.99520015716553,52.865210857321344,0.13772709890716311,13.51832103729248,0.9375,143.54613021087647
21,PET SUPPLIES,16.0,45.0,31.732358932495117,2.1836715168319643,2.824697570638131,0.7764165393007781,0.8292276612482965,0.75,8.26738468306139
21,PLAYERS AND ELECTRONICS,16.0,92.0,49.792579650878906,3.762908738106489,4.427472070672108,0.6544189109679284,2.6379639618098736,0.9375,10.70312212780118
21,POULTRY,16.0,2977.35702,2836.5751953125,29.541533583374022,35.09472694772558,0.1587530598980117,8.798864042968749,0.875,92.65851638793944
21,PREPARED FOODS,16.0,2663.01402,2335.61181640625,25.74663799163818,32.14556014544959,0.1546917157672554,20.462636770935056,0.8125,83.84243088531494
21,PRODUCE,16.0,23825.631029999997,24090.451171875,113.75094352905275,120.01275640783813,0.07638895667330275,-16.551216905517578,0.8125,894.8541565124513
21,SCHOOL AND OFFICE SUPPLIES,16.0,6.0,0.757180392742157,0.4223237745463848,1.1260179026545432,1.1261967319359933,0.3276762254536152,0.8125,4.027396918833256
21,SEAFOOD,16.0,100.0,90.56739807128906,3.5097586810588837,4.699823136303136,0.5615613889638058,0.5895378291606903,0.8125,13.964208221435547
22,AUTOMOTIVE,16.0,80.0,34.072608947753906,3.4275263315066695,4.252156666109938,0.6855052662927651,2.8704620664939284,0.8125,8.929117231070995
22,BABY CARE,16.0,5.0,10.220685958862305,0.5664712889119983,0.8156722658370831,1.812708124155853,-0.32629285287112,0.75,5.215355926938354
22,BEAUTY,16.0,42.0,51.58589172363281,2.618153827264905,3.7305972208620513,0.9973919341724069,-0.5991180967539549,0.8125,9.833343459106981
22,BEVERAGES,16.0,31554.0,27478.49609375,398.2716751098633,444.4066045275889,0.20195052296880303,254.71903228759766,0.9375,1175.9612302734374
22,BOOKS,16.0,0.0,8.124288558959961,0.5077680004760623,0.8424839224578589,8124288007.616996,-0.5077680004760623,0.6875,4.928264806605876
22,BREAD/BAKERY,16.0,2305.0,2607.876953125,48.143282890319824,60.880448469588664,0.3341833085660664,-18.929800987243652,0.4375,86.78112605285644
22,CELEBRATION,16.0,116.0,83.88127136230469,2.7745736353099346,3.5835901435680944,0.38269981176358836,2.0074207298457623,0.9375,13.034595731645823
22,CLEANING,16.0,13104.0,9991.15625,212.88671875,335.0803300450833,0.2599349435286737,194.55278778076172,0.6875,276.41859423828123
22,DAIRY,16.0,5281.0,5875.3369140625,47.90521049499512,55.58072689247554,0.14513981592875908,-37.14606285095215,0.875,155.7658088684082
22,DELI,16.0,2349.0,2818.63427734375,35.306424140930176,45.01189665729507,0.2404864990441219,-29.352137565612793,0.75,89.71982122039793
22,EGGS,16.0,926.0,984.576171875,30.03305435180664,34.7127093831066,0.5189296648254723,-3.6610097885131836,0.5,52.31561867904663
22,FROZEN FOODS,16.0,987.578,960.6776733398438,16.335649837493897,24.650460112169174,0.2646579788124459,1.6812718467712395,0.875,50.11653275299072
22,GROCERY I,16.0,43450.0,41578.40625,371.8065185546875,470.42783291802033,0.1369137927934376,116.97454833984375,0.75,1175.9612302734376
22,GROCERY II,16.0,123.0,216.81497192382812,7.445443958044052,10.584935700114595,0.9685130351848481,-5.8634359538555145,0.5625,20.815388798713684
22,HARDWARE,16.0,18.0,12.869325637817383,0.9617880526930094,1.5056726376254055,0.8549227134574016,0.32066718954592943,0.875,5.703557034395635
22,HOME AND KITCHEN I,16.0,396.0,322.7124328613281,8.418671548366547,10.563739107868194,0.3401483453876884,4.5804731249809265,0.75,27.198346436023712
22,HOME AND KITCHEN II,16.0,311.0,331.8518371582031,3.9051928520202637,5.76249518377123,0.2009102431901071,-1.3032405376434326,1.0,29.719970703125
22,HOME APPLIANCES,16.0,0.0,9.446374893188477,0.5903984503820539,0.885873315163807,9446375206.112862,-0.5903984503820539,0.75,5.184324173443019
22,HOME CARE,16.0,2944.0,2959.356689453125,26.388264656066895,34.930512935125115,0.1434144818264018,-0.9597845077514648,0.8125,98.53590672302246
22,LADIESWEAR,16.0,4.0,19.356891632080078,1.0990333771333098,1.4432943211402303,4.396133507434206,-0.9598057856783271,0.5625,6.11204745117575
22,LAWN AND GARDEN,16.0,0.0,7.031386375427246,0.43946163496002555,0.7577681506115955,7031386159.360409,-0.43946163496002555,0.8125,4.887283343356103
22,LINGERIE,16.0,69.0,48.41709518432617,3.1167187802493572,4.126766023081425,0.7227173983082174,1.2864315621554852,0.8125,11.042363692075014
22,"LIQUOR,WINE,BEER",16.0,1877.0,1239.89794921875,89.02735900878906,152.1718186086829,0.7588906468512873,39.81887340545654,0.1875,56.713790531158445
22,MAGAZINES,16.0,46.0,18.225093841552734,2.119194972794503,2.779615281034002,0.7371112948690204,1.7359316828660667,0.8125,6.4326666672714055
22,MEATS,16.0,1825.072,1671.4857177734375,38.75650346755981,44.23356031284862,0.3397696394885337,9.599144069671631,0.5,78.70464979171751
22,PERSONAL CARE,16.0,2623.0,2681.364013671875,32.3082914352417,36.4553230326702,0.19707688256335118,-3.6477537155151367,0.75,89.71982122039793
22,PET SUPPLIES,16.0,23.0,17.18297576904297,1.4042600793763995,1.687185030087576,0.9768765769150224,0.36356399673968554,0.8125,6.081181984953583
22,PLAYERS AND ELECTRONICS,16.0,109.0,56.141902923583984,3.6392576172947884,4.8405481806393675,0.5342029529924992,3.3036311343312263,0.8125,10.99298457056284
22,POULTRY,16.0,2395.45498,2584.5263671875,48.20528895690918,65.47142228034927,0.3219783422146489,-11.81696360656738,0.4375,86.78112605285644
22,PREPARED FOODS,16.0,458.0,593.3416137695312,9.0334712266922,11.542417554978076,0.3155797808444533,-8.45885169506073,0.9375,40.4894152879715
22,PRODUCE,16.0,8223.811000000002,8421.84375,134.23703309631347,184.83960877899162,0.2611675450154136,-12.37703733825684,0.6875,267.13761074829097
22,SCHOOL AND OFFICE SUPPLIES,16.0,62.0,173.57687377929688,7.098554015159607,12.460677197413068,1.8318849071084167,-6.973554015159607,0.75,14.415348589420319
22,SEAFOOD,16.0,31.0,10.032919883728027,1.7563493251800537,2.479401396069438,0.9065028774830437,1.310442492365837,0.875,4.965032021701336
23,AUTOMOTIVE,16.0,36.0,23.870990753173828,1.766312012448907,2.429165479588286,0.7850275610665968,0.7580630276352167,0.875,7.198211227357388
23,BABY CARE,16.0,0.0,12.378294944763184,0.7736434643156826,1.121582965243225,12378295429.050922,-0.7736434643156826,0.4375,5.497692028526217
23,BEAUTY,16.0,42.0,167.2069549560547,7.825434640049934,8.370562043957143,2.981117958043282,-7.825434640049934,0.375,18.108835607767105
23,BEVERAGES,16.0,22060.0,26239.51953125,266.6485061645508,318.04498377025595,0.19339873520546777,-261.21996307373047,0.875,1175.9612302734374
23,BOOKS,16.0,2.0,12.378294944763184,0.8986434643156826,1.2279854835965225,7.189147710930887,-0.6486434643156826,0.4375,5.497692028526217
23,BREAD/BAKERY,16.0,4135.77099,4547.2822265625,38.78874058471679,49.02997951135898,0.15006146395821557,-25.71945419250488,0.75,127.92285839843751
23,CELEBRATION,16.0,139.0,284.146484375,11.544173330068588,13.095219452073806,1.328825707048695,-9.071654170751572,0.5625,24.558669686317444
23,CLEANING,16.0,8236.0,9501.994140625,79.12468338012695,94.32131060643702,0.15371478072873695,-79.12468338012695,0.8125,276.41859423828123
23,DAIRY,16.0,7686.0,8491.345703125,59.78512763977051,69.57493435641169,0.12445511868803065,-50.33407783508301,0.9375,276.41859423828123
23,DELI,16.0,2012.259,2329.77783203125,23.466820957183838,31.153312335275373,0.18659085898721528,-19.844931293487548,0.75,80.90373571777343
23,EGGS,16.0,771.0,473.61669921875,20.954047441482544,22.98550945314412,0.43484404547767297,18.586455583572388,0.25,32.12310230731964
23,FROZEN FOODS,16.0,1066.693,1235.2490234375,18.442503490447997,22.810218381361917,0.2766307230354857,-10.534752418518067,0.75,61.11196238327026
23,GROCERY I,16.0,32535.0,36882.19140625,287.07942962646484,338.6423780810219,0.1411793721845181,-271.69934844970703,0.8125,1175.9612302734376
23,GROCERY II,16.0,395.0,436.3006896972656,9.003824710845947,11.270937986821373,0.3647118870206847,-2.581292152404785,0.75,31.07731318473816
23,HARDWARE,16.0,9.0,14.96700382232666,0.8657710249535739,1.1291202682992256,1.5391484886353373,-0.37293770769611,0.6875,5.58494031066075
23,HOME AND KITCHEN I,16.0,182.0,265.7898254394531,7.59493100643158,10.31493878447225,0.6676862423199867,-5.236863732337952,0.8125,24.392578065395355
23,HOME AND KITCHEN II,16.0,341.0,271.2588195800781,15.10952353477478,34.87139573215462,0.7089512508964444,4.358823657035828,0.8125,26.999354243278503
23,HOME APPLIANCES,16.0,5.0,12.838421821594238,0.960356093943119,1.354985425820924,3.073139500003353,-0.48990135453641415,0.5625,5.519080959260464
23,HOME CARE,16.0,2033.0,2260.919189453125,21.51625633239746,25.384022604262466,0.16933600655100348,-14.244950294494629,0.875,80.90373571777343
23,LADIESWEAR,16.0,227.0,133.99761962890625,6.48333466053009,7.82935979883274,0.4569751302556144,5.812647819519043,0.75,14.81912612915039
23,LAWN AND GARDEN,16.0,32.0,26.167381286621094,1.5741052660159767,2.3133989369062364,0.787052632983393,0.3645385573618114,0.75,7.278485476318746
23,LINGERIE,16.0,41.0,53.195777893066406,2.5723417517729104,3.5831159297157793,1.0038406835942129,-0.7622360023669899,0.8125,9.998371392767876
23,"LIQUOR,WINE,BEER",16.0,867.0,1059.7386474609375,23.129103183746338,27.1877313550541,0.4268346608298899,-12.046165943145752,0.625,52.31561867904663
23,MAGAZINES,16.0,81.0,42.359073638916016,2.671983391046524,3.184124724887155,0.5277991883483529,2.4150580763816833,1.0,9.477901060134172
23,MEATS,16.0,10301.205,9867.8486328125,175.21377322387696,224.1434900193557,0.27214489679428366,27.084776763916015,0.375,230.01367678833006
23,PERSONAL CARE,16.0,2344.0,2661.37353515625,22.092220306396484,29.195904750984496,0.15080013861015057,-19.83583641052246,0.875,86.78112605285644
23,PET SUPPLIES,16.0,66.0,40.174285888671875,2.7794364616274834,3.476552972703478,0.6738027785661505,1.614107184112072,0.75,9.431746702641249
23,PLAYERS AND ELECTRONICS,16.0,94.0,59.91162109375,4.0707602351903915,4.965395289522604,0.6928953591739719,2.1305237859487534,0.8125,11.826866745948792
23,POULTRY,16.0,5313.48001,5125.4248046875,55.364833527221684,67.03743080594542,0.1667150972184386,11.753414092407228,0.75,146.48482537841795
23,PREPARED FOODS,16.0,507.59700100000003,420.50830078125,8.436171417678832,10.948758137474817,0.2659171398110671,5.443044240509034,0.875,28.985734939575195
23,PRODUCE,16.0,18700.515,20566.8359375,148.13383816528318,169.25090872399352,0.12674203949166127,-116.64513107299805,0.8125,782.4113270080566
23,SCHOOL AND OFFICE SUPPLIES,16.0,0.0,0.0,0.0,0.0,0.0,0.0,1.0,3.9998541831970216
23,SEAFOOD,16.0,124.9650005,49.58528518676758,7.926534034628823,8.793825720225648,1.014880518910143,4.71123221196647,0.375,8.30467827054672
24,AUTOMOTIVE,16.0,38.0,46.63606643676758,1.7099724560976028,1.9693084926079927,0.7199884025484647,-0.5397539883852005,0.8125,9.912159010767937
24,BABY CARE,16.0,1.0,30.000946044921875,1.8125591427087784,1.95622657720701,29.000946254339507,-1.8125591427087784,0.4375,7.8078308291733265
24,BEAUTY,16.0,86.0,169.60836791992188,5.5234576761722565,7.146047486161797,1.0276200327642846,-5.225523144006729,0.6875,19.75497803092003
24,BEVERAGES,16.0,54921.0,57374.40625,218.32693481445312,272.0087960158172,0.06360464953353338,-153.33770751953125,0.8125,1175.9612302734376
24,BOOKS,16.0,0.0,31.582834243774414,1.9739270731806755,2.242905015134242,31582833170.890804,-1.9739270731806755,0.3125,8.280055366456509
24,BREAD/BAKERY,16.0,12104.446,12449.0205078125,54.73037103271485,71.72756404650413,0.07234415656225532,-21.535891479492186,0.9375,276.41859423828123
24,CELEBRATION,16.0,277.0,212.61265563964844,6.791663289070129,8.863702909226534,0.3922982405224902,4.024208903312683,0.8125,23.83464777469635
24,CLEANING,16.0,16924.0,19390.181640625,164.18523406982422,194.71600544959412,0.15522120923641172,-154.13636016845703,0.6875,726.1899122558593
24,DAIRY,16.0,20418.0,21821.953125,100.85315704345703,130.18264935031203,0.07903078228500507,-87.7469711303711,1.0,1007.2969860168457
24,DELI,16.0,4414.915,4690.6953125,21.531824485778806,28.928965365805933,0.07803302934991564,-17.236255226135256,0.9375,127.92285839843751
24,EGGS,16.0,3728.0,3841.90478515625,19.40938377380371,25.403278127172232,0.08330207628239701,-7.119052886962891,0.9375,122.0454680633545
24,FROZEN FOODS,16.0,2737.3810000000003,2772.739501953125,21.191455268859862,26.711301344325207,0.12386411840428274,-2.2099073257446253,0.875,95.59721155548095
24,GROCERY I,16.0,63862.0,67619.078125,327.4262237548828,437.1937178530159,0.08203344054489435,-234.81715393066406,0.75,1175.9612302734376
24,GROCERY II,16.0,646.0,584.916748046875,14.279375433921814,20.030755476849965,0.35366874139689686,3.8177038431167603,0.6875,40.4894152879715
24,HARDWARE,16.0,11.0,34.91595458984375,1.5410078428685665,1.8279399758383277,2.2414659530596,-1.49474710598588,0.625,8.809891771525145
24,HOME AND KITCHEN I,16.0,334.0,474.8292236328125,11.523131966590881,14.608516445889355,0.5520063217512039,-8.80182683467865,0.75,33.16889142990112
24,HOME AND KITCHEN II,16.0,493.0,587.9081420898438,8.994476437568665,11.666468515619648,0.2919099858028534,-5.931759715080261,0.9375,39.443626165390015
24,HOME APPLIANCES,16.0,0.0,31.747817993164062,1.9842387177050114,2.1912605190834067,31747819483.280178,-1.9842387177050114,0.375,8.162180092185736
24,HOME CARE,16.0,4060.0,4618.470703125,43.037017822265625,54.83697357444123,0.1696040111221873,-34.90443420410156,0.8125,127.92285839843751
24,LADIESWEAR,16.0,220.0,154.9329071044922,6.428938776254654,7.836261135519681,0.46755918372548594,4.066693097352982,0.75,14.81912612915039
24,LAWN AND GARDEN,16.0,580.0,628.607421875,10.586432576179504,11.266638487210852,0.2920395193423794,-3.0379644632339478,1.0,39.443626165390015
24,LINGERIE,16.0,172.0,113.7983169555664,4.804601490497589,7.145222910457902,0.446939673532061,3.637605369091034,0.8125,14.81912612915039
24,"LIQUOR,WINE,BEER",16.0,1348.0,1729.32958984375,26.698407649993896,31.852734342499595,0.31689504629049364,-23.833101749420166,0.625,74.30647793960571
24,MAGAZINES,16.0,208.0,151.05783081054688,5.255844533443451,7.2154225503712395,0.4042957333398602,3.5588859915733337,0.8125,16.43296754360199
24,MEATS,16.0,6581.88502,6926.4970703125,46.103830323486335,64.18400384073695,0.11207447151297537,-21.538268403320323,0.875,183.6087593383789
24,PERSONAL CARE,16.0,4540.0,4653.2373046875,34.132972717285156,44.14815471450861,0.12029241486265246,-7.07731819152832,0.875,127.92285839843751
24,PET SUPPLIES,16.0,274.0,202.68194580078125,5.6572020053863525,6.963533601376074,0.33034756235712154,4.457378506660461,0.9375,24.44533783197403
24,PLAYERS AND ELECTRONICS,16.0,149.0,117.23648834228516,3.9607406556606293,5.280673216014739,0.4253144328197635,1.985219568014145,0.8125,14.81912612915039
24,POULTRY,16.0,8529.95,9099.4814453125,65.37468066406251,98.53380182905698,0.12262614559579803,-35.59571151733398,0.9375,276.41859423828123
24,PREPARED FOODS,16.0,1833.122994,1784.8905029296875,18.868721551757815,22.403820698152284,0.16469137412825466,3.014528784545899,1.0,80.90373571777343
24,PRODUCE,16.0,58896.7468,60898.43359375,287.82127167968747,336.13923801813144,0.07819006306940746,-125.10533305664055,0.875,1175.9612302734376
24,SCHOOL AND OFFICE SUPPLIES,16.0,0.0,0.0,0.0,0.0,0.0,0.0,1.0,3.9998541831970216
24,SEAFOOD,16.0,391.49700000000007,402.78045654296875,7.919866761753082,9.507409640105069,0.3236751959471608,-0.7052159743309017,0.9375,31.07731318473816
25,AUTOMOTIVE,16.0,56.0,31.594009399414062,2.3197455517947674,3.30322007130958,0.6627844433580982,1.5253743790090084,0.9375,8.594176542013884
25,BABY CARE,16.0,2.0,10.830613136291504,0.6278382751625031,1.0353086454691542,5.022706198788672,-0.551913334755227,0.6875,4.984219457907602
25,BEAUTY,16.0,76.0,228.19451904296875,9.69481921941042,12.941535592092897,2.0410145724806013,-9.512157373130322,0.5,19.87499415129423
25,BEVERAGES,16.0,38771.0,30511.662109375,545.6072845458984,1110.5008461481802,0.22516098508509325,516.2085571289062,0.8125,1175.9612302734376
25,BOOKS,16.0,0.0,10.008158683776855,0.625509878853336,1.016063726436852,10008158061.653376,-0.625509878853336,0.5625,4.982318538660183
25,BREAD/BAKERY,16.0,7098.782000000001,5145.8681640625,123.93691506195069,187.81406022276227,0.2793423774657302,122.05710997772218,0.4375,127.92285839843751
25,CELEBRATION,16.0,137.0,57.11809158325195,5.680393695831299,8.381872385583506,0.6634036433039225,4.992619305849075,0.8125,11.41180570423603
25,CLEANING,16.0,7771.0,6751.9189453125,104.50978469848633,172.44490991720875,0.2151790702838201,63.69257736206055,0.6875,192.88974282836912
25,DAIRY,16.0,10692.0,8339.962890625,156.10822296142578,280.46866250957373,0.233607516590215,147.0023193359375,0.6875,267.13761074829097
25,DELI,16.0,2701.978,2245.096923828125,31.223303173065187,45.22517248322632,0.18489153159976066,28.55507441329956,0.8125,80.90373571777343
25,EGGS,16.0,2330.0,1658.36328125,43.00905895233154,66.58106605269406,0.29534117735493964,41.97729778289795,0.625,76.50556386566161
25,FROZEN FOODS,16.0,2071.417002,1546.254638671875,42.21595561524964,82.90190965910487,0.3260836853185528,32.822644608566286,0.75,62.59118086624145
25,GROCERY I,16.0,33667.0,28112.40625,372.06060791015625,696.2531918815952,0.1768191322827197,347.16217041015625,0.875,1175.9612302734374
25,GROCERY II,16.0,423.0,223.5393829345703,13.319981217384338,20.829341267912653,0.503829076779304,12.466287851333618,0.75,25.626022219657898
25,HARDWARE,16.0,26.0,13.639155387878418,1.1661576912738383,1.7183507455971767,0.7176355022947607,0.7725527924485505,0.8125,5.509349048975855
25,HOME AND KITCHEN I,16.0,367.0,315.339111328125,11.50880253314972,15.517059774497067,0.5017461594819994,3.228805184364319,0.625,27.214908838272095
25,HOME AND KITCHEN II,16.0,296.0,314.04046630859375,9.499332994222641,14.800832555617163,0.5134774591454351,-1.1275292336940765,0.75,26.422746002674103
25,HOME APPLIANCES,16.0,0.0,11.425601959228516,0.7141001457348466,1.0980649553696566,11425602331.757545,-0.7141001457348466,0.75,5.722308101318776
25,HOME CARE,16.0,1841.0,1618.83642578125,22.22497797012329,33.51161879648788,0.19315570207592586,13.885221004486084,0.9375,78.70464979171751
25,LADIESWEAR,16.0,0.0,8.799821853637695,0.5499888560734689,0.930489912463308,8799821697.175503,-0.5499888560734689,0.5625,4.965031785611063
25,LAWN AND GARDEN,16.0,382.0,493.13323974609375,12.90479600429535,14.857812434694738,0.5405150158853013,-6.945827841758728,0.75,35.26046967506409
25,LINGERIE,16.0,78.0,42.335906982421875,3.1464261822402477,4.204330585424579,0.6454207553230582,2.2290058843791485,0.875,9.91264458373189
25,"LIQUOR,WINE,BEER",16.0,4868.0,2563.0673828125,152.89338397979736,279.32176263599337,0.502525501987727,144.05827808380127,0.375,89.71982122039793
25,MAGAZINES,16.0,190.0,83.26219177246094,7.484182685613632,12.622053317836896,0.6302469629957257,6.671113103628159,0.875,14.07106128334999
25,MEATS,16.0,3876.576,3220.97802734375,59.1138466796875,84.14330097488526,0.24398374928667876,40.974875198364266,0.6875,95.59721155548095
25,PERSONAL CARE,16.0,1960.0,1733.495361328125,18.575809955596924,34.40198949592901,0.151639264943571,14.156546115875244,0.9375,80.90373571777343
25,PET SUPPLIES,16.0,90.0,44.364768981933594,3.8933060709387064,4.722482871144637,0.692143301492524,2.852201933041215,0.8125,10.278718408197165
25,PLAYERS AND ELECTRONICS,16.0,123.0,68.47355651855469,3.976709008216858,5.919325098692319,0.5172954807394506,3.407902806997299,0.875,12.560234412550926
25,POULTRY,16.0,3317.64701,2616.97265625,44.973817015991216,58.1594540474635,0.2168950072405812,43.79215283142091,0.625,86.78112605285644
25,PREPARED FOODS,16.0,690.005003,424.453369140625,17.864240325553894,23.606249903526077,0.4142402503832977,16.596977235420226,0.5625,31.07731318473816
25,PRODUCE,16.0,30904.1321,23164.041015625,487.46269307861326,799.0547018620385,0.25237411825771866,483.7557156616211,0.625,838.6327417602538
25,SCHOOL AND OFFICE SUPPLIES,16.0,17.0,0.0,1.0625,1.6393596310755,0.9999999999411765,1.0625,0.9375,3.9998541831970216
25,SEAFOOD,16.0,98.0,43.884071350097656,5.367754578590393,6.892648402166623,0.8763680944547951,3.382245421409607,0.3125,7.123089277744294
26,AUTOMOTIVE,16.0,68.0,50.088932037353516,2.6913883425295353,4.246744899097984,0.6332678452917543,1.1194418705999851,0.8125,9.944051448255777
26,BABY CARE,16.0,0.0,8.219141006469727,0.5136963399127126,0.8872593269097502,8219141438.6034,-0.5136963399127126,0.6875,4.958786607347429
26,BEAUTY,16.0,8.0,27.96515655517578,1.5269231833517551,2.7745606727971195,3.0538463663217796,-1.2478222884237766,0.4375,6.29041151702404
26,BEVERAGES,16.0,14223.0,17079.447265625,320.8662910461426,356.58810937520184,0.3609548377091978,-178.5279426574707,0.1875,388.86142374267575
26,BOOKS,16.0,0.0,8.219141006469727,0.5136963399127126,0.8872593269097502,8219141438.6034,-0.5136963399127126,0.6875,4.958786607347429
26,BREAD/BAKERY,16.0,3673.0,3578.36083984375,25.581408500671387,34.8090987237281,0.11143548489263021,5.914946556091309,0.875,116.1680777282715
26,CELEBRATION,16.0,79.0,60.915096282958984,1.8222403824329376,2.2133866072906283,0.3690613432728853,1.1303066909313202,1.0,11.734677478671074
26,CLEANING,16.0,5634.0,7423.6142578125,150.6723804473877,170.13806602253976,0.4278945841600595,-111.85088920593262,0.25,230.01367678833006
26,DAIRY,16.0,4004.0,4431.080078125,49.48574256896973,55.06750287177271,0.19774522505077868,-26.692520141601562,0.75,137.20384188842775
26,DELI,16.0,1415.549,1644.692138671875,21.568158115386964,25.33183368868237,0.24378564772109454,-14.321440921783447,0.75,72.1073920135498
26,EGGS,16.0,578.0,577.947509765625,11.126367449760437,13.71015993212942,0.3079963307886834,0.0032819509506225586,0.8125,36.30625879764557
26,FROZEN FOODS,16.0,541.819,637.9431762695312,14.381881579399108,19.457029443315776,0.4246992173954052,-6.007760897636414,0.75,39.443626165390015
26,GROCERY I,16.0,23878.0,27394.294921875,430.36563873291016,510.87161948317333,0.2883763388778907,-219.76842498779297,0.625,1119.7398155212404
26,GROCERY II,16.0,200.0,356.7481384277344,15.835368931293488,16.69952004321603,1.2668295144971449,-9.796757519245148,0.3125,28.985734939575195
26,HARDWARE,16.0,9.0,10.130217552185059,0.7286805117037147,1.072369176396766,1.295432020662667,-0.07063858793117106,0.8125,5.454774178052321
26,HOME AND KITCHEN I,16.0,184.0,223.63235473632812,6.445964127779007,7.956840394009698,0.5605186198038239,-2.4770218431949615,0.8125,21.900398194789886
26,HOME AND KITCHEN II,16.0,134.0,110.21072387695312,3.1062058210372925,4.260442089436624,0.3708902472852671,1.4868294596672058,0.9375,16.894684329628944
26,HOME APPLIANCES,16.0,5.0,9.555267333984375,0.5257114975247532,0.8238302615989392,1.6822767917427548,-0.28470419929362833,0.8125,5.207409956539049
26,HOME CARE,16.0,1476.0,1466.22021484375,37.56407022476196,61.370178053721176,0.407198593222076,0.611234188079834,0.625,63.31104830932617
26,LADIESWEAR,16.0,1.0,10.716286659240723,0.607267894083634,1.0089251268617334,9.716286295621858,-0.607267894083634,0.6875,5.451493575656786
26,LAWN AND GARDEN,16.0,116.0,97.18482971191406,5.077443897724152,6.790755650496233,0.7003370893352249,1.175948143005371,0.6875,14.208409488201141
26,LINGERIE,16.0,12.0,13.505995750427246,1.0338683330919594,1.4731475805310938,1.3784911106744049,-0.09412476629950106,0.6875,5.630430560791865
26,"LIQUOR,WINE,BEER",16.0,352.0,652.9747314453125,19.361778736114502,21.86894832210905,0.880080851639068,-18.810920238494873,0.5,42.58099353313446
26,MAGAZINES,16.0,2.0,10.464648246765137,0.6929566659964621,1.075891909235991,5.54365332519987,-0.5290404804982245,0.8125,5.4514184110797945
26,MEATS,16.0,4375.1990000000005,4432.6259765625,39.22836563873291,49.6321478617086,0.14345721193929303,-3.5891793594360326,0.875,140.60743504333496
26,PERSONAL CARE,16.0,2084.0,2255.11181640625,47.59014654159546,66.6473722905316,0.3653754053095787,-10.694493770599365,0.5,80.90373571777343
26,PET SUPPLIES,16.0,32.0,27.642080307006836,1.2693285513669252,1.5182296435552667,0.6346642756636295,0.2723699379712343,0.9375,7.981302531808614
26,PLAYERS AND ELECTRONICS,16.0,31.0,16.5524845123291,1.4379920097999275,1.7410995352746759,0.7421894243889242,0.9029697175137699,0.9375,6.321243778336793
26,POULTRY,16.0,2492.1430010000004,2523.2177734375,31.619461919006348,41.40439166271063,0.2030025526227411,-1.9421694626464854,0.8125,95.59721155548095
26,PREPARED FOODS,16.0,405.0,422.3836669921875,9.069599032402039,11.861849731396527,0.3583051469582082,-1.086478352546692,0.9375,31.07731318473816
26,PRODUCE,16.0,8534.167000000001,9139.19921875,77.90019721984864,97.22215581045945,0.14604860152343302,-37.814477432250975,0.75,248.57564376831053
26,SCHOOL AND OFFICE SUPPLIES,16.0,13.0,0.0,0.8125,1.346291201783626,0.9999999999230769,0.8125,0.9375,3.9998541831970216
26,SEAFOOD,16.0,43.0,11.398957252502441,3.1499348282814026,3.904761451139557,1.172068773286753,1.9750651717185974,0.5625,5.352263176441193
27,AUTOMOTIVE,16.0,112.0,80.2371597290039,3.4482429772615433,4.311699328673173,0.4926061396043936,1.9851777404546738,0.875,13.697028860449791
27,BABY CARE,16.0,5.0,26.51677131652832,1.7778391297906637,2.0295209443066624,5.689085214192307,-1.3447982426732779,0.5625,7.719885002821684
27,BEAUTY,16.0,52.0,166.28085327148438,7.554584085941315,8.675927578842467,2.3244874110141645,-7.142553061246872,0.5625,18.80095601454377
27,BEVERAGES,16.0,50170.0,53876.8359375,320.0544738769531,354.87659477273905,0.10207039230677992,-231.67709350585938,0.8125,1175.9612302734376
27,BOOKS,16.0,1.0,27.911808013916016,1.6819878965616226,1.9252445263825189,26.911806318074152,-1.6819878965616226,0.25,7.508168205618858
27,BREAD/BAKERY,16.0,10370.57002,10632.9443359375,58.84974131896972,65.20479857562954,0.0907949957704856,-16.39840428283691,1.0,276.41859423828123
27,CELEBRATION,16.0,256.0,284.991455078125,5.700370132923126,8.068800903587945,0.3562731333063037,-1.8119662404060364,0.9375,28.905314207077026
27,CLEANING,16.0,13725.0,15446.1142578125,174.21033096313477,195.33505110438077,0.20308672462003302,-107.56963729858398,0.4375,332.64000899047846
27,DAIRY,16.0,16563.0,17079.4609375,80.69674301147461,101.3180794804131,0.07795374558857186,-32.278865814208984,0.75,388.86142374267575
27,DELI,16.0,4769.027,4931.583984375,28.278390922546382,34.499226689075975,0.09487349406087388,-10.159797218322751,0.9375,137.20384188842775
27,EGGS,16.0,3935.0,4084.076171875,20.41277503967285,24.282077195968604,0.08299984768352799,-9.31727409362793,1.0,119.106772895813
27,FROZEN FOODS,16.0,2228.8,2240.293701171875,20.397054771423342,29.653886687835417,0.14642537524346153,-0.7183610916137688,0.875,89.71982122039795
27,GROCERY I,16.0,62434.0,64778.5234375,345.8643341064453,409.29694518271,0.0886348679518057,-146.5329132080078,0.75,1175.9612302734376
27,GROCERY II,16.0,552.0,469.465576171875,9.322789430618286,12.063688246798923,0.270225780597142,5.158401250839233,0.875,32.12310230731964
27,HARDWARE,16.0,44.0,41.032386779785156,1.4761552512645721,2.0587586147072248,0.5367837277203721,0.1854756623506546,0.875,9.470902115106583
27,HOME AND KITCHEN I,16.0,312.0,610.77587890625,18.673493266105652,21.63537848010933,0.9576150392844001,-18.673493266105652,0.4375,38.39783704280853
27,HOME AND KITCHEN II,16.0,476.0,605.5625,15.369369387626648,17.41816816878944,0.5166174584065331,-8.097657322883606,0.9375,43.62678265571594
27,HOME APPLIANCES,16.0,6.0,27.099727630615234,1.3527744794264436,1.6511928400018103,3.6073986112026164,-1.3187330449,0.4375,7.548217027820646
27,HOME CARE,16.0,3538.0,4366.572265625,61.57263660430908,69.12629729643595,0.27845172008724334,-51.785759925842285,0.5625,137.20384188842775
27,LADIESWEAR,16.0,120.0,121.19539642333984,4.414542719721794,5.301202232215274,0.5886056959580008,-0.07471241056919098,0.5625,14.44509370625019
27,LAWN AND GARDEN,16.0,642.0,588.6507568359375,9.49650239944458,12.959869901564467,0.2366729569951349,3.3343284130096436,0.9375,37.35204792022705
27,LINGERIE,16.0,175.0,99.44046020507812,5.288999527692795,6.658018294265315,0.483565671100578,4.722471326589584,0.875,14.07106128334999
27,"LIQUOR,WINE,BEER",16.0,2814.0,2475.34375,60.66783094406128,85.9919157094561,0.34494857679624574,21.16601800918579,0.5,93.39812562942504
27,MAGAZINES,16.0,60.0,52.88505172729492,2.0738914608955383,2.7570361040838476,0.5530377228962596,0.44468432664871216,0.8125,11.35576306283474
27,MEATS,16.0,4908.47901,4965.8486328125,28.844202301635747,32.91860742342451,0.09402245296065305,-3.585607147827142,1.0,146.48482537841795
27,PERSONAL CARE,16.0,4206.0,4060.5146484375,39.857126235961914,49.527808969831604,0.15162007127323798,9.092828750610352,0.8125,124.984163230896
27,PET SUPPLIES,16.0,178.0,110.08056640625,4.313605159521103,5.359466191642459,0.3877397896176961,4.244964748620987,1.0,14.81912612915039
27,PLAYERS AND ELECTRONICS,16.0,166.0,98.2839584350586,4.26733735203743,5.02167044954882,0.41130962429028656,4.232252508401871,0.9375,14.07106128334999
27,POULTRY,16.0,6478.902,6664.91650390625,38.967433670043945,47.36053065295552,0.09623219161527784,-11.6258816986084,1.0,202.17072631835936
27,PREPARED FOODS,16.0,1289.209992,1243.2408447265625,10.534807561599733,12.679300808812958,0.13074434888918002,2.8730733735198974,0.875,58.91287645721435
27,PRODUCE,16.0,45127.861000000004,45500.9921875,170.85061187744145,215.19647273071286,0.06057476976449211,-23.320630554199212,1.0,1175.9612302734376
27,SCHOOL AND OFFICE SUPPLIES,16.0,23.0,2.17195200920105,1.3017530031502247,1.7124486733966795,0.9055673064999142,1.3017530031502247,1.0,4.287508825957776
27,SEAFOOD,16.0,282.1439995,264.49090576171875,5.830854778987884,7.526262797545868,0.3306597929738197,1.1033171069450376,0.9375,26.80682611465454
28,AUTOMOTIVE,16.0,104.0,84.76400756835938,2.8865804970264435,4.047081123473722,0.44408930723056733,1.2022490799427032,0.9375,14.07106128334999
28,BABY CARE,16.0,0.0,22.063304901123047,1.3789565404877067,1.6326996879035447,22063304647.803307,-1.3789565404877067,0.5625,7.11285355258733
28,BEAUTY,16.0,51.0,98.66070556640625,3.53144571185112,4.977628127286085,1.1079045370296081,-2.9787936210632324,0.75,14.616500556468964
28,BEVERAGES,16.0,60482.0,58212.33203125,418.74749755859375,529.4401999168477,0.11077609802813052,141.85415649414062,0.75,1175.9612302734376
28,BOOKS,16.0,0.0,22.063304901123047,1.3789565404877067,1.6326996879035447,22063304647.803307,-1.3789565404877067,0.5625,7.11285355258733
28,BREAD/BAKERY,16.0,10748.0,11435.1494140625,66.42079162597656,81.40762492027709,0.09887724841975494,-42.94683837890625,0.9375,332.64000899047846
28,CELEBRATION,16.0,226.0,223.042236328125,5.4234737157821655,6.6076525647236775,0.38396274093863136,0.18486034870147705,0.9375,25.889884293079376
28,CLEANING,16.0,20392.0,22914.73828125,256.7945861816406,303.1090975635378,0.20148653290045354,-157.67120361328125,0.75,951.0755712646485
28,DAIRY,16.0,14530.0,16372.0830078125,134.84137344360352,162.6256984956158,0.1484832742668622,-115.13018417358398,0.625,388.86142374267575
28,DELI,16.0,6143.63,6873.298828125,61.01781083679199,67.31733737545778,0.15891011883666706,-45.60429985046386,0.8125,192.88974282836912
28,EGGS,16.0,4202.0,4781.234375,50.73359203338623,64.58430215897397,0.19317883687148654,-36.20212459564209,0.625,137.20384188842775
28,FROZEN FOODS,16.0,1257.109,1245.11669921875,21.793628288269044,25.54785481818368,0.27738092131392533,0.7495216598510739,0.75,54.51470460510254
28,GROCERY I,16.0,92939.88200000001,79020.6875,1220.4945874023438,1925.6470664773885,0.21011338704343618,869.9498088378906,0.375,1175.9612302734376
28,GROCERY II,16.0,327.0,364.49365234375,7.294032156467438,8.35747637460239,0.35689453976489943,-2.343352258205414,1.0,30.16510647535324
28,HARDWARE,16.0,14.0,29.58139419555664,1.404306954704225,1.774823616134563,1.6049222338330484,-0.9738371660932899,0.5625,7.976979985833168
28,HOME AND KITCHEN I,16.0,527.0,695.488037109375,14.070570230484009,16.482132373559587,0.4271899880214743,-10.530503988265991,0.8125,42.58099353313446
28,HOME AND KITCHEN II,16.0,315.0,411.2709655761719,10.076076090335846,11.446012716725777,0.5118006903011484,-6.01693457365036,0.875,31.07731318473816
28,HOME APPLIANCES,16.0,17.0,30.13460922241211,1.5911561127286404,1.9566899391627683,1.4975586942447463,-0.8209130067843944,0.6875,8.050640046270564
28,HOME CARE,16.0,4538.0,5103.259765625,50.6652774810791,60.70947870748047,0.17863473770319235,-35.32873344421387,0.625,146.48482537841795
28,LADIESWEAR,16.0,0.0,20.011554718017578,1.2507221011910588,1.5250850504859625,20011553619.05694,-1.2507221011910588,0.5,6.374589777970686
28,LAWN AND GARDEN,16.0,100.0,129.77130126953125,4.14890319108963,5.019977165946267,0.6638245105677025,-1.8607068061828613,0.8125,16.58995223045349
28,LINGERIE,16.0,93.0,70.30933380126953,2.510642096400261,3.2735355254003338,0.43193842518249714,1.4181666523218155,0.9375,13.298790469765663
28,"LIQUOR,WINE,BEER",16.0,886.0,1041.91845703125,23.609050273895264,28.226651643877663,0.42634853767708564,-9.744903087615967,0.6875,56.713790531158445
28,MAGAZINES,16.0,20.0,31.39907455444336,1.0668009435757995,1.4439107168897234,0.8534407548179676,-0.7124422555789351,0.75,8.623584907501936
28,MEATS,16.0,3473.4429899999996,3545.025634765625,31.86811601959228,42.095239843490376,0.14679666768140326,-4.473916251525878,0.6875,110.29068739318848
28,PERSONAL CARE,16.0,5474.0,5486.9453125,76.54520511627197,104.29719320869475,0.22373461488128019,-0.8090639114379883,0.4375,146.48482537841795
28,PET SUPPLIES,16.0,84.0,59.47956848144531,2.0947215110063553,2.681963869151986,0.3989945735202701,1.5325270146131516,1.0,12.200899168848991
28,PLAYERS AND ELECTRONICS,16.0,79.0,66.75070190429688,3.1414948254823685,3.4799662808695486,0.6362521165453372,0.7655811458826065,0.9375,13.26735743880272
28,POULTRY,16.0,3672.433,3909.4423828125,39.519717697143555,52.419530344434214,0.17217890242085415,-14.813080703735352,0.6875,119.106772895813
28,PREPARED FOODS,16.0,1399.309,1303.8017578125,23.474562004089353,28.99040669085555,0.2684131896994597,5.969205497741699,0.8125,61.11196238327026
28,PRODUCE,16.0,28253.159,29194.404296875,187.24359802246096,260.03657884108236,0.10603761400129696,-58.827922607421876,0.6875,951.0755712646485
28,SCHOOL AND OFFICE SUPPLIES,16.0,35.0,2.0845565795898438,2.0592365115880966,2.5778027972277227,0.9413652624133767,2.0572152137756348,0.8125,4.48724457025528
28,SEAFOOD,16.0,85.0,39.59529495239258,4.316262908279896,5.51141706197866,0.8124730180195983,2.8377938643097878,0.625,8.060096061974765
29,AUTOMOTIVE,16.0,100.0,64.18138122558594,3.226849041879177,4.360546681308878,0.5162958466955053,2.238663636147976,0.9375,12.517812810838223
29,BABY CARE,16.0,9.0,17.50305938720703,0.9156056204810739,1.108626698407743,1.6277433251188265,-0.5314412685111165,0.6875,6.31224519032985
29,BEAUTY,16.0,65.0,92.08662414550781,3.426713464781642,4.24385564457522,0.8434986990101965,-1.6929134707897902,0.6875,13.392064459621906
29,BEVERAGES,16.0,55632.0,51236.0234375,408.6861267089844,515.8420030492709,0.11753986963157234,274.7486572265625,0.75,1175.9612302734376
29,BOOKS,16.0,0.0,14.410654067993164,0.9006658270955086,1.2298560021728047,14410653233.528137,-0.9006658270955086,0.4375,5.764300891757012
29,BREAD/BAKERY,16.0,11734.0,9935.77734375,114.3655948638916,172.37787874671957,0.15594422343805264,112.38888359069824,0.8125,276.41859423828123
29,CELEBRATION,16.0,208.0,141.65817260742188,5.154319792985916,6.390973756129539,0.3964861379200874,4.146364122629166,0.9375,16.29518699645996
29,CLEANING,16.0,16331.0,16760.27734375,110.82489776611328,125.19848115247886,0.10857867639812038,-26.829757690429688,0.625,501.3042532470703
29,DAIRY,16.0,12048.0,13290.458984375,82.54378509521484,97.75517727330667,0.1096199005248446,-77.6537094116211,0.8125,332.64000899047846
29,DELI,16.0,4702.129999999999,4806.2529296875,36.537707397460935,51.32106201583284,0.1243273406646032,-6.50767738342285,0.8125,146.48482537841795
29,EGGS,16.0,4052.0,4112.5166015625,36.01335334777832,43.04503067985115,0.1422047516200175,-3.782266616821289,0.75,128.85265437316895
29,FROZEN FOODS,16.0,1289.537,1275.10302734375,18.717717594146727,22.276551596416084,0.23224109235028959,0.9021213836669926,0.75,56.713790531158445
29,GROCERY I,16.0,68056.446,64864.4296875,259.04928906250007,344.7847171319344,0.060902219680997446,199.5007143554688,1.0,1175.9612302734376
29,GROCERY II,16.0,297.0,410.0733337402344,7.7758015394210815,9.845473702153086,0.4188983994286815,-7.067083477973938,0.875,31.07731318473816
29,HARDWARE,16.0,26.0,21.449626922607422,1.3155374471098185,1.638761587787622,0.8095615058825975,0.2843983117491007,1.0,7.21212584450841
29,HOME AND KITCHEN I,16.0,428.0,597.0658569335938,12.753451824188232,15.81109227714545,0.4767645541741471,-10.566614866256714,0.75,39.443626165390015
29,HOME AND KITCHEN II,16.0,346.0,277.5871276855469,6.982101738452911,8.563735146544676,0.322871756690531,4.275803744792938,0.9375,26.747594237327576
29,HOME APPLIANCES,16.0,0.0,19.04477310180664,1.1902983100153506,1.5085237780279315,19044772960.24561,-1.1902983100153506,0.625,6.582174340356142
29,HOME CARE,16.0,4003.0,4349.7646484375,28.38931179046631,34.966641659084345,0.11347214305454596,-21.672802925109863,0.9375,134.2651467208862
29,LADIESWEAR,16.0,0.0,12.837783813476562,0.8023615484125912,1.1345926008992546,12837784774.60146,-0.8023615484125912,0.4375,5.508571850601584
29,LAWN AND GARDEN,16.0,114.0,116.07320404052734,6.1711249351501465,8.434126795799719,0.8661227979082124,-0.12957537174224854,0.75,14.568737614899874
29,LINGERIE,16.0,97.0,65.13126373291016,3.424002304673195,4.8336943583770084,0.5647838853010962,1.9917960911989212,0.875,12.482880160212517
29,"LIQUOR,WINE,BEER",16.0,1569.0,1837.72021484375,43.922821044921875,57.95543559367935,0.4479063968886565,-16.795010566711426,0.5,75.7856964225769
29,MAGAZINES,16.0,24.0,23.155302047729492,1.2909263684414327,1.7491822584964043,0.860617578925096,0.05279365321621299,0.875,7.173048918414861
29,MEATS,16.0,2084.933994,2008.8248291015625,14.665278719696044,18.58648548742282,0.11254287195195695,4.756825190338132,0.9375,80.90373571777343
29,PERSONAL CARE,16.0,4213.0,4233.60205078125,56.25342559814453,98.15319598723005,0.2136375052385708,-1.2876243591308594,0.75,128.38775638580321
29,PET SUPPLIES,16.0,80.0,53.71403121948242,2.6176455914974213,3.1439235414030815,0.5235291182929401,1.6428731381893158,0.875,10.66579270362854
29,PLAYERS AND ELECTRONICS,16.0,88.0,57.70246887207031,3.068214699625969,3.980650062309142,0.5578572181074732,1.89359550178051,0.9375,11.390130296349525
29,POULTRY,16.0,3214.727,3371.39111328125,28.389224700927734,31.834650347839965,0.14129585349384333,-9.791508987426756,1.0,107.35199222564697
29,PREPARED FOODS,16.0,1099.847,965.7500610351562,10.361095193862916,14.44172465685016,0.15072780405061426,8.381056062698365,0.9375,47.917446826934814
29,PRODUCE,16.0,21278.441000000003,23096.375,131.4392391357422,173.49392554231244,0.09883373627662742,-113.6208292236328,0.8125,669.9684975036621
29,SCHOOL AND OFFICE SUPPLIES,16.0,30.0,1.1379588842391968,1.8095592916943133,2.5327924654044573,0.9650982888714638,1.8038775683380663,0.8125,4.249529415275902
29,SEAFOOD,16.0,121.0,82.17573547363281,4.569181486964226,5.190103757026366,0.6041892875274663,2.4265164583921432,0.5,11.091988065838814
30,AUTOMOTIVE,16.0,50.0,27.290966033935547,2.2349593807011843,3.1780590843060823,0.7151870018100753,1.4193146508187056,0.75,8.411535912007093
30,BABY CARE,16.0,9.0,10.22856330871582,0.714697748015169,1.102993419535987,1.2705737741080145,-0.07678522315109149,0.8125,5.47157332614297
30,BEAUTY,16.0,11.0,15.70635986328125,0.7465430367738008,0.9640112712275828,1.0858807806631756,-0.2941474933177233,0.75,6.0667256988585
30,BEVERAGES,16.0,27129.0,25831.55078125,389.92564392089844,681.6046145586921,0.22996831076464835,81.090576171875,0.8125,1175.9612302734374
30,BOOKS,16.0,0.0,8.315252304077148,0.5197032196447253,0.8643505769887467,8315251514.315604,-0.5197032196447253,0.6875,4.940200025774539
30,BREAD/BAKERY,16.0,2798.0,2756.2822265625,12.81445026397705,16.45636539277444,0.07327777134508918,2.607365608215332,1.0,89.71982122039793
30,CELEBRATION,16.0,87.0,37.884307861328125,4.512970425188541,5.652349402016284,0.8299715724389275,3.0697307363152504,0.625,8.376610815525055
30,CLEANING,16.0,11129.0,20601.69140625,738.4456977844238,933.5337044739715,1.0616525442132914,-592.043285369873,0.125,726.1899122558593
30,DAIRY,16.0,4402.0,5005.6015625,41.81282138824463,47.233894718395845,0.15197754252879647,-37.72509479522705,0.75,127.92285839843751
30,DELI,16.0,1932.0,2146.018798828125,21.11262083053589,24.762295699090853,0.1748457211637678,-13.376174449920654,0.9375,80.90373571777343
30,EGGS,16.0,2272.0,2452.423095703125,37.136178493499756,46.43466809929856,0.26152238375692544,-11.276432514190674,0.6875,89.71982122039793
30,FROZEN FOODS,16.0,797.091,786.3359375,9.8473494682312,12.443255986288847,0.19766575145309825,0.6721933135986324,0.9375,45.718360900878906
30,GROCERY I,16.0,35874.0,32541.748046875,406.5130386352539,569.7961837497714,0.18130703624251218,208.26569366455078,0.6875,1175.9612302734376
30,GROCERY II,16.0,114.0,85.76026916503906,3.9751111548393965,5.687235061716182,0.5579103375164248,1.764983406290412,0.6875,12.542400777339935
30,HARDWARE,16.0,3.0,9.66810131072998,0.7917563181836158,1.151086284039719,4.222700362238384,-0.4167563181836158,0.875,5.427650687517598
30,HOME AND KITCHEN I,16.0,207.0,207.2397918701172,6.108363509178162,7.451549297321214,0.47214403935448523,-0.01498723030090332,0.9375,22.696097254753113
30,HOME AND KITCHEN II,16.0,138.0,80.6268539428711,4.051021173596382,4.865812996363161,0.4696836143266119,3.5858213156461716,0.875,14.196584820747375
30,HOME APPLIANCES,16.0,1.0,10.524724006652832,0.5952952369116247,0.9089168891330038,9.52472378106127,-0.5952952369116247,0.625,5.1961904878728085
30,HOME CARE,16.0,2595.0,2667.371337890625,53.2920446395874,66.84633470505904,0.3285829341938612,-4.523211479187012,0.5,83.84243088531494
30,LADIESWEAR,16.0,10.0,9.541829109191895,1.1311662800144404,1.895662060683747,1.809866047842118,0.028635665075853467,0.75,5.1806811969261615
30,LAWN AND GARDEN,16.0,0.0,7.222349166870117,0.4513968541286886,0.7777644632739436,7222349666.059017,-0.4513968541286886,0.8125,4.899218562524766
30,LINGERIE,16.0,45.0,32.93592834472656,1.4853680357336998,2.035905277509766,0.5281308571380238,0.7540043815970421,1.0,8.40329006612301
30,"LIQUOR,WINE,BEER",16.0,668.0,964.3112182617188,28.38188624382019,34.01703632321239,0.6798056585335976,-18.51944899559021,0.4375,48.02495450782776
30,MAGAZINES,16.0,14.0,11.884552955627441,0.9691554335877299,1.2523554280083928,1.1076062097354338,0.13221545238047838,0.875,5.713699406199157
30,MEATS,16.0,1167.072004,1135.158935546875,11.046348404067993,13.58649319777612,0.1514401629541072,1.9945641557159437,0.9375,50.11653275299072
30,PERSONAL CARE,16.0,1446.0,1821.22265625,31.53281545639038,36.87509549304912,0.34891082109398147,-23.451415538787842,0.625,76.50556386566161
30,PET SUPPLIES,16.0,34.0,20.667083740234375,1.1600564336404204,1.6132181284560045,0.5459089099323771,0.8333072727546096,1.0,6.628649345226586
30,PLAYERS AND ELECTRONICS,16.0,73.0,45.76854705810547,2.0868426840752363,2.5627270400165747,0.457390177325293,1.7019658666104078,0.9375,10.318488415330648
30,POULTRY,16.0,1770.9470000000001,1847.102294921875,16.911578540802,21.88509866393525,0.15279127870719972,-4.759711177825928,0.875,80.90373571777343
30,PREPARED FOODS,16.0,391.0,370.91156005859375,7.17355215549469,11.258850134738454,0.29354689127268924,1.2555278539657593,0.9375,28.985734939575195
30,PRODUCE,16.0,10295.381000000001,10691.9453125,82.07668836975098,90.68291927659156,0.12755496993417612,-24.785279067993162,0.9375,323.35902550048826
30,SCHOOL AND OFFICE SUPPLIES,16.0,2.0,0.0,0.125,0.3535533905932738,0.9999999995,0.125,1.0,3.9998541831970216
30,SEAFOOD,16.0,71.0,24.65635871887207,4.716927777510136,5.520634530158833,1.0629696399873128,2.896477590780705,0.4375,6.181964112538845
31,AUTOMOTIVE,16.0,146.0,84.30498504638672,4.1703677624464035,5.5343338020827675,0.45702660410058515,3.8559386283159256,0.9375,14.07106128334999
31,BABY CARE,16.0,5.0,23.533061981201172,1.1583164150360972,1.5408782376785448,3.7066125273741886,-1.1583164150360972,0.5625,7.324142068671063
31,BEAUTY,16.0,30.0,53.441497802734375,2.1137710623443127,2.9992362490144955,1.1273445665460553,-1.46509363129735,0.75,11.052923116832972
31,BEVERAGES,16.0,58904.0,52253.2265625,511.7362365722656,726.8791978708332,0.13900210147283906,415.6733093261719,0.8125,1175.9612302734376
31,BOOKS,16.0,0.0,20.962453842163086,1.3101534193847328,1.6089226396423197,20962454710.155724,-1.3101534193847328,0.5,6.675970190623775
31,BREAD/BAKERY,16.0,9622.0,9060.8798828125,56.88998031616211,74.1767630427715,0.09459984255440648,35.07002639770508,1.0,276.41859423828123
31,CELEBRATION,16.0,159.0,141.27207946777344,3.2233984172344208,4.122270843007617,0.3243671363234363,1.1079947650432587,0.875,15.551870107650757
31,CLEANING,16.0,21777.0,22350.03125,326.5048141479492,437.330196558445,0.2398896554331151,-35.81438446044922,0.5625,894.8541565124511
31,DAIRY,16.0,11077.0,12470.685546875,87.11418151855469,102.99970454623755,0.1258307217023336,-87.10531616210938,0.9375,332.6400089904785
31,DELI,16.0,4021.589,4427.833984375,35.930299736022945,41.36675658410327,0.14294966387072974,-25.390291496276856,0.8125,127.92285839843751
31,EGGS,16.0,5505.0,5037.5,58.19676399230957,73.6391156825417,0.16914590806117782,29.2187557220459,0.875,146.48482537841795
31,FROZEN FOODS,16.0,1399.525004,1585.597412109375,26.603514795166014,30.64946323324032,0.30414335971545964,-11.629526460510252,0.75,67.70922016143798
31,GROCERY I,16.0,79288.639,74369.4921875,481.67323974609366,643.6141287589328,0.09719894215787209,307.4469809570312,0.6875,1175.9612302734376
31,GROCERY II,16.0,211.0,264.9780578613281,8.27473384141922,11.254048590834318,0.6274679690145974,-3.3736289143562317,0.875,27.200712502002716
31,HARDWARE,16.0,6.0,26.346759796142578,1.4372009593062103,1.7976042577857496,3.8325358908444715,-1.2716724905185401,0.625,7.55953701986
31,HOME AND KITCHEN I,16.0,370.0,445.033203125,9.24319612979889,10.806618668907124,0.39970577858481765,-4.689574837684631,0.875,33.16889142990112
31,HOME AND KITCHEN II,16.0,329.0,413.1319885253906,6.971606731414795,8.238802886730463,0.339044704262303,-5.25825047492981,0.875,28.985734939575195
31,HOME APPLIANCES,16.0,0.0,22.37893295288086,1.398683361709118,1.6988463344515776,22378933787.345886,-1.398683361709118,0.5625,6.935607482865453
31,HOME CARE,16.0,4642.0,5102.474609375,42.57850742340088,52.61995368444228,0.14675918112328032,-28.779664039611816,0.75,137.20384188842775
31,LADIESWEAR,16.0,12.0,44.85396957397461,2.480322279036045,3.9919134375973604,3.307096371772469,-2.053373072296381,0.6875,9.705199997872114
31,LAWN AND GARDEN,16.0,111.0,92.11744689941406,5.973445490002632,7.409823558028311,0.8610371877403701,1.1801591515541077,0.75,13.877451747655869
31,LINGERIE,16.0,153.0,108.90596008300781,4.844792053103447,6.841365687509192,0.50664492058267,2.7558775395154953,0.9375,15.610459864139557
31,"LIQUOR,WINE,BEER",16.0,325.0,554.044677734375,16.589155912399292,19.09287091854577,0.8166969064540677,-14.315291166305542,0.6875,36.30625879764557
31,MAGAZINES,16.0,26.0,32.359283447265625,1.1544037689454854,1.4617305547830952,0.7104023193237448,-0.39745522988960147,0.875,8.360827026795596
31,MEATS,16.0,6341.58302,6190.525390625,29.548865784912106,38.1776321787702,0.07455265523883642,9.441078947753905,1.0,165.04679235839842
31,PERSONAL CARE,16.0,4379.0,4772.3388671875,54.793484687805176,66.5998741965834,0.20020455697754796,-24.58369731903076,0.6875,137.20384188842775
31,PET SUPPLIES,16.0,72.0,48.17014694213867,2.1779508218169212,2.5777983024646574,0.4839890715081493,1.4893657490611076,1.0,10.201087422668934
31,PLAYERS AND ELECTRONICS,16.0,115.0,85.48626708984375,2.5810790359973907,3.845383680469193,0.3591066484834708,1.844608336687088,1.0,13.697028860449791
31,POULTRY,16.0,2220.70099,2179.032958984375,22.125540905609135,29.213630260142,0.15941302142148672,2.6042486006164545,0.8125,80.90373571777343
31,PREPARED FOODS,16.0,1137.977,1000.3980102539062,13.687640581130982,17.582483112220938,0.19244874834720144,8.598687097549439,0.8125,50.11653275299072
31,PRODUCE,16.0,23501.367100000003,25848.625,161.3814662231445,179.9953182005084,0.10987035131118827,-146.7036263793945,0.9375,838.632741760254
31,SCHOOL AND OFFICE SUPPLIES,16.0,29.0,15.499547958374023,1.5695529095828533,2.0964869152818,0.8659602259468859,0.8437782637774944,0.875,5.294174195080996
31,SEAFOOD,16.0,107.0,35.34207534790039,5.840585881844163,6.566704201425342,0.8733586365292827,4.478620344772935,0.375,7.452804087102413
32,AUTOMOTIVE,16.0,28.0,16.64864730834961,1.3730856087058783,1.9414968280489697,0.7846203478039083,0.709459500387311,0.875,5.905615366622806
32,BABY CARE,16.0,0.0,7.377329349517822,0.46108308201655746,0.795056096900418,7377329312.264919,-0.46108308201655746,0.8125,4.909948139917105
32,BEAUTY,16.0,20.0,28.628398895263672,1.8365007508546114,3.0685345136272693,1.4692006006102292,-0.5392749290913343,0.875,6.536884671449661
32,BEVERAGES,16.0,19519.0,16793.34375,273.39269638061523,399.31313435752173,0.22410385481272707,170.3535270690918,0.5,388.8614237426758
32,BOOKS,16.0,0.0,7.377329349517822,0.46108308201655746,0.795056096900418,7377329312.264919,-0.46108308201655746,0.8125,4.909948139917105
32,BREAD/BAKERY,16.0,2104.0,2044.800537109375,27.859812259674072,32.43243650783997,0.21186169018753484,3.6999707221984863,0.8125,83.84243088531494
32,CELEBRATION,16.0,75.0,18.195720672607422,3.6096811927855015,4.88377098289578,0.7700653211173061,3.550267491489649,0.625,6.474853168427944
32,CLEANING,16.0,12319.0,15480.166015625,467.81505393981934,686.7190293936636,0.6076013363939039,-197.57286262512207,0.3125,492.0232697570801
32,DAIRY,16.0,2686.0,3081.67333984375,28.721705436706543,34.695938312777095,0.1710898313429388,-24.729580879211426,0.75,95.59721155548095
32,DELI,16.0,1562.0,1830.109130859375,20.940852642059326,26.284184570886403,0.214502972005592,-16.756824016571045,0.8125,78.70464979171751
32,EGGS,16.0,3961.0,3322.15380859375,75.43497085571289,109.21420137216097,0.3047108138578898,39.92789268493652,0.5625,108.2817882003784
32,FROZEN FOODS,16.0,317.015,263.86456298828125,5.278885879516602,6.405800483288798,0.2664295824235421,3.3219024324417115,0.9375,26.162206768989563
32,GROCERY I,16.0,31161.0,24460.3671875,430.0892868041992,577.1313250380066,0.22083465193244653,418.78958892822266,0.6875,1063.518400769043
32,GROCERY II,16.0,22.0,35.57194137573242,1.7191218044608831,3.523267208902828,1.250270403187448,-0.8482464314438403,0.8125,7.696397648844868
32,HARDWARE,16.0,4.0,8.194387435913086,0.5578042624983937,0.8471021208093868,2.23121704943577,-0.26214920566417277,0.8125,5.120001950720325
32,HOME AND KITCHEN I,16.0,147.0,173.21514892578125,4.258608520030975,5.6022716095776435,0.4635220157825312,-1.6384472846984863,0.875,19.148429691791534
32,HOME AND KITCHEN II,16.0,75.0,30.582881927490234,3.4746253229677677,4.562954597501564,0.7412534022232403,2.776069913059473,0.875,8.283528386801482
32,HOME APPLIANCES,16.0,2.0,6.316985607147217,0.5198116062674671,0.7942796810830772,4.15849284806049,-0.26981160626746714,0.8125,4.864615822443739
32,HOME CARE,16.0,1429.0,1639.536376953125,16.49919033050537,18.79011078034779,0.18473551104821637,-13.158524513244629,1.0,76.50556386566161
32,LADIESWEAR,16.0,0.0,6.316985607147217,0.39481160626746714,0.7112525653953278,6316985700.279474,-0.39481160626746714,0.8125,4.864615822443739
32,LAWN AND GARDEN,16.0,0.0,6.316985607147217,0.39481160626746714,0.7112525653953278,6316985700.279474,-0.39481160626746714,0.8125,4.864615822443739
32,LINGERIE,16.0,7.0,8.413848876953125,0.6968486313708127,1.0032538112531384,1.5927968714771723,-0.08836556924507022,0.6875,4.902510664146393
32,"LIQUOR,WINE,BEER",16.0,584.0,695.70703125,27.121578574180603,34.4602162021208,0.7430569472365524,-6.981689810752869,0.25,38.39783704280853
32,MAGAZINES,16.0,5.0,6.982160568237305,0.6650308801326901,0.9436387325881552,2.1280988159989884,-0.12388500408269465,0.8125,4.880288116494194
32,MEATS,16.0,1263.070996,1188.422607421875,23.038831728118897,26.414789394781064,0.2918452793366261,4.665527623992919,0.5625,54.51470460510254
32,PERSONAL CARE,16.0,1349.0,1361.79736328125,17.585829257965088,21.75788024394172,0.20857914612841574,-0.7998394966125488,0.875,63.31104830932617
32,PET SUPPLIES,16.0,11.0,14.177225112915039,0.7549814055673778,0.9555357274668357,1.0981547716345355,-0.19857654673978686,0.875,5.9406454036943614
32,PLAYERS AND ELECTRONICS,16.0,22.0,28.861888885498047,2.0273535791784525,3.6807406307953237,1.4744389666082183,-0.4288679752498865,0.875,7.3347035095095645
32,POULTRY,16.0,965.6130009999999,924.3445434570312,16.56888166560364,22.23693764258086,0.27454280998168096,2.5792793116912835,0.8125,50.11653275299072
32,PREPARED FOODS,16.0,186.0,134.34854125976562,5.720839731395245,6.933139463319467,0.49211524570877313,3.22821556776762,0.8125,17.19941059499979
32,PRODUCE,16.0,3782.7580000000003,4144.33984375,39.76933853912354,49.167422461849576,0.16821309124871545,-22.598858558654783,0.8125,131.32645155334473
32,SCHOOL AND OFFICE SUPPLIES,16.0,0.0,0.0,0.0,0.0,0.0,0.0,1.0,3.9998541831970216
32,SEAFOOD,16.0,33.0,23.884071350097656,2.5552543997764587,3.394140870558036,1.238911224096498,0.5697456002235413,0.875,6.116067492961884
33,AUTOMOTIVE,16.0,121.0,72.9610366821289,3.972885563969612,4.455004577703751,0.5253402398594087,3.0024354606866837,0.9375,12.527079090476036
33,BABY CARE,16.0,0.0,9.602971076965332,0.6001856615766883,0.9518573933779774,9602970585.227013,-0.6001856615766883,0.6875,5.1984643006697295
33,BEAUTY,16.0,39.0,47.78746032714844,2.63921855436638,3.2921731141965496,1.0827563299687006,-0.54921641247347,0.625,8.977263635862618
33,BEVERAGES,16.0,37679.0,35797.8125,577.7097702026367,850.6952651364687,0.24531851490862133,117.57421112060547,0.625,1175.9612302734376
33,BOOKS,16.0,0.0,9.602971076965332,0.6001856615766883,0.9518573933779774,9602970585.227013,-0.6001856615766883,0.6875,5.1984643006697295
33,BREAD/BAKERY,16.0,3763.0,4206.08203125,28.444303512573242,35.543325676860924,0.12094309226708767,-27.692646026611328,0.9375,124.984163230896
33,CELEBRATION,16.0,135.0,236.60739135742188,8.911617457866669,10.686692469252982,1.0561916987023001,-6.350462019443512,0.6875,24.51824712753296
33,CLEANING,16.0,16967.0,17058.5703125,167.01234817504883,228.80542639285403,0.15749381568931595,-5.723217010498047,0.5625,445.08283849487304
33,DAIRY,16.0,6894.0,7653.36669921875,71.1185131072998,75.31025010568645,0.1650560211367322,-47.46042442321777,0.6875,220.73269329833983
33,DELI,16.0,3040.0,3151.604248046875,24.901567459106445,31.03233296004578,0.13106088136367502,-6.975271224975586,0.875,101.47460189056396
33,EGGS,16.0,3731.0,2662.1220703125,100.79127836227417,203.47621675522038,0.43223276703188274,66.80487585067749,0.5625,87.52073529434205
33,FROZEN FOODS,16.0,1076.008,1111.8656005859375,16.290113422393798,19.867614492239436,0.24223036888021143,-2.2410990829467776,0.875,50.11653275299072
33,GROCERY I,16.0,50594.0,51091.78125,248.3275146484375,292.9013964192279,0.07853184635282685,-31.111328125,0.9375,1175.9612302734376
33,GROCERY II,16.0,65.0,70.97808074951172,3.4959962079301476,5.300575642018512,0.8605529127080278,-0.373630135320127,0.8125,11.3900011530146
33,HARDWARE,16.0,10.0,12.019813537597656,0.8937817411497235,1.1645186497725901,1.4300507856965525,-0.1262383507564664,0.75,5.492036280222237
33,HOME AND KITCHEN I,16.0,530.0,364.92620849609375,13.114621043205261,23.49655565411493,0.3959130880960156,10.317112803459167,0.8125,29.98359739780426
33,HOME AND KITCHEN II,16.0,272.0,275.37109375,5.199755787849426,7.471245540523349,0.30586798751943,-0.21069550514221191,0.9375,26.76199734210968
33,HOME APPLIANCES,16.0,4.0,11.410639762878418,0.773128607776016,1.156838534454813,3.0925144303309353,-0.4631650014780462,0.75,5.217014340963214
33,HOME CARE,16.0,3730.0,3758.99365234375,29.534399032592773,38.85573314281952,0.12668911113173129,-1.8121070861816406,0.8125,119.106772895813
33,LADIESWEAR,16.0,0.0,8.410733222961426,0.5256708436645567,0.861640603425846,8410733498.632907,-0.5256708436645567,0.6875,4.929630275908858
33,LAWN AND GARDEN,16.0,0.0,8.410733222961426,0.5256708436645567,0.861640603425846,8410733498.632907,-0.5256708436645567,0.6875,4.929630275908858
33,LINGERIE,16.0,209.0,151.30972290039062,3.803022861480713,5.1397385897173224,0.29114050614067116,3.6056426763534546,1.0,15.686767041683197
33,"LIQUOR,WINE,BEER",16.0,636.0,720.6651000976562,22.56194794178009,24.88200681199662,0.5675961746350847,-5.291568636894226,0.5625,45.82586858177185
33,MAGAZINES,16.0,26.0,18.018310546875,1.3856598697602749,1.6454185330855124,0.8527137659735263,0.4988555945456028,0.8125,6.083743850886822
33,MEATS,16.0,4166.77802,4652.97412109375,54.138736113281254,78.93485778792521,0.2078871909313499,-30.38725441101074,0.6875,137.20384188842775
33,PERSONAL CARE,16.0,3616.0,3585.14111328125,35.223313331604004,46.554285647485386,0.15585536872386843,1.928685188293457,0.75,104.41329705810546
33,PET SUPPLIES,16.0,36.0,23.50002670288086,2.068333708681166,2.239652303636693,0.9192594260549835,0.7812483543530107,0.8125,6.694086636602878
33,PLAYERS AND ELECTRONICS,16.0,60.0,57.225502014160156,1.9113733023405075,2.3427679765134446,0.509699547282307,0.17340628802776337,0.875,10.609086602926254
33,POULTRY,16.0,3950.1799950000004,3616.6552734375,52.7867471157837,71.07395031315352,0.21380999218298286,20.845290329284673,0.625,107.35199222564697
33,PREPARED FOODS,16.0,493.0,524.06689453125,7.3810715675354,10.33933744854453,0.23954796162338104,-1.9416842460632324,0.875,34.214680552482605
33,PRODUCE,16.0,22669.833,23635.04296875,102.4331459350586,120.58072166327617,0.07229565100725997,-60.32561541748046,1.0,838.6327417602539
33,SCHOOL AND OFFICE SUPPLIES,16.0,0.0,0.0,0.0,0.0,0.0,0.0,1.0,3.9998541831970216
33,SEAFOOD,16.0,11.0,15.452177047729492,1.0282610654830933,2.057214051481549,1.495652458748531,-0.27826106548309326,0.875,5.352263176441193
34,AUTOMOTIVE,16.0,53.0,52.52294921875,1.7184923440217972,2.1172529627325916,0.5187901415816975,0.02981574833393097,0.9375,11.059026464819908
34,BABY CARE,16.0,8.0,28.6611270904541,1.3614291567355394,1.6604494557555223,2.7228583131307214,-1.2913204040378332,0.5625,7.520955920219421
34,BEAUTY,16.0,33.0,118.14695739746094,5.4709189385175705,7.832658103132669,2.6525667579887444,-5.321684658527374,0.625,15.277434974908829
34,BEVERAGES,16.0,41452.0,39951.71875,280.6330108642578,326.4054121491814,0.10832114671977268,93.76759338378906,0.9375,1175.9612302734376
34,BOOKS,16.0,0.0,27.931583404541016,1.7457239087671041,1.9637243849082247,27931582540.273666,-1.7457239087671041,0.375,7.5171540305018425
34,BREAD/BAKERY,16.0,11624.0,10473.3525390625,93.58778762817383,120.61243012498912,0.12882007932300862,71.91547012329102,0.6875,276.41859423828123
34,CELEBRATION,16.0,156.0,103.64401245117188,4.940469324588776,6.629810234531467,0.5067148025186776,3.2722488045692444,0.875,15.330506756901741
34,CLEANING,16.0,15455.0,13965.234375,169.8014678955078,232.4441090130161,0.17578929060679063,93.11035919189453,0.5625,276.41859423828123
34,DAIRY,16.0,10337.0,11699.310546875,99.39772415161133,137.24750688400735,0.15385156103566097,-85.1443977355957,0.75,276.41859423828123
34,DELI,16.0,3722.1490000000003,4010.677734375,30.982068145751953,38.64101838564008,0.13317927098885562,-18.033063064575195,0.875,122.0454680633545
34,EGGS,16.0,1982.0,2279.35498046875,43.36755561828613,56.54459630140007,0.35009126634320287,-18.584689140319824,0.5625,87.52073529434203
34,FROZEN FOODS,16.0,1171.368,1133.474853515625,12.418836114883424,20.707682224805893,0.16963189863302153,2.3683204631805426,0.875,52.31561867904663
34,GROCERY I,16.0,67953.16399999999,64224.2421875,389.92664489746096,511.7531477668912,0.09181068181548227,233.05750646972655,0.8125,1175.9612302734376
34,GROCERY II,16.0,143.0,114.53655242919922,6.467687010765076,8.540549421286162,0.7236572879127102,1.7789654731750488,0.6875,14.709152966737747
34,HARDWARE,16.0,60.0,55.797950744628906,2.784611091017723,3.804044092329396,0.7425629575923501,0.26262815296649933,0.75,11.07195270061493
34,HOME AND KITCHEN I,16.0,490.0,588.6466674804688,10.714219808578491,12.89060881974691,0.34985207538144086,-6.16541600227356,0.9375,40.4894152879715
34,HOME AND KITCHEN II,16.0,635.0,553.7313842773438,11.947514653205872,14.623067666752267,0.30103973929290223,5.079288363456726,0.6875,38.39783704280853
34,HOME APPLIANCES,16.0,1.0,34.61328887939453,2.100830651819706,2.3497940439466865,33.613290395502005,-2.100830651819706,0.3125,8.515213623642921
34,HOME CARE,16.0,3317.0,3722.70751953125,32.31221675872803,44.444471386694275,0.15586236603542133,-25.356715202331543,0.875,119.106772895813
34,LADIESWEAR,16.0,28.0,63.560237884521484,2.9532791078090668,4.596616521396957,1.68758806154491,-2.222514897584915,0.6875,11.885417968034744
34,LAWN AND GARDEN,16.0,82.0,115.76244354248047,3.8213890343904495,6.187072259155116,0.745636884750019,-2.110152319073677,0.8125,15.71138459444046
34,LINGERIE,16.0,61.0,47.199363708496094,2.0323582887649536,2.643140730639773,0.5330775839296096,0.862539678812027,1.0,10.634057074785233
34,"LIQUOR,WINE,BEER",16.0,469.0,821.7593383789062,23.13206171989441,24.495258240010415,0.7891534915085744,-22.04745841026306,0.5625,45.718360900878906
34,MAGAZINES,16.0,37.0,43.88803482055664,1.833889976143837,2.171374324474214,0.7930335031759016,-0.43050219118595123,0.875,9.801197439432144
34,MEATS,16.0,2909.93801,2909.94091796875,28.558098671569823,38.777436010179485,0.1570238187805795,-0.00017697967529262115,0.875,92.65851638793944
34,PERSONAL CARE,16.0,4370.0,4408.66845703125,27.427624702453613,32.968194207862304,0.10042150920804516,-2.416792869567871,0.9375,127.92285839843751
34,PET SUPPLIES,16.0,56.0,76.17137145996094,3.059845209121704,3.3324311449948123,0.8742414883048755,-1.2607108652591705,0.6875,13.322996437549591
34,PLAYERS AND ELECTRONICS,16.0,116.0,78.71261596679688,3.653784230351448,4.624297078514985,0.5039702386648207,2.3304611295461655,0.9375,13.697028860449791
34,POULTRY,16.0,2478.965006,2427.2607421875,18.838610330108644,23.044097851280956,0.12159016547312113,3.2315131504211454,0.875,86.78112605285644
34,PREPARED FOODS,16.0,473.96999999999997,577.282958984375,10.635571206092834,13.613726163308733,0.35902934636607026,-6.457058863639832,0.875,39.443626165390015
34,PRODUCE,16.0,11424.553,12934.3701171875,109.39116244506835,133.76069712395295,0.15320149498373725,-94.36360415649412,0.8125,388.86142374267575
34,SCHOOL AND OFFICE SUPPLIES,16.0,77.0,6.793961048126221,4.387877421453595,5.234917953472823,0.9117667369135812,4.387877421453595,0.625,4.856951384246349
34,SEAFOOD,16.0,44.0,16.38499641418457,2.288394995033741,2.929405359250156,0.8321436345388117,1.7259376868605614,0.75,5.266840781271458
35,AUTOMOTIVE,16.0,62.0,51.80577087402344,2.0223669558763504,2.401552162045556,0.5219011498951566,0.6371392458677292,0.875,10.121999643743038
35,BABY CARE,16.0,0.0,7.7290496826171875,0.4830656251870096,0.8254617618618392,7729050002.992152,-0.4830656251870096,0.8125,4.917275651823729
35,BEAUTY,16.0,11.0,56.5421142578125,3.0167958410456777,4.745509132488557,4.388066677485707,-2.8463821234181523,0.5625,8.30728883575648
35,BEVERAGES,16.0,25360.0,23825.38671875,231.37773895263672,301.4372658312829,0.14597964602689437,95.91326141357422,0.875,1063.518400769043
35,BOOKS,16.0,0.0,7.7290496826171875,0.4830656251870096,0.8254617618618392,7729050002.992152,-0.4830656251870096,0.8125,4.917275651823729
35,BREAD/BAKERY,16.0,1957.0,1648.1771240234375,28.84392213821411,48.86788875601406,0.2358215402203321,19.301427364349365,0.75,74.30647793960571
35,CELEBRATION,16.0,39.0,42.871116638183594,2.583947418257594,3.9831815011588745,1.0600809920784982,-0.24194476939737797,0.875,9.501698257774114
35,CLEANING,16.0,7609.0,8220.259765625,78.73394203186035,94.93978828177998,0.1655596100025759,-38.20369911193848,0.8125,239.2946602783203
35,DAIRY,16.0,2899.0,3248.8095703125,35.22214317321777,44.97145095982623,0.19439609892076232,-21.863094329833984,0.75,104.41329705810547
35,DELI,16.0,1595.0,1614.7308349609375,17.766403675079346,24.630248503823353,0.17822097730475944,-1.233182430267334,0.9375,76.50556386566161
35,EGGS,16.0,2648.0,2465.21435546875,56.96693563461304,71.55773072041796,0.3442110914476829,11.424112796783447,0.5,92.65851638793944
35,FROZEN FOODS,16.0,947.7049999999999,816.2420654296875,23.807504291534425,36.916400802921196,0.4019394945306281,8.216433887481688,0.75,49.07074363040924
35,GROCERY I,16.0,32648.0,30761.84765625,218.6255874633789,265.68456626458874,0.10714314504453429,117.88452911376953,1.0,1175.9612302734374
35,GROCERY II,16.0,114.0,103.65731048583984,5.561339981853962,7.191878624994933,0.7805389448147618,0.6464185193181038,0.75,14.345277063548565
35,HARDWARE,16.0,11.0,6.852863788604736,0.7853437347803265,1.1557207094855992,1.1423181595766279,0.2591960297431797,0.8125,4.883453177521005
35,HOME AND KITCHEN I,16.0,162.0,206.53170776367188,6.187571436166763,7.94559433844336,0.6111181665312166,-2.78323170542717,0.9375,20.864803850650787
35,HOME AND KITCHEN II,16.0,95.0,117.13323974609375,4.949275132268667,7.362034394052192,0.8335621275312117,-1.3833273090422153,0.75,14.90064387395978
35,HOME APPLIANCES,16.0,2.0,9.955154418945312,0.6842899306211621,0.9669634038827039,5.474319442232137,-0.4971971793565899,0.6875,5.161925560841336
35,HOME CARE,16.0,1615.0,1840.114990234375,23.487465858459473,31.091518260272753,0.23269316020750394,-14.069690704345703,0.75,80.90373571777343
35,LADIESWEAR,16.0,0.0,6.66870641708374,0.41679412708617747,0.7416494329274096,6668706033.3788395,-0.41679412708617747,0.8125,4.871943334350362
35,LAWN AND GARDEN,16.0,0.0,6.66870641708374,0.41679412708617747,0.7416494329274096,6668706033.3788395,-0.41679412708617747,0.8125,4.871943334350362
35,LINGERIE,16.0,4.0,8.865012168884277,0.5540632484480739,0.8252063040518327,2.216252993238232,-0.30406324844807386,0.875,5.405956794135273
35,"LIQUOR,WINE,BEER",16.0,893.0,814.106201171875,42.74836754798889,55.09235537085292,0.7659281979474315,4.930865526199341,0.3125,45.82586858177185
35,MAGAZINES,16.0,14.0,11.068418502807617,0.470818055793643,0.6321061690986431,0.5380777780114436,0.183223863132298,0.9375,5.459529588185251
35,MEATS,16.0,3223.63601,3398.953857421875,30.271037391052246,43.02749324955726,0.15024543613305946,-10.9573664175415,0.625,101.47460189056396
35,PERSONAL CARE,16.0,1382.0,1519.45458984375,26.308911323547363,33.46573445820758,0.30458942198006744,-8.590919494628906,0.6875,72.1073920135498
35,PET SUPPLIES,16.0,15.0,14.914209365844727,0.9396470133215189,1.2786770998619743,1.002290147476134,0.005361950024962425,0.875,6.212525838986039
35,PLAYERS AND ELECTRONICS,16.0,19.0,15.771923065185547,1.0850255647674203,1.4588623094441464,0.9137057387034221,0.20175478141754866,0.8125,6.2274161573499445
35,POULTRY,16.0,917.2949970000001,906.2568359375,13.508561611618042,18.388200069040394,0.2356242937032535,0.6898867353363034,0.9375,47.917446826934814
35,PREPARED FOODS,16.0,317.0,329.49365234375,5.704299628734589,7.1718443307204485,0.28791417684373977,-0.7808530926704407,0.9375,28.100321888923645
35,PRODUCE,16.0,6646.52898,7497.0947265625,67.06748216369628,98.75350277595078,0.16144964053387442,-53.16037251159668,0.8125,192.88974282836912
35,SCHOOL AND OFFICE SUPPLIES,16.0,1.0,0.0,0.0625,0.25,0.9999999989999999,0.0625,1.0,3.9998541831970216
35,SEAFOOD,16.0,22.0,0.0,1.375,2.1505813167606567,0.9999999999545455,1.375,0.875,3.9998541831970216
36,AUTOMOTIVE,16.0,80.0,39.69143295288086,2.875062793493271,3.7782782001281636,0.5750125586914665,2.5192854702472687,0.8125,9.447243317961693
36,BABY CARE,16.0,0.0,16.071880340576172,1.0044925902038813,1.3305910052461007,16071881443.262098,-1.0044925902038813,0.4375,6.0417719386518005
36,BEAUTY,16.0,18.0,66.11026000976562,3.228368774987757,4.93742709341065,2.8696611331630253,-3.006891285069287,0.625,10.23679869249463
36,BEVERAGES,16.0,64111.0,48110.7890625,1003.7515563964844,1158.1004151636175,0.25050342222619365,1000.0131530761719,0.375,1175.9612302734376
36,BOOKS,16.0,0.0,14.410654067993164,0.9006658270955086,1.2298560021728047,14410653233.528137,-0.9006658270955086,0.4375,5.764300891757012
36,BREAD/BAKERY,16.0,9088.0,7632.76953125,117.57154273986816,175.52052365111368,0.2069921527110127,90.95190238952637,0.8125,248.57564376831053
36,CELEBRATION,16.0,165.0,126.06866455078125,4.260504722595215,5.119887996423657,0.413139851885517,2.4332083463668823,0.875,14.81912612915039
36,CLEANING,16.0,14525.0,14559.7666015625,134.9170799255371,163.54198022694618,0.14861778167355905,-2.1729087829589844,0.5,276.41859423828123
36,DAIRY,16.0,9864.0,10735.951171875,80.51664543151855,97.83169616731753,0.13060283119466407,-54.4969539642334,0.8125,276.41859423828123
36,DELI,16.0,3436.8060000000005,3724.1259765625,32.25951139831543,39.14237805020949,0.15018368286510692,-17.957504257202146,0.875,122.0454680633545
36,EGGS,16.0,2506.0,2500.919921875,31.83527708053589,41.653367257846966,0.2032579542252079,0.3175168037414551,0.875,89.71982122039793
36,FROZEN FOODS,16.0,1680.554,1543.3380126953125,31.524646230697634,41.02472868041273,0.3001357526689782,8.575998014450072,0.5,61.851571624755856
36,GROCERY I,16.0,66350.99900000001,60936.5,402.0248253173829,534.4564132878227,0.09694499407730135,338.40617224121104,0.8125,1175.9612302734376
36,GROCERY II,16.0,158.0,108.30463409423828,6.62297160923481,8.41730605732436,0.6706806692853562,3.105960264801979,0.75,14.956474334001541
36,HARDWARE,16.0,6.0,19.229597091674805,1.1617630310356617,1.5185066614748584,3.098034748912092,-0.8268498741090298,0.5,6.0859754987061025
36,HOME AND KITCHEN I,16.0,599.0,336.52349853515625,20.810327351093292,47.64283740535518,0.5558685102119145,16.404782831668854,0.875,28.729751646518707
36,HOME AND KITCHEN II,16.0,181.0,193.49346923828125,5.523206502199173,7.006898430460848,0.48823924881048913,-0.7808420956134796,0.8125,23.361945152282715
36,HOME APPLIANCES,16.0,3.0,13.878146171569824,0.6798840803094208,0.9168582008965035,3.6260484271082283,-0.6798840803094208,0.5,5.524244129750878
36,HOME CARE,16.0,3598.0,3471.09423828125,29.323793411254883,41.8684720683898,0.13040041539186986,7.931610107421875,0.875,116.1680777282715
36,LADIESWEAR,16.0,0.0,12.837783813476562,0.8023615484125912,1.1345926008992546,12837784774.60146,-0.8023615484125912,0.4375,5.508571850601584
36,LAWN AND GARDEN,16.0,436.0,495.4656982421875,12.833666682243347,15.198237302514137,0.47096024521885915,-3.7166043519973755,0.75,35.26046967506409
36,LINGERIE,16.0,65.0,46.05101776123047,2.701388154178858,3.476772179020658,0.6649570840953348,1.1843114979565144,0.8125,10.246158044785261
36,"LIQUOR,WINE,BEER",16.0,1138.0,982.6187744140625,30.75707197189331,41.34721348664344,0.43243686427931505,9.711328029632568,0.5,50.11653275299072
36,MAGAZINES,16.0,21.0,22.96608543395996,1.2207793104462326,1.546892899790616,0.9301175698195049,-0.12288038851693273,0.875,7.149824497569353
36,MEATS,16.0,4185.9840300000005,3637.34716796875,50.130382696228025,57.32174555541058,0.1916123227874466,34.289810552673345,0.625,113.22938256072999
36,PERSONAL CARE,16.0,3747.0,3523.21923828125,44.24538516998291,58.45274901221267,0.18893145522272153,13.986287117004395,0.6875,110.29068739318848
36,PET SUPPLIES,16.0,60.0,31.615842819213867,2.760905995965004,3.15022740287568,0.7362415989117304,1.774009808897972,0.8125,7.950012229382992
36,PLAYERS AND ELECTRONICS,16.0,60.0,52.163307189941406,1.8315160423517227,2.1818108289519733,0.48840427795231933,0.48979343473911285,1.0,11.022658172994852
36,POULTRY,16.0,2189.5679950000003,2025.55029296875,24.413786567993164,32.48251234312121,0.1784007557562569,10.251110191650392,0.8125,80.90373571777343
36,PREPARED FOODS,16.0,761.885,659.5849609375,9.300919213294982,12.524744619002238,0.19532436970477748,6.39374969959259,0.875,44.672571778297424
36,PRODUCE,16.0,24363.672899999998,22785.78125,198.64202401123046,272.30272993988143,0.13045128282688268,98.61823575439456,0.75,726.1899122558593
36,SCHOOL AND OFFICE SUPPLIES,16.0,18.0,0.0,1.125,1.695582495781317,0.9999999999444444,1.125,0.9375,3.9998541831970216
36,SEAFOOD,16.0,25.0,29.861392974853516,2.3038370013237,4.188855295979304,1.4744556807881897,-0.30383700132369995,0.875,7.063732290267945
37,AUTOMOTIVE,16.0,69.0,51.616783142089844,2.0940230935811996,2.829047833566354,0.4855705724175887,1.0864508599042892,1.0,11.063327386975288
37,BABY CARE,16.0,0.0,22.22892951965332,1.3893081797286868,1.6389822158721588,22228930875.65899,-1.3893081797286868,0.5625,7.115805209986865
37,BEAUTY,16.0,155.0,257.02032470703125,7.386529922485352,7.99671257732198,0.7624805081226009,-6.376270055770874,1.0,27.095054149627686
37,BEVERAGES,16.0,41355.0,48691.203125,600.3225708007812,717.9578034368358,0.23226118082002825,-458.5127258300781,0.375,1175.9612302734376
37,BOOKS,16.0,0.0,22.22892951965332,1.3893081797286868,1.6389822158721588,22228930875.65899,-1.3893081797286868,0.5625,7.115805209986865
37,BREAD/BAKERY,16.0,7810.912979999999,9218.8251953125,105.03712505981446,120.25398348376355,0.21515973936209648,-87.99452490112304,0.625,276.41859423828123
37,CELEBRATION,16.0,106.0,100.27699279785156,1.9854707270860672,2.6597145164290494,0.2996936946516734,0.3576881140470505,0.875,13.697028860449791
37,CLEANING,16.0,13765.0,17478.439453125,236.3663101196289,268.908298926753,0.27474471208963225,-232.0900650024414,0.375,501.3042532470703
37,DAIRY,16.0,13100.0,15116.3095703125,135.28818893432617,168.54068869225588,0.16523748266786667,-126.01931381225586,0.625,276.41859423828123
37,DELI,16.0,2407.086004,2723.0751953125,32.70529912744141,40.25308568094896,0.21739347292505182,-19.749322549682617,0.6875,83.84243088531494
37,EGGS,16.0,1910.0,2255.01708984375,24.542914867401123,32.92504082085035,0.20559509836555623,-21.56357431411743,0.8125,80.90373571777343
37,FROZEN FOODS,16.0,1801.448,2121.4892578125,23.734476119995115,28.937454763615722,0.21080354132881493,-20.002582427978517,0.75,80.90373571777343
37,GROCERY I,16.0,54469.0,61895.29296875,464.1432800292969,641.346693071471,0.13633979842605176,-464.1432800292969,0.625,1175.9612302734376
37,GROCERY II,16.0,739.0,867.448974609375,14.654321193695068,17.97316475267388,0.3172789433001405,-8.028060913085938,0.875,45.718360900878906
37,HARDWARE,16.0,23.0,30.234756469726562,1.3860734663903713,1.657015576714756,0.9642250200557267,-0.4521721564233303,0.75,7.9513440653681755
37,HOME AND KITCHEN I,16.0,454.0,557.900634765625,9.6979740858078,12.488877281714682,0.34177882240657054,-6.493789553642273,0.875,40.4894152879715
37,HOME AND KITCHEN II,16.0,454.0,579.2242431640625,16.80380427837372,22.86276770220705,0.5922045560647298,-7.826515555381775,0.8125,39.55113384628296
37,HOME APPLIANCES,16.0,4.0,23.443634033203125,1.215227056760341,1.407482142962898,4.860908225826137,-1.215227056760341,0.5,7.050871346052736
37,HOME CARE,16.0,3528.0,4338.373046875,64.8897533416748,76.60998982160177,0.2942845956537706,-50.6483097076416,0.5625,127.92285839843751
37,LADIESWEAR,16.0,372.0,419.8620910644531,7.90610808134079,9.024209899734212,0.340047659411593,-2.9913814663887024,0.9375,32.10935026407242
37,LAWN AND GARDEN,16.0,346.0,323.1541748046875,5.670911371707916,6.797181000337156,0.26223867614758506,1.4278660416603088,1.0,29.95121145248413
37,LINGERIE,16.0,24.0,35.56531524658203,1.8460611552000046,2.1984168921773244,1.2307074367487236,-0.7228320688009262,0.6875,9.206692390143871
37,"LIQUOR,WINE,BEER",16.0,1603.0,1877.53515625,27.80240488052368,32.64346233022787,0.27750372931260225,-17.15844488143921,0.6875,80.90373571777343
37,MAGAZINES,16.0,163.0,101.30506896972656,5.212972462177277,6.292052086356229,0.5117028183700904,3.8559330701828003,0.875,14.81912612915039
37,MEATS,16.0,3683.99399,3807.56396484375,47.754367811279295,56.27202933705834,0.20740258726107785,-7.723129149780274,0.5625,116.16807772827148
37,PERSONAL CARE,16.0,4238.0,4279.2470703125,43.10118389129639,52.975791181625084,0.1627227329543604,-2.5779523849487305,0.8125,127.92285839843751
37,PET SUPPLIES,16.0,231.0,92.56697845458984,8.65206378698349,11.497896310693681,0.5992771454161756,8.65206378698349,0.6875,14.44509370625019
37,PLAYERS AND ELECTRONICS,16.0,235.0,135.48056030273438,6.91290208697319,8.452054718138296,0.4706656740046825,6.2199647128582,0.8125,14.81912612915039
37,POULTRY,16.0,3899.17,4485.89697265625,45.624696212768555,55.42265145004606,0.18721808472164836,-36.67043769836425,0.6875,127.92285839843751
37,PREPARED FOODS,16.0,1100.686003,1000.0648193359375,14.601657475097658,17.654918743946503,0.2122553743434405,6.288825886352539,0.6875,45.718360900878906
37,PRODUCE,16.0,38292.581999999995,43880.5390625,382.9059284667969,446.41363388451464,0.15999168861135016,-349.24749951171873,0.625,1175.9612302734376
37,SCHOOL AND OFFICE SUPPLIES,16.0,0.0,0.0,0.0,0.0,0.0,0.0,1.0,3.9998541831970216
37,SEAFOOD,16.0,174.031998,62.80937194824219,9.07966682328868,9.84571600975075,0.8347583826037792,6.951414288422345,0.5,10.229189267009497
38,AUTOMOTIVE,16.0,108.0,70.3000259399414,2.9623451232910156,4.033332983489161,0.438865944187198,2.356248527765274,1.0,12.540390461683273
38,BABY CARE,16.0,0.0,24.377511978149414,1.5235945107415318,1.7777447671257574,24377512171.86451,-1.5235945107415318,0.4375,7.189881953783333
38,BEAUTY,16.0,133.0,235.84361267089844,8.065523222088814,8.985674572392366,0.9702885079131635,-6.427726164460182,0.875,24.011825039982796
38,BEVERAGES,16.0,42227.0,47200.80859375,1119.8775177001953,1500.1338930628622,0.42432662237911056,-310.86305236816406,0.1875,1175.9612302734376
38,BOOKS,16.0,0.0,24.377511978149414,1.5235945107415318,1.7777447671257574,24377512171.86451,-1.5235945107415318,0.4375,7.189881953783333
38,BREAD/BAKERY,16.0,7305.082,7860.4599609375,77.37111433410644,92.46086056901908,0.16946255077568376,-34.71113591003418,0.875,248.57564376831053
38,CELEBRATION,16.0,186.0,208.2379913330078,5.1283323764801025,6.293859557948092,0.44114687109269085,-1.3898743391036987,1.0,22.427891671657562
38,CLEANING,16.0,14534.0,18335.583984375,274.82493591308594,318.5755289649778,0.3025456842307054,-237.5989532470703,0.3125,557.5256679992675
38,DAIRY,16.0,12234.0,13813.732421875,125.46007919311523,147.3522034670726,0.1640805351552787,-98.73328018188477,0.5625,276.41859423828123
38,DELI,16.0,2248.099,2855.06494140625,40.9139815826416,51.169671508046186,0.2911898921364114,-37.935373245239255,0.625,95.59721155548095
38,EGGS,16.0,1426.0,1662.64892578125,20.3032546043396,26.55837825322251,0.22780650327433785,-14.790551662445068,0.8125,76.50556386566161
38,FROZEN FOODS,16.0,1787.377,1857.6082763671875,21.67462464904785,25.319518221962095,0.1940239772496634,-4.3894557266235354,0.9375,80.90373571777343
38,GROCERY I,16.0,57835.0,64055.046875,555.0093231201172,716.5060666589167,0.15354282302968308,-388.7529754638672,0.6875,1175.9612302734376
38,GROCERY II,16.0,459.0,438.3621826171875,8.371849596500397,9.878509911770177,0.2918291798338007,1.2898648381233215,0.8125,32.12310230731964
38,HARDWARE,16.0,19.0,33.12552261352539,1.176223773509264,1.4118601772258794,0.990504230271459,-0.882845152169466,0.875,8.573435474187136
38,HOME AND KITCHEN I,16.0,727.0,624.76220703125,21.610592365264893,29.433915845234882,0.4756113863050381,6.389859199523926,0.625,38.50534472370148
38,HOME AND KITCHEN II,16.0,1041.0,1079.944091796875,60.66503930091858,82.19249550494514,0.9324117471794091,-2.4340016841888428,0.125,50.11653275299072
38,HOME APPLIANCES,16.0,0.0,23.1177978515625,1.4448624190408736,1.7013956824197443,23117798704.653976,-1.4448624190408736,0.375,6.915068152034655
38,HOME CARE,16.0,5197.0,5342.21728515625,55.100937843322754,76.42987287760639,0.1696392159886462,-9.07608699798584,0.75,165.04679235839842
38,LADIESWEAR,16.0,375.0,471.56024169921875,7.844909191131592,9.128219752715008,0.33471612548738866,-6.035015106201172,1.0,33.16889142990112
38,LAWN AND GARDEN,16.0,279.0,283.0198669433594,7.8322266936302185,11.160233389780071,0.4491599537549618,-0.25124043226242065,0.75,26.436026632785797
38,LINGERIE,16.0,162.0,92.966064453125,4.868529319763184,7.202647827589562,0.4808424019489512,4.314621090888977,0.875,14.44509370625019
38,"LIQUOR,WINE,BEER",16.0,1881.0,2641.8388671875,99.16187906265259,254.04646412435764,0.8434822248812323,-47.55242586135864,0.5,80.66850806045531
38,MAGAZINES,16.0,208.0,105.350830078125,6.570306897163391,7.89087044409451,0.5054082228562926,6.415572881698608,0.875,14.81912612915039
38,MEATS,16.0,2815.5159999999996,2638.05419921875,40.40642471313477,58.68665355478143,0.22962142477965913,11.091366363525388,0.75,86.78112605285644
38,PERSONAL CARE,16.0,6463.0,6226.94140625,100.25969886779785,189.2047186166182,0.24820596965565794,14.753671646118164,0.6875,174.32777584838865
38,PET SUPPLIES,16.0,138.0,84.68543243408203,3.615235984325409,4.291228398389249,0.41915779528106806,3.3321603536605835,1.0,14.44509370625019
38,PLAYERS AND ELECTRONICS,16.0,175.0,124.79732513427734,4.803710460662842,5.935122546470939,0.43919638497237873,3.1376673579216003,0.8125,14.81912612915039
38,POULTRY,16.0,2170.564,2267.6513671875,28.208680412292477,34.99948926234857,0.20793622606680648,-6.067953773498535,0.75,89.71982122039793
38,PREPARED FOODS,16.0,1325.45001,1159.573486328125,18.963847833023074,23.664711584578104,0.22891965976758358,10.367281060562133,0.75,56.713790531158445
38,PRODUCE,16.0,33983.722,34158.3984375,209.63836083984373,257.480564614099,0.09870060064160721,-10.917109497070314,0.9375,1175.9612302734376
38,SCHOOL AND OFFICE SUPPLIES,16.0,79.0,0.0,4.9375,13.777245733454855,0.9999999999873417,4.9375,0.875,3.9998541831970216
38,SEAFOOD,16.0,261.667001,237.30487060546875,7.172950516666413,9.268199513400075,0.43860023551928123,1.5226328516349799,0.875,25.158224999904633
39,AUTOMOTIVE,16.0,156.0,99.31224822998047,4.328478127717972,5.847892169703212,0.4439464746348949,3.5429844558238983,0.875,14.44509370625019
39,BABY CARE,16.0,3.0,26.502172470092773,1.5595771265216172,1.7901900578126668,8.317744672009377,-1.4688857649452984,0.5,7.26111139440909
39,BEAUTY,16.0,54.0,111.42720794677734,3.6727519147098064,4.676036852857454,1.0882227895234942,-3.589200120419264,0.5625,14.727240148931742
39,BEVERAGES,16.0,55918.0,66187.65625,741.6306304931641,899.463665518452,0.21220519489056142,-641.8536224365234,0.3125,1175.9612302734376
39,BOOKS,16.0,0.0,23.50081443786621,1.4688008674420416,1.7609801481455536,23500813879.072666,-1.4688008674420416,0.4375,7.191744119767099
39,BREAD/BAKERY,16.0,10760.0,13155.3310546875,149.70820236206055,174.40655877737237,0.22261442730415856,-149.70820236206055,0.4375,276.41859423828123
39,CELEBRATION,16.0,82.0,112.58885955810547,3.0311601758003235,3.588181321020341,0.5914458879538259,-1.9118037819862366,0.6875,14.81912612915039
39,CLEANING,16.0,34078.0,25525.611328125,847.5418395996094,1524.664786581899,0.39793031966645204,534.5242614746094,0.625,1063.518400769043
39,DAIRY,16.0,10142.0,12465.01171875,145.82391357421875,174.5325583281642,0.23005152999282882,-145.18821716308594,0.4375,276.41859423828123
39,DELI,16.0,3079.84,4134.0126953125,65.88577152252198,76.62544659854164,0.342281529027485,-65.88577152252198,0.5,124.984163230896
39,EGGS,16.0,8578.0,8399.80078125,142.37291145324707,176.02802160162327,0.26555917268030865,11.137426376342773,0.5625,352.27300359497065
39,FROZEN FOODS,16.0,1174.2959999999998,1420.6036376953125,20.407634521484376,25.74237849784427,0.2780577915137853,-15.394231170654297,0.8125,63.31104830932617
39,GROCERY I,16.0,88215.556,88420.09375,647.7935070800781,744.0929791516144,0.1174928389419337,-12.783639892578236,0.5625,1175.9612302734376
39,GROCERY II,16.0,535.0,584.0888671875,9.334967494010925,14.689679283267594,0.2791765979512068,-3.0680543184280396,0.875,38.39783704280853
39,HARDWARE,16.0,30.0,31.631053924560547,1.3573850309476256,1.7598692093693689,0.7239386831479357,-0.10194086190313101,0.8125,8.191979055665433
39,HOME AND KITCHEN I,16.0,406.0,391.7703857421875,11.327922999858856,13.10030152644927,0.44642061083077655,0.8893510699272156,0.8125,31.049644649028778
39,HOME AND KITCHEN II,16.0,311.0,366.8445129394531,8.346495687961578,9.469276214287094,0.4294017074178645,-3.4902812838554382,0.875,28.985734939575195
39,HOME APPLIANCES,16.0,1.0,25.55599021911621,1.5347494101151824,1.8246895813578592,24.555990537286927,-1.5347494101151824,0.5,7.62992212343961
39,HOME CARE,16.0,5925.0,6314.27734375,72.36736488342285,93.15277325996101,0.19542241993832407,-24.329809188842773,0.75,183.6087593383789
39,LADIESWEAR,16.0,84.0,139.93226623535156,4.254357546567917,5.611970851614502,0.8103538183842418,-3.4957665503025055,0.5,16.58995223045349
39,LAWN AND GARDEN,16.0,231.0,259.1366271972656,5.57219010591507,7.145232578905566,0.3859525614469921,-1.7585394978523254,0.9375,25.893824875354767
39,LINGERIE,16.0,152.0,303.38232421875,10.689801901578903,12.405875415397327,1.1252423054219554,-9.46139469742775,0.625,25.39915555715561
39,"LIQUOR,WINE,BEER",16.0,842.0,1278.209716796875,28.633773803710938,35.06533793455061,0.5441097159843598,-27.26311159133911,0.5625,61.11196238327026
39,MAGAZINES,16.0,62.0,53.41558837890625,3.3339101374149323,4.249735053635217,0.8603639064157832,0.5365256667137146,0.5625,11.222368001937866
39,MEATS,16.0,2781.701994,2941.052490234375,28.317711115356445,39.960649134302805,0.1628799126659936,-9.959402199951173,0.8125,92.65851638793944
39,PERSONAL CARE,16.0,5148.0,5508.453125,43.386414527893066,68.14049204525867,0.13484511119777665,-22.52834987640381,0.875,165.04679235839842
39,PET SUPPLIES,16.0,123.0,86.57777404785156,2.936477780342102,3.6367862512466393,0.38198084947228983,2.276389181613922,1.0,13.322996437549591
39,PLAYERS AND ELECTRONICS,16.0,160.0,138.228271484375,4.021283000707626,5.02150845578587,0.40212830006824934,1.3607328236103058,0.875,14.81912612915039
39,POULTRY,16.0,3751.067,4154.7275390625,29.116884078979492,45.94725921379085,0.12419670063572516,-25.22877033996582,0.875,122.04546806335449
39,PREPARED FOODS,16.0,849.787002,916.1220703125,8.274957247665405,10.061462258927694,0.15580294315032447,-4.145939623764039,1.0,45.718360900878906
39,PRODUCE,16.0,27735.818099999997,31829.205078125,292.4467084716797,354.85045573489714,0.16870413984820254,-255.83671665039063,0.8125,1175.9612302734376
39,SCHOOL AND OFFICE SUPPLIES,16.0,105.0,277.96490478515625,12.233961790800095,14.054685686894302,1.8642227490565455,-10.810306042432785,0.6875,27.2246190905571
39,SEAFOOD,16.0,248.121,258.19659423828125,4.610128585338593,5.485499367955349,0.2972826055235962,-0.6297241034507753,1.0,25.885850489139557
40,AUTOMOTIVE,16.0,51.0,53.828556060791016,2.3652335852384567,2.83775733234183,0.7420340659426132,-0.17678476870059967,0.875,11.395386397838593
40,BABY CARE,16.0,2.0,25.168338775634766,1.4480210861656815,1.688037061208775,11.584168683533367,-1.4480210861656815,0.4375,7.461514580668881
40,BEAUTY,16.0,50.0,126.14994049072266,5.156452685594559,6.224246984376451,1.6500648593572576,-4.759371399879456,0.5625,15.785242795944214
40,BEVERAGES,16.0,85249.0,68848.515625,1241.2945098876953,1688.3296255370285,0.23297296341544055,1025.0304412841797,0.4375,1175.9612302734376
40,BOOKS,16.0,0.0,22.26472282409668,1.3915451534558088,1.6745785081767255,22264722455.29294,-1.3915451534558088,0.4375,7.155888780625537
40,BREAD/BAKERY,16.0,7574.0,6619.4951171875,64.79612159729004,80.69402251752139,0.13688116524379504,59.65657997131348,0.6875,183.6087593383789
40,CELEBRATION,16.0,151.0,285.614990234375,9.830025911331177,10.857022091226657,1.0415921495381275,-8.413435935974121,0.875,28.812710106372833
40,CLEANING,16.0,30955.0,28824.6953125,481.5133056640625,861.9520339621957,0.24888428010417546,133.14404296875,0.6875,1119.7398155212402
40,DAIRY,16.0,10874.0,10984.759765625,52.50832748413086,63.046249820290726,0.07726073567647751,-6.922512054443359,1.0,276.41859423828123
40,DELI,16.0,4469.0,5235.83984375,49.03017711639404,58.89409394364321,0.1755387858272833,-47.92748546600342,0.625,137.20384188842772
40,EGGS,16.0,3161.0,2885.28271484375,30.26229476928711,36.11576759816207,0.15317833480178442,17.232322692871094,0.75,92.65851638793944
40,FROZEN FOODS,16.0,1085.539,1197.3402099609375,22.748184776306154,25.867192920214283,0.33529053900464484,-6.98757657623291,0.5625,52.31561867904663
40,GROCERY I,16.0,102278.0,87595.1875,964.0157165527344,1547.212505568031,0.15080712826652456,917.6759338378906,0.5625,1175.9612302734376
40,GROCERY II,16.0,187.0,230.71044921875,7.50473427772522,10.10370011755579,0.6421163018340182,-2.7319024801254272,0.75,23.05390214920044
40,HARDWARE,16.0,42.0,31.648536682128906,1.7991866986267269,2.95238970133117,0.6854044566033863,0.646966605912894,0.8125,8.156775346864015
40,HOME AND KITCHEN I,16.0,485.0,645.5223388671875,10.938075304031372,14.825268407740031,0.3608437213693631,-10.032645463943481,0.6875,39.443626165390015
40,HOME AND KITCHEN II,16.0,388.0,313.0452880859375,7.895029008388519,9.753943741088708,0.3255682065306462,4.684669196605682,0.9375,28.732092320919037
40,HOME APPLIANCES,16.0,3.0,22.01279067993164,1.188299403525889,1.3977829273091276,6.3375968166922085,-1.188299403525889,0.75,7.350035477243364
40,HOME CARE,16.0,7344.0,6552.08984375,153.55493354797363,242.88062411993425,0.3345423388844286,49.4943790435791,0.5625,183.6087593383789
40,LADIESWEAR,16.0,0.0,20.101497650146484,1.256343656219542,1.5666236623146512,20101498499.512672,-1.256343656219542,0.625,6.8495964711532
40,LAWN AND GARDEN,16.0,2.0,20.341594696044922,1.2306068083271384,1.5179972566153457,9.84485446169468,-1.1463497383520007,0.75,6.864602553285659
40,LINGERIE,16.0,169.0,118.918701171875,4.238129585981369,4.974662153451127,0.4012430377236726,3.130081206560135,0.9375,15.704539179801941
40,"LIQUOR,WINE,BEER",16.0,647.0,959.3228149414062,30.270395040512085,36.483412756950436,0.7485723657611202,-19.52017569541931,0.5,50.11653275299072
40,MAGAZINES,16.0,36.0,33.237491607666016,1.4667067979462445,1.6745823597202931,0.6518696879580013,0.17265665484592319,0.875,9.167536747921258
40,MEATS,16.0,2330.35699,2294.0380859375,8.911935420379638,11.094889921063285,0.06118846483088113,2.2699186293029774,1.0,80.90373571777343
40,PERSONAL CARE,16.0,5337.0,5208.58203125,46.221500396728516,92.49802051106103,0.13856923484120623,8.026111602783203,0.8125,127.9228583984375
40,PET SUPPLIES,16.0,60.0,44.20924377441406,1.4030006751418114,1.8796468028968447,0.3741335133649142,0.9869221672415733,0.9375,9.889130685478449
40,PLAYERS AND ELECTRONICS,16.0,187.0,88.56440734863281,6.2531657963991165,7.927305986382642,0.5350302285660473,6.152224496006966,0.9375,14.07106128334999
40,POULTRY,16.0,2915.22801,3166.289794921875,29.17548777832031,34.56562986270275,0.16012737351990688,-15.691355835571292,0.625,92.65851638793944
40,PREPARED FOODS,16.0,929.0,870.4747924804688,7.691238164901733,9.835146246735613,0.13246481231248144,3.6578257083892822,0.9375,45.718360900878906
40,PRODUCE,16.0,20688.707,21611.646484375,119.94453158569334,138.13812010876475,0.09276135552458648,-57.683721588134766,0.875,613.7470827514649
40,SCHOOL AND OFFICE SUPPLIES,16.0,0.0,0.0,0.0,0.0,0.0,0.0,1.0,3.9998541831970216
40,SEAFOOD,16.0,101.0,45.97764587402344,5.309451691806316,8.833507321177768,0.8411012580996036,3.43889706581831,0.6875,9.291948292404413
41,AUTOMOTIVE,16.0,142.0,100.50205993652344,4.652508839964867,6.351119157004684,0.5242263481613637,2.5936211198568344,0.875,14.208409488201141
41,BABY CARE,16.0,0.0,16.029693603515625,1.001855917274952,1.3211144504451886,16029694676.39923,-1.001855917274952,0.4375,5.809988895058632
41,BEAUTY,16.0,149.0,237.6879425048828,5.886728823184967,6.8268862708328015,0.6321319541632708,-5.542995750904083,0.9375,25.325414657592773
41,BEVERAGES,16.0,37439.0,48617.046875,959.5191497802734,1098.9507107736756,0.4100618712167517,-698.6278533935547,0.125,1175.9612302734376
41,BOOKS,16.0,0.0,15.99928092956543,0.9999550357460976,1.319500310147376,15999280571.93756,-0.9999550357460976,0.4375,5.808088013529778
41,BREAD/BAKERY,16.0,7989.248,8419.958984375,45.626559982299796,56.02548530561197,0.09137592921345104,-26.91946894836427,1.0,267.13761074829097
41,CELEBRATION,16.0,183.0,177.38482666015625,4.926597565412521,6.527074887457861,0.4307407707440962,0.3509480059146881,0.75,20.49756532907486
41,CLEANING,16.0,15844.0,20786.4375,352.5309867858887,404.0053468713915,0.356002006347757,-308.90224838256836,0.375,782.4113270080566
41,DAIRY,16.0,11700.0,12967.998046875,86.86627960205078,104.04058268763669,0.1187914934728798,-79.24989318847656,0.8125,332.6400089904785
41,DELI,16.0,3539.438,4281.544921875,52.0027700881958,59.5399077280131,0.23507808906693597,-46.38166640472413,0.625,134.26514672088624
41,EGGS,16.0,2207.0,2376.243408203125,16.905141830444336,21.294262980668815,0.12255653343316122,-10.577713966369629,0.9375,86.78112605285644
41,FROZEN FOODS,16.0,2402.226,2494.74609375,29.23624278259277,35.25401171253019,0.19472767529836477,-5.782494415283204,0.6875,89.71982122039793
41,GROCERY I,16.0,60791.0,63908.2890625,470.5669860839844,553.3808823407815,0.12385175070888169,-194.83047485351562,0.5,1175.9612302734376
41,GROCERY II,16.0,635.0,640.0993041992188,11.239458203315735,15.635021158866332,0.28319894685475366,-0.3187049627304077,0.9375,41.53520441055298
41,HARDWARE,16.0,26.0,24.70387077331543,1.247914851643145,1.4684928083916113,0.7679476009816297,0.08100806083530188,0.875,7.205169021524489
41,HOME AND KITCHEN I,16.0,447.0,460.2645263671875,13.81793612241745,17.935808889741264,0.49460174039862326,-0.8290320038795471,0.6875,32.08356839418411
41,HOME AND KITCHEN II,16.0,579.0,423.91961669921875,13.5835702419281,23.76456230431809,0.3753663624705946,9.692524194717407,0.8125,31.07731318473816
41,HOME APPLIANCES,16.0,0.0,17.90532684326172,1.1190830119885504,1.4692977802415126,17905328191.816807,-1.1190830119885504,0.1875,5.636091866809875
41,HOME CARE,16.0,4038.0,4390.6328125,46.8957462310791,55.85219879605671,0.18581771661641402,-22.039562225341797,0.6875,137.20384188842775
41,LADIESWEAR,16.0,302.0,418.4668884277344,10.320032238960266,11.26003842344264,0.5467566749099917,-7.279180645942688,0.875,31.07575523853302
41,LAWN AND GARDEN,16.0,261.0,298.3126220703125,8.274588227272034,10.959699590761034,0.5072544507120509,-2.332038402557373,0.8125,28.84777933359146
41,LINGERIE,16.0,125.0,114.80018615722656,3.3672541975975037,3.8967790370654463,0.4310085372890324,0.6374879479408264,0.875,14.81912612915039
41,"LIQUOR,WINE,BEER",16.0,1854.0,1849.177490234375,69.93504428863525,135.33539753297163,0.6035386777872495,0.3014106750488281,0.4375,75.04608718109131
41,MAGAZINES,16.0,209.0,99.207275390625,7.456978917121887,9.48235287716887,0.5708691993941595,6.862045109272003,0.8125,14.81912612915039
41,MEATS,16.0,3831.9730000000004,3612.25244140625,28.977297904968264,41.39498744986061,0.12099165794732145,13.732553031921388,0.8125,101.47460189056396
41,PERSONAL CARE,16.0,6646.0,6816.876953125,206.30254936218262,337.4140672705829,0.496665782394587,-10.679807662963867,0.3125,211.4517098083496
41,PET SUPPLIES,16.0,228.0,147.80856323242188,5.36509695649147,6.4547968905948645,0.3764980320328379,5.011964946985245,0.9375,16.33494198322296
41,PLAYERS AND ELECTRONICS,16.0,145.0,95.21289825439453,3.64933380484581,4.59253901066291,0.4026851094974502,3.111693888902664,1.0,14.07106128334999
41,POULTRY,16.0,3262.01799,3341.974609375,15.941922202453611,19.57389966640025,0.07819415957273111,-4.997291571960449,1.0,110.29068739318848
41,PREPARED FOODS,16.0,1042.5280040000002,758.2454833984375,18.897053394454957,22.841079264077244,0.29001892817354885,17.76765443815613,0.8125,45.718360900878906
41,PRODUCE,16.0,34651.235,36154.796875,171.44669018554688,187.33906142308763,0.07916448123620042,-93.97264770507806,1.0,1175.9612302734376
41,SCHOOL AND OFFICE SUPPLIES,16.0,9.0,0.0,0.5625,0.9682458365518543,0.9999999998888889,0.5625,1.0,3.9998541831970216
41,SEAFOOD,16.0,112.1,60.03119659423828,6.779596206299961,7.989561648218821,0.9676497707389092,3.2543002082034946,0.5625,9.659110201336444
42,AUTOMOTIVE,16.0,67.0,37.58210754394531,2.633114254102111,3.5310200076981477,0.628803403955298,1.8386181946843863,1.0,9.353941086679697
42,BABY CARE,16.0,0.0,16.038684844970703,1.0024178810417652,1.3239812623296,16038686096.668242,-1.0024178810417652,0.4375,5.81301366686821
42,BEAUTY,16.0,94.0,207.34576416015625,7.217298731207848,8.03725837253521,1.2284763797669902,-7.084109589457512,0.6875,23.24450707435608
42,BEVERAGES,16.0,39477.0,46674.1484375,787.1938934326172,1036.5578397175348,0.31904912467820645,-449.8216094970703,0.3125,1175.9612302734376
42,BOOKS,16.0,0.0,16.038684844970703,1.0024178810417652,1.3239812623296,16038686096.668242,-1.0024178810417652,0.4375,5.81301366686821
42,BREAD/BAKERY,16.0,7250.192,8810.296875,110.65633708190917,136.19473259255741,0.24420062162633796,-97.5064917449951,0.75,276.41859423828123
42,CELEBRATION,16.0,131.0,114.6031723022461,3.3010369390249252,4.258504629788049,0.4031800841526384,1.0248017758131027,0.9375,15.237012639641762
42,CLEANING,16.0,11372.0,14224.609375,178.28812789916992,227.76779092005077,0.2508450621162916,-178.28812789916992,0.5625,276.41859423828123
42,DAIRY,16.0,12570.0,14841.58984375,141.97437286376953,192.57482646194677,0.18071519218935017,-141.97437286376953,0.625,332.6400089904785
42,DELI,16.0,2540.843,3131.611328125,43.49464909362793,53.18398323917975,0.27389113986884395,-36.92303004455566,0.625,104.41329705810547
42,EGGS,16.0,2064.0,2494.24609375,28.126620292663574,34.936951757142,0.21803581622209262,-26.890380859375,0.8125,86.78112605285644
42,FROZEN FOODS,16.0,1835.934,1978.7730712890625,19.067434436798095,27.765823618656146,0.16617097945165968,-8.92744338607788,0.8125,80.90373571777343
42,GROCERY I,16.0,47921.0,57676.1875,614.4898681640625,834.372120198962,0.2051676277753969,-609.6990356445312,0.4375,1175.9612302734376
42,GROCERY II,16.0,491.0,519.30615234375,8.443521499633789,10.548653813768848,0.27514530344982785,-1.7691359519958496,0.9375,37.35204792022705
42,HARDWARE,16.0,19.0,22.06523895263672,1.0411825915798545,1.314761242091786,0.8767853402316256,-0.19157744105905294,0.9375,7.186742713861168
42,HOME AND KITCHEN I,16.0,407.0,462.1439208984375,12.646118640899658,16.21037535993199,0.49714471315453906,-3.4464967250823975,0.8125,31.07731318473816
42,HOME AND KITCHEN II,16.0,368.0,328.0240173339844,12.80913919210434,22.138947085154346,0.5569190953073709,2.4984981417655945,0.75,26.727480590343475
42,HOME APPLIANCES,16.0,0.0,16.341615676879883,1.0213509891182184,1.374548876924395,16341615825.891493,-1.0213509891182184,0.4375,5.795876295864582
42,HOME CARE,16.0,3190.0,3969.914794921875,59.37025547027588,74.60779643053786,0.29778184561884524,-48.74466800689697,0.625,122.0454680633545
42,LADIESWEAR,16.0,217.0,364.5254821777344,9.220342576503754,10.450753005346801,0.6798409272966831,-9.220342576503754,0.8125,30.938746511936188
42,LAWN AND GARDEN,16.0,571.0,585.8905639648438,8.714020371437073,11.305662850807604,0.24417570217644308,-0.9306601285934448,0.875,40.4894152879715
42,LINGERIE,16.0,56.0,150.48350524902344,7.0789379719644785,9.247816947518032,2.0225537062394485,-5.905219053849578,0.4375,16.950280357152224
42,"LIQUOR,WINE,BEER",16.0,1083.0,1371.1641845703125,25.13014054298401,29.258939506492638,0.3712670809671033,-18.01026177406311,0.5625,63.31104830932617
42,MAGAZINES,16.0,166.0,82.57966613769531,5.816011056303978,7.041747783743426,0.5605793789174884,5.213770613074303,0.8125,12.948964014649391
42,MEATS,16.0,3776.47999,4046.60205078125,36.58987682281494,50.312857055064256,0.15502214514974405,-16.88263165985107,0.6875,122.04546806335449
42,PERSONAL CARE,16.0,3766.0,4112.0107421875,48.351247787475586,64.43023374257959,0.20542218921917257,-21.625652313232422,0.6875,124.984163230896
42,PET SUPPLIES,16.0,156.0,85.33439636230469,5.450069010257721,6.370560234520965,0.5589814369459266,4.416600048542023,0.75,13.697028860449791
42,PLAYERS AND ELECTRONICS,16.0,148.0,89.20692443847656,3.902472659945488,4.8385904811541085,0.4218889362074725,3.674567148089409,0.9375,13.697028860449791
42,POULTRY,16.0,3560.198,4127.66357421875,40.57587441253662,51.82471748200432,0.18235333838185505,-35.46660315704346,0.6875,124.984163230896
42,PREPARED FOODS,16.0,796.665,765.963623046875,12.776749172210696,16.079208706880834,0.2566047043049645,1.918836059570312,0.8125,45.718360900878906
42,PRODUCE,16.0,37332.896,43691.98828125,433.7321530761718,510.8684371038366,0.1858873859991618,-397.4433286132812,0.5625,1175.9612302734376
42,SCHOOL AND OFFICE SUPPLIES,16.0,4.0,0.0,0.25,0.5,0.99999999975,0.25,1.0,3.9998541831970216
42,SEAFOOD,16.0,236.5,258.3707275390625,4.662398192882538,6.881881830296113,0.3154265162190494,-1.3669210076332092,0.9375,25.417474150657654
43,AUTOMOTIVE,16.0,123.0,61.70263671875,4.911193400621414,6.140553335508256,0.6388544260919006,3.8310851752758026,0.75,11.40288345515728
43,BABY CARE,16.0,1.0,25.706701278686523,1.5441688485443592,1.8178031288149479,24.706701552003043,-1.5441688485443592,0.375,7.220924723893404
43,BEAUTY,16.0,75.0,120.52133178710938,3.343415040522814,4.147999274014433,0.7132618753020235,-2.8450835458934307,0.75,15.430875722318888
43,BEVERAGES,16.0,84549.0,84462.171875,652.7336273193359,908.4624726107743,0.12352290431713268,5.4268646240234375,0.625,1175.9612302734376
43,BOOKS,16.0,0.0,25.49701690673828,1.5935636349022388,1.8345470128113879,25497018158.43582,-1.5935636349022388,0.375,7.2171228267252445
43,BREAD/BAKERY,16.0,9631.0,9617.3642578125,65.72637176513672,80.95410052240804,0.10919135585526718,0.852264404296875,0.875,276.41859423828123
43,CELEBRATION,16.0,272.0,287.10919189453125,5.451099932193756,6.572044401055096,0.32065293718668914,-0.9443255066871643,1.0,28.59328681230545
43,CLEANING,16.0,20329.0,20023.0234375,130.11575317382812,148.41561857926249,0.10240799108569765,19.12359619140625,0.8125,669.9684975036621
43,DAIRY,16.0,11979.0,11527.744140625,100.76680755615234,115.64230290243138,0.13459127814494556,28.203460693359375,0.75,276.41859423828123
43,DELI,16.0,4905.165,4726.00537109375,41.33798413848877,50.4845042367735,0.13483904134023736,11.197485389709472,0.8125,127.92285839843751
43,EGGS,16.0,4176.0,3695.622802734375,57.21368217468262,68.76227023205129,0.2192095102477736,30.02357292175293,0.5625,104.87819504547119
43,FROZEN FOODS,16.0,1275.208,1038.069580078125,22.762763355255128,32.87699955988736,0.2856037710583657,14.821153152465822,0.625,52.31561867904663
43,GROCERY I,16.0,81358.34400000001,81319.5625,432.33154296875,487.6960040596451,0.08502268295308363,2.4237216796874463,0.6875,1175.9612302734376
43,GROCERY II,16.0,195.0,176.60391235351562,7.508415192365646,9.928932922555514,0.6160750927037655,1.1497556865215302,0.75,16.58995223045349
43,HARDWARE,16.0,2.0,24.349754333496094,1.4812446748837829,1.773356456012559,11.849957393145283,-1.396859529428184,0.4375,7.202993705309927
43,HOME AND KITCHEN I,16.0,278.0,312.417236328125,6.037157118320465,7.581512291608587,0.34746228018985603,-2.151076018810272,0.9375,26.264482378959656
43,HOME AND KITCHEN II,16.0,374.0,257.43048095703125,10.339286029338837,11.886222798281214,0.4423223969758799,7.285594403743744,0.6875,25.81674027442932
43,HOME APPLIANCES,16.0,1.0,23.659835815429688,1.4162396593019366,1.7002883985473198,22.65983452617115,-1.4162396593019366,0.4375,7.181815392710268
43,HOME CARE,16.0,4334.0,4119.0302734375,37.912559509277344,43.99662225306772,0.13996330229540782,13.435602188110352,0.875,124.984163230896
43,LADIESWEAR,16.0,0.0,23.445262908935547,1.4653289569541812,1.7251066524894592,23445263311.2669,-1.4653289569541812,0.4375,7.1703056016936895
43,LAWN AND GARDEN,16.0,150.0,176.52774047851562,7.8029466569423676,11.311249611140203,0.8323143100683038,-1.6579844653606415,0.75,18.521154403686523
43,LINGERIE,16.0,28.0,33.882938385009766,1.8455884596332908,2.112860458280642,1.054621976895644,-0.3676836648955941,0.75,8.002918559499085
43,"LIQUOR,WINE,BEER",16.0,1366.0,1544.219482421875,32.88601493835449,48.710991974269916,0.3851949041092875,-11.138715744018555,0.5,59.65248569869995
43,MAGAZINES,16.0,56.0,49.59760284423828,3.5941738225519657,6.04138770335895,1.0269068064250813,0.4001499079167843,0.4375,9.659791570156813
43,MEATS,16.0,3703.2570100000003,3435.81201171875,26.88761738525391,32.418721473424654,0.11616851787555149,16.715299041137694,0.9375,116.1680777282715
43,PERSONAL CARE,16.0,4920.0,4763.7900390625,52.033881187438965,62.388235220805605,0.1692158737802549,9.763129234313965,0.8125,137.20384188842775
43,PET SUPPLIES,16.0,62.0,49.87158966064453,2.056581048294902,2.336275452698397,0.5307305930998016,0.7580255847424269,0.9375,10.005142200738192
43,PLAYERS AND ELECTRONICS,16.0,37.0,44.020877838134766,2.1016608849167824,2.3823441843619464,0.9088263285880999,-0.4388049617409706,0.6875,9.65543845295906
43,POULTRY,16.0,4228.978,3929.97216796875,31.350296142578124,41.173685588573925,0.11861133784123051,18.68785877990723,0.875,116.1680777282715
43,PREPARED FOODS,16.0,2327.3720000000003,1962.771484375,44.10924504852295,55.04834191078475,0.3032381247072079,22.7875322265625,0.5,80.90373571777343
43,PRODUCE,16.0,23445.298000000003,21740.9453125,234.56593341064456,309.5329275243973,0.1600770838813886,106.52208111572266,0.75,726.1899122558593
43,SCHOOL AND OFFICE SUPPLIES,16.0,37.0,7.065364360809326,2.070438712835312,2.847391141624385,0.8953248487694505,1.8709147423505783,0.8125,5.117585104703903
43,SEAFOOD,16.0,13.0,0.0,0.8125,1.346291201783626,0.9999999999230769,0.8125,1.0,3.9998541831970216
44,AUTOMOTIVE,16.0,259.0,269.37481689453125,5.133111536502838,7.259444439785001,0.3171034153811904,-0.6484275460243225,0.9375,26.274769008159637
44,BABY CARE,16.0,0.0,27.934616088867188,1.7459135986864567,2.394869330550934,27934617578.983307,-1.7459135986864567,0.4375,7.419274737685919
44,BEAUTY,16.0,259.0,360.34173583984375,7.442992389202118,9.531913104294082,0.4597987576323324,-6.333857595920563,1.0,29.30648708343506
44,BEVERAGES,16.0,147313.0,164848.171875,1577.0440673828125,1909.3146816655646,0.17128634321563493,-1095.94775390625,0.125,1175.961230273437
44,BOOKS,16.0,0.0,27.934616088867188,1.7459135986864567,2.394869330550934,27934617578.983307,-1.7459135986864567,0.4375,7.419274737685919
44,BREAD/BAKERY,16.0,25507.744,28352.8359375,177.81816979980465,209.15035503264423,0.11153831231788915,-177.81816979980465,0.9375,1175.9612302734376
44,CELEBRATION,16.0,401.0,610.0234375,16.553754210472107,19.025284156084396,0.660498921114447,-13.06396496295929,0.75,41.53520441055298
44,CLEANING,16.0,37623.0,45126.6796875,480.75943756103516,557.0434746453897,0.20445341947681894,-468.97986602783203,0.375,1175.9612302734376
44,DAIRY,16.0,38695.0,43433.9375,302.5814971923828,354.9280120957124,0.1251144580715338,-296.1837921142578,0.6875,1175.9612302734376
44,DELI,16.0,8578.11998,10009.3935546875,93.72582350036622,123.46136452633354,0.1748183960473918,-89.45461939880371,0.75,267.13761074829097
44,EGGS,16.0,9876.0,10751.0390625,64.6834831237793,77.82668549562912,0.10479300627585701,-54.6899528503418,0.9375,267.13761074829097
44,FROZEN FOODS,16.0,6903.059,7782.5546875,75.50644868469239,96.45551435279101,0.17500982954874109,-54.968490005493166,0.6875,220.73269329833983
44,GROCERY I,16.0,152986.0,172850.4375,1289.740966796875,1771.4372124349863,0.13488721496574763,-1241.527587890625,0.3125,1175.9612302734367
44,GROCERY II,16.0,1505.0,1761.56640625,31.623613357543945,38.71477243211299,0.3361978828706757,-16.035402297973633,0.6875,80.90373571777343
44,HARDWARE,16.0,75.0,54.10624313354492,2.5948158632963896,3.208217990488162,0.5535607174958489,1.3058596681803465,0.875,10.08464879617095
44,HOME AND KITCHEN I,16.0,1770.0,2182.06005859375,33.41384506225586,39.444262384419794,0.30204605705976934,-25.753769874572754,0.625,80.90373571777343
44,HOME AND KITCHEN II,16.0,1914.0,2072.27880859375,28.404253482818604,38.98668226359826,0.23744412524809833,-9.8924241065979,0.6875,80.90373571777343
44,HOME APPLIANCES,16.0,3.0,29.272981643676758,1.8805487202480435,2.6527384023282585,10.029593171313035,-1.6420614244416356,0.5,7.75446115732193
44,HOME CARE,16.0,10125.0,12788.5791015625,177.99907684326172,223.15380650161848,0.28128249180166975,-166.4736785888672,0.625,332.64000899047846
44,LADIESWEAR,16.0,473.0,827.59912109375,22.902404069900513,25.35736672099478,0.7747113427434112,-22.162442445755005,0.5625,46.87165770435333
44,LAWN AND GARDEN,16.0,464.0,462.388427734375,9.081507802009583,12.388274504188264,0.3131554414479314,0.10072457790374756,0.875,32.12310230731964
44,LINGERIE,16.0,770.0,542.19140625,23.197111308574677,28.65310955829531,0.48201789732040623,14.238036692142487,0.5,38.558213114738464
44,"LIQUOR,WINE,BEER",16.0,5053.0,5779.59765625,66.34175109863281,85.6859355677887,0.21006689443457646,-45.412353515625,0.625,165.04679235839842
44,MAGAZINES,16.0,462.0,444.52813720703125,5.819709658622742,7.553784563440956,0.20154838644537298,1.0919932126998901,1.0,33.16889142990112
44,MEATS,16.0,14600.719000000001,15623.6669921875,96.37030355834962,121.41939523791852,0.10560609083247806,-63.93424569702148,0.875,501.3042532470703
44,PERSONAL CARE,16.0,9470.0,10129.65625,92.30228042602539,120.43593909903764,0.1559489426416315,-41.228511810302734,0.8125,267.13761074829097
44,PET SUPPLIES,16.0,637.0,919.3680419921875,17.64800524711609,19.722064462444642,0.44327799678714935,-17.64800524711609,0.75,47.917446826934814
44,PLAYERS AND ELECTRONICS,16.0,615.0,614.6131591796875,5.889651298522949,7.190207817925514,0.1532267004491284,0.024177074432373047,1.0,38.39783704280853
44,POULTRY,16.0,18983.381,20625.02734375,129.3241858520508,166.40657012057807,0.10899991806689775,-102.6028049316406,0.875,669.9684975036621
44,PREPARED FOODS,16.0,4837.389999999999,5101.5107421875,26.298735549926754,34.450375399230126,0.08698487589355852,-16.507544479370118,0.875,127.9228583984375
44,PRODUCE,16.0,148684.87099999998,159424.28125,710.3022226562501,952.8845940925194,0.07643572265331507,-671.2133847656252,0.4375,1175.9612302734372
44,SCHOOL AND OFFICE SUPPLIES,16.0,6300.0,1675.87890625,289.00756907463074,336.08777949360825,0.7339874770148187,289.00756907463074,0.0625,75.45977474308013
44,SEAFOOD,16.0,1508.069004,1669.0625,12.67550935159302,16.615725932030575,0.13448200917028716,-10.062099698883058,0.9375,74.30647793960571
45,AUTOMOTIVE,16.0,278.0,219.91822814941406,4.6026753187179565,5.6064314100728065,0.2649021766159079,3.6301103830337524,0.875,22.21396541595459
45,BABY CARE,16.0,0.0,27.342952728271484,1.708934516645968,2.087373841092177,27342952266.335487,-1.708934516645968,0.3125,7.420145455189049
45,BEAUTY,16.0,258.0,314.440185546875,6.693471372127533,7.90879391316216,0.4150989998202536,-3.5275118947029114,0.9375,27.214908838272095
45,BEVERAGES,16.0,141064.0,162252.03125,1525.8821716308594,1816.493387666539,0.17307119283512148,-1324.2524108886719,0.25,1175.961230273437
45,BOOKS,16.0,0.0,27.373367309570312,1.7108354261144996,2.087815938294042,27373366817.831993,-1.7108354261144996,0.3125,7.420145455189049
45,BREAD/BAKERY,16.0,19680.78,20933.1875,101.62921548461912,139.61272449989892,0.08262210378622308,-78.2754267883301,0.9375,838.6327417602538
45,CELEBRATION,16.0,443.0,466.646728515625,8.196537256240845,10.870260346518585,0.29603746297868505,-1.4779188632965088,0.9375,32.12310230731964
45,CLEANING,16.0,41314.0,45129.63671875,327.18563079833984,372.0987329185241,0.12671177065336958,-238.47725677490234,0.75,1175.9612302734376
45,DAIRY,16.0,35368.0,38860.171875,239.6937026977539,271.26956804129384,0.10843415638893787,-218.26087188720703,0.875,1175.9612302734376
45,DELI,16.0,11866.433,12577.5576171875,56.26331024169921,78.46857059008104,0.07586213682469799,-44.44525805664063,0.875,276.41859423828123
45,EGGS,16.0,6297.0,6599.47998046875,29.11191749572754,41.29047135216968,0.07397025249032342,-18.90500831604004,1.0,192.88974282836912
45,FROZEN FOODS,16.0,5456.539000000001,5540.81640625,36.520872291564935,42.528598425846035,0.10708875290086477,-5.267333122253415,0.9375,174.32777584838868
45,GROCERY I,16.0,176225.0,180312.96875,700.3189086914062,1018.4605627392177,0.06358406888388388,-255.49798583984375,0.625,1175.9612302734367
45,GROCERY II,16.0,1938.0,2367.3994140625,60.308560848236084,66.94072738013179,0.49790349513481913,-26.837459087371826,0.1875,83.84243088531494
45,HARDWARE,16.0,29.0,39.19170379638672,1.406440109014511,1.6441987983700042,0.7759669566709038,-0.6369813680648804,0.875,9.441142279654741
45,HOME AND KITCHEN I,16.0,1247.0,1168.452392578125,18.427740573883057,25.39415055440067,0.23644254144498192,4.909226417541504,0.875,54.51470460510254
45,HOME AND KITCHEN II,16.0,1388.0,1418.7921142578125,17.638472080230713,21.584429969691772,0.20332532657311822,-1.9245076179504395,1.0,69.90830608749388
45,HOME APPLIANCES,16.0,15.0,36.07209396362305,1.4241736941039562,1.8751707836672191,1.5191186069429454,-1.3170059733092785,0.625,8.943129140883684
45,HOME CARE,16.0,10806.0,12108.138671875,118.80319213867188,136.28306918625265,0.17590700298154488,-81.3836669921875,0.75,332.6400089904785
45,LADIESWEAR,16.0,334.0,722.98193359375,24.31136965751648,26.116210523348112,1.1646165105362247,-24.31136965751648,0.3125,41.53520441055298
45,LAWN AND GARDEN,16.0,610.0,681.3185424804688,12.246562719345093,13.639806625524416,0.32122131722819713,-4.457409381866455,0.9375,39.443626165390015
45,LINGERIE,16.0,79.0,113.2896499633789,5.047736331820488,6.42632259366883,1.0223263456722211,-2.143103212118149,0.6875,15.72075729072094
45,"LIQUOR,WINE,BEER",16.0,3781.0,3756.32861328125,44.717214584350586,61.302615513629696,0.18922915454890774,1.5419540405273438,0.6875,110.7555853805542
45,MAGAZINES,16.0,349.0,248.53834533691406,8.10637766122818,9.433475143312984,0.3716390904850408,6.278853237628937,0.8125,26.740012526512146
45,MEATS,16.0,19264.57333,19163.8515625,98.3626444628906,108.22291514340792,0.08169411719881407,6.295140986328093,1.0,613.7470827514647
45,PERSONAL CARE,16.0,12720.0,12263.076171875,94.2022705078125,123.9258225753973,0.11849342202239634,28.557777404785156,0.6875,332.6400089904785
45,PET SUPPLIES,16.0,407.0,427.3291931152344,5.878048956394196,9.141580221236602,0.2310780916512925,-1.2705740332603455,0.875,33.16889142990112
45,PLAYERS AND ELECTRONICS,16.0,496.0,464.563232421875,7.486240983009338,9.049508965754699,0.2414916446127176,1.9647976160049438,0.9375,33.16889142990112
45,POULTRY,16.0,21445.011899999998,21958.6953125,94.98979483642576,126.20158434752317,0.07087133942708335,-32.10522091064452,1.0,838.6327417602538
45,PREPARED FOODS,16.0,4077.4020100000007,4088.28369140625,19.888449005737304,24.255286762692055,0.07804361289646757,-0.6801012731933582,1.0,122.04546806335449
45,PRODUCE,16.0,104098.4303,105343.203125,394.08508442382833,536.0719586718711,0.06057114725562958,-77.79827104492188,0.6875,1175.9612302734376
45,SCHOOL AND OFFICE SUPPLIES,16.0,8422.0,2287.50537109375,383.4059181213379,404.69165860696626,0.7283893006341341,383.4059181213379,0.0,86.78112605285644
45,SEAFOOD,16.0,1511.349999,1356.42529296875,15.573144181762697,17.444392203220232,0.1648660515915601,9.682789358581541,0.8125,58.91287645721435
46,AUTOMOTIVE,16.0,211.0,163.04864501953125,4.184250295162201,5.242308657849438,0.31728912190653047,2.99695885181427,0.9375,17.37122505903244
46,BABY CARE,16.0,0.0,21.050893783569336,1.315680831670761,1.6980321957400009,21050893306.732178,-1.315680831670761,0.75,7.0696988850831985
46,BEAUTY,16.0,383.0,387.9696044921875,4.689870178699493,6.119527995062152,0.19592146960573362,-0.31060129404067993,0.9375,29.843696415424347
46,BEVERAGES,16.0,93164.0,105801.09375,795.7213439941406,942.272618819034,0.13665730865898967,-789.8185119628906,0.1875,1175.9612302734374
46,BOOKS,16.0,2.0,23.914342880249023,1.3696464821696281,1.7696618073487167,10.957171851878439,-1.3696464821696281,0.5625,7.147998531907797
46,BREAD/BAKERY,16.0,14660.0,16622.3125,140.62405014038086,167.12599668758844,0.15347781734283358,-122.64457321166992,0.6875,445.08283849487304
46,CELEBRATION,16.0,230.0,232.82408142089844,3.9737056493759155,4.829839396462987,0.27643169734668793,-0.176505446434021,1.0,24.192069590091705
46,CLEANING,16.0,35831.0,42368.90234375,460.30059814453125,531.6514268308631,0.20554295359639127,-408.61895751953125,0.5,1175.9612302734376
46,DAIRY,16.0,24271.0,28278.46484375,256.98937225341797,307.9043419946001,0.1694132897719302,-250.46649932861328,0.8125,1175.9612302734376
46,DELI,16.0,13500.061,13698.9013671875,80.26872314453124,102.67579779892708,0.09513287164498031,-12.427522949218755,0.8125,332.64000899047846
46,EGGS,16.0,2438.0,2657.77001953125,21.423510551452637,30.44988253277846,0.1405972800751032,-13.735620498657227,0.8125,92.65851638793944
46,FROZEN FOODS,16.0,4360.0380000000005,3964.497314453125,48.922166336059576,67.38628999691534,0.17952932093178398,24.721294754028325,0.6875,116.16807772827148
46,GROCERY I,16.0,151470.0,166786.515625,1164.1436462402344,1519.4841266932287,0.12297021416678965,-957.2820739746094,0.25,1175.961230273437
46,GROCERY II,16.0,784.0,761.3251953125,10.909154891967773,14.516332472252614,0.22263581412150732,1.417177677154541,0.875,45.718360900878906
46,HARDWARE,16.0,58.0,32.83451843261719,1.9602552335709333,3.090953585308654,0.5407600644240375,1.572842551395297,0.875,8.998102128505707
46,HOME AND KITCHEN I,16.0,841.0,659.60302734375,21.059608817100525,33.657203796484474,0.4006584317160615,11.337307095527649,0.625,40.4894152879715
46,HOME AND KITCHEN II,16.0,431.0,537.8355102539062,7.323950171470642,9.943126657355764,0.271886781306864,-6.67721951007843,0.9375,34.214680552482605
46,HOME APPLIANCES,16.0,10.0,27.291860580444336,1.6233752276748419,2.05695987541479,2.597400364020007,-1.0807413589209318,0.625,7.91754547804594
46,HOME CARE,16.0,10031.0,11201.6943359375,96.1703872680664,117.68282990288137,0.15339708865406332,-73.16840362548828,0.75,276.41859423828123
46,LADIESWEAR,16.0,465.0,755.314208984375,18.320480346679688,20.604377430588027,0.6303821194542896,-18.144635677337646,0.6875,42.58099353313446
46,LAWN AND GARDEN,16.0,411.0,530.1280517578125,10.624584674835205,13.3558288779152,0.41360913575900166,-7.445502758026123,0.9375,36.30625879764557
46,LINGERIE,16.0,161.0,374.5329284667969,13.892709955573082,16.585212805194317,1.380641983153967,-13.345808997750282,0.6875,31.985314920544624
46,"LIQUOR,WINE,BEER",16.0,2106.0,2075.4775390625,17.01088237762451,23.42376652969722,0.12923747295435087,1.90765380859375,0.8125,84.58204012680054
46,MAGAZINES,16.0,196.0,98.81222534179688,6.701017260551453,8.065885694791,0.5470218171850828,6.074235796928406,0.6875,13.322996437549591
46,MEATS,16.0,17760.84207,17610.26171875,103.39162252075195,130.45058587640818,0.09314118969202333,9.411283397216799,0.625,501.3042532470703
46,PERSONAL CARE,16.0,12870.0,12964.1171875,73.59491920471191,98.4636750877257,0.09149329504858579,-5.882318496704102,0.875,332.64000899047846
46,PET SUPPLIES,16.0,399.0,411.1210021972656,6.1892369389534,7.141770239285972,0.24818995243861205,-0.7575618624687195,0.9375,32.12310230731964
46,PLAYERS AND ELECTRONICS,16.0,726.0,652.8151245117188,6.174301624298096,7.896810272548193,0.13607276306974306,4.5740532875061035,1.0,40.4894152879715
46,POULTRY,16.0,13254.448,13972.599609375,80.25431628417968,117.8745909841746,0.09687835061458447,-44.88448321533203,0.9375,388.86142374267575
46,PREPARED FOODS,16.0,2283.16401,2397.47802734375,20.880991744384765,28.05777531885596,0.14633020950168618,-7.144630852355957,0.875,86.78112605285644
46,PRODUCE,16.0,47002.104,47804.18359375,161.42427850341795,207.9560659168282,0.054950485962386546,-50.130089050292966,0.9375,1175.9612302734376
46,SCHOOL AND OFFICE SUPPLIES,16.0,5612.0,1614.440185546875,249.8474907875061,274.98168691161914,0.7123235660369539,249.8474907875061,0.0625,73.58661049652099
46,SEAFOOD,16.0,839.934003,869.056884765625,9.376932113067625,11.675824905637507,0.17862226469345996,-1.8201801103515627,0.9375,45.718360900878906
47,AUTOMOTIVE,16.0,285.0,193.3634033203125,7.276345729827881,7.693254840686865,0.4084966023748688,5.727287650108337,0.875,19.946353435516357
47,BABY CARE,16.0,0.0,19.350513458251953,1.2094070799648762,1.6424546779999776,19350513279.43802,-1.2094070799648762,0.625,6.573070722073317
47,BEAUTY,16.0,399.0,381.33355712890625,3.516384184360504,4.063297726112762,0.14100788709179715,1.1041534543037415,1.0,29.136852264404297
47,BEVERAGES,16.0,137311.0,150173.59375,1158.711669921875,1399.2088343126359,0.13501749108774874,-803.9124145507812,0.1875,1175.9612302734372
47,BOOKS,16.0,0.0,19.504255294799805,1.219015959650278,1.6494958784931537,19504255354.40445,-1.219015959650278,0.625,6.582679601758719
47,BREAD/BAKERY,16.0,19301.629,19290.3515625,89.71841781616209,102.18381800078156,0.07437168567785232,0.7048894348144685,0.9375,669.9684975036622
47,CELEBRATION,16.0,348.0,459.29278564453125,7.608106970787048,9.244432570261665,0.3497980216443764,-6.955800414085388,0.875,32.12310230731964
47,CLEANING,16.0,36313.0,41883.37890625,356.29235076904297,434.65925746870437,0.15698723906877787,-348.1485824584961,0.6875,1175.9612302734376
47,DAIRY,16.0,32874.0,38046.15234375,323.2594528198242,366.2255422493709,0.15733258031018527,-323.2594528198242,0.75,1175.9612302734376
47,DELI,16.0,10703.91,11939.482421875,91.06326034545899,137.38767024320046,0.13611962035622568,-77.22329544067382,0.8125,276.41859423828123
47,EGGS,16.0,5681.0,6271.23828125,39.77612590789795,53.96664814962143,0.11202570225774601,-36.88988399505615,0.9375,174.32777584838865
47,FROZEN FOODS,16.0,4112.153,4569.5908203125,43.0991596069336,53.995951807710945,0.1676947705279375,-28.589865676879885,0.8125,137.20384188842775
47,GROCERY I,16.0,164411.0,171278.34375,1014.491943359375,1312.3392393991408,0.09872740323792144,-429.209716796875,0.25,1175.961230273437
47,GROCERY II,16.0,847.0,922.6796875,11.874472856521606,16.965129438510456,0.2243111755656687,-4.729978322982788,0.8125,47.917446826934814
47,HARDWARE,16.0,33.0,30.688953399658203,1.3442580178380013,1.7234940691398914,0.6517614631744322,0.14444037899374962,0.75,8.19150261580944
47,HOME AND KITCHEN I,16.0,1232.0,1060.21875,23.367488861083984,36.87412797294164,0.30347388131253267,10.736331939697266,0.75,52.31561867904663
47,HOME AND KITCHEN II,16.0,1259.0,1382.7802734375,17.043983936309814,20.683370306431414,0.21660344954784783,-7.736270427703857,0.9375,65.51013423538208
47,HOME APPLIANCES,16.0,19.0,31.54682159423828,1.5037345765158534,2.110821980061544,1.2663028012098607,-0.7841763449832797,0.8125,8.147346830181778
47,HOME CARE,16.0,9942.0,11721.4296875,149.64203262329102,173.24554108930238,0.2408240315804079,-111.21433639526367,0.625,276.41859423828123
47,LADIESWEAR,16.0,430.0,757.3110961914062,20.456944704055786,23.222924451294272,0.7611886401491428,-20.456944704055786,0.625,42.58099353313446
47,LAWN AND GARDEN,16.0,497.0,590.671630859375,14.296536803245544,17.38749797467182,0.4602506817936991,-5.854479193687439,0.8125,39.443626165390015
47,LINGERIE,16.0,159.0,183.43545532226562,7.540417164564133,11.643493308205713,0.7587841171840713,-1.5272159278392792,0.6875,19.33691928908229
47,"LIQUOR,WINE,BEER",16.0,3486.0,3320.16357421875,45.259769439697266,60.01851431756621,0.20773273408919923,10.364791870117188,0.625,98.53590672302246
47,MAGAZINES,16.0,260.0,166.33412170410156,6.845943719148636,8.10655778281866,0.42128884425368035,5.854117423295975,0.875,18.322937190532684
47,MEATS,16.0,15297.767,16487.748046875,106.90060897827148,151.15812411813718,0.1118078046065306,-74.37388027954101,0.8125,388.86142374267575
47,PERSONAL CARE,16.0,12224.0,12623.96484375,84.37854766845703,112.96921337256356,0.11044312522048445,-24.997764587402344,0.875,332.64000899047846
47,PET SUPPLIES,16.0,390.0,391.0694580078125,5.832582592964172,6.968984052496456,0.23928543971073712,-0.06683909893035889,1.0,31.033932983875275
47,PLAYERS AND ELECTRONICS,16.0,514.0,498.2881774902344,5.775675177574158,6.584360140445108,0.17978755416538275,0.9819890260696411,1.0,33.16889142990112
47,POULTRY,16.0,18746.011,20306.5,134.97174377441408,154.84422303140585,0.11520039652118577,-97.53063116455078,0.875,782.4113270080566
47,PREPARED FOODS,16.0,3705.50702,3645.797607421875,31.606317740173342,39.45208552379398,0.1364728446372332,3.73184877655029,0.875,116.16807772827148
47,PRODUCE,16.0,91468.31,94535.25,294.0882924804688,334.52097373563805,0.05144309192645463,-191.68393310546875,0.8125,1175.9612302734376
47,SCHOOL AND OFFICE SUPPLIES,16.0,8375.0,1457.927734375,432.31701040267944,494.73660948955757,0.8259190646497964,432.31701040267944,0.0,72.1073920135498
47,SEAFOOD,16.0,1172.884,1023.237548828125,12.017924419403075,13.608017993462981,0.16394357047268548,9.352901767730714,0.9375,54.51470460510254
48,AUTOMOTIVE,16.0,219.0,178.3030548095703,4.318693518638611,5.116764813543819,0.31552098766165415,2.543558716773987,1.0,18.2919260263443
48,BABY CARE,16.0,0.0,22.9061279296875,1.4316330323927104,1.8416819627031265,22906128518.283367,-1.4316330323927104,0.5625,6.902311894576997
48,BEAUTY,16.0,423.0,413.4339599609375,6.610741972923279,8.35408270683664,0.25005170583102226,0.5978785753250122,0.875,30.803733229637146
48,BEVERAGES,16.0,77442.0,80991.46875,434.6669006347656,572.1660027985753,0.08980489153374345,-221.84207153320312,0.75,1175.9612302734376
48,BOOKS,16.0,0.0,22.9061279296875,1.4316330323927104,1.8416819627031265,22906128518.283367,-1.4316330323927104,0.5625,6.902311894576997
48,BREAD/BAKERY,16.0,13980.0,13927.333984375,53.50273513793945,68.77874301553243,0.061233459385334046,3.2916221618652344,0.9375,332.64000899047846
48,CELEBRATION,16.0,271.0,371.36883544921875,8.823197185993195,11.275287996874852,0.5209267711268273,-6.273051559925079,0.875,30.031524062156677
48,CLEANING,16.0,34726.0,37101.6953125,359.49876403808594,423.16396908225335,0.16563900894457206,-148.48106384277344,0.6875,1175.9612302734376
48,DAIRY,16.0,20917.0,22217.76953125,156.7837028503418,193.20635591678288,0.11992825192930864,-81.29806137084961,0.8125,838.6327417602539
48,DELI,16.0,10873.792000000001,11016.375,72.70325514221192,91.97078383908331,0.10697759183505473,-8.911443222045897,0.8125,276.41859423828123
48,EGGS,16.0,1977.0,2175.548583984375,21.418217658996582,28.835630854700533,0.17333914139796255,-12.409284591674805,0.875,89.71982122039795
48,FROZEN FOODS,16.0,3342.4019999999996,3265.4130859375,34.94960298156738,42.69203761233878,0.16730292996022347,4.811810943603517,0.8125,101.47460189056396
48,GROCERY I,16.0,137940.0,141600.984375,828.7988891601562,1108.3158260345272,0.0961344224051211,-228.81121826171875,0.4375,1175.9612302734372
48,GROCERY II,16.0,713.0,757.2314453125,9.347496509552002,12.452734790646602,0.20976149250017148,-2.7644615173339844,0.9375,45.718360900878906
48,HARDWARE,16.0,5.0,28.568008422851562,1.5080381939187646,1.9670606970668527,4.825722219574902,-1.4730004975572228,0.4375,7.749353918991982
48,HOME AND KITCHEN I,16.0,534.0,588.37060546875,8.653833150863647,10.018054683968918,0.25929088092426794,-3.3981637954711914,0.9375,39.443626165390015
48,HOME AND KITCHEN II,16.0,857.0,899.4200439453125,37.65219557285309,74.88975264409135,0.7029581437163903,-2.6512480974197388,0.625,49.07074363040924
48,HOME APPLIANCES,16.0,4.0,29.649999618530273,1.725407997641014,2.1896601561539026,6.9016319888386475,-1.6031250306696165,0.5,8.32930802528863
48,HOME CARE,16.0,9684.0,10104.82421875,134.34716987609863,171.71242697608213,0.22196971478907024,-26.301523208618164,0.625,276.41859423828123
48,LADIESWEAR,16.0,376.0,743.334716796875,22.958420991897583,25.543583781871625,0.976954084759001,-22.958420991897583,0.375,42.58099353313446
48,LAWN AND GARDEN,16.0,217.0,241.7952117919922,7.004930287599564,9.125147803988762,0.5164925557653296,-1.5497009456157684,0.9375,23.75864952802658
48,LINGERIE,16.0,58.0,37.88020706176758,2.613502213731408,3.543552719687457,0.7209661279134753,1.2574869934469461,0.5625,8.460957121104002
48,"LIQUOR,WINE,BEER",16.0,2098.0,2018.895751953125,26.83466625213623,40.716813016005354,0.20464950430599382,4.944008827209473,0.8125,82.38295420074462
48,MAGAZINES,16.0,116.0,75.56678009033203,2.9518624395132065,3.7671430674017703,0.4071534399293461,2.5270762592554092,1.0,12.574931591749191
48,MEATS,16.0,15151.83,15506.95703125,119.31508230590822,157.5536085522285,0.1259941087574508,-22.19544326782225,0.75,445.08283849487304
48,PERSONAL CARE,16.0,13994.0,12631.302734375,157.25412368774414,263.5470569633512,0.17979605395195986,85.16860580444336,0.625,332.64000899047846
48,PET SUPPLIES,16.0,319.0,382.92254638671875,5.761602520942688,7.370855714987085,0.2889831985416741,-3.9951597452163696,0.9375,31.23142582178116
48,PLAYERS AND ELECTRONICS,16.0,431.0,431.41668701171875,3.7803844213485718,4.656127393114085,0.14033909684788123,-0.026043057441711426,1.0,33.16889142990112
48,POULTRY,16.0,14620.41907,14071.748046875,125.75572276245117,168.11531973827553,0.1376220171641825,34.2918817248535,0.6875,388.86142374267575
48,PREPARED FOODS,16.0,1546.935004,1540.07177734375,17.717881307464598,25.133551828899353,0.18325663339844517,0.42895500387573193,0.8125,58.91287645721435
48,PRODUCE,16.0,34184.169,33227.9921875,174.48754833984373,219.33012189142235,0.08166940590065004,59.760928710937506,1.0,1175.9612302734376
48,SCHOOL AND OFFICE SUPPLIES,16.0,6310.0,1351.59912109375,313.50033688545227,355.8396353423775,0.7949295388536357,309.9000551700592,0.125,68.8625169649124
48,SEAFOOD,16.0,410.412999,468.95684814453125,6.828803817306517,8.559089318409226,0.2662217360143558,-3.6589903331146236,1.0,35.118281960487366
49,AUTOMOTIVE,16.0,208.0,142.695068359375,5.201218783855438,6.470186328502561,0.400093752602341,4.081558287143707,0.8125,15.579394519329071
49,BABY CARE,16.0,0.0,32.423973083496094,2.026498218998313,2.3206948064092714,32423971503.973003,-2.026498218998313,0.125,7.7176752127707005
49,BEAUTY,16.0,217.0,285.06378173828125,5.801359474658966,7.153747533737262,0.42775000734615537,-4.253985345363617,0.9375,27.11266040802002
49,BEVERAGES,16.0,105172.0,119908.90625,921.0565490722656,1172.890012981625,0.14012194105994094,-921.0565490722656,0.3125,1175.9612302734376
49,BOOKS,16.0,0.0,32.423973083496094,2.026498218998313,2.3206948064092714,32423971503.973003,-2.026498218998313,0.125,7.7176752127707005
49,BREAD/BAKERY,16.0,18941.5899,20502.990234375,121.9554761291504,161.69371340189966,0.10301604186173957,-97.58753234252927,0.9375,894.8541565124511
49,CELEBRATION,16.0,437.0,377.6234130859375,10.43373316526413,14.100551697549825,0.38201311360147383,3.7110349535942078,0.8125,32.04085332155228
49,CLEANING,16.0,30133.0,34020.51171875,261.96702575683594,314.99101321949166,0.13909907450666167,-242.96946716308594,0.75,1175.9612302734376
49,DAIRY,16.0,33949.0,38431.7578125,284.51390075683594,363.45155437878583,0.13409002951807833,-280.1724395751953,0.625,1175.9612302734376
49,DELI,16.0,7204.4529999999995,8210.2060546875,69.53912612915039,84.1869646064176,0.1544358770979909,-62.85956210327148,0.8125,239.2946602783203
49,EGGS,16.0,7506.0,8356.849609375,58.312448501586914,69.65897809372046,0.12430044977688066,-53.17812538146973,1.0,257.85662725830076
49,FROZEN FOODS,16.0,5245.210999999999,6343.4951171875,70.09823789978027,92.63448452860875,0.21382777668930203,-68.64274778747559,0.75,192.88974282836912
49,GROCERY I,16.0,123873.0,133776.875,732.6792297363281,847.6267542029012,0.09463618121609355,-618.9925231933594,0.4375,1175.9612302734372
49,GROCERY II,16.0,1241.0,1050.609619140625,14.481783390045166,18.193717771951924,0.18671114765554872,11.899397373199463,0.8125,47.917446826934814
49,HARDWARE,16.0,28.0,43.15435028076172,2.0285754203796387,2.3533595962216824,1.1591859544612513,-0.9471468776464462,0.8125,10.124740019440651
49,HOME AND KITCHEN I,16.0,893.0,1114.182861328125,25.131721258163452,29.31525619072248,0.4502883988019764,-13.823926210403442,0.625,52.31561867904663
49,HOME AND KITCHEN II,16.0,1052.0,885.5365600585938,24.278886079788208,60.60219133880824,0.36926062478730237,10.403965711593628,0.875,45.718360900878906
49,HOME APPLIANCES,16.0,10.0,41.300201416015625,2.122658520936966,2.5330290498645573,3.39625363315952,-1.9562624990940094,0.625,9.842060144990683
49,HOME CARE,16.0,7817.0,8817.318359375,91.41697120666504,102.07502436380041,0.18711417926397,-62.51989555358887,0.8125,267.13761074829097
49,LADIESWEAR,16.0,239.0,497.9659423828125,17.73353600502014,19.467826927450687,1.1871823266909418,-16.185371160507202,0.4375,35.26046967506409
49,LAWN AND GARDEN,16.0,511.0,573.0078125,11.624201774597168,14.081481594951454,0.36396717885164526,-3.875487804412842,0.75,38.39783704280853
49,LINGERIE,16.0,168.0,375.53680419921875,13.30474716424942,15.082258732786105,1.2671187775400214,-12.971050083637238,0.75,30.35227620601654
49,"LIQUOR,WINE,BEER",16.0,3984.0,4349.30419921875,48.88523578643799,58.56495844270855,0.1963262481382559,-22.831509590148926,0.8125,150.3533165206909
49,MAGAZINES,16.0,334.0,243.18373107910156,7.980895698070526,10.463624401920866,0.382318356792653,5.676016271114349,0.8125,25.72109752893448
49,MEATS,16.0,13544.587,14407.8642578125,100.33001840209963,111.6516642475678,0.1185182164973709,-53.954832427978516,0.75,388.86142374267575
49,PERSONAL CARE,16.0,9090.0,8870.533203125,57.35922050476074,99.51531907789003,0.10096232432079988,13.716718673706055,0.875,267.13761074829097
49,PET SUPPLIES,16.0,299.0,271.97216796875,4.603105545043945,5.554309374173073,0.24632002916540738,1.689239501953125,1.0,28.667491137981415
49,PLAYERS AND ELECTRONICS,16.0,511.0,433.1185302734375,8.30032604932785,10.786262720246363,0.25989279215065697,4.867593228816986,0.875,31.07731318473816
49,POULTRY,16.0,16517.29011,18406.89453125,142.00518077758787,165.82443802336707,0.13755784861256928,-118.10033354858396,0.8125,557.5256679992675
49,PREPARED FOODS,16.0,3489.983,3993.96337890625,38.965997360229494,47.92229866074117,0.17864154575065072,-31.498792755126956,0.75,124.984163230896
49,PRODUCE,16.0,119537.95,130285.7890625,717.3904130859376,898.5851518519161,0.09602177893610275,-671.739697265625,0.375,1175.9612302734372
49,SCHOOL AND OFFICE SUPPLIES,16.0,4781.0,1809.494140625,187.15994906425476,210.71528551577077,0.6263457822688663,185.71911311149597,0.125,75.04608718109131
49,SEAFOOD,16.0,1304.733013,1140.379150390625,13.849235450714112,17.58514991403107,0.16983380124777753,10.272114028900146,0.875,52.31561867904663
50,AUTOMOTIVE,16.0,210.0,130.28384399414062,7.1209419667720795,8.49601116460941,0.5425479593705272,4.9822594821453094,0.6875,15.746579974889755
50,BABY CARE,16.0,0.0,21.04957389831543,1.3155983784527052,1.6560290550759553,21049574055.243282,-1.3155983784527052,0.625,6.841805365058827
50,BEAUTY,16.0,243.0,330.3143310546875,6.962442696094513,8.848983245942522,0.45843244089322543,-5.4571444392204285,0.9375,28.260697960853577
50,BEVERAGES,16.0,69833.0,77020.5234375,552.4865112304688,667.1516710370639,0.12658462588872557,-449.22021484375,0.5,1175.9612302734376
50,BOOKS,16.0,0.0,22.326988220214844,1.395436702790903,1.6791122386819874,22326987244.654446,-1.395436702790903,0.5625,6.855576732876944
50,BREAD/BAKERY,16.0,9738.237,10396.224609375,67.7556918334961,100.41395048052317,0.11132313470454933,-41.12427517700195,0.8125,276.41859423828123
50,CELEBRATION,16.0,562.0,501.06768798828125,11.66728389263153,15.531770901413998,0.3321646659818013,3.8082691431045532,0.8125,35.26046967506409
50,CLEANING,16.0,26697.0,30650.802734375,324.1171188354492,376.6954484472375,0.19424931270805684,-247.11261749267578,0.75,1175.9612302734376
50,DAIRY,16.0,17683.0,20542.38671875,187.28973388671875,233.81991360726192,0.16946421660280103,-178.7117156982422,0.6875,669.9684975036621
50,DELI,16.0,7627.31,8562.380859375,68.47758491516112,97.1136907893666,0.1436471519634621,-58.441945877075185,0.8125,248.57564376831053
50,EGGS,16.0,1803.0,1927.2978515625,17.66645383834839,21.70572700521742,0.15677385547055875,-7.76861047744751,0.9375,78.70464979171751
50,FROZEN FOODS,16.0,2532.4200039999996,2695.0634765625,36.06509599099732,43.738467364493786,0.22786170340791911,-10.165219419342044,0.6875,95.59721155548095
50,GROCERY I,16.0,108582.0,111091.46875,450.4251708984375,550.7443984371704,0.06637198370240863,-156.84173583984375,0.625,1175.9612302734376
50,GROCERY II,16.0,1173.0,1776.7144775390625,40.87396478652954,50.91615401372904,0.557530636473926,-37.73215627670288,0.4375,76.50556386566161
50,HARDWARE,16.0,25.0,28.066389083862305,1.6129100047401153,1.940879808988347,1.0322624029923833,-0.19164938997710124,0.75,7.250204850698355
50,HOME AND KITCHEN I,16.0,1036.0,856.970458984375,19.930785655975342,25.77031037365755,0.30781136148194754,11.189346313476562,0.625,45.718360900878906
50,HOME AND KITCHEN II,16.0,573.0,789.0020141601562,20.5977566242218,24.097212883815192,0.5751555078306696,-13.500125646591187,0.625,45.718360900878906
50,HOME APPLIANCES,16.0,2.0,29.233915328979492,1.7021196745336056,2.0192077358750846,13.616957389460365,-1.7021196745336056,0.25,7.380433189123869
50,HOME CARE,16.0,6298.0,8176.23583984375,131.08854866027832,146.90020570241248,0.33302902168372817,-117.38973426818848,0.375,248.57564376831053
50,LADIESWEAR,16.0,232.0,654.4929809570312,26.405811309814453,27.953260501897944,1.821090435151768,-26.405811309814453,0.375,43.734290336608886
50,LAWN AND GARDEN,16.0,168.0,152.98341369628906,5.257714048027992,6.870047386999077,0.5007346712377806,0.9385364800691605,0.9375,16.21591980755329
50,LINGERIE,16.0,73.0,45.425331115722656,2.8370972089469433,3.852918050325791,0.6218295252401269,1.7234168462455273,0.75,9.985411390662193
50,"LIQUOR,WINE,BEER",16.0,2146.0,2298.49609375,22.114152431488037,28.690958580188276,0.16487718495043976,-9.531010150909424,0.875,92.65851638793944
50,MAGAZINES,16.0,175.0,121.37640380859375,4.157854467630386,5.471096409926606,0.38014669418117736,3.351474851369858,0.8125,16.27156835794449
50,MEATS,16.0,9422.179,9846.0966796875,76.60199156188965,102.36821336874192,0.130079450304447,-26.494856887817388,0.8125,267.13761074829097
50,PERSONAL CARE,16.0,8921.0,9014.4462890625,67.94606399536133,89.37572532455864,0.12186268623760334,-5.840381622314453,0.875,267.13761074829097
50,PET SUPPLIES,16.0,228.0,187.8404541015625,3.997048020362854,5.2432752496462225,0.2804945979189701,2.5099717378616333,1.0,19.10734885931015
50,PLAYERS AND ELECTRONICS,16.0,409.0,409.21893310546875,5.5497294664382935,6.309549309793643,0.2171043312048792,-0.013682723045349121,1.0,31.07731318473816
50,POULTRY,16.0,6756.824,7202.86376953125,59.783128234863284,73.8543444027859,0.14156503880486912,-27.87747796630859,0.875,202.17072631835936
50,PREPARED FOODS,16.0,1418.041009,1130.2435302734375,20.53916663153076,25.01744210353263,0.23174694103946075,17.987343374084475,0.6875,54.51470460510254
50,PRODUCE,16.0,35375.761,37642.68359375,228.75227349853515,279.6140342163513,0.10346170011654193,-141.68268499755862,0.8125,1175.9612302734376
50,SCHOOL AND OFFICE SUPPLIES,16.0,6242.0,1300.4248046875,310.25378173589706,345.02448410409096,0.795267623802236,308.8484483361244,0.0625,66.57681255578994
50,SEAFOOD,16.0,308.46800099999996,269.603515625,5.307186604942322,7.4826997378011555,0.2752797223813237,2.429029859100342,0.9375,25.534821808338165
51,AUTOMOTIVE,16.0,133.0,80.32237243652344,3.4511922895908356,4.60459741332729,0.41518102731607665,3.2923519611358643,1.0,13.697028860449791
51,BABY CARE,16.0,0.0,17.569643020629883,1.098102689255029,1.4259474312737281,17569643028.080463,-1.098102689255029,0.5,6.317723061610013
51,BEAUTY,16.0,107.0,216.50296020507812,7.405965834856033,7.949728271059312,1.1074341435195243,-6.843934565782547,0.8125,22.84731438755989
51,BEVERAGES,16.0,72057.0,76159.140625,388.38023376464844,473.9353754547038,0.08623844651087734,-256.3838348388672,0.5625,1175.9612302734376
51,BOOKS,16.0,0.0,18.35601234436035,1.147250717971474,1.445064507946051,18356011487.543583,-1.147250717971474,0.4375,6.341103324014694
51,BREAD/BAKERY,16.0,14099.289,14700.7080078125,60.636553100585914,76.71257688617865,0.068810905969039,-37.58868798828124,0.875,332.64000899047846
51,CELEBRATION,16.0,174.0,104.76250457763672,5.431612953543663,6.627621521308613,0.4994586623919492,4.327343508601189,0.8125,14.44509370625019
51,CLEANING,16.0,22265.0,24967.94921875,169.12509155273438,205.1486039102853,0.12153610890831477,-168.93434143066406,0.9375,1063.518400769043
51,DAIRY,16.0,25557.0,26868.0625,101.71507263183594,136.09215295429536,0.06367888101535045,-81.94149780273438,1.0,1119.7398155212402
51,DELI,16.0,4182.544,4491.96484375,26.761224891662597,33.89883766072742,0.1023730051056245,-19.338809410095212,0.9375,127.92285839843751
51,EGGS,16.0,5669.0,5864.2119140625,25.887218475341797,36.30585337493571,0.07306323789123226,-12.200725555419922,0.9375,155.7658088684082
51,FROZEN FOODS,16.0,4266.966,4333.71435546875,45.369876617431636,52.50333643884829,0.17012510197614322,-4.171772216796878,0.75,124.984163230896
51,GROCERY I,16.0,82056.0,86106.859375,432.4662170410156,536.2525513680964,0.08432606357434148,-253.17855834960938,0.5,1175.9612302734376
51,GROCERY II,16.0,775.0,713.6354370117188,16.05325746536255,20.47194897334482,0.33142208960705727,3.8352842330932617,0.75,44.672571778297424
51,HARDWARE,16.0,36.0,23.55225372314453,1.5665438687428832,2.2411161273884908,0.6962417194219415,0.777984163723886,1.0,7.30621755104512
51,HOME AND KITCHEN I,16.0,571.0,688.689697265625,17.554446935653687,22.182608412315364,0.4918934342731473,-7.355605840682983,0.5625,40.4894152879715
51,HOME AND KITCHEN II,16.0,703.0,769.8401489257812,22.707765340805054,30.32315978773373,0.5168196948113286,-4.177509546279907,0.6875,45.718360900878906
51,HOME APPLIANCES,16.0,5.0,26.92862892150879,1.5854607615619898,1.8735286176321027,5.073474435983672,-1.370539354160428,0.375,7.865043841302395
51,HOME CARE,16.0,5004.0,5958.32275390625,82.02597427368164,91.98026887889974,0.2622732990364996,-59.645172119140625,0.5625,155.7658088684082
51,LADIESWEAR,16.0,50.0,46.067413330078125,2.844283130019903,4.08384382057522,0.9101706015881657,0.24578658863902092,0.6875,10.00511471554637
51,LAWN AND GARDEN,16.0,808.0,784.8366088867188,13.584709405899048,16.615776192606184,0.26900414665113337,1.4477121829986572,0.8125,46.87165770435333
51,LINGERIE,16.0,86.0,83.42936706542969,2.1473869681358337,2.686158573395559,0.3995138545322538,0.16066423058509827,0.9375,14.07106128334999
51,"LIQUOR,WINE,BEER",16.0,2564.0,2405.85400390625,32.82520008087158,48.67153507977598,0.20483744200223888,9.88411808013916,0.8125,92.65851638793944
51,MAGAZINES,16.0,183.0,136.295166015625,5.383684426546097,6.595524076511124,0.4707046493129336,2.919051855802536,0.9375,15.704539179801941
51,MEATS,16.0,10839.52703,10700.421875,48.64694697753908,63.80722667244946,0.07180674484102038,8.694098890380864,1.0,332.6400089904785
51,PERSONAL CARE,16.0,4931.0,4980.9228515625,41.761396408081055,51.436823125015636,0.13550645762100208,-3.120180130004883,0.6875,137.20384188842775
51,PET SUPPLIES,16.0,352.0,248.41220092773438,7.769865453243256,9.775166310031315,0.35317570241914464,6.474237740039825,0.8125,27.55556720495224
51,PLAYERS AND ELECTRONICS,16.0,169.0,134.05140686035156,3.6966651380062103,4.700177068747255,0.3499801314068011,2.184287041425705,0.875,17.19208413362503
51,POULTRY,16.0,14143.984,17651.986328125,295.3073193969726,709.1158060729717,0.33405843151061454,-219.25011499023438,0.6875,388.8614237426758
51,PREPARED FOODS,16.0,2002.734,1941.7860107421875,21.491097019195557,29.726604258797284,0.17169407035929746,3.809247898101807,0.875,80.90373571777343
51,PRODUCE,16.0,89970.639,88306.3203125,367.26005786132816,427.01857542459885,0.06531198389933837,104.01976538085935,0.875,1175.9612302734376
51,SCHOOL AND OFFICE SUPPLIES,16.0,62.0,3.4946866035461426,3.6565820947289467,4.782133768185149,0.943634088947089,3.6565820947289467,0.5,4.553073586523533
51,SEAFOOD,16.0,806.215,773.4815063476562,8.648956901550292,10.40148556383773,0.17164566576488036,2.0458447837829583,0.9375,45.718360900878906
52,AUTOMOTIVE,16.0,200.0,152.35386657714844,5.0739061534404755,6.38797877284998,0.40591249227320847,2.977883130311966,0.8125,17.194253504276276
52,BABY CARE,16.0,0.0,28.147560119628906,1.7592224888503551,1.9881954088289957,28147559821.605682,-1.7592224888503551,0.25,7.651981722563505
52,BEAUTY,16.0,161.0,267.1809997558594,8.227740705013275,9.039542322707462,0.8176636725428246,-6.636312425136566,0.8125,25.20956826210022
52,BEVERAGES,16.0,71692.0,72037.5078125,376.4365692138672,475.43131797422166,0.08401195541234434,-21.594100952148438,0.6875,1175.9612302734376
52,BOOKS,16.0,0.0,28.147560119628906,1.7592224888503551,1.9881954088289957,28147559821.605682,-1.7592224888503551,0.25,7.651981722563505
52,BREAD/BAKERY,16.0,14329.829,12941.857421875,88.31924731445314,121.99641071271287,0.09861303697560882,86.74826177978517,0.8125,276.41859423828123
52,CELEBRATION,16.0,206.0,144.53285217285156,4.700304687023163,5.986921007340994,0.365072208699056,3.8416966795921326,0.9375,15.554176390171051
52,CLEANING,16.0,25178.0,27285.3671875,182.72129821777344,237.14245764834246,0.11611489282247434,-131.7104949951172,0.9375,1175.9612302734374
52,DAIRY,16.0,19400.0,18719.423828125,95.75770568847656,123.89535232832434,0.07897542737193536,42.5360107421875,0.875,557.5256679992676
52,DELI,16.0,5929.039,6292.919921875,45.095939331054694,53.5175218602078,0.12169510595169865,-22.74256524658203,1.0,192.88974282836912
52,EGGS,16.0,3658.0,3368.51513671875,25.253517150878906,29.204916209921304,0.11045824888298306,18.092802047729492,0.9375,110.29068739318848
52,FROZEN FOODS,16.0,5754.03,4977.1328125,66.8553417892456,115.58657010373989,0.18590196238597012,48.55606372833251,0.6875,165.04679235839842
52,GROCERY I,16.0,100396.0,96077.1015625,451.87518310546875,696.0794817992988,0.07201485048893808,269.93121337890625,0.75,1175.9612302734376
52,GROCERY II,16.0,855.0,966.6201171875,18.10550284385681,22.50025592096919,0.33881642748698265,-6.9762561321258545,0.8125,45.718360900878906
52,HARDWARE,16.0,57.0,51.32511901855469,2.250546872615814,2.846365327576382,0.6317324554600228,0.3546801507472992,0.875,10.687155991792679
52,HOME AND KITCHEN I,16.0,969.0,838.989501953125,16.81678056716919,21.555368962184154,0.2776764593131366,8.125657081604004,0.6875,45.718360900878906
52,HOME AND KITCHEN II,16.0,845.0,819.965576171875,15.140141725540161,22.669841325880864,0.28667723977320225,1.5646493434906006,0.875,45.718360900878906
52,HOME APPLIANCES,16.0,4.0,35.047637939453125,1.9404772948473692,2.198117879130262,7.761909177449,-1.9404772948473692,0.3125,8.273362677544355
52,HOME CARE,16.0,5811.0,6042.59619140625,42.389347076416016,56.041822063393994,0.11671477425960067,-14.47476577758789,0.8125,165.04679235839842
52,LADIESWEAR,16.0,151.0,120.924560546875,2.826861009001732,3.278373710276576,0.29953494134919323,1.8797151297330856,0.9375,14.81912612915039
52,LAWN AND GARDEN,16.0,864.0,1007.7105712890625,17.211905479431152,19.295671689966404,0.31873899035946723,-8.981910705566406,0.8125,52.31561867904663
52,LINGERIE,16.0,184.0,110.38191223144531,4.798617318272591,6.353897677216028,0.41727107115187057,4.60113038122654,0.8125,14.81912612915039
52,"LIQUOR,WINE,BEER",16.0,4274.0,3547.650390625,68.83528137207031,118.75252725656824,0.2576894014863985,45.396854400634766,0.6875,98.53590672302246
52,MAGAZINES,16.0,178.0,129.36805725097656,3.858359605073929,5.159576540050984,0.3468188409035733,3.0394963324069977,0.9375,14.81912612915039
52,MEATS,16.0,8222.96398,8118.92138671875,50.9228182232666,61.19482141802194,0.0990841129249561,6.502663987426761,0.9375,239.2946602783203
52,PERSONAL CARE,16.0,6040.0,5799.7236328125,54.416425704956055,75.07214959557635,0.1441494720660849,15.017251968383789,0.75,165.04679235839842
52,PET SUPPLIES,16.0,266.0,195.12025451660156,5.945611238479614,8.763110236867737,0.3576307511853993,4.429984211921692,0.875,22.2218199968338
52,PLAYERS AND ELECTRONICS,16.0,447.0,311.367431640625,9.441558420658112,11.628178756507538,0.3379528741167603,8.477034866809845,0.8125,28.88911682367325
52,POULTRY,16.0,8128.6879500000005,7986.87939453125,39.24210476989745,44.81519826429648,0.07724170003577047,8.863044253540036,1.0,239.2946602783203
52,PREPARED FOODS,16.0,2214.928,1970.541259765625,29.532219867706296,38.21668700877877,0.2133322247418821,15.274174602508547,0.625,80.90373571777343
52,PRODUCE,16.0,78832.681,76952.328125,261.6970675048829,369.5634777576164,0.05311443207263335,117.52170373535154,0.9375,1175.9612302734376
52,SCHOOL AND OFFICE SUPPLIES,16.0,96.0,9.571231842041016,5.582312948536128,7.269836785383946,0.9303854914129964,5.401798046659678,0.5,5.2396127891726785
52,SEAFOOD,16.0,144.1950003,82.79490661621094,6.940516685169804,7.85692618867915,0.770125640493145,3.8375055171667216,0.4375,10.90909619629383
53,AUTOMOTIVE,16.0,144.0,96.74329376220703,4.816447362303734,5.743215966779159,0.5351608180300318,2.95354400575161,0.6875,14.07106128334999
53,BABY CARE,16.0,0.0,9.288207054138184,0.5805129520595074,0.9182526308303659,9288207232.952118,-0.5805129520595074,0.75,5.451822830177844
53,BEAUTY,16.0,46.0,118.15322875976562,4.597197934985161,5.6336287972203305,1.5990253686557294,-4.509577259421349,0.5625,15.747534669935703
53,BEVERAGES,16.0,35896.0,38358.5,310.8961715698242,381.13273420192434,0.13857640809887034,-153.90605926513672,0.75,1175.9612302734376
53,BOOKS,16.0,0.0,9.108938217163086,0.5693086935207248,0.8999337174624357,9108939096.331596,-0.5693086935207248,0.75,5.442519498802722
53,BREAD/BAKERY,16.0,7725.947,8326.83984375,48.675620544433585,57.141221796292804,0.10080446173276059,-37.55582943725585,1.0,267.13761074829097
53,CELEBRATION,16.0,150.0,89.86676025390625,4.657743126153946,6.1150312979981924,0.49682593345310877,3.7583272457122803,0.875,12.948964014649391
53,CLEANING,16.0,15371.0,17181.88671875,173.63642501831055,195.89057083956845,0.18074183854614456,-113.18054580688477,0.625,501.3042532470703
53,DAIRY,16.0,8391.0,9558.248046875,85.61755180358887,94.39008572982074,0.1632559681631818,-72.95296287536621,0.8125,276.41859423828123
53,DELI,16.0,3515.6910100000005,4275.4482421875,54.2846938571167,63.8830252002056,0.24705103470217082,-47.484833687438964,0.5,122.04546806335449
53,EGGS,16.0,1553.0,1637.6995849609375,14.498287200927734,19.19885357394815,0.1493706343945231,-5.293722152709961,0.9375,74.30647793960571
53,FROZEN FOODS,16.0,2078.9210000000003,2202.87939453125,24.833733123779297,30.74466807114323,0.19112786391607836,-7.747405380249026,0.6875,86.78112605285644
53,GROCERY I,16.0,50699.0,54329.6171875,323.89231872558594,362.9378512628474,0.10221655455944442,-226.9137725830078,0.75,1175.9612302734376
53,GROCERY II,16.0,290.0,216.1343231201172,5.657041430473328,7.997294954349208,0.31211263064572803,4.616604208946228,0.9375,21.517144322395325
53,HARDWARE,16.0,25.0,15.78569221496582,1.3343066051602364,1.8240328303054012,0.853956227268393,0.5758941993117332,0.875,6.006684340536594
53,HOME AND KITCHEN I,16.0,538.0,487.75274658203125,9.462895154953003,13.664468465710884,0.281424391224845,3.1404526233673096,0.8125,33.16889142990112
53,HOME AND KITCHEN II,16.0,387.0,496.46014404296875,12.07488214969635,14.357298903959336,0.4992199338362852,-6.841260075569153,0.8125,33.16889142990112
53,HOME APPLIANCES,16.0,1.0,9.083369255065918,0.5052105765789747,0.7847930320241431,8.083369217180225,-0.5052105765789747,0.9375,5.631086136773229
53,HOME CARE,16.0,3267.0,3737.64111328125,54.44009494781494,58.613397570483606,0.2666181570752288,-29.415074348449707,0.5625,119.106772895813
53,LADIESWEAR,16.0,111.0,49.66219711303711,5.104763559997082,7.006576377389582,0.7358217744073647,3.8336126431822777,0.625,10.681799542158842
53,LAWN AND GARDEN,16.0,208.0,198.45184326171875,6.971284866333008,10.358455102210053,0.5362526820230379,0.5967593789100647,0.8125,17.635741353034973
53,LINGERIE,16.0,126.0,50.580013275146484,4.7747576385736465,5.795334251626572,0.6063184302902541,4.713749274611473,0.75,10.908761978149414
53,"LIQUOR,WINE,BEER",16.0,1588.0,1638.8446044921875,37.40830993652344,45.0022831937713,0.3769099237934497,-3.1777915954589844,0.5,67.70922016143798
53,MAGAZINES,16.0,70.0,27.738121032714844,2.9632459096610546,4.500021772794305,0.6773133507699937,2.641367446631193,0.75,7.3234339527785774
53,MEATS,16.0,4805.901999999999,4829.3671875,29.35536819458007,35.32303061535946,0.09773105883415505,-1.4665913848877032,0.9375,146.48482537841795
53,PERSONAL CARE,16.0,3841.0,4143.30322265625,32.668479919433594,39.53462877568856,0.1360832279903154,-18.89394187927246,0.875,122.0454680633545
53,PET SUPPLIES,16.0,76.0,49.01820755004883,2.3051448725163937,2.7091439344896218,0.4852936573654869,1.6863619051873684,0.9375,10.587632205337286
53,PLAYERS AND ELECTRONICS,16.0,101.0,64.65123748779297,3.216696485877037,3.9443644719454314,0.5095756809259705,2.2717976421117783,0.875,11.813165292143822
53,POULTRY,16.0,3076.24699,3481.75341796875,29.68517256103516,34.793232718620494,0.1543968226609815,-25.344151748046873,0.8125,101.47460189056396
53,PREPARED FOODS,16.0,1077.565,956.44921875,13.79904501724243,18.01925156946565,0.2048922526953585,7.569733943939209,0.8125,47.917446826934814
53,PRODUCE,16.0,33544.8088,34176.50390625,159.62761915283195,183.96815558646313,0.07613821624898441,-39.48108909912108,1.0,1175.9612302734376
53,SCHOOL AND OFFICE SUPPLIES,16.0,5.0,0.0,0.3125,0.6614378277661477,0.9999999998,0.3125,1.0,3.9998541831970216
53,SEAFOOD,16.0,68.0,45.9970588684082,5.499816179275513,7.375909628442432,1.2940743951046194,1.3751838207244873,0.5625,7.123089277744294
54,AUTOMOTIVE,16.0,112.0,51.4810791015625,3.9477238096296787,4.888466102392137,0.5639605442277759,3.782432321459055,0.875,11.13691209629178
54,BABY CARE,16.0,0.0,10.693469047546387,0.6683417898602784,0.9974226158432774,10693468637.764454,-0.6683417898602784,0.625,5.486262901592999
54,BEAUTY,16.0,17.0,28.19640350341797,1.3419353812932968,2.2606350111630236,1.2629980058488088,-0.6997751332819462,0.6875,6.958244341611862
54,BEVERAGES,16.0,62539.0,54800.42578125,1217.631118774414,1566.0164096880824,0.31151917843889915,483.6610565185547,0.375,1175.9612302734376
54,BOOKS,16.0,0.0,10.693469047546387,0.6683417898602784,0.9974226158432774,10693468637.764454,-0.6683417898602784,0.625,5.486262901592999
54,BREAD/BAKERY,16.0,4061.0,4171.73046875,30.84223175048828,36.77018359721713,0.12151581088591258,-6.920652389526367,0.875,134.26514672088624
54,CELEBRATION,16.0,87.0,73.61901092529297,4.790212177671492,7.287457604747537,0.8809585614007232,0.8363116616383195,0.8125,10.700485823489725
54,CLEANING,16.0,19055.0,18343.6640625,243.22365951538086,339.7186234380025,0.204228735357958,44.45851516723633,0.5625,613.7470827514649
54,DAIRY,16.0,4342.0,4309.58935546875,35.66482734680176,47.51754309623599,0.13142267101536081,2.025674819946289,0.875,124.984163230896
54,DELI,16.0,3785.157,4070.949462890625,37.40539931488037,52.68341782880831,0.15811401985120505,-17.86203179168701,0.8125,122.0454680633545
54,EGGS,16.0,1106.0,1162.2403564453125,21.4623806476593,26.56370285058783,0.3104865193148629,-3.5150210857391357,0.6875,54.51470460510254
54,FROZEN FOODS,16.0,529.76,706.032470703125,14.570196256637573,16.92879100763186,0.4400542511812162,-11.017031564712525,0.6875,42.58099353313446
54,GROCERY I,16.0,58367.0,52830.3515625,457.7749481201172,569.9414610604523,0.1254887037182269,346.0404815673828,0.625,1175.9612302734376
54,GROCERY II,16.0,222.0,99.75491333007812,9.327631518244743,16.256358324356828,0.672261731041638,7.640317544341087,0.75,15.442904368042946
54,HARDWARE,16.0,18.0,13.15426254272461,0.8546260865405202,1.4706979300131828,0.7596676324382586,0.302858623676002,0.875,5.775219635106623
54,HOME AND KITCHEN I,16.0,343.0,428.153564453125,11.924480855464935,14.494753736429475,0.5562440049180254,-5.3220983147621155,0.75,32.12114226818085
54,HOME AND KITCHEN II,16.0,165.0,163.27230834960938,4.962242811918259,6.279875480486813,0.4811871817588543,0.10798004269599915,0.8125,17.38968312740326
54,HOME APPLIANCES,16.0,1.0,10.218923568725586,0.7011827207170427,0.9799986912928353,11.218923520253758,-0.5761827207170427,0.8125,5.677711597364396
54,HOME CARE,16.0,3705.0,3972.201171875,38.70064830780029,55.018665330636985,0.16712830578262822,-16.70007610321045,0.8125,119.106772895813
54,LADIESWEAR,16.0,0.0,9.278130531311035,0.5798831470310688,0.9047393629814973,9278130352.4971,-0.5798831470310688,0.75,5.4393578238785265
54,LAWN AND GARDEN,16.0,0.0,9.278130531311035,0.5798831470310688,0.9047393629814973,9278130352.4971,-0.5798831470310688,0.75,5.4393578238785265
54,LINGERIE,16.0,85.0,33.73709487915039,3.662444217130542,4.960961161441216,0.6894012643929325,3.2039314340800047,0.9375,8.07898645363748
54,"LIQUOR,WINE,BEER",16.0,525.0,771.3095703125,37.10368347167969,53.7665900409455,1.1307789248490365,-15.394346237182617,0.4375,45.718360900878906
54,MAGAZINES,16.0,17.0,15.123655319213867,1.0476871747523546,1.3415854077343745,0.9860585173559774,0.11727157980203629,0.8125,6.287547972425818
54,MEATS,16.0,880.6500020000001,813.067138671875,11.650752993652345,13.176642508037645,0.2116755208935159,4.223929434844971,0.9375,45.718360900878906
54,PERSONAL CARE,16.0,3015.0,3140.37890625,22.446664810180664,31.559441342490842,0.119119945924634,-7.836172103881836,0.875,95.59721155548095
54,PET SUPPLIES,16.0,1.0,14.29155445098877,0.8307221829891205,1.1349433369652073,13.291554914534371,-0.8307221829891205,0.75,6.2355235777795315
54,PLAYERS AND ELECTRONICS,16.0,38.0,26.278240203857422,2.2296083564287983,2.8051020395814157,0.9387824658400524,0.732609971833881,0.8125,7.605921085702721
54,POULTRY,16.0,1088.924992,1078.867919921875,8.504908802032471,12.070102022238375,0.12496594515886965,0.6285660512084958,0.9375,50.11653275299072
54,PREPARED FOODS,16.0,1440.0,1292.456298828125,19.528104543685913,25.613212356444752,0.21697893937413726,9.221477270126343,0.75,56.713790531158445
54,PRODUCE,16.0,10984.987000000001,11524.9599609375,64.96968005371093,80.40942484347715,0.09463050624086129,-33.74833294677735,0.875,276.41859423828123
54,SCHOOL AND OFFICE SUPPLIES,16.0,0.0,0.0,0.0,0.0,0.0,0.0,1.0,3.9998541831970216
54,SEAFOOD,16.0,42.0,15.935524940490723,3.1147460059728473,4.3751018083965825,1.1865699070090236,1.629029663046822,0.6875,5.355375341931358
